<?xml version="1.0"?>
<COLLADA xmlns="http://www.collada.org/2005/11/COLLADASchema" version="1.4.1">
  <asset>
    <contributor>
      <author>Assimp</author>
      <authoring_tool>Assimp Exporter</authoring_tool>
    </contributor>
    <created>2017-10-21T14:34:23</created>
    <modified>2017-10-21T14:34:23</modified>
    <unit name="meter" meter="1" />
    <up_axis>Y_UP</up_axis>
  </asset>
  <library_effects>
    <effect id="DefaultMaterial-fx" name="DefaultMaterial">
      <profile_COMMON>
        <technique sid="standard">
          <phong>
          </phong>
        </technique>
      </profile_COMMON>
    </effect>
  </library_effects>
  <library_materials>
    <material id="DefaultMaterial" name="DefaultMaterial">
      <instance_effect url="#DefaultMaterial-fx"/>
    </material>
  </library_materials>
  <library_geometries>
    <geometry id="meshId0" name="meshId0_name" >
      <mesh>
        <source id="meshId0-positions" name="meshId0-positions">
          <float_array id="meshId0-positions-array" count="8508"> 0.5488 0.224554 -0.00986571 0.5488 0.291045 -0.00986572 0.568341 0.291045 -0.00351641 0.568341 0.224554 -0.0035164 0.580418 0.291045 0.0131063 0.580418 0.224554 0.0131063 0.580418 0.291045 0.0336531 0.580418 0.224554 0.0336531 0.580418 0.224554 0.0336531 0.580418 0.291045 0.0336531 0.568341 0.291045 0.0502758 0.568341 0.224554 0.0502758 0.5488 0.291045 0.0566251 0.5488 0.224554 0.0566251 0.5488 0.224554 0.0566251 0.5488 0.291045 0.0566251 0.529259 0.291045 0.0502758 0.529259 0.224554 0.0502758 0.517182 0.291045 0.0336531 0.517182 0.224554 0.0336531 0.517182 0.291045 0.0131063 0.517182 0.224554 0.0131063 0.568341 0.291045 -0.00351641 0.5488 0.291045 -0.00986572 0.529259 0.291045 -0.00351642 0.517182 0.291045 0.0131063 0.517182 0.291045 0.0336531 0.529259 0.291045 0.0502758 0.5488 0.291045 0.0566251 0.568341 0.291045 0.0502758 0.580418 0.291045 0.0336531 0.580418 0.291045 0.0131063 0.517182 0.224554 0.0131063 0.517182 0.291045 0.0131063 0.529259 0.291045 -0.00351642 0.529259 0.224554 -0.00351641 0.5488 0.291045 -0.00986572 0.5488 0.224554 -0.00986571 0.5488 0.224554 -0.00986571 0.568341 0.224554 -0.0035164 0.580418 0.224554 0.0131063 0.580418 0.224554 0.0336531 0.568341 0.224554 0.0502758 0.5488 0.224554 0.0566251 0.529259 0.224554 0.0502758 0.517182 0.224554 0.0336531 0.517182 0.224554 0.0131063 0.529259 0.224554 -0.00351641 0.517927 0.286491 0.00839608 0.517927 0.286491 0.0383634 0.517927 0.230432 0.0383634 0.517927 0.230432 0.00839608 0.517927 0.286491 0.0383634 0.14396 0.178891 0.0383633 0.14396 -0.0315802 0.0383633 0.517927 0.230432 0.0383634 -0.359934 -0.331129 -0.0677039 -0.322776 -0.331129 -0.132063 -0.322776 -0.822281 -0.132063 -0.359934 -0.822281 -0.0677038 0.14396 0.178891 0.00839607 0.517927 0.286491 0.00839608 0.517927 0.230432 0.00839608 0.14396 -0.0315802 0.00839605 0.517927 0.286491 0.0383634 0.517927 0.286491 0.00839608 0.14396 0.178891 0.00839607 0.14396 0.178891 0.0383633 0.14396 -0.0315802 0.0383633 0.14396 -0.0315802 0.00839605 0.517927 0.230432 0.00839608 0.517927 0.230432 0.0383634 -0.131829 0.395937 -0.238936 -0.131829 0.445025 -0.212698 -0.062244 0.445025 -0.20221 -0.0545103 0.395937 -0.227282 -0.131829 0.342674 -0.255093 -0.0497478 0.342674 -0.242721 -0.131829 0.287283 -0.260548 -0.0481398 0.287283 -0.247934 -0.131829 0.565755 -0.032012 -0.131829 0.571211 0.0233798 -0.115502 0.565755 -0.0295511 -0.131829 0.549598 -0.0852749 -0.0998025 0.549598 -0.0804477 -0.131829 0.52336 -0.134362 -0.0853338 0.52336 -0.127354 -0.131829 0.48805 -0.177388 -0.0726518 0.48805 -0.168468 -0.131829 0.445025 -0.212698 -0.062244 0.445025 -0.20221 -0.062244 0.445025 -0.20221 -0.0726518 0.48805 -0.168468 -0.0187327 0.48805 -0.142502 0.0011582 0.445025 -0.171677 -0.0545103 0.395937 -0.227282 0.0159385 0.395937 -0.193355 -0.0497478 0.342674 -0.242721 0.0250401 0.342674 -0.206705 -0.0481398 0.287283 -0.247934 0.0281134 0.287283 -0.211213 -0.100626 0.565755 -0.022387 -0.0706217 0.549598 -0.0663949 -0.0429698 0.52336 -0.106953 -0.0187327 0.48805 -0.142502 -0.0885221 0.565755 -0.0111564 -0.0468794 0.549598 -0.0443653 -0.00850136 0.52336 -0.0749708 0.0251373 0.48805 -0.101797 0.0251373 0.48805 -0.101797 0.0527439 0.445025 -0.123812 0.0732574 0.395937 -0.140171 0.0858895 0.342674 -0.150245 0.0901549 0.287283 -0.153646 0.0550602 0.48805 -0.0499689 0.0879294 0.445025 -0.0628691 0.112353 0.395937 -0.0724548 0.127394 0.342674 -0.0783576 0.132472 0.287283 -0.0803508 -0.0802664 0.565755 0.00314289 -0.0306853 0.549598 -0.0163162 0.0150089 0.52336 -0.0342499 0.0550602 0.48805 -0.0499689 -0.0765923 0.565755 0.0192403 -0.0234783 0.549598 0.01526 0.0254719 0.52336 0.0115917 0.0683771 0.48805 0.0083764 0.0683771 0.48805 0.0083764 0.103588 0.445025 0.00573768 0.129753 0.395937 0.00377695 0.145865 0.342674 0.00256954 0.151305 0.287283 0.00216184 0.0983296 0.445025 0.075912 0.12391 0.395937 0.0817505 0.139662 0.342674 0.0853458 0.14498 0.287283 0.0865598 -0.0778262 0.565755 0.0357056 -0.0258986 0.549598 0.0475577 0.0219581 0.52336 0.0584807 0.0639048 0.48805 0.0680548 0.103588 0.445025 0.00573768 0.0983296 0.445025 0.075912 -0.0838585 0.565755 0.0510756 -0.0377314 0.549598 0.0777071 0.00477958 0.52336 0.102251 0.0420407 0.48805 0.123764 0.0726202 0.445025 0.141419 0.12391 0.395937 0.0817505 0.0983296 0.445025 0.075912 0.0726202 0.445025 0.141419 0.0953427 0.395937 0.154537 0.139662 0.342674 0.0853458 0.109335 0.342674 0.162616 0.14498 0.287283 0.0865598 0.11406 0.287283 0.165344 0.0287445 0.445025 0.196437 0.0465907 0.395937 0.215671 0.0575803 0.342674 0.227515 0.0612911 0.287283 0.231514 -0.0941532 0.565755 0.0639847 -0.0579252 0.549598 0.103029 -0.0245372 0.52336 0.139013 0.00472752 0.48805 0.170553 0.0420407 0.48805 0.123764 0.00472752 0.48805 0.170553 -0.0846856 0.549598 0.121274 -0.0633874 0.52336 0.1655 -0.0447193 0.48805 0.204265 -0.0447193 0.48805 0.204265 -0.0293988 0.445025 0.236078 -0.0180147 0.395937 0.259718 -0.0110044 0.342675 0.274275 -0.00863729 0.287283 0.27919 -0.107796 0.565755 0.073286 -0.092733 0.395937 0.282765 -0.090325 0.342675 0.298742 -0.0895118 0.287283 0.304137 -0.123573 0.565755 0.0781528 -0.115635 0.549598 0.130821 -0.108319 0.52336 0.17936 -0.101906 0.48805 0.221905 -0.101906 0.48805 0.221905 -0.0966436 0.445025 0.256821 -0.155339 0.52336 0.17936 -0.161752 0.48805 0.221905 -0.161752 0.48805 0.221905 -0.167015 0.445025 0.256821 -0.170925 0.395937 0.282765 -0.173333 0.342675 0.298742 -0.174146 0.287283 0.304137 -0.140085 0.565755 0.0781528 -0.148023 0.549598 0.130821 -0.174146 0.287283 0.304137 -0.173333 0.342675 0.298742 -0.252654 0.342675 0.274275 -0.255021 0.287283 0.27919 -0.155863 0.565755 0.0732859 -0.178973 0.549598 0.121274 -0.200271 0.52336 0.1655 -0.218939 0.48805 0.204265 -0.167015 0.445025 0.256821 -0.234259 0.445025 0.236078 -0.170925 0.395937 0.282765 -0.167015 0.445025 0.256821 -0.234259 0.445025 0.236078 -0.245644 0.395937 0.259718 -0.239121 0.52336 0.139013 -0.268386 0.48805 0.170553 -0.218939 0.48805 0.204265 -0.268386 0.48805 0.170553 -0.292403 0.445025 0.196437 -0.310249 0.395937 0.215671 -0.321239 0.342674 0.227515 -0.324949 0.287283 0.231514 -0.169505 0.565755 0.0639847 -0.205733 0.549598 0.103029 -0.372993 0.342674 0.162616 -0.377718 0.287283 0.165344 -0.1798 0.565755 0.0510756 -0.225927 0.549598 0.077707 -0.268438 0.52336 0.102251 -0.305699 0.48805 0.123763 -0.305699 0.48805 0.123763 -0.336278 0.445025 0.141419 -0.359001 0.395937 0.154537 -0.327563 0.48805 0.0680547 -0.361988 0.445025 0.0759119 -0.387568 0.395937 0.0817504 -0.40332 0.342674 0.0853456 -0.408639 0.287283 0.0865597 -0.185832 0.565755 0.0357055 -0.23776 0.549598 0.0475577 -0.285616 0.52336 0.0584806 -0.327563 0.48805 0.0680547 -0.187066 0.565755 0.0192403 -0.24018 0.549598 0.0152599 -0.28913 0.52336 0.0115916 -0.332035 0.48805 0.00837633 -0.332035 0.48805 0.00837633 -0.367247 0.445025 0.00573761 -0.393411 0.395937 0.00377684 -0.409523 0.342674 0.00256941 -0.414963 0.287283 0.00216176 -0.367247 0.445025 0.00573761 -0.318718 0.48805 -0.0499689 -0.351587 0.445025 -0.0628691 -0.393411 0.395937 0.00377684 -0.367247 0.445025 0.00573761 -0.351587 0.445025 -0.0628691 -0.376012 0.395937 -0.0724549 -0.409523 0.342674 0.00256941 -0.391052 0.342674 -0.0783577 -0.414963 0.287283 0.00216176 -0.39613 0.287283 -0.0803509 -0.183392 0.565755 0.00314286 -0.232973 0.549598 -0.0163163 -0.278667 0.52336 -0.0342499 -0.175136 0.565755 -0.0111564 -0.216779 0.549598 -0.0443653 -0.255157 0.52336 -0.0749708 0.14498 -0.0837268 0.0865598 0.151305 -0.0837268 0.0021619 -0.288795 0.48805 -0.101797 -0.324949 -0.0837267 0.231514 -0.255021 -0.0837267 0.27919 -0.318718 0.48805 -0.0499689 -0.288795 0.48805 -0.101797 -0.316402 0.445025 -0.123812 -0.174146 -0.0837267 0.304137 -0.336915 0.395937 -0.140171 -0.215518 0.287283 -0.247934 -0.131829 -0.0837268 -0.260548 -0.215518 -0.0837268 -0.247934 -0.349548 0.342674 -0.150245 0.11406 -0.0837267 0.165344 0.14498 -0.0837268 0.0865598 -0.353813 0.287283 -0.153647 -0.408639 -0.0837268 0.0865598 -0.377718 -0.0837267 0.165344 -0.264816 0.445025 -0.171677 -0.279596 0.395937 -0.193355 -0.00863729 -0.0837267 0.27919 0.0612911 -0.0837267 0.231514 -0.288698 0.342674 -0.206705 -0.291771 0.287283 -0.211213 -0.163032 0.565755 -0.022387 -0.291771 -0.0837268 -0.211213 -0.193036 0.549598 -0.0663949 -0.414963 -0.0837268 0.00216182 -0.220688 0.52336 -0.106953 -0.244925 0.48805 -0.142502 0.0901549 -0.0837268 -0.153646 0.0281134 -0.0837268 -0.211213 -0.244925 0.48805 -0.142502 -0.0895118 -0.0837267 0.304137 -0.163856 0.549598 -0.0804477 -0.178324 0.52336 -0.127354 -0.39613 -0.0837268 -0.0803508 -0.414963 -0.0837268 0.00216182 -0.191006 0.48805 -0.168468 -0.353813 -0.0837268 -0.153646 -0.191006 0.48805 -0.168468 -0.201414 0.445025 -0.20221 0.132472 -0.0837268 -0.0803507 -0.209148 0.395937 -0.227282 -0.21391 0.342674 -0.242721 -0.0481398 -0.0837268 -0.247934 -0.148156 0.565755 -0.0295511 -0.0481398 -0.0837268 -0.247934 -0.174146 -0.0837267 0.304137 -0.131829 0.48805 -0.177388 0.151305 -0.0837268 0.0021619 0.14498 -0.0837268 0.0865598 0.0172611 -0.119482 0.0565019 0.0205768 -0.119482 0.0122563 0.0612911 -0.0837267 0.231514 -0.00863729 -0.0837267 0.27919 -0.063273 -0.119482 0.157488 -0.026613 -0.119482 0.132494 -0.215518 -0.0837268 -0.247934 -0.131829 -0.0837268 -0.260548 -0.127856 -0.119482 -0.125469 -0.17173 -0.119482 -0.118856 -0.291771 -0.0837268 -0.211213 -0.211706 -0.119482 -0.0996052 0.0281134 -0.0837268 -0.211213 0.0901549 -0.0837268 -0.153646 -0.0114812 -0.119482 -0.0694261 -0.0440065 -0.119482 -0.0996052 0.11406 -0.0837267 0.165344 0.00105099 -0.119482 0.0978045 -0.255021 -0.0837267 0.27919 -0.324949 -0.0837267 0.231514 -0.2291 -0.119482 0.132494 -0.19244 -0.119482 0.157488 -0.353813 -0.0837268 -0.153646 -0.244231 -0.119482 -0.0694262 -0.414963 -0.0837268 0.00216182 -0.39613 -0.0837268 -0.0803508 -0.266416 -0.119482 -0.0310009 -0.276289 -0.119482 0.0122563 0.132472 -0.0837268 -0.0803507 0.0107036 -0.119482 -0.0310009 -0.377718 -0.0837267 0.165344 -0.408639 -0.0837268 0.0865598 -0.272974 -0.119482 0.0565019 -0.256764 -0.119482 0.0978045 -0.0481398 -0.0837268 -0.247934 -0.0839822 -0.119482 -0.118856 -0.174146 -0.0837267 0.304137 -0.150041 -0.119482 0.170567 -0.0895118 -0.0837267 0.304137 -0.105671 -0.119482 0.170567 -0.127856 -0.331129 -0.225932 -0.0543705 -0.331129 -0.214855 -0.0543705 -0.822281 -0.214855 -0.127856 -0.822281 -0.225931 -0.244231 -0.246578 -0.0694261 -0.211706 -0.246578 -0.0996052 -0.211706 -0.310126 -0.0996052 -0.244231 -0.310126 -0.0694261 -0.201342 -0.331129 -0.214855 -0.201342 -0.822281 -0.214855 -0.370917 -0.331129 0.0788569 -0.376471 -0.331129 0.00474878 -0.376471 -0.822281 0.00474886 -0.370917 -0.822281 0.0788569 0.017261 -0.246578 0.056502 0.00105097 -0.246578 0.0978045 0.00105096 -0.310126 0.0978045 0.017261 -0.310126 0.056502 -0.236029 -0.331129 0.248002 -0.297431 -0.331129 0.206138 -0.297431 -0.822281 0.206138 -0.236029 -0.822281 0.248002 -0.17173 -0.246578 -0.118856 -0.17173 -0.310126 -0.118856 -0.0543705 -0.331129 -0.214855 0.0125859 -0.331129 -0.182611 0.0125858 -0.822281 -0.182611 -0.0543705 -0.822281 -0.214855 0.0205768 -0.246578 0.0122564 0.017261 -0.246578 0.056502 0.017261 -0.310126 0.056502 0.0205768 -0.310126 0.0122564 -0.256764 -0.310126 0.0978045 -0.272974 -0.310126 0.0565019 -0.370917 -0.331129 0.0788569 -0.343766 -0.331129 0.148036 -0.266416 -0.246578 -0.0310009 -0.266416 -0.310126 -0.0310009 -0.127856 -0.310126 -0.125469 -0.0839822 -0.310126 -0.118856 -0.0543705 -0.331129 -0.214855 -0.127856 -0.331129 -0.225932 -0.105671 -0.246578 0.170567 -0.150041 -0.246578 0.170567 -0.150041 -0.310126 0.170567 -0.105671 -0.310126 0.170567 -0.256764 -0.246578 0.0978045 -0.272974 -0.246578 0.0565019 -0.272974 -0.310126 0.0565019 -0.256764 -0.310126 0.0978045 -0.19244 -0.310126 0.157488 -0.2291 -0.310126 0.132494 -0.297431 -0.331129 0.206138 -0.236029 -0.331129 0.248002 -0.0440065 -0.246578 -0.0996052 -0.0114812 -0.246578 -0.0694261 -0.0114812 -0.310126 -0.0694261 -0.0440065 -0.310126 -0.0996052 -0.150041 -0.246578 0.170567 -0.19244 -0.246578 0.157488 -0.19244 -0.310126 0.157488 -0.150041 -0.310126 0.170567 -0.150041 -0.310126 0.170567 -0.165014 -0.331129 0.269907 -0.276289 -0.246578 0.0122563 -0.276289 -0.310126 0.0122563 -0.165014 -0.331129 0.269907 -0.165014 -0.822281 0.269907 0.0107036 -0.246578 -0.0310009 0.0107036 -0.310126 -0.0310009 -0.0266131 -0.18303 0.132494 -0.063273 -0.18303 0.157488 -0.0761259 -0.189353 0.130799 -0.0467618 -0.189353 0.110779 -0.272974 -0.18303 0.0565019 -0.276289 -0.18303 0.0122563 -0.246749 -0.189353 0.01447 -0.244093 -0.189353 0.0499102 0.0107036 -0.18303 -0.0310009 0.0205768 -0.18303 0.0122564 -0.00896332 -0.189353 0.0144701 -0.0168716 -0.189353 -0.0201784 -0.127856 -0.18303 -0.125469 -0.0839822 -0.18303 -0.118856 -0.0927137 -0.189353 -0.0905496 -0.127856 -0.189353 -0.0958465 -0.17173 -0.246578 -0.118856 -0.211706 -0.246578 -0.0996052 -0.187434 -0.240255 -0.064004 -0.15903 -0.240255 -0.0776824 -0.0440065 -0.18303 -0.0996052 -0.0114812 -0.18303 -0.0694261 -0.0346414 -0.189353 -0.0509565 -0.0606937 -0.189353 -0.0751295 -0.2291 -0.18303 0.132494 -0.256764 -0.18303 0.0978045 -0.231109 -0.189353 0.082993 -0.208951 -0.189353 0.110779 0.017261 -0.246578 0.056502 0.0205768 -0.246578 0.0122564 -0.022391 -0.240255 0.0154763 -0.0247469 -0.240255 0.0469139 0.0107036 -0.246578 -0.0310009 -0.0114812 -0.246578 -0.0694261 -0.045169 -0.240255 -0.042561 -0.0294062 -0.240255 -0.0152589 0.017261 -0.18303 0.056502 0.00105097 -0.18303 0.0978045 -0.0246033 -0.189353 0.082993 -0.0116192 -0.189353 0.0499102 -0.266416 -0.18303 -0.0310009 -0.244231 -0.18303 -0.0694262 -0.221071 -0.189353 -0.0509565 -0.238841 -0.189353 -0.0201784 -0.105671 -0.18303 0.170567 -0.150041 -0.18303 0.170567 -0.145626 -0.189353 0.141274 -0.110087 -0.189353 0.141275 -0.211706 -0.18303 -0.0996052 -0.17173 -0.18303 -0.118856 -0.162999 -0.189353 -0.0905496 -0.195019 -0.189353 -0.0751295 -0.150041 -0.246578 0.170567 -0.105671 -0.246578 0.170567 -0.112093 -0.240255 0.12796 -0.143619 -0.240255 0.12796 -0.0839822 -0.246578 -0.118856 -0.127856 -0.246578 -0.125469 -0.127856 -0.240255 -0.0823811 -0.0966827 -0.240255 -0.0776824 0.00105097 -0.246578 0.0978045 -0.0362646 -0.240255 0.0762604 -0.19244 -0.18303 0.157488 -0.179587 -0.189353 0.130799 -0.195019 -0.189353 -0.0751295 -0.162999 -0.189353 -0.0905496 -0.162999 -0.249066 -0.0905495 -0.195019 -0.249066 -0.0751295 -0.0761259 -0.189353 0.130799 -0.110087 -0.189353 0.141275 -0.110087 -0.249066 0.141275 -0.0761259 -0.249066 0.130799 -0.244093 -0.189353 0.0499102 -0.246749 -0.189353 0.01447 -0.246749 -0.249066 0.0144701 -0.244093 -0.249066 0.0499102 -0.238841 -0.189353 -0.0201784 -0.221071 -0.189353 -0.0509565 -0.221071 -0.249066 -0.0509565 -0.238841 -0.249066 -0.0201784 -0.179587 -0.189353 0.130799 -0.208951 -0.189353 0.110779 -0.208951 -0.249066 0.110779 -0.179587 -0.249066 0.130799 -0.145626 -0.189353 0.141274 -0.145626 -0.249066 0.141275 -0.0927137 -0.189353 -0.0905496 -0.0606937 -0.189353 -0.0751295 -0.0606937 -0.249066 -0.0751295 -0.0927137 -0.249066 -0.0905496 -0.00896332 -0.189353 0.0144701 -0.0116192 -0.189353 0.0499102 -0.0116192 -0.249066 0.0499102 -0.00896332 -0.249066 0.0144701 -0.231109 -0.189353 0.082993 -0.231109 -0.249066 0.082993 -0.0168716 -0.189353 -0.0201784 -0.0168716 -0.249066 -0.0201784 -0.145626 -0.189353 0.141274 -0.145626 -0.249066 0.141275 -0.0467618 -0.189353 0.110779 -0.0467618 -0.249066 0.110779 -0.0346414 -0.189353 -0.0509565 -0.0346414 -0.249066 -0.0509565 -0.127856 -0.189353 -0.0958465 -0.0927137 -0.189353 -0.0905496 -0.0927137 -0.249066 -0.0905496 -0.127856 -0.249066 -0.0958465 -0.0116192 -0.189353 0.0499102 -0.0246033 -0.189353 0.082993 -0.0246033 -0.249066 0.082993 -0.0116192 -0.249066 0.0499102 -0.246749 -0.189353 0.01447 -0.246749 -0.249066 0.0144701 0.0205768 -0.119482 0.0122563 0.0172611 -0.119482 0.0565019 0.017261 -0.18303 0.056502 0.0205768 -0.18303 0.0122564 -0.256764 -0.246578 0.0978045 -0.2291 -0.246578 0.132494 -0.199792 -0.240255 0.100908 -0.219448 -0.240255 0.0762604 -0.0440065 -0.246578 -0.0996052 -0.068279 -0.240255 -0.064004 -0.256764 -0.119482 0.0978045 -0.272974 -0.119482 0.0565019 -0.272974 -0.18303 0.0565019 -0.256764 -0.18303 0.0978045 -0.244231 -0.246578 -0.0694261 -0.210544 -0.240255 -0.042561 -0.276289 -0.119482 0.0122563 -0.276289 -0.18303 0.0122563 -0.266416 -0.246578 -0.0310009 -0.276289 -0.246578 0.0122563 -0.233322 -0.240255 0.0154763 -0.226306 -0.240255 -0.015259 -0.063273 -0.246578 0.157488 -0.0819683 -0.240255 0.118667 -0.150041 -0.119482 0.170567 -0.19244 -0.119482 0.157488 -0.19244 -0.18303 0.157488 -0.150041 -0.18303 0.170567 -0.244231 -0.119482 -0.0694262 -0.211706 -0.119482 -0.0996052 -0.211706 -0.18303 -0.0996052 -0.244231 -0.18303 -0.0694262 -0.266416 -0.119482 -0.0310009 -0.266416 -0.18303 -0.0310009 -0.0440065 -0.119482 -0.0996052 -0.0114812 -0.119482 -0.0694261 -0.0114812 -0.18303 -0.0694261 -0.0440065 -0.18303 -0.0996052 0.0172611 -0.119482 0.0565019 0.00105099 -0.119482 0.0978045 0.00105097 -0.18303 0.0978045 0.017261 -0.18303 0.056502 -0.272974 -0.246578 0.0565019 -0.230966 -0.240255 0.0469139 -0.0266131 -0.246578 0.132494 -0.0559205 -0.240255 0.100908 -0.17173 -0.119482 -0.118856 -0.17173 -0.18303 -0.118856 -0.105671 -0.119482 0.170567 -0.150041 -0.119482 0.170567 -0.150041 -0.18303 0.170567 -0.105671 -0.18303 0.170567 -0.026613 -0.119482 0.132494 -0.0266131 -0.18303 0.132494 -0.2291 -0.119482 0.132494 -0.2291 -0.18303 0.132494 -0.127856 -0.119482 -0.125469 -0.127856 -0.18303 -0.125469 -0.0839822 -0.119482 -0.118856 -0.0839822 -0.18303 -0.118856 -0.19244 -0.246578 0.157488 -0.173744 -0.240255 0.118667 -0.0839822 -0.119482 -0.118856 -0.0839822 -0.18303 -0.118856 -0.276289 -0.119482 0.0122563 -0.276289 -0.18303 0.0122563 -0.063273 -0.119482 0.157488 -0.063273 -0.18303 0.157488 0.0107036 -0.119482 -0.0310009 0.0107036 -0.18303 -0.0310009 -0.578058 0.286491 0.498323 -0.599288 0.286491 0.477173 -0.599288 0.230432 0.477173 -0.578058 0.230432 0.498323 -0.599288 0.286491 0.477173 -0.335348 0.178891 0.212244 -0.335348 -0.0315802 0.212244 -0.599288 0.230432 0.477173 0.0107036 -0.310126 -0.0310009 0.0205768 -0.310126 0.0122564 0.120758 -0.331129 0.00474884 0.104221 -0.331129 -0.0677038 -0.314119 0.178891 0.233394 -0.578058 0.286491 0.498323 -0.578058 0.230432 0.498323 -0.314118 -0.0315801 0.233395 -0.599288 0.286491 0.477173 -0.578058 0.286491 0.498323 -0.314119 0.178891 0.233394 -0.335348 0.178891 0.212244 -0.335348 -0.0315802 0.212244 -0.314118 -0.0315801 0.233395 -0.578058 0.230432 0.498323 -0.599288 0.230432 0.477173 -0.473104 0.286491 -0.527413 -0.447512 0.286491 -0.543004 -0.447512 0.230432 -0.543004 -0.473104 0.230432 -0.527413 -0.447512 0.286491 -0.543004 -0.252948 0.178891 -0.223636 -0.252948 -0.0315802 -0.223636 -0.447512 0.230432 -0.543004 -0.17173 -0.310126 -0.118856 -0.201342 -0.331129 -0.214855 -0.27854 0.178891 -0.208045 -0.473104 0.286491 -0.527413 -0.473104 0.230432 -0.527413 -0.27854 -0.0315802 -0.208045 -0.447512 0.286491 -0.543004 -0.473104 0.286491 -0.527413 -0.27854 0.178891 -0.208045 -0.252948 0.178891 -0.223636 -0.252948 -0.0315802 -0.223636 -0.27854 -0.0315802 -0.208045 -0.473104 0.230432 -0.527413 -0.447512 0.230432 -0.543004 0.534733 0.282507 0.00792222 0.534733 0.355237 0.00792221 0.546505 0.355237 0.00260609 0.546505 0.282507 0.0026061 0.546505 0.282507 0.0026061 0.546505 0.355237 0.00260609 0.559154 0.355237 0.00522478 0.559154 0.282507 0.0052248 0.567848 0.355237 0.014778 0.567848 0.282507 0.014778 0.569266 0.355237 0.0276168 0.569266 0.282507 0.0276168 0.569266 0.282507 0.0276168 0.569266 0.355237 0.0276168 0.562867 0.355237 0.0388372 0.562867 0.282507 0.0388372 0.551094 0.355237 0.0441533 0.551094 0.282507 0.0441533 0.538446 0.355237 0.0415346 0.538446 0.282507 0.0415346 0.538446 0.282507 0.0415346 0.538446 0.355237 0.0415346 0.529752 0.355237 0.0319813 0.529752 0.282507 0.0319814 0.546505 0.355237 0.00260609 0.534733 0.355237 0.00792221 0.528334 0.355237 0.0191425 0.529752 0.355237 0.0319813 0.538446 0.355237 0.0415346 0.551094 0.355237 0.0441533 0.562867 0.355237 0.0388372 0.569266 0.355237 0.0276168 0.567848 0.355237 0.014778 0.559154 0.355237 0.00522478 0.528334 0.355237 0.0191425 0.528334 0.282507 0.0191426 0.528334 0.282507 0.0191426 0.528334 0.355237 0.0191425 0.534733 0.282507 0.00792222 0.546505 0.282507 0.0026061 0.559154 0.282507 0.0052248 0.567848 0.282507 0.014778 0.569266 0.282507 0.0276168 0.562867 0.282507 0.0388372 0.551094 0.282507 0.0441533 0.538446 0.282507 0.0415346 0.529752 0.282507 0.0319814 0.528334 0.282507 0.0191426 0.475442 0.367309 0.070384 0.602492 0.367309 -0.0452347 0.60437 0.358721 -0.0431711 0.47732 0.358721 0.0724475 0.47732 0.358721 0.0724475 0.60437 0.358721 -0.0431711 0.609286 0.353414 -0.0377686 0.482237 0.353414 0.0778501 0.615363 0.353414 -0.0310907 0.488314 0.353414 0.084528 0.62028 0.358721 -0.0256882 0.49323 0.358721 0.0899305 0.49323 0.358721 0.0899305 0.62028 0.358721 -0.0256882 0.622158 0.367309 -0.0236246 0.495108 0.367309 0.0919941 0.62028 0.375896 -0.0256882 0.49323 0.375896 0.0899305 0.49323 0.375896 0.0899305 0.62028 0.375896 -0.0256882 0.615363 0.381203 -0.0310907 0.488314 0.381203 0.084528 0.609286 0.381203 -0.0377686 0.482237 0.381203 0.0778501 0.60437 0.358721 -0.0431711 0.602492 0.367309 -0.0452347 0.60437 0.375896 -0.0431711 0.609286 0.381203 -0.0377686 0.615363 0.381203 -0.0310907 0.62028 0.375896 -0.0256882 0.622158 0.367309 -0.0236246 0.62028 0.358721 -0.0256882 0.615363 0.353414 -0.0310907 0.609286 0.353414 -0.0377686 0.60437 0.375896 -0.0431711 0.47732 0.375896 0.0724475 0.47732 0.375896 0.0724475 0.60437 0.375896 -0.0431711 0.475442 0.367309 0.070384 0.47732 0.358721 0.0724475 0.482237 0.353414 0.0778501 0.488314 0.353414 0.084528 0.49323 0.358721 0.0899305 0.495108 0.367309 0.0919941 0.49323 0.375896 0.0899305 0.488314 0.381203 0.084528 0.482237 0.381203 0.0778501 0.47732 0.375896 0.0724475 0.593469 0.367309 -0.0534223 0.608071 0.367309 -0.0667104 0.611508 0.351592 -0.0629336 0.596906 0.351592 -0.0496456 0.596906 0.351592 -0.0496456 0.611508 0.351592 -0.0629336 0.620506 0.341879 -0.0530461 0.605904 0.341879 -0.039758 0.631628 0.341879 -0.0408244 0.617026 0.341879 -0.0275363 0.640626 0.351592 -0.0309368 0.626024 0.351592 -0.0176487 0.626024 0.351592 -0.0176487 0.640626 0.351592 -0.0309368 0.644062 0.367309 -0.0271601 0.629461 0.367309 -0.013872 0.640626 0.383025 -0.0309368 0.626024 0.383025 -0.0176487 0.626024 0.383025 -0.0176487 0.640626 0.383025 -0.0309368 0.631628 0.392738 -0.0408244 0.617026 0.392738 -0.0275363 0.620506 0.392738 -0.0530461 0.605904 0.392738 -0.039758 0.640626 0.351592 -0.0309368 0.631628 0.341879 -0.0408244 0.633048 0.34569 -0.0437906 0.640698 0.353947 -0.0353845 0.611508 0.383025 -0.0629337 0.596906 0.383025 -0.0496456 0.596906 0.383025 -0.0496456 0.611508 0.383025 -0.0629337 0.593469 0.367309 -0.0534223 0.596906 0.351592 -0.0496456 0.605904 0.341879 -0.039758 0.617026 0.341879 -0.0275363 0.626024 0.351592 -0.0176487 0.629461 0.367309 -0.013872 0.626024 0.383025 -0.0176487 0.617026 0.392738 -0.0275363 0.605904 0.392738 -0.039758 0.596906 0.383025 -0.0496456 0.640698 0.38067 -0.0353845 0.64362 0.367309 -0.0321736 0.628096 0.367309 -0.0180469 0.625174 0.38067 -0.0212578 0.61302 0.367309 -0.0657981 0.615942 0.353947 -0.0625872 0.620506 0.341879 -0.0530461 0.623592 0.34569 -0.0541811 0.611508 0.351592 -0.0629336 0.615942 0.353947 -0.0625872 0.615942 0.38067 -0.0625872 0.611508 0.383025 -0.0629337 0.620506 0.392738 -0.0530461 0.623592 0.388928 -0.0541811 0.615942 0.38067 -0.0625872 0.631628 0.392738 -0.0408244 0.633048 0.388928 -0.0437906 0.640626 0.383025 -0.0309368 0.640698 0.38067 -0.0353845 0.644062 0.367309 -0.0271601 0.64362 0.367309 -0.0321736 0.600419 0.353947 -0.0484606 0.597497 0.367309 -0.0516714 0.600419 0.38067 -0.0484606 0.608069 0.388928 -0.0400544 0.617524 0.388928 -0.0296639 0.625174 0.38067 -0.0212578 0.628096 0.367309 -0.0180469 0.625174 0.353947 -0.0212578 0.617524 0.34569 -0.0296639 0.608069 0.34569 -0.0400544 0.633048 0.34569 -0.0437906 0.623592 0.34569 -0.0541811 0.608069 0.34569 -0.0400544 0.617524 0.34569 -0.0296639 0.61302 0.367309 -0.0657981 0.615942 0.38067 -0.0625872 0.600419 0.38067 -0.0484606 0.597497 0.367309 -0.0516714 0.633048 0.388928 -0.0437906 0.640698 0.38067 -0.0353845 0.625174 0.38067 -0.0212578 0.617524 0.388928 -0.0296639 0.640698 0.353947 -0.0353845 0.625174 0.353947 -0.0212578 0.615942 0.353947 -0.0625872 0.600419 0.353947 -0.0484606 0.623592 0.388928 -0.0541811 0.608069 0.388928 -0.0400544 0.640698 0.353947 -0.0353845 0.625174 0.353947 -0.0212578 0.615942 0.353947 -0.0625872 0.600419 0.353947 -0.0484606 0.615942 0.38067 -0.0625872 0.600419 0.38067 -0.0484606 0.504853 0.367309 0.0995243 0.490252 0.367309 0.112812 0.486815 0.351593 0.109036 0.501416 0.351593 0.0957476 0.501416 0.351593 0.0957476 0.486815 0.351593 0.109036 0.477817 0.341879 0.0991481 0.492418 0.341879 0.0858601 0.466695 0.341879 0.0869264 0.481296 0.341879 0.0736383 0.457697 0.351593 0.0770388 0.472298 0.351593 0.0637508 0.472298 0.351593 0.0637508 0.457697 0.351593 0.0770388 0.45426 0.367309 0.0732621 0.468861 0.367309 0.0599741 0.457697 0.383025 0.0770388 0.472298 0.383025 0.0637508 0.472298 0.383025 0.0637508 0.457697 0.383025 0.0770388 0.466695 0.392738 0.0869264 0.481296 0.392738 0.0736384 0.477817 0.392738 0.0991481 0.492418 0.392738 0.0858601 0.457697 0.351593 0.0770388 0.466695 0.341879 0.0869264 0.465274 0.34569 0.0898926 0.457625 0.353947 0.0814865 0.486815 0.383025 0.109036 0.501416 0.383025 0.0957476 0.501416 0.383025 0.0957476 0.486815 0.383025 0.109036 0.504853 0.367309 0.0995243 0.501416 0.351593 0.0957476 0.492418 0.341879 0.0858601 0.481296 0.341879 0.0736383 0.472298 0.351593 0.0637508 0.468861 0.367309 0.0599741 0.472298 0.383025 0.0637508 0.481296 0.392738 0.0736384 0.492418 0.392738 0.0858601 0.501416 0.383025 0.0957476 0.457625 0.38067 0.0814865 0.454703 0.367309 0.0782757 0.470226 0.367309 0.064149 0.473148 0.38067 0.0673598 0.485302 0.367309 0.1119 0.48238 0.353947 0.108689 0.477817 0.341879 0.0991481 0.47473 0.34569 0.100283 0.486815 0.351593 0.109036 0.48238 0.353947 0.108689 0.48238 0.38067 0.108689 0.486815 0.383025 0.109036 0.477817 0.392738 0.0991481 0.47473 0.388928 0.100283 0.48238 0.38067 0.108689 0.466695 0.392738 0.0869264 0.465274 0.388928 0.0898926 0.457697 0.383025 0.0770388 0.457625 0.38067 0.0814865 0.45426 0.367309 0.0732621 0.454703 0.367309 0.0782757 0.497903 0.353947 0.0945626 0.500825 0.367309 0.0977734 0.497903 0.38067 0.0945626 0.490253 0.388928 0.0861565 0.480798 0.388928 0.0757659 0.473148 0.38067 0.0673598 0.470226 0.367309 0.064149 0.473148 0.353947 0.0673598 0.480798 0.34569 0.0757659 0.490253 0.34569 0.0861565 0.465274 0.34569 0.0898926 0.47473 0.34569 0.100283 0.490253 0.34569 0.0861565 0.480798 0.34569 0.0757659 0.485302 0.367309 0.1119 0.48238 0.38067 0.108689 0.497903 0.38067 0.0945626 0.500825 0.367309 0.0977734 0.465274 0.388928 0.0898926 0.457625 0.38067 0.0814865 0.473148 0.38067 0.0673598 0.480798 0.388928 0.0757659 0.457625 0.353947 0.0814865 0.473148 0.353947 0.0673598 0.48238 0.353947 0.108689 0.497903 0.353947 0.0945626 0.47473 0.388928 0.100283 0.490253 0.388928 0.0861565 0.457625 0.353947 0.0814865 0.473148 0.353947 0.0673598 0.48238 0.353947 0.108689 0.497903 0.353947 0.0945626 0.48238 0.38067 0.108689 0.497903 0.38067 0.0945626 -0.61687 0.224554 0.477506 -0.61687 0.291045 0.477506 -0.596527 0.291045 0.480397 -0.596527 0.224554 0.480397 -0.596527 0.224554 0.480397 -0.596527 0.291045 0.480397 -0.58177 0.291045 0.494693 -0.58177 0.224554 0.494693 -0.578233 0.291045 0.514933 -0.578233 0.224554 0.514933 -0.578233 0.224554 0.514933 -0.578233 0.291045 0.514933 -0.587269 0.291045 0.533386 -0.587269 0.224554 0.533386 -0.605426 0.291045 0.543004 -0.605426 0.224554 0.543004 -0.625768 0.291045 0.540113 -0.625768 0.224554 0.540113 -0.625768 0.224554 0.540113 -0.625768 0.291045 0.540113 -0.640526 0.291045 0.525817 -0.640526 0.224554 0.525817 -0.644062 0.291045 0.505577 -0.644062 0.224554 0.505577 -0.596527 0.291045 0.480397 -0.61687 0.291045 0.477506 -0.635027 0.291045 0.487123 -0.644062 0.291045 0.505577 -0.640526 0.291045 0.525817 -0.625768 0.291045 0.540113 -0.605426 0.291045 0.543004 -0.587269 0.291045 0.533386 -0.578233 0.291045 0.514933 -0.58177 0.291045 0.494693 -0.644062 0.224554 0.505577 -0.644062 0.291045 0.505577 -0.635027 0.291045 0.487123 -0.635027 0.224554 0.487123 -0.61687 0.224554 0.477506 -0.596527 0.224554 0.480397 -0.58177 0.224554 0.494693 -0.578233 0.224554 0.514933 -0.587269 0.224554 0.533386 -0.605426 0.224554 0.543004 -0.625768 0.224554 0.540113 -0.640526 0.224554 0.525817 -0.644062 0.224554 0.505577 -0.635027 0.224554 0.487123 -0.612628 0.288642 0.501785 -0.611781 0.637194 0.50663 -0.60953 0.637194 0.50695 -0.607366 0.288642 0.502532 -0.607366 0.288642 0.502532 -0.60953 0.637194 0.50695 -0.607897 0.637194 0.508533 -0.603549 0.288642 0.50623 -0.607505 0.637194 0.510773 -0.602635 0.288642 0.511465 -0.602635 0.288642 0.511465 -0.607505 0.637194 0.510773 -0.608505 0.637194 0.512815 -0.604972 0.288642 0.516238 -0.610515 0.637194 0.513879 -0.609668 0.288642 0.518725 -0.612766 0.637194 0.513559 -0.614929 0.288642 0.517977 -0.614929 0.288642 0.517977 -0.612766 0.637194 0.513559 -0.614399 0.637194 0.511977 -0.618746 0.288642 0.51428 -0.614791 0.637194 0.509737 -0.619661 0.288642 0.509045 -0.60953 0.637194 0.50695 -0.611781 0.637194 0.50663 -0.613791 0.637194 0.507695 -0.614791 0.637194 0.509737 -0.614399 0.637194 0.511977 -0.612766 0.637194 0.513559 -0.610515 0.637194 0.513879 -0.608505 0.637194 0.512815 -0.607505 0.637194 0.510773 -0.607897 0.637194 0.508533 -0.619661 0.288642 0.509045 -0.614791 0.637194 0.509737 -0.613791 0.637194 0.507695 -0.617324 0.288642 0.504272 -0.612628 0.288642 0.501785 -0.607366 0.288642 0.502532 -0.603549 0.288642 0.50623 -0.602635 0.288642 0.511465 -0.604972 0.288642 0.516238 -0.609668 0.288642 0.518725 -0.614929 0.288642 0.517977 -0.618746 0.288642 0.51428 -0.619661 0.288642 0.509045 -0.617324 0.288642 0.504272 -0.133309 0.651449 0.0149093 -0.132462 1 0.0197552 -0.130211 1 0.0200752 -0.128048 0.651449 0.0156571 -0.128048 0.651449 0.0156571 -0.130211 1 0.0200752 -0.128578 1 0.0216573 -0.124231 0.651449 0.0193547 -0.128186 1 0.0238973 -0.123316 0.651449 0.0245896 -0.123316 0.651449 0.0245896 -0.128186 1 0.0238973 -0.129186 1 0.0259395 -0.125653 0.651449 0.0293624 -0.131196 1 0.027004 -0.130349 0.651449 0.03185 -0.133447 1 0.026684 -0.135611 0.651449 0.0311022 -0.135611 0.651449 0.0311022 -0.133447 1 0.026684 -0.13508 1 0.0251018 -0.139428 0.651449 0.0274046 -0.135472 1 0.0228618 -0.140342 0.651449 0.0221697 -0.130211 1 0.0200752 -0.132462 1 0.0197552 -0.134472 1 0.0208196 -0.135472 1 0.0228618 -0.13508 1 0.0251018 -0.133447 1 0.026684 -0.131196 1 0.027004 -0.129186 1 0.0259395 -0.128186 1 0.0238973 -0.128578 1 0.0216573 -0.140342 0.651449 0.0221697 -0.135472 1 0.0228618 -0.134472 1 0.0208196 -0.138005 0.651449 0.0173969 -0.135611 0.651449 0.0311022 -0.139428 0.651449 0.0274046 -0.151446 0.643867 0.0337708 -0.141592 0.643867 0.0433167 -0.181365 0.633759 0.0496191 -0.156481 0.633759 0.0737241 -0.130349 0.651449 0.03185 -0.128008 0.643867 0.0452473 -0.125653 0.651449 0.0293624 -0.115885 0.643867 0.0388252 -0.123316 0.651449 0.0245896 -0.109851 0.643867 0.0265034 -0.133309 0.651449 0.0149093 -0.128048 0.651449 0.0156571 -0.122067 0.643867 0.00344259 -0.13565 0.643867 0.00151198 -0.124231 0.651449 0.0193547 -0.112212 0.643867 0.0129885 -0.138005 0.651449 0.0173969 -0.147774 0.643867 0.00793407 -0.140342 0.651449 0.0221697 -0.153807 0.643867 0.0202558 -0.0763307 0.633759 0.0312678 -0.0915665 0.633759 0.0623824 -0.0915665 0.592482 0.0623824 -0.0763307 0.592482 0.0312678 -0.0915665 0.633759 0.0623824 -0.0763307 0.633759 0.0312678 -0.107177 0.633759 -0.0269648 -0.141477 0.633759 -0.03184 -0.187327 0.633759 0.0154915 -0.122181 0.633759 0.0785993 -0.0822935 0.633759 -0.00285984 -0.172092 0.633759 -0.0156231 -0.141477 0.592482 -0.03184 -0.107177 0.592482 -0.0269648 -0.112716 0.583216 -0.0156533 -0.139309 0.583216 -0.0194331 -0.141477 0.633759 -0.03184 -0.107177 0.633759 -0.0269648 -0.107177 0.592482 -0.0269648 -0.141477 0.592482 -0.03184 -0.181365 0.633759 0.0496191 -0.187327 0.633759 0.0154915 -0.187327 0.592482 0.0154915 -0.181365 0.592482 0.0496191 -0.122181 0.633759 0.0785993 -0.122181 0.592482 0.0785993 -0.107177 0.633759 -0.0269648 -0.0822935 0.633759 -0.00285984 -0.0822935 0.592482 -0.00285984 -0.107177 0.592482 -0.0269648 -0.187327 0.633759 0.0154915 -0.172092 0.633759 -0.0156231 -0.172092 0.592482 -0.0156231 -0.187327 0.592482 0.0154915 -0.156481 0.633759 0.0737241 -0.156481 0.592482 0.0737242 -0.0763307 0.633759 0.0312678 -0.0763307 0.592482 0.0312678 -0.156481 0.633759 0.0737241 -0.156481 0.592482 0.0737242 -0.170235 0.583216 0.0437236 -0.174858 0.583216 0.0172639 -0.174858 0.557103 0.0172639 -0.170235 0.557103 0.0437236 -0.181365 0.592482 0.0496191 -0.187327 0.592482 0.0154915 -0.174858 0.583216 0.0172639 -0.170235 0.583216 0.0437236 -0.0915665 0.592482 0.0623824 -0.122181 0.592482 0.0785993 -0.124349 0.583216 0.0661924 -0.100613 0.583216 0.0536191 -0.0822935 0.592482 -0.00285984 -0.0934233 0.583216 0.00303573 -0.172092 0.592482 -0.0156231 -0.163045 0.583216 -0.00685983 -0.156481 0.592482 0.0737242 -0.150942 0.583216 0.0624126 -0.0763307 0.592482 0.0312678 -0.0888003 0.583216 0.0294954 0.0670633 -0.331129 -0.132063 0.104221 -0.331129 -0.0677038 0.104221 -0.822281 -0.0677037 0.0670632 -0.822281 -0.132063 -0.100613 0.583216 0.0536191 -0.124349 0.583216 0.0661924 -0.124349 0.557103 0.0661924 -0.100613 0.557103 0.0536191 -0.112716 0.583216 -0.0156533 -0.0934233 0.583216 0.00303573 -0.0934233 0.557103 0.00303574 -0.112716 0.557103 -0.0156533 -0.174858 0.583216 0.0172639 -0.163045 0.583216 -0.00685983 -0.163045 0.557103 -0.00685982 -0.174858 0.557103 0.0172639 -0.150942 0.583216 0.0624126 -0.150942 0.557103 0.0624126 -0.0888003 0.583216 0.0294954 -0.0888003 0.557103 0.0294954 -0.139309 0.583216 -0.0194331 -0.139309 0.557103 -0.0194331 -0.150942 0.583216 0.0624126 -0.150942 0.557103 0.0624126 -0.0888003 0.583216 0.0294954 -0.0888003 0.557103 0.0294954 -0.112716 0.583216 -0.0156533 -0.112716 0.557103 -0.0156533 -0.034427 0.217425 0.270318 -0.00966053 0.217425 0.319769 0.0244794 0.211998 0.302671 -0.000287108 0.211998 0.25322 0.0492469 0.185165 0.290266 0.0244805 0.185165 0.240815 0.0244805 0.185165 0.240815 0.0492469 0.185165 0.290266 0.0551818 0.147175 0.287294 0.0304154 0.147175 0.237843 0.0400172 0.112538 0.294889 0.0152507 0.112538 0.245438 0.0152507 0.112538 0.245438 0.0400172 0.112538 0.294889 0.00954524 0.0944859 0.31015 -0.0152212 0.0944859 0.260699 -0.0245946 0.0999127 0.327248 -0.0493611 0.0999127 0.277797 -0.0493622 0.126746 0.339653 -0.0741287 0.126746 0.290201 -0.0741287 0.126746 0.290201 -0.0493622 0.126746 0.339653 -0.0552971 0.164737 0.342625 -0.0800636 0.164737 0.293174 0.0492469 0.185165 0.290266 0.0244794 0.211998 0.302671 0.0235249 0.201353 0.312405 0.0435878 0.179617 0.302357 -0.0401324 0.199373 0.33503 -0.0648989 0.199373 0.285579 -0.0648989 0.199373 0.285579 -0.0401324 0.199373 0.33503 -0.0266131 -0.310126 0.132494 -0.063273 -0.310126 0.157488 -0.0196841 -0.331129 0.248002 0.0417186 -0.331129 0.206138 -0.00413014 0.205749 0.326256 -0.0288139 0.191126 0.338618 -0.0154895 0.178842 0.336905 0.000572797 0.188358 0.32886 -0.00966053 0.217425 0.319769 -0.0401324 0.199373 0.33503 -0.0552971 0.164737 0.342625 -0.041098 0.163069 0.34477 -0.0493622 0.126746 0.339653 -0.0362905 0.132295 0.342362 -0.0245946 0.0999127 0.327248 -0.0162275 0.110558 0.332314 0.00954524 0.0944859 0.31015 0.0114275 0.106162 0.318464 0.0400172 0.112538 0.294889 0.0361113 0.120785 0.306102 0.0551818 0.147175 0.287294 0.0483954 0.148843 0.299949 -0.0203548 0.140559 0.339342 -0.00729927 0.126414 0.332803 -0.0274074 0.126414 0.292653 -0.0404629 0.140559 0.299192 -0.00729927 0.126414 0.332803 -0.0203548 0.140559 0.339342 0.0347525 0.151327 0.311742 0.0267589 0.133069 0.315746 0.0185686 0.185497 0.319848 -0.0234832 0.160584 0.340908 0.0106965 0.123554 0.32379 0.0316241 0.171353 0.313309 0.00665079 0.133069 0.275596 0.0146444 0.151327 0.271593 0.0116323 0.152713 0.287361 0.00603308 0.139925 0.290165 0.0267589 0.133069 0.315746 0.0347525 0.151327 0.311742 0.0146444 0.151327 0.271593 0.00665079 0.133069 0.275596 0.0185686 0.185497 0.319848 0.000572797 0.188358 0.32886 -0.0195353 0.188358 0.288711 -0.00153949 0.185497 0.279698 -0.0234832 0.160584 0.340908 -0.0203548 0.140559 0.339342 -0.0404629 0.140559 0.299192 -0.0435913 0.160584 0.300759 0.0106965 0.123554 0.32379 0.0267589 0.133069 0.315746 0.00665079 0.133069 0.275596 -0.00941155 0.123554 0.28364 0.0316241 0.171353 0.313309 0.011516 0.171353 0.273159 -0.0154895 0.178842 0.336905 -0.0355976 0.178842 0.296755 0.0316241 0.171353 0.313309 0.011516 0.171353 0.273159 -0.0154895 0.178842 0.336905 -0.0355976 0.178842 0.296755 0.000296065 0.176648 0.293039 -0.0123094 0.178652 0.299352 -0.00486194 0.178652 0.314222 0.00774351 0.176648 0.307909 -0.00153949 0.185497 0.279698 -0.0195353 0.188358 0.288711 -0.0435913 0.160584 0.300759 -0.0404629 0.140559 0.299192 -0.0269684 0.145171 0.306693 -0.0291597 0.159198 0.307791 -0.00941155 0.123554 0.28364 0.00665079 0.133069 0.275596 0.00603308 0.139925 0.290165 -0.00521804 0.133259 0.2958 0.011516 0.171353 0.273159 -0.00153949 0.185497 0.279698 0.000296065 0.176648 0.293039 0.00944098 0.166741 0.288459 -0.0355976 0.178842 0.296755 -0.0235605 0.171987 0.304987 -0.0274074 0.126414 0.292653 -0.0178235 0.135263 0.302114 0.0146444 0.151327 0.271593 0.011516 0.171353 0.273159 0.00944098 0.166741 0.288459 0.0116323 0.152713 0.287361 -0.0355976 0.178842 0.296755 -0.0235605 0.171987 0.304987 -0.0274074 0.126414 0.292653 -0.0178235 0.135263 0.302114 0.00774351 0.176648 0.307909 -0.00486194 0.178652 0.314222 -0.016113 0.171987 0.319857 -0.0217123 0.159198 0.322661 -0.019521 0.145171 0.321564 -0.010376 0.135263 0.316984 0.0022294 0.133259 0.310671 0.0134805 0.139925 0.305036 0.0190798 0.152713 0.302231 0.0168884 0.166741 0.303329 -0.019521 0.145171 0.321564 -0.0217123 0.159198 0.322661 0.0134805 0.139925 0.305036 0.0022294 0.133259 0.310671 0.00944098 0.166741 0.288459 0.0168884 0.166741 0.303329 -0.016113 0.171987 0.319857 -0.010376 0.135263 0.316984 0.0168884 0.166741 0.303329 0.0190798 0.152713 0.302231 -0.016113 0.171987 0.319857 -0.0269684 0.145171 0.306693 -0.019521 0.145171 0.321564 0.00603308 0.139925 0.290165 0.0134805 0.139925 0.305036 0.160812 -0.22632 0.21026 0.160812 -0.0811232 0.21026 0.10361 -0.0811232 0.175873 0.10361 -0.22632 0.175873 0.10361 -0.22632 0.175873 0.10361 -0.0811232 0.175873 0.121902 -0.0811232 0.145444 0.121902 -0.22632 0.145444 0.121902 -0.22632 0.145444 0.121902 -0.0811232 0.145444 0.179105 -0.0811232 0.179831 0.179105 -0.22632 0.179831 0.179105 -0.22632 0.179831 0.179105 -0.0811232 0.179831 0.160812 -0.0811232 0.21026 0.160812 -0.22632 0.21026 0.164005 -0.234303 0.204949 0.175912 -0.234303 0.185142 0.121902 -0.0811232 0.145444 0.10361 -0.0811232 0.175873 0.160812 -0.0811232 0.21026 0.179105 -0.0811232 0.179831 0.164005 -0.362694 0.204949 0.175912 -0.362694 0.185142 0.118709 -0.234303 0.150755 0.106802 -0.234303 0.170562 0.106802 -0.234303 0.170562 0.164005 -0.234303 0.204949 0.175912 -0.234303 0.185142 0.118709 -0.234303 0.150755 0.106802 -0.362694 0.170562 0.118709 -0.362694 0.150755 0.122901 -0.372008 0.143783 0.102611 -0.372007 0.177534 0.175912 -0.362694 0.185142 0.118709 -0.362694 0.150755 0.106802 -0.362694 0.170562 0.164005 -0.362694 0.204949 0.122901 -0.372008 0.143783 0.180103 -0.372007 0.17817 0.180103 -0.506386 0.17817 0.122901 -0.506386 0.143783 0.102611 -0.372007 0.177534 0.159814 -0.372007 0.211921 0.159814 -0.372007 0.211921 0.180103 -0.372007 0.17817 0.180103 -0.506386 0.17817 0.159813 -0.506386 0.211921 0.165441 -0.552288 0.202559 0.174475 -0.552288 0.187532 0.102611 -0.506386 0.177534 0.159813 -0.506386 0.211921 0.122901 -0.506386 0.143783 0.102611 -0.506386 0.177534 0.108239 -0.552288 0.168172 0.117273 -0.552288 0.153145 0.174475 -0.552288 0.187532 0.165441 -0.552288 0.202559 0.117273 -0.552288 0.153145 0.108239 -0.552288 0.168172 0.174475 -0.552288 0.187532 0.117273 -0.552288 0.153145 0.108239 -0.552288 0.168172 0.165441 -0.552288 0.202559 0.129082 -0.0495093 0.132945 0.0948247 -0.0495093 0.189931 0.100266 -0.0299682 0.193203 0.134524 -0.0299682 0.136216 0.134524 -0.0299682 0.136216 0.100266 -0.0299682 0.193203 0.114513 -0.0178911 0.201767 0.148771 -0.0178911 0.144781 0.132123 -0.0178911 0.212353 0.16638 -0.0178911 0.155367 0.146369 -0.0299682 0.220918 0.180627 -0.0299682 0.163931 0.180627 -0.0299682 0.163931 0.146369 -0.0299682 0.220918 0.151811 -0.0495093 0.224189 0.186069 -0.0495093 0.167203 0.146369 -0.0690505 0.220918 0.180627 -0.0690505 0.163931 0.180627 -0.0690505 0.163931 0.146369 -0.0690505 0.220918 0.132123 -0.0811275 0.212353 0.16638 -0.0811276 0.155367 0.114513 -0.0811275 0.201767 0.148771 -0.0811276 0.144781 0.100266 -0.0299682 0.193203 0.0948247 -0.0495093 0.189931 0.100266 -0.0690505 0.193203 0.114513 -0.0811275 0.201767 0.132123 -0.0811275 0.212353 0.146369 -0.0690505 0.220918 0.151811 -0.0495093 0.224189 0.146369 -0.0299682 0.220918 0.132123 -0.0178911 0.212353 0.114513 -0.0178911 0.201767 0.100266 -0.0690505 0.193203 0.134524 -0.0690505 0.136216 0.134524 -0.0690505 0.136216 0.100266 -0.0690505 0.193203 0.129082 -0.0495093 0.132945 0.134524 -0.0299682 0.136216 0.148771 -0.0178911 0.144781 0.16638 -0.0178911 0.155367 0.180627 -0.0299682 0.163931 0.186069 -0.0495093 0.167203 0.180627 -0.0690505 0.163931 0.16638 -0.0811276 0.155367 0.148771 -0.0811276 0.144781 0.134524 -0.0690505 0.136216 0.0972833 -0.22632 0.278934 0.0972833 -0.0811232 0.278934 0.0522628 -0.0811232 0.229662 0.0522628 -0.22632 0.229662 0.0522628 -0.22632 0.229662 0.0522628 -0.0811232 0.229662 0.0784732 -0.0811232 0.205713 0.0784732 -0.22632 0.205713 0.0784732 -0.22632 0.205713 0.0784732 -0.0811232 0.205713 0.123494 -0.0811232 0.254986 0.123494 -0.22632 0.254986 0.123494 -0.22632 0.254986 0.123494 -0.0811232 0.254986 0.0972833 -0.0811232 0.278934 0.0972833 -0.22632 0.278934 0.101858 -0.234303 0.274754 0.118919 -0.234303 0.259165 0.0784732 -0.0811232 0.205713 0.0522628 -0.0811232 0.229662 0.0972833 -0.0811232 0.278934 0.123494 -0.0811232 0.254986 0.101858 -0.362694 0.274754 0.118919 -0.362694 0.259165 0.0738986 -0.234303 0.209893 0.0568374 -0.234303 0.225482 0.0568374 -0.234303 0.225482 0.101858 -0.234303 0.274754 0.118919 -0.234303 0.259165 0.0738986 -0.234303 0.209893 0.0568374 -0.362694 0.225482 0.0738986 -0.362694 0.209893 0.0799039 -0.372007 0.204406 0.050832 -0.372007 0.230969 0.118919 -0.362694 0.259165 0.0738986 -0.362694 0.209893 0.0568374 -0.362694 0.225482 0.101858 -0.362694 0.274754 0.0799039 -0.372007 0.204406 0.124924 -0.372007 0.253678 0.124924 -0.553918 0.253678 0.0799039 -0.553918 0.204406 0.050832 -0.372007 0.230969 0.0958525 -0.372007 0.280241 0.0958525 -0.372007 0.280241 0.124924 -0.372007 0.253678 0.124924 -0.553918 0.253678 0.0958525 -0.553918 0.280241 0.103917 -0.599819 0.272873 0.11686 -0.599819 0.261046 0.050832 -0.553918 0.230969 0.00996106 -0.51918 0.285578 0.00996106 -0.406745 0.285578 0.124924 -0.372007 0.253678 0.0958525 -0.372007 0.280241 0.124277 -0.403767 0.301157 0.143197 -0.403767 0.283869 0.0799039 -0.553918 0.204406 0.058896 -0.599819 0.223601 0.0718398 -0.599819 0.211774 0.11686 -0.599819 0.261046 0.103917 -0.599819 0.272873 0.0718398 -0.599819 0.211774 0.058896 -0.599819 0.223601 0.11686 -0.599819 0.261046 0.0718398 -0.599819 0.211774 0.0958525 -0.553918 0.280241 0.050832 -0.553918 0.230969 0.058896 -0.599819 0.223601 0.103917 -0.599819 0.272873 0.0889197 -0.0495093 0.195781 0.0398334 -0.0495093 0.240631 0.0441162 -0.0299682 0.245319 0.0932026 -0.0299682 0.200468 0.0932026 -0.0299682 0.200468 0.0441162 -0.0299682 0.245319 0.0553288 -0.017891 0.25759 0.104415 -0.0178911 0.21274 0.0691884 -0.017891 0.272759 0.118275 -0.0178911 0.227908 0.080401 -0.0299682 0.28503 0.129487 -0.0299682 0.24018 0.129487 -0.0299682 0.24018 0.080401 -0.0299682 0.28503 0.0846838 -0.0495093 0.289718 0.13377 -0.0495093 0.244867 0.080401 -0.0690505 0.28503 0.129487 -0.0690505 0.24018 0.129487 -0.0690505 0.24018 0.080401 -0.0690505 0.28503 0.0691884 -0.0811275 0.272759 0.118275 -0.0811275 0.227908 0.0553288 -0.0811275 0.25759 0.104415 -0.0811275 0.21274 0.0441162 -0.0299682 0.245319 0.0398334 -0.0495093 0.240631 0.0441162 -0.0690505 0.245319 0.0553288 -0.0811275 0.25759 0.0691884 -0.0811275 0.272759 0.080401 -0.0690505 0.28503 0.0846838 -0.0495093 0.289718 0.080401 -0.0299682 0.28503 0.0691884 -0.017891 0.272759 0.0553288 -0.017891 0.25759 0.0441162 -0.0690505 0.245319 0.0932026 -0.0690505 0.200468 0.0932026 -0.0690505 0.200468 0.0441162 -0.0690505 0.245319 0.0889197 -0.0495093 0.195781 0.0932026 -0.0299682 0.200468 0.104415 -0.0178911 0.21274 0.118275 -0.0178911 0.227908 0.129487 -0.0299682 0.24018 0.13377 -0.0495093 0.244867 0.129487 -0.0690505 0.24018 0.118275 -0.0811275 0.227908 0.104415 -0.0811275 0.21274 0.0932026 -0.0690505 0.200468 0.0377872 -0.406745 0.316032 0.00996106 -0.406745 0.285578 0.00996106 -0.51918 0.285578 0.0377872 -0.51918 0.316032 0.050832 -0.553918 0.230969 0.0958525 -0.553918 0.280241 0.0377872 -0.51918 0.316032 0.00996106 -0.51918 0.285578 0.0958525 -0.553918 0.280241 0.0958525 -0.372007 0.280241 0.0377872 -0.406745 0.316032 0.0377872 -0.51918 0.316032 0.0958525 -0.372007 0.280241 0.050832 -0.372007 0.230969 0.00996106 -0.406745 0.285578 0.0377872 -0.406745 0.316032 0.143197 -0.403767 0.283869 0.124277 -0.403767 0.301157 0.124277 -0.522158 0.301158 0.143197 -0.522159 0.283869 0.143197 -0.403767 0.283869 0.143197 -0.522159 0.283869 0.0958525 -0.372007 0.280241 0.0958525 -0.553918 0.280241 0.124277 -0.522158 0.301158 0.124277 -0.403767 0.301157 0.0958525 -0.553918 0.280241 0.124924 -0.553918 0.253678 0.143197 -0.522159 0.283869 0.124277 -0.522158 0.301158 0.1781 -0.22632 -0.138917 0.1781 -0.0811233 -0.138917 0.121241 -0.0811232 -0.103964 0.121241 -0.22632 -0.103964 0.121241 -0.22632 -0.103964 0.121241 -0.0811232 -0.103964 0.102648 -0.0811233 -0.13421 0.102648 -0.22632 -0.13421 0.102648 -0.22632 -0.13421 0.102648 -0.0811233 -0.13421 0.159507 -0.0811233 -0.169163 0.159507 -0.22632 -0.169163 0.159507 -0.22632 -0.169163 0.159507 -0.0811233 -0.169163 0.1781 -0.0811233 -0.138917 0.1781 -0.22632 -0.138917 0.174855 -0.234303 -0.144196 0.162752 -0.234303 -0.163884 0.102648 -0.0811233 -0.13421 0.121241 -0.0811232 -0.103964 0.1781 -0.0811233 -0.138917 0.159507 -0.0811233 -0.169163 0.174855 -0.362694 -0.144196 0.162752 -0.362694 -0.163884 0.105893 -0.234303 -0.128931 0.117996 -0.234303 -0.109243 0.117996 -0.234303 -0.109243 0.174855 -0.234303 -0.144196 0.162752 -0.234303 -0.163884 0.105893 -0.234303 -0.128931 0.117996 -0.362694 -0.109243 0.105893 -0.362694 -0.128931 0.101633 -0.372008 -0.135861 0.122256 -0.372008 -0.102313 0.162752 -0.362694 -0.163884 0.105893 -0.362694 -0.128931 0.117996 -0.362694 -0.109243 0.174855 -0.362694 -0.144196 0.101633 -0.372008 -0.135861 0.158492 -0.372008 -0.170814 0.158492 -0.428805 -0.170814 0.101633 -0.428805 -0.135861 0.122256 -0.372008 -0.102313 0.179115 -0.372008 -0.137266 0.179115 -0.372008 -0.137266 0.158492 -0.372008 -0.170814 0.158492 -0.428805 -0.170814 0.179115 -0.428805 -0.137266 0.173394 -0.474707 -0.146572 0.164212 -0.474707 -0.161508 0.122256 -0.428805 -0.102313 0.179115 -0.428805 -0.137266 0.101633 -0.428805 -0.135861 0.122256 -0.428805 -0.102313 0.116535 -0.474707 -0.111619 0.107353 -0.474707 -0.126556 0.164212 -0.474707 -0.161508 0.173394 -0.474707 -0.146572 0.107353 -0.474707 -0.126556 0.116535 -0.474707 -0.111619 0.164212 -0.474707 -0.161508 0.107353 -0.474707 -0.126556 0.116535 -0.474707 -0.111619 0.173394 -0.474707 -0.146572 0.0948572 -0.0495093 -0.146338 0.129678 -0.0495093 -0.089694 0.135087 -0.0299682 -0.093019 0.100266 -0.0299682 -0.149663 0.100266 -0.0299682 -0.149663 0.135087 -0.0299682 -0.093019 0.149248 -0.0178911 -0.101724 0.114427 -0.0178911 -0.158368 0.166752 -0.0178912 -0.112484 0.131931 -0.0178911 -0.169128 0.180913 -0.0299682 -0.121189 0.146092 -0.0299682 -0.177834 0.146092 -0.0299682 -0.177834 0.180913 -0.0299682 -0.121189 0.186322 -0.0495093 -0.124515 0.151501 -0.0495093 -0.181159 0.180913 -0.0690505 -0.121189 0.146092 -0.0690505 -0.177834 0.146092 -0.0690505 -0.177834 0.180913 -0.0690505 -0.121189 0.166752 -0.0811277 -0.112484 0.131931 -0.0811277 -0.169128 0.149248 -0.0811276 -0.101724 0.114427 -0.0811277 -0.158368 0.135087 -0.0299682 -0.093019 0.129678 -0.0495093 -0.089694 0.135087 -0.0690505 -0.093019 0.149248 -0.0811276 -0.101724 0.166752 -0.0811277 -0.112484 0.180913 -0.0690505 -0.121189 0.186322 -0.0495093 -0.124515 0.180913 -0.0299682 -0.121189 0.166752 -0.0178912 -0.112484 0.149248 -0.0178911 -0.101724 0.135087 -0.0690505 -0.093019 0.100266 -0.0690505 -0.149663 0.100266 -0.0690505 -0.149663 0.135087 -0.0690505 -0.093019 0.0948572 -0.0495093 -0.146338 0.100266 -0.0299682 -0.149663 0.114427 -0.0178911 -0.158368 0.131931 -0.0178911 -0.169128 0.146092 -0.0299682 -0.177834 0.151501 -0.0495093 -0.181159 0.146092 -0.0690505 -0.177834 0.131931 -0.0811277 -0.169128 0.114427 -0.0811277 -0.158368 0.100266 -0.0690505 -0.149663 0.209822 -0.22632 -0.0509071 0.209822 -0.0811232 -0.0509071 0.145357 -0.0811232 -0.0336208 0.145357 -0.22632 -0.0336208 0.145357 -0.22632 -0.0336208 0.145357 -0.0811232 -0.0336208 0.136161 -0.0811232 -0.0679132 0.136161 -0.22632 -0.0679132 0.136161 -0.22632 -0.0679132 0.136161 -0.0811232 -0.0679132 0.200627 -0.0811232 -0.0851995 0.200627 -0.22632 -0.0851995 0.200627 -0.22632 -0.0851995 0.200627 -0.0811232 -0.0851995 0.209822 -0.0811232 -0.0509071 0.209822 -0.22632 -0.0509071 0.208217 -0.234303 -0.0568923 0.202232 -0.234303 -0.0792143 0.136161 -0.0811232 -0.0679132 0.145357 -0.0811232 -0.0336208 0.209822 -0.0811232 -0.0509071 0.200627 -0.0811232 -0.0851995 0.208217 -0.362694 -0.0568923 0.202232 -0.362694 -0.0792143 0.137766 -0.234303 -0.061928 0.143752 -0.234303 -0.039606 0.143752 -0.234303 -0.039606 0.208217 -0.234303 -0.0568923 0.202232 -0.234303 -0.0792143 0.137766 -0.234303 -0.061928 0.143752 -0.362694 -0.039606 0.137766 -0.362694 -0.061928 0.135659 -0.372008 -0.0697851 0.145859 -0.372008 -0.0317489 0.202232 -0.362694 -0.0792143 0.137766 -0.362694 -0.061928 0.143752 -0.362694 -0.039606 0.208217 -0.362694 -0.0568923 0.135659 -0.372008 -0.0697851 0.200125 -0.372008 -0.0870714 0.200125 -0.506386 -0.0870714 0.135659 -0.506386 -0.0697851 0.145859 -0.372008 -0.0317489 0.210324 -0.372008 -0.0490352 0.210324 -0.372008 -0.0490352 0.200125 -0.372008 -0.0870714 0.200125 -0.506386 -0.0870714 0.210324 -0.506386 -0.0490352 0.207495 -0.552288 -0.0595858 0.202954 -0.552288 -0.0765208 0.145859 -0.506386 -0.0317488 0.210324 -0.506386 -0.0490352 0.135659 -0.506386 -0.0697851 0.145859 -0.506386 -0.0317488 0.143029 -0.552288 -0.0422995 0.138488 -0.552288 -0.0592345 0.202954 -0.552288 -0.0765208 0.207495 -0.552288 -0.0595858 0.138488 -0.552288 -0.0592345 0.143029 -0.552288 -0.0422995 0.202954 -0.552288 -0.0765208 0.138488 -0.552288 -0.0592345 0.143029 -0.552288 -0.0422995 0.207495 -0.552288 -0.0595858 0.132153 -0.0495093 -0.0817591 0.149374 -0.0495093 -0.017537 0.155506 -0.0299682 -0.0191815 0.138285 -0.0299682 -0.0834035 0.138285 -0.0299682 -0.0834035 0.155506 -0.0299682 -0.0191815 0.171562 -0.0178911 -0.0234868 0.154341 -0.0178911 -0.0877088 0.191408 -0.0178911 -0.0288083 0.174186 -0.0178911 -0.0930304 0.207463 -0.0299682 -0.0331136 0.190242 -0.0299682 -0.0973356 0.190242 -0.0299682 -0.0973356 0.207463 -0.0299682 -0.0331136 0.213596 -0.0495093 -0.034758 0.196375 -0.0495093 -0.0989801 0.207463 -0.0690505 -0.0331136 0.190242 -0.0690505 -0.0973356 0.190242 -0.0690505 -0.0973356 0.207463 -0.0690505 -0.0331136 0.191408 -0.0811276 -0.0288083 0.174186 -0.0811276 -0.0930304 0.171562 -0.0811276 -0.0234867 0.154341 -0.0811276 -0.0877088 0.155506 -0.0299682 -0.0191815 0.149374 -0.0495093 -0.017537 0.155506 -0.0690505 -0.0191815 0.171562 -0.0811276 -0.0234867 0.191408 -0.0811276 -0.0288083 0.207463 -0.0690505 -0.0331136 0.213596 -0.0495093 -0.034758 0.207463 -0.0299682 -0.0331136 0.191408 -0.0178911 -0.0288083 0.171562 -0.0178911 -0.0234868 0.155506 -0.0690505 -0.0191815 0.138285 -0.0690505 -0.0834035 0.138285 -0.0690505 -0.0834035 0.155506 -0.0690505 -0.0191815 0.132153 -0.0495093 -0.0817591 0.138285 -0.0299682 -0.0834035 0.154341 -0.0178911 -0.0877088 0.174186 -0.0178911 -0.0930304 0.190242 -0.0299682 -0.0973356 0.196375 -0.0495093 -0.0989801 0.190242 -0.0690505 -0.0973356 0.174186 -0.0811276 -0.0930304 0.154341 -0.0811276 -0.0877088 0.138285 -0.0690505 -0.0834035 0.0563352 -0.22632 -0.271362 0.0563352 -0.0811233 -0.271362 0.0247624 -0.0811233 -0.212559 0.0247624 -0.22632 -0.212559 0.0247624 -0.22632 -0.212559 0.0247624 -0.0811233 -0.212559 -0.00651776 -0.0811233 -0.229355 -0.0065178 -0.22632 -0.229354 -0.0065178 -0.22632 -0.229354 -0.00651776 -0.0811233 -0.229355 0.025055 -0.0811233 -0.288157 0.025055 -0.22632 -0.288157 0.025055 -0.22632 -0.288157 0.025055 -0.0811233 -0.288157 0.0563352 -0.0811233 -0.271362 0.0563352 -0.22632 -0.271362 0.0508757 -0.234303 -0.274294 0.0305145 -0.234303 -0.285226 -0.00651776 -0.0811233 -0.229355 0.0247624 -0.0811233 -0.212559 0.0563352 -0.0811233 -0.271362 0.025055 -0.0811233 -0.288157 0.0508757 -0.362694 -0.274294 0.0305144 -0.362694 -0.285226 -0.00105833 -0.234303 -0.226423 0.0193029 -0.234303 -0.215491 0.0193029 -0.234303 -0.215491 0.0508757 -0.234303 -0.274294 0.0305145 -0.234303 -0.285226 -0.00105833 -0.234303 -0.226423 0.0193029 -0.362694 -0.215491 -0.00105836 -0.362694 -0.226423 -0.00822531 -0.372008 -0.230271 0.0264698 -0.372008 -0.211643 0.0305144 -0.362694 -0.285226 -0.00105836 -0.362694 -0.226423 0.0193029 -0.362694 -0.215491 0.0508757 -0.362694 -0.274294 -0.00822531 -0.372008 -0.230271 0.0233475 -0.372008 -0.289074 0.0233475 -0.59719 -0.289074 -0.00822534 -0.59719 -0.230271 0.0264698 -0.372008 -0.211643 0.0580426 -0.372008 -0.270445 0.0580426 -0.372008 -0.270445 0.0233475 -0.372008 -0.289074 0.0233475 -0.59719 -0.289074 0.0580426 -0.59719 -0.270445 0.0484187 -0.643091 -0.275613 0.0329713 -0.643091 -0.283907 0.0264698 -0.59719 -0.211643 0.0580426 -0.59719 -0.270445 0.0680975 -0.40748 -0.359305 0.0680975 -0.561717 -0.359305 -0.00822534 -0.59719 -0.230271 0.0264698 -0.59719 -0.211643 0.0168459 -0.643091 -0.21681 0.0013985 -0.643091 -0.225104 0.0329713 -0.643091 -0.283907 0.0484187 -0.643091 -0.275613 0.0013985 -0.643091 -0.225104 0.0168459 -0.643091 -0.21681 0.0329713 -0.643091 -0.283907 0.0013985 -0.643091 -0.225104 0.0168459 -0.643091 -0.21681 0.0484187 -0.643091 -0.275613 -0.0193501 -0.0495093 -0.23592 0.0392307 -0.0495093 -0.204467 0.0422342 -0.0299682 -0.210061 -0.0163465 -0.0299682 -0.241514 -0.0163465 -0.0299682 -0.241514 0.0422342 -0.0299682 -0.210061 0.0500976 -0.0178912 -0.224706 -0.00848314 -0.0178912 -0.256159 0.0598173 -0.0178912 -0.242808 0.00123654 -0.0178912 -0.274262 0.0676807 -0.0299682 -0.257453 0.00909993 -0.0299682 -0.288907 0.00909993 -0.0299682 -0.288907 0.0676807 -0.0299682 -0.257453 0.0706842 -0.0495093 -0.263047 0.0121035 -0.0495093 -0.294501 0.0676807 -0.0690505 -0.257453 0.00909992 -0.0690505 -0.288907 0.00909992 -0.0690505 -0.288907 0.0676807 -0.0690505 -0.257453 0.0598173 -0.0811277 -0.242808 0.00123653 -0.0811277 -0.274262 0.0500976 -0.0811277 -0.224706 -0.00848316 -0.0811277 -0.256159 0.0422342 -0.0299682 -0.210061 0.0392307 -0.0495093 -0.204467 0.0422342 -0.0690505 -0.210061 0.0500976 -0.0811277 -0.224706 0.0598173 -0.0811277 -0.242808 0.0676807 -0.0690505 -0.257453 0.0706842 -0.0495093 -0.263047 0.0676807 -0.0299682 -0.257453 0.0598173 -0.0178912 -0.242808 0.0500976 -0.0178912 -0.224706 0.0422342 -0.0690505 -0.210061 -0.0163465 -0.0690505 -0.241514 -0.0163465 -0.0690505 -0.241514 0.0422342 -0.0690505 -0.210061 -0.0193501 -0.0495093 -0.23592 -0.0163465 -0.0299682 -0.241514 -0.00848314 -0.0178912 -0.256159 0.00123654 -0.0178912 -0.274262 0.00909993 -0.0299682 -0.288907 0.0121035 -0.0495093 -0.294501 0.00909992 -0.0690505 -0.288907 0.00123653 -0.0811277 -0.274262 -0.00848316 -0.0811277 -0.256159 -0.0163465 -0.0690505 -0.241514 0.0680975 -0.40748 -0.359305 0.0918617 -0.40748 -0.346546 0.0918617 -0.561717 -0.346546 0.0680975 -0.561717 -0.359305 0.0918617 -0.561717 -0.346546 0.0918617 -0.40748 -0.346546 0.0580426 -0.59719 -0.270445 0.0233475 -0.59719 -0.289074 0.0680975 -0.561717 -0.359305 0.0918617 -0.561717 -0.346546 0.0233475 -0.372008 -0.289074 0.0580426 -0.372008 -0.270445 0.0918617 -0.40748 -0.346546 0.0680975 -0.40748 -0.359305 0.12801 -0.22632 -0.211239 0.12801 -0.0811233 -0.211239 0.0809786 -0.0811233 -0.163882 0.0809785 -0.22632 -0.163882 0.0809785 -0.22632 -0.163882 0.0809786 -0.0811233 -0.163882 0.0557869 -0.0811233 -0.1889 0.0557869 -0.22632 -0.1889 0.0557869 -0.22632 -0.1889 0.0557869 -0.0811233 -0.1889 0.102818 -0.0811233 -0.236257 0.102818 -0.22632 -0.236257 0.102818 -0.22632 -0.236257 0.102818 -0.0811233 -0.236257 0.12801 -0.0811233 -0.211239 0.12801 -0.22632 -0.211239 0.123613 -0.234303 -0.215605 0.107215 -0.234303 -0.23189 0.0557869 -0.0811233 -0.1889 0.0809786 -0.0811233 -0.163882 0.12801 -0.0811233 -0.211239 0.102818 -0.0811233 -0.236257 0.123613 -0.362694 -0.215605 0.107215 -0.362694 -0.23189 0.0601837 -0.234303 -0.184533 0.0765817 -0.234303 -0.168248 0.0765817 -0.234303 -0.168248 0.123613 -0.234303 -0.215605 0.107215 -0.234303 -0.23189 0.0601837 -0.234303 -0.184533 0.0765817 -0.362694 -0.168248 0.0601836 -0.362694 -0.184533 0.0544117 -0.372008 -0.190265 0.0823536 -0.372008 -0.162516 0.107215 -0.362694 -0.23189 0.0601836 -0.362694 -0.184533 0.0765817 -0.362694 -0.168248 0.123613 -0.362694 -0.215605 0.0544117 -0.372008 -0.190265 0.101443 -0.372008 -0.237623 0.101443 -0.506386 -0.237623 0.0544117 -0.506386 -0.190265 0.0823536 -0.372008 -0.162516 0.129385 -0.372008 -0.209873 0.129385 -0.372008 -0.209873 0.101443 -0.372008 -0.237623 0.101443 -0.506386 -0.237623 0.129385 -0.506386 -0.209873 0.121634 -0.552288 -0.21757 0.109193 -0.552288 -0.229925 0.0823536 -0.506386 -0.162516 0.129385 -0.506386 -0.209873 0.0544117 -0.506386 -0.190265 0.0823536 -0.506386 -0.162516 0.074603 -0.552288 -0.170213 0.0621623 -0.552288 -0.182568 0.109193 -0.552288 -0.229925 0.121634 -0.552288 -0.21757 0.0621623 -0.552288 -0.182568 0.074603 -0.552288 -0.170213 0.109193 -0.552288 -0.229925 0.0621623 -0.552288 -0.182568 0.074603 -0.552288 -0.170213 0.121634 -0.552288 -0.21757 0.0453598 -0.0495093 -0.198852 0.0925381 -0.0495093 -0.151999 0.0970123 -0.0299682 -0.156504 0.0498339 -0.0299682 -0.203357 0.0498339 -0.0299682 -0.203357 0.0970123 -0.0299682 -0.156504 0.108726 -0.0178911 -0.168299 0.0615473 -0.0178912 -0.215152 0.123204 -0.0178912 -0.182878 0.0760257 -0.0178912 -0.229731 0.134917 -0.0299682 -0.194672 0.0877391 -0.0299682 -0.241525 0.0877391 -0.0299682 -0.241525 0.134917 -0.0299682 -0.194672 0.139391 -0.0495093 -0.199177 0.0922131 -0.0495093 -0.246031 0.134917 -0.0690505 -0.194672 0.0877391 -0.0690505 -0.241525 0.0877391 -0.0690505 -0.241525 0.134917 -0.0690505 -0.194672 0.123204 -0.0811277 -0.182877 0.0760257 -0.0811277 -0.229731 0.108726 -0.0811277 -0.168299 0.0615472 -0.0811277 -0.215152 0.0970123 -0.0299682 -0.156504 0.0925381 -0.0495093 -0.151999 0.0970122 -0.0690505 -0.156504 0.108726 -0.0811277 -0.168299 0.123204 -0.0811277 -0.182877 0.134917 -0.0690505 -0.194672 0.139391 -0.0495093 -0.199177 0.134917 -0.0299682 -0.194672 0.123204 -0.0178912 -0.182878 0.108726 -0.0178911 -0.168299 0.0970122 -0.0690505 -0.156504 0.0498339 -0.0690505 -0.203357 0.0498339 -0.0690505 -0.203357 0.0970122 -0.0690505 -0.156504 0.0453598 -0.0495093 -0.198852 0.0498339 -0.0299682 -0.203357 0.0615473 -0.0178912 -0.215152 0.0760257 -0.0178912 -0.229731 0.0877391 -0.0299682 -0.241525 0.0922131 -0.0495093 -0.246031 0.0877391 -0.0690505 -0.241525 0.0760257 -0.0811277 -0.229731 0.0615472 -0.0811277 -0.215152 0.0498339 -0.0690505 -0.203357 -0.120424 -0.22632 -0.320336 -0.120424 -0.0811233 -0.320336 -0.116232 -0.0811233 -0.253725 -0.116232 -0.22632 -0.253725 -0.116232 -0.22632 -0.253725 -0.116232 -0.0811233 -0.253725 -0.151666 -0.0811233 -0.251495 -0.151666 -0.22632 -0.251495 -0.151666 -0.22632 -0.251495 -0.151666 -0.0811233 -0.251495 -0.155858 -0.0811233 -0.318106 -0.155858 -0.22632 -0.318106 -0.155858 -0.22632 -0.318106 -0.155858 -0.0811233 -0.318106 -0.120424 -0.0811233 -0.320336 -0.120424 -0.22632 -0.320336 -0.126608 -0.234303 -0.319947 -0.149673 -0.234303 -0.318495 -0.151666 -0.0811233 -0.251495 -0.116232 -0.0811233 -0.253725 -0.120424 -0.0811233 -0.320336 -0.155858 -0.0811233 -0.318106 -0.126608 -0.362694 -0.319947 -0.149673 -0.362694 -0.318495 -0.145482 -0.234303 -0.251884 -0.122417 -0.234303 -0.253335 -0.122417 -0.234303 -0.253335 -0.126608 -0.234303 -0.319947 -0.149673 -0.234303 -0.318495 -0.145482 -0.234303 -0.251884 -0.122417 -0.362694 -0.253335 -0.145482 -0.362694 -0.251884 -0.1536 -0.372008 -0.251373 -0.114298 -0.372008 -0.253846 -0.149673 -0.362694 -0.318495 -0.145482 -0.362694 -0.251884 -0.122417 -0.362694 -0.253335 -0.126608 -0.362694 -0.319947 -0.1536 -0.372008 -0.251373 -0.157792 -0.372008 -0.317984 -0.157792 -0.58229 -0.317984 -0.1536 -0.58229 -0.251373 -0.126608 -0.362694 -0.319947 -0.122417 -0.362694 -0.253335 -0.114298 -0.372008 -0.253846 -0.11849 -0.372008 -0.320458 -0.11849 -0.372008 -0.320458 -0.157792 -0.372008 -0.317984 -0.157792 -0.58229 -0.317984 -0.11849 -0.58229 -0.320457 -0.129391 -0.628192 -0.319771 -0.14689 -0.628192 -0.31867 -0.11849 -0.372008 -0.320458 -0.114298 -0.372008 -0.253846 -0.114298 -0.58229 -0.253846 -0.11849 -0.58229 -0.320457 -0.123153 -0.396958 -0.320164 -0.153129 -0.396958 -0.318278 -0.1536 -0.58229 -0.251373 -0.114298 -0.58229 -0.253846 -0.1252 -0.628192 -0.25316 -0.142699 -0.628192 -0.252059 -0.14689 -0.628192 -0.31867 -0.129391 -0.628192 -0.319771 -0.142699 -0.628192 -0.252059 -0.1252 -0.628192 -0.25316 -0.14689 -0.628192 -0.31867 -0.142699 -0.628192 -0.252059 -0.1252 -0.628192 -0.25316 -0.129391 -0.628192 -0.319771 -0.166031 -0.0495093 -0.250305 -0.0996717 -0.0495093 -0.25448 -0.10007 -0.0299682 -0.260817 -0.16643 -0.0299682 -0.256642 -0.16643 -0.0299682 -0.256642 -0.10007 -0.0299682 -0.260817 -0.101114 -0.0178912 -0.277407 -0.167474 -0.0178912 -0.273231 -0.102405 -0.0178912 -0.297913 -0.168764 -0.0178912 -0.293738 -0.103449 -0.0299683 -0.314503 -0.169808 -0.0299682 -0.310328 -0.169808 -0.0299682 -0.310328 -0.103449 -0.0299683 -0.314503 -0.103847 -0.0495094 -0.32084 -0.170207 -0.0495094 -0.316664 -0.103449 -0.0690506 -0.314503 -0.169808 -0.0690505 -0.310328 -0.169808 -0.0690505 -0.310328 -0.103449 -0.0690506 -0.314503 -0.102405 -0.0811277 -0.297913 -0.168764 -0.0811277 -0.293738 -0.101114 -0.0811277 -0.277407 -0.167474 -0.0811277 -0.273231 -0.10007 -0.0299682 -0.260817 -0.0996717 -0.0495093 -0.25448 -0.10007 -0.0690505 -0.260817 -0.101114 -0.0811277 -0.277407 -0.102405 -0.0811277 -0.297913 -0.103449 -0.0690506 -0.314503 -0.103847 -0.0495094 -0.32084 -0.103449 -0.0299683 -0.314503 -0.102405 -0.0178912 -0.297913 -0.101114 -0.0178912 -0.277407 -0.10007 -0.0690505 -0.260817 -0.16643 -0.0690505 -0.256641 -0.16643 -0.0690505 -0.256641 -0.10007 -0.0690505 -0.260817 -0.166031 -0.0495093 -0.250305 -0.16643 -0.0299682 -0.256642 -0.167474 -0.0178912 -0.273231 -0.168764 -0.0178912 -0.293738 -0.169808 -0.0299682 -0.310328 -0.170207 -0.0495094 -0.316664 -0.169808 -0.0690505 -0.310328 -0.168764 -0.0811277 -0.293738 -0.167474 -0.0811277 -0.273231 -0.16643 -0.0690505 -0.256641 -0.153129 -0.55734 -0.318278 -0.153129 -0.396958 -0.318278 -0.151556 -0.396958 -0.293279 -0.151556 -0.55734 -0.293279 -0.153129 -0.55734 -0.318278 -0.123153 -0.55734 -0.320164 -0.151556 -0.396958 -0.293279 -0.12158 -0.396958 -0.295166 -0.12158 -0.55734 -0.295166 -0.151556 -0.55734 -0.293279 -0.153129 -0.396958 -0.318278 -0.123153 -0.396958 -0.320164 -0.12158 -0.396958 -0.295166 -0.151556 -0.396958 -0.293279 -0.123153 -0.396958 -0.320164 -0.123153 -0.55734 -0.320164 -0.12158 -0.55734 -0.295166 -0.12158 -0.396958 -0.295166 -0.123153 -0.55734 -0.320164 -0.153129 -0.55734 -0.318278 -0.151556 -0.55734 -0.293279 -0.12158 -0.55734 -0.295166 -0.0278182 -0.22632 -0.30706 -0.0278181 -0.0811233 -0.30706 -0.0427967 -0.0811233 -0.24202 -0.0427968 -0.22632 -0.24202 -0.077395 -0.0811233 -0.249987 -0.077395 -0.22632 -0.249987 -0.077395 -0.22632 -0.249987 -0.077395 -0.0811233 -0.249987 -0.0624164 -0.0811233 -0.315028 -0.0624164 -0.22632 -0.315028 -0.0624164 -0.22632 -0.315028 -0.0624164 -0.0811233 -0.315028 -0.0278181 -0.0811233 -0.30706 -0.0278182 -0.22632 -0.30706 -0.0338568 -0.234303 -0.308451 -0.0563779 -0.234303 -0.313637 -0.077395 -0.0811233 -0.249987 -0.0427967 -0.0811233 -0.24202 -0.0278181 -0.0811233 -0.30706 -0.0624164 -0.0811233 -0.315028 -0.0338568 -0.362694 -0.308451 -0.0563779 -0.362694 -0.313637 -0.0713565 -0.234303 -0.248597 -0.0488354 -0.234303 -0.24341 -0.0278182 -0.22632 -0.30706 -0.0427968 -0.22632 -0.24202 -0.0488354 -0.234303 -0.24341 -0.0338568 -0.234303 -0.308451 -0.077395 -0.22632 -0.249987 -0.0624164 -0.22632 -0.315028 -0.0563779 -0.234303 -0.313637 -0.0713565 -0.234303 -0.248597 -0.0488354 -0.362694 -0.24341 -0.0713565 -0.362694 -0.248597 -0.0792837 -0.372008 -0.250422 -0.0409082 -0.372008 -0.241585 -0.0713565 -0.234303 -0.248597 -0.0563779 -0.234303 -0.313637 -0.0563779 -0.362694 -0.313637 -0.0713565 -0.362694 -0.248597 -0.0338568 -0.234303 -0.308451 -0.0338568 -0.362694 -0.308451 -0.0792837 -0.372008 -0.250422 -0.0643051 -0.372008 -0.315463 -0.0643051 -0.506386 -0.315463 -0.0792837 -0.506386 -0.250422 -0.0713565 -0.362694 -0.248597 -0.0563779 -0.362694 -0.313637 -0.0643051 -0.372008 -0.315463 -0.0792837 -0.372008 -0.250422 -0.0338568 -0.362694 -0.308451 -0.0488354 -0.362694 -0.24341 -0.0409082 -0.372008 -0.241585 -0.0259296 -0.372008 -0.306625 -0.0259296 -0.372008 -0.306625 -0.0643051 -0.372008 -0.315463 -0.0643051 -0.506386 -0.315463 -0.0259297 -0.506386 -0.306625 -0.0365744 -0.552288 -0.309076 -0.0536604 -0.552288 -0.313011 -0.0259296 -0.372008 -0.306625 -0.0409083 -0.506386 -0.241585 -0.0259297 -0.506386 -0.306625 -0.0792837 -0.506386 -0.250422 -0.051553 -0.552288 -0.244036 -0.068639 -0.552288 -0.247971 -0.0536604 -0.552288 -0.313011 -0.0365744 -0.552288 -0.309076 -0.068639 -0.552288 -0.247971 -0.051553 -0.552288 -0.244036 -0.0536604 -0.552288 -0.313011 -0.068639 -0.552288 -0.247971 -0.0365744 -0.552288 -0.309076 -0.0915031 -0.0495093 -0.252943 -0.0267083 -0.0495093 -0.238021 -0.0252834 -0.0299682 -0.244209 -0.0900782 -0.0299682 -0.259131 -0.0900782 -0.0299682 -0.259131 -0.0252834 -0.0299682 -0.244209 -0.0215529 -0.0178912 -0.260407 -0.0863477 -0.0178912 -0.275329 -0.0169417 -0.0178912 -0.28043 -0.0817365 -0.0178912 -0.295352 -0.0132112 -0.0299682 -0.296629 -0.078006 -0.0299682 -0.311551 -0.078006 -0.0299682 -0.311551 -0.0132112 -0.0299682 -0.296629 -0.0117863 -0.0495093 -0.302816 -0.0765811 -0.0495094 -0.317738 -0.0132112 -0.0690505 -0.296629 -0.078006 -0.0690506 -0.311551 -0.078006 -0.0690506 -0.311551 -0.0132112 -0.0690505 -0.296629 -0.0169418 -0.0811277 -0.28043 -0.0817365 -0.0811277 -0.295352 -0.0215529 -0.0811277 -0.260407 -0.0863477 -0.0811277 -0.275329 -0.0252834 -0.0299682 -0.244209 -0.0267083 -0.0495093 -0.238021 -0.0252834 -0.0690505 -0.244209 -0.0215529 -0.0811277 -0.260407 -0.0169418 -0.0811277 -0.28043 -0.0132112 -0.0690505 -0.296629 -0.0117863 -0.0495093 -0.302816 -0.0132112 -0.0299682 -0.296629 -0.0169417 -0.0178912 -0.28043 -0.0215529 -0.0178912 -0.260407 -0.0252834 -0.0690505 -0.244209 -0.0900782 -0.0690505 -0.259131 -0.0900782 -0.0690505 -0.259131 -0.0915031 -0.0495093 -0.252943 -0.0915031 -0.0495093 -0.252943 -0.0900782 -0.0299682 -0.259131 -0.0863477 -0.0178912 -0.275329 -0.0817365 -0.0178912 -0.295352 -0.078006 -0.0299682 -0.311551 -0.0765811 -0.0495094 -0.317738 -0.078006 -0.0690506 -0.311551 -0.0817365 -0.0811277 -0.295352 -0.0863477 -0.0811277 -0.275329 -0.0900782 -0.0690505 -0.259131 -0.431408 -0.22632 -0.157002 -0.431408 -0.0811233 -0.157002 -0.372202 -0.0811233 -0.126192 -0.372202 -0.22632 -0.126192 -0.372202 -0.22632 -0.126192 -0.372202 -0.0811233 -0.126192 -0.388591 -0.0811232 -0.0946971 -0.388591 -0.22632 -0.0946971 -0.388591 -0.22632 -0.0946971 -0.388591 -0.0811232 -0.0946971 -0.447797 -0.0811233 -0.125507 -0.447798 -0.22632 -0.125507 -0.447798 -0.22632 -0.125507 -0.447797 -0.0811233 -0.125507 -0.431408 -0.0811233 -0.157002 -0.431408 -0.22632 -0.157002 -0.434269 -0.234303 -0.151505 -0.444937 -0.234303 -0.131004 -0.388591 -0.0811232 -0.0946971 -0.372202 -0.0811233 -0.126192 -0.431408 -0.0811233 -0.157002 -0.447797 -0.0811233 -0.125507 -0.434269 -0.362694 -0.151505 -0.444937 -0.362694 -0.131004 -0.385731 -0.234303 -0.100194 -0.375062 -0.234303 -0.120695 -0.375062 -0.234303 -0.120695 -0.434269 -0.234303 -0.151505 -0.444937 -0.234303 -0.131004 -0.385731 -0.234303 -0.100194 -0.375063 -0.362694 -0.120695 -0.385731 -0.362694 -0.100194 -0.389486 -0.372008 -0.0929779 -0.371307 -0.372008 -0.127911 -0.444937 -0.362694 -0.131004 -0.385731 -0.362694 -0.100194 -0.375063 -0.362694 -0.120695 -0.434269 -0.362694 -0.151505 -0.448692 -0.372008 -0.123788 -0.448692 -0.581091 -0.123788 -0.451567 -0.544548 -0.0929918 -0.451567 -0.408551 -0.0929918 -0.389486 -0.372008 -0.0929779 -0.371307 -0.372008 -0.127911 -0.430514 -0.372008 -0.158721 -0.430514 -0.372008 -0.158721 -0.448692 -0.372008 -0.123788 -0.448692 -0.581091 -0.123788 -0.430514 -0.581091 -0.158721 -0.435556 -0.626993 -0.149031 -0.44365 -0.626993 -0.133477 -0.371307 -0.581091 -0.127911 -0.368432 -0.544548 -0.158707 -0.368432 -0.408551 -0.158707 -0.389486 -0.581091 -0.0929778 -0.371307 -0.581091 -0.127911 -0.37635 -0.626993 -0.118221 -0.384443 -0.626993 -0.102668 -0.44365 -0.626993 -0.133477 -0.435556 -0.626993 -0.149031 -0.384443 -0.626993 -0.102668 -0.37635 -0.626993 -0.118221 -0.389486 -0.581091 -0.0929778 -0.44365 -0.626993 -0.133477 -0.384443 -0.626993 -0.102668 -0.430514 -0.581091 -0.158721 -0.37635 -0.626993 -0.118221 -0.435556 -0.626993 -0.149031 -0.39499 -0.0495093 -0.081781 -0.364297 -0.0495093 -0.140764 -0.369929 -0.0299682 -0.143695 -0.400623 -0.0299682 -0.0847119 -0.400623 -0.0299682 -0.0847119 -0.369929 -0.0299682 -0.143695 -0.384675 -0.0178911 -0.151368 -0.415368 -0.0178911 -0.0923853 -0.402902 -0.0178911 -0.160853 -0.433595 -0.0178911 -0.10187 -0.417647 -0.0299682 -0.168526 -0.448341 -0.0299682 -0.109543 -0.448341 -0.0299682 -0.109543 -0.417647 -0.0299682 -0.168526 -0.42328 -0.0495093 -0.171457 -0.453973 -0.0495093 -0.112474 -0.417647 -0.0690505 -0.168526 -0.448341 -0.0690505 -0.109543 -0.448341 -0.0690505 -0.109543 -0.417647 -0.0690505 -0.168526 -0.402902 -0.0811277 -0.160853 -0.433595 -0.0811276 -0.10187 -0.384675 -0.0811277 -0.151368 -0.415368 -0.0811276 -0.0923853 -0.369929 -0.0299682 -0.143695 -0.364297 -0.0495093 -0.140764 -0.369929 -0.0690505 -0.143695 -0.384675 -0.0811277 -0.151368 -0.402902 -0.0811277 -0.160853 -0.417647 -0.0690505 -0.168526 -0.42328 -0.0495093 -0.171457 -0.417647 -0.0299682 -0.168526 -0.402902 -0.0178911 -0.160853 -0.384675 -0.0178911 -0.151368 -0.369929 -0.0690505 -0.143695 -0.400623 -0.0690505 -0.0847119 -0.400623 -0.0690505 -0.0847119 -0.369929 -0.0690505 -0.143695 -0.39499 -0.0495093 -0.081781 -0.400623 -0.0299682 -0.0847119 -0.415368 -0.0178911 -0.0923853 -0.433595 -0.0178911 -0.10187 -0.448341 -0.0299682 -0.109543 -0.453973 -0.0495093 -0.112474 -0.448341 -0.0690505 -0.109543 -0.433595 -0.0811276 -0.10187 -0.415368 -0.0811276 -0.0923853 -0.400623 -0.0690505 -0.0847119 -0.413057 -0.408551 -0.0729519 -0.413057 -0.544548 -0.0729518 -0.406942 -0.408551 -0.178747 -0.406942 -0.544548 -0.178747 -0.406942 -0.408551 -0.178747 -0.406942 -0.544548 -0.178747 -0.413057 -0.408551 -0.0729519 -0.413057 -0.544548 -0.0729518 -0.372217 -0.22632 -0.229447 -0.372217 -0.0811233 -0.229447 -0.324255 -0.0811233 -0.183033 -0.324255 -0.22632 -0.183033 -0.324255 -0.22632 -0.183033 -0.324255 -0.0811233 -0.183033 -0.348945 -0.0811233 -0.15752 -0.348946 -0.22632 -0.15752 -0.348946 -0.22632 -0.15752 -0.348945 -0.0811233 -0.15752 -0.396907 -0.0811233 -0.203934 -0.396907 -0.22632 -0.203934 -0.396907 -0.22632 -0.203934 -0.396907 -0.0811233 -0.203934 -0.372217 -0.0811233 -0.229447 -0.372217 -0.22632 -0.229447 -0.376526 -0.234303 -0.224994 -0.392598 -0.234303 -0.208387 -0.348945 -0.0811233 -0.15752 -0.324255 -0.0811233 -0.183033 -0.372217 -0.0811233 -0.229447 -0.396907 -0.0811233 -0.203934 -0.376526 -0.362694 -0.224994 -0.392598 -0.362694 -0.208387 -0.344636 -0.234303 -0.161973 -0.328565 -0.234303 -0.17858 -0.328565 -0.234303 -0.17858 -0.376526 -0.234303 -0.224994 -0.392598 -0.234303 -0.208387 -0.344636 -0.234303 -0.161973 -0.328565 -0.362694 -0.17858 -0.344636 -0.362694 -0.161973 -0.350293 -0.372008 -0.156127 -0.322908 -0.372008 -0.184425 -0.392598 -0.362694 -0.208387 -0.344636 -0.362694 -0.161973 -0.328565 -0.362694 -0.17858 -0.376526 -0.362694 -0.224994 -0.350293 -0.372008 -0.156127 -0.398255 -0.372008 -0.202542 -0.398255 -0.506386 -0.202542 -0.350293 -0.506386 -0.156127 -0.322908 -0.372008 -0.184425 -0.370869 -0.372008 -0.23084 -0.370869 -0.372008 -0.23084 -0.398255 -0.372008 -0.202542 -0.398255 -0.506386 -0.202542 -0.370869 -0.506386 -0.23084 -0.378465 -0.552288 -0.22299 -0.390658 -0.552288 -0.210391 -0.322908 -0.506386 -0.184425 -0.370869 -0.506386 -0.23084 -0.350293 -0.506386 -0.156127 -0.322908 -0.506386 -0.184425 -0.330504 -0.552288 -0.176576 -0.342697 -0.552288 -0.163976 -0.390658 -0.552288 -0.210391 -0.378465 -0.552288 -0.22299 -0.342697 -0.552288 -0.163976 -0.330504 -0.552288 -0.176576 -0.390658 -0.552288 -0.210391 -0.342697 -0.552288 -0.163976 -0.330504 -0.552288 -0.176576 -0.378465 -0.552288 -0.22299 -0.358762 -0.0495093 -0.146965 -0.312523 -0.0495093 -0.194745 -0.317086 -0.0299682 -0.199161 -0.363325 -0.0299682 -0.15138 -0.363325 -0.0299682 -0.15138 -0.317086 -0.0299682 -0.199161 -0.329031 -0.0178912 -0.21072 -0.37527 -0.0178911 -0.16294 -0.343796 -0.0178912 -0.225009 -0.390035 -0.0178912 -0.177229 -0.355741 -0.0299682 -0.236569 -0.40198 -0.0299682 -0.188789 -0.40198 -0.0299682 -0.188789 -0.355741 -0.0299682 -0.236569 -0.360303 -0.0495093 -0.240984 -0.406543 -0.0495093 -0.193204 -0.355741 -0.0690505 -0.236569 -0.40198 -0.0690505 -0.188789 -0.40198 -0.0690505 -0.188789 -0.355741 -0.0690505 -0.236569 -0.343796 -0.0811277 -0.225009 -0.390035 -0.0811277 -0.177229 -0.329031 -0.0811277 -0.21072 -0.37527 -0.0811277 -0.16294 -0.317086 -0.0299682 -0.199161 -0.312523 -0.0495093 -0.194745 -0.317086 -0.0690505 -0.199161 -0.329031 -0.0811277 -0.21072 -0.343796 -0.0811277 -0.225009 -0.355741 -0.0690505 -0.236569 -0.360303 -0.0495093 -0.240984 -0.355741 -0.0299682 -0.236569 -0.343796 -0.0178912 -0.225009 -0.329031 -0.0178912 -0.21072 -0.317086 -0.0690505 -0.199161 -0.363325 -0.0690505 -0.15138 -0.363325 -0.0690505 -0.15138 -0.317086 -0.0690505 -0.199161 -0.358762 -0.0495093 -0.146965 -0.363325 -0.0299682 -0.15138 -0.37527 -0.0178911 -0.16294 -0.390035 -0.0178912 -0.177229 -0.40198 -0.0299682 -0.188789 -0.406543 -0.0495093 -0.193204 -0.40198 -0.0690505 -0.188789 -0.390035 -0.0811277 -0.177229 -0.37527 -0.0811277 -0.16294 -0.363325 -0.0690505 -0.15138 -0.467315 -0.22632 0.113826 -0.467315 -0.0811232 0.113826 -0.404841 -0.0811232 0.0903403 -0.404841 -0.22632 0.0903403 -0.404841 -0.22632 0.0903403 -0.404841 -0.0811232 0.0903403 -0.392348 -0.0811232 0.123573 -0.392348 -0.22632 0.123573 -0.392348 -0.22632 0.123573 -0.392348 -0.0811232 0.123573 -0.454822 -0.0811232 0.147059 -0.454822 -0.22632 0.147059 -0.454822 -0.22632 0.147059 -0.454822 -0.0811232 0.147059 -0.467315 -0.0811232 0.113826 -0.467315 -0.22632 0.113826 -0.465135 -0.234303 0.119627 -0.457002 -0.234303 0.141259 -0.392348 -0.0811232 0.123573 -0.404841 -0.0811232 0.0903403 -0.467315 -0.0811232 0.113826 -0.454822 -0.0811232 0.147059 -0.465135 -0.362694 0.119627 -0.457002 -0.362694 0.141259 -0.394528 -0.234303 0.117773 -0.40266 -0.234303 0.0961407 -0.40266 -0.234303 0.0961407 -0.465135 -0.234303 0.119627 -0.457002 -0.234303 0.141259 -0.394528 -0.234303 0.117773 -0.402661 -0.362694 0.0961407 -0.394528 -0.362694 0.117773 -0.391666 -0.372008 0.125388 -0.405523 -0.372008 0.0885263 -0.457002 -0.362694 0.141259 -0.394528 -0.362694 0.117773 -0.402661 -0.362694 0.0961407 -0.465135 -0.362694 0.119627 -0.391666 -0.372008 0.125388 -0.45414 -0.372008 0.148874 -0.45414 -0.506386 0.148874 -0.391666 -0.506386 0.125388 -0.405523 -0.372008 0.0885263 -0.467997 -0.372008 0.112012 -0.467997 -0.372008 0.112012 -0.45414 -0.372008 0.148874 -0.45414 -0.506386 0.148874 -0.467997 -0.506386 0.112012 -0.464153 -0.552288 0.122237 -0.457984 -0.552288 0.138649 -0.405523 -0.506386 0.0885263 -0.467997 -0.506386 0.112012 -0.391666 -0.506386 0.125388 -0.405523 -0.506386 0.0885263 -0.401679 -0.552288 0.098751 -0.395509 -0.552288 0.115163 -0.457984 -0.552288 0.138649 -0.464153 -0.552288 0.122237 -0.395509 -0.552288 0.115163 -0.401679 -0.552288 0.098751 -0.457984 -0.552288 0.138649 -0.395509 -0.552288 0.115163 -0.401679 -0.552288 0.098751 -0.464153 -0.552288 0.122237 -0.387009 -0.0495093 0.136963 -0.410406 -0.0495093 0.0747245 -0.416349 -0.0299682 0.0769587 -0.392952 -0.0299682 0.139197 -0.392952 -0.0299682 0.139197 -0.416349 -0.0299682 0.0769587 -0.431909 -0.0178911 0.0828081 -0.408512 -0.0178911 0.145046 -0.451142 -0.0178911 0.0900382 -0.427744 -0.0178911 0.152276 -0.466701 -0.0299682 0.0958875 -0.443304 -0.0299682 0.158126 -0.443304 -0.0299682 0.158126 -0.466701 -0.0299682 0.0958875 -0.472644 -0.0495093 0.0981218 -0.449247 -0.0495093 0.16036 -0.466701 -0.0690505 0.0958875 -0.443304 -0.0690505 0.158126 -0.443304 -0.0690505 0.158126 -0.466701 -0.0690505 0.0958875 -0.451142 -0.0811276 0.0900382 -0.427744 -0.0811276 0.152276 -0.431909 -0.0811276 0.0828081 -0.408512 -0.0811276 0.145046 -0.416349 -0.0299682 0.0769587 -0.410406 -0.0495093 0.0747245 -0.416349 -0.0690505 0.0769588 -0.431909 -0.0811276 0.0828081 -0.451142 -0.0811276 0.0900382 -0.466701 -0.0690505 0.0958875 -0.472644 -0.0495093 0.0981218 -0.466701 -0.0299682 0.0958875 -0.451142 -0.0178911 0.0900382 -0.431909 -0.0178911 0.0828081 -0.416349 -0.0690505 0.0769588 -0.392952 -0.0690505 0.139197 -0.392952 -0.0690505 0.139197 -0.416349 -0.0690505 0.0769588 -0.387009 -0.0495093 0.136963 -0.392952 -0.0299682 0.139197 -0.408512 -0.0178911 0.145046 -0.427744 -0.0178911 0.152276 -0.443304 -0.0299682 0.158126 -0.449247 -0.0495093 0.16036 -0.443304 -0.0690505 0.158126 -0.427744 -0.0811276 0.152276 -0.408512 -0.0811276 0.145046 -0.392952 -0.0690505 0.139197 -0.0440065 -0.310126 -0.0996052 0.0125859 -0.331129 -0.182611 -0.343766 -0.331129 0.148036 -0.343766 -0.822281 0.148036 -0.276289 -0.310126 0.0122563 -0.266416 -0.310126 -0.0310009 -0.359934 -0.331129 -0.0677039 -0.376471 -0.331129 0.00474878 -0.211706 -0.310126 -0.0996052 -0.268298 -0.331129 -0.182611 0.120758 -0.331129 0.00474884 0.115204 -0.331129 0.0788569 0.115204 -0.822281 0.078857 0.120758 -0.822281 0.00474892 0.0670632 -0.822281 -0.132063 0.104221 -0.822281 -0.0677037 0.282899 -0.932951 -0.137829 0.217133 -0.932951 -0.25174 -0.0114812 -0.310126 -0.0694261 0.0670633 -0.331129 -0.132063 0.0417186 -0.331129 0.206138 -0.0196841 -0.331129 0.248002 -0.0196842 -0.822281 0.248002 0.0417185 -0.822281 0.206138 -0.244231 -0.310126 -0.0694261 -0.322776 -0.331129 -0.132063 -0.376471 -0.331129 0.00474878 -0.376471 -0.822281 0.00474886 -0.105671 -0.310126 0.170567 -0.0906984 -0.331129 0.269907 -0.268298 -0.331129 -0.182611 -0.268298 -0.822281 -0.182611 -0.0906984 -0.331129 0.269907 -0.0906985 -0.822281 0.269907 -0.2291 -0.246578 0.132494 -0.2291 -0.310126 0.132494 0.017261 -0.310126 0.056502 0.00105096 -0.310126 0.0978045 0.0880538 -0.331129 0.148036 0.115204 -0.331129 0.0788569 -0.127856 -0.246578 -0.125469 -0.0839822 -0.246578 -0.118856 -0.0839822 -0.310126 -0.118856 -0.127856 -0.310126 -0.125469 -0.0266131 -0.246578 0.132494 -0.063273 -0.246578 0.157488 -0.063273 -0.310126 0.157488 -0.0266131 -0.310126 0.132494 -0.0839822 -0.246578 -0.118856 -0.0839822 -0.310126 -0.118856 -0.165014 -0.331129 0.269907 -0.165014 -0.822281 0.269907 0.115204 -0.331129 0.0788569 0.0880538 -0.331129 0.148036 0.0880537 -0.822281 0.148036 0.115204 -0.822281 0.078857 -0.276289 -0.246578 0.0122563 -0.276289 -0.310126 0.0122563 0.120713 -0.932951 -0.341204 0.217133 -0.932951 -0.25174 0.217133 -1 -0.25174 0.120713 -1 -0.341204 -0.165014 -0.822281 0.269907 -0.236029 -0.822281 0.248002 -0.319311 -0.932951 0.420939 -0.193622 -0.932951 0.459709 0.0417185 -0.822281 0.206138 -0.0196842 -0.822281 0.248002 0.063598 -0.932951 0.420939 0.172275 -0.932951 0.346845 0.120758 -0.822281 0.00474892 0.115204 -0.822281 0.078857 0.302338 -0.932951 0.121569 0.312167 -0.932951 -0.00959519 0.0880537 -0.822281 0.148036 0.254284 -0.932951 0.244009 -0.0906985 -0.822281 0.269907 -0.0620904 -0.932951 0.459709 -0.127856 -0.822281 -0.225931 -0.0543705 -0.822281 -0.214855 0.00220656 -0.932951 -0.398274 -0.127856 -0.932951 -0.417878 -0.359934 -0.822281 -0.0677038 -0.322776 -0.822281 -0.132063 -0.472845 -0.932951 -0.25174 -0.538611 -0.932951 -0.13783 -0.201342 -0.822281 -0.214855 -0.257919 -0.932951 -0.398274 -0.268298 -0.822281 -0.182611 -0.376425 -0.932951 -0.341204 0.0125858 -0.822281 -0.182611 0.120713 -0.932951 -0.341204 -0.343766 -0.822281 0.148036 -0.370917 -0.822281 0.0788569 -0.558051 -0.932951 0.121569 -0.509997 -0.932951 0.244009 -0.297431 -0.822281 0.206138 -0.427988 -0.932951 0.346845 -0.376471 -0.822281 0.00474886 -0.56788 -0.932951 -0.0095953 -0.127856 -1 -0.417878 0.00220654 -1 -0.398274 0.120713 -1 -0.341204 0.217133 -1 -0.25174 0.282899 -1 -0.137829 0.312167 -1 -0.00959518 0.302338 -1 0.121569 0.254284 -1 0.244009 0.172275 -1 0.346845 0.063598 -1 0.420939 -0.0620904 -1 0.459709 -0.193622 -1 0.459709 -0.319311 -1 0.420939 -0.427988 -1 0.346845 -0.509997 -1 0.244009 -0.558051 -1 0.121569 -0.56788 -1 -0.00959529 -0.538611 -1 -0.13783 -0.472845 -1 -0.25174 -0.376425 -1 -0.341204 -0.257919 -1 -0.398274 -0.257919 -0.932951 -0.398274 -0.127856 -0.932951 -0.417878 -0.127856 -1 -0.417878 -0.257919 -1 -0.398274 -0.0620904 -0.932951 0.459709 -0.193622 -0.932951 0.459709 -0.193622 -1 0.459709 -0.0620904 -1 0.459709 0.282899 -0.932951 -0.137829 0.312167 -0.932951 -0.00959519 0.312167 -1 -0.00959518 0.282899 -1 -0.137829 0.00220656 -0.932951 -0.398274 0.00220654 -1 -0.398274 -0.319311 -0.932951 0.420939 -0.427988 -0.932951 0.346845 -0.427988 -1 0.346845 -0.319311 -1 0.420939 0.172275 -0.932951 0.346845 0.063598 -0.932951 0.420939 0.063598 -1 0.420939 0.172275 -1 0.346845 -0.56788 -0.932951 -0.0095953 -0.538611 -0.932951 -0.13783 -0.538611 -1 -0.13783 -0.56788 -1 -0.00959529 -0.472845 -0.932951 -0.25174 -0.472845 -1 -0.25174 -0.509997 -0.932951 0.244009 -0.509997 -1 0.244009 0.254284 -0.932951 0.244009 0.254284 -1 0.244009 -0.376425 -0.932951 -0.341204 -0.376425 -1 -0.341204 -0.558051 -0.932951 0.121569 -0.56788 -0.932951 -0.0095953 -0.56788 -1 -0.00959529 -0.558051 -1 0.121569 0.302338 -0.932951 0.121569 0.302338 -1 0.121569 0.00220656 -0.932951 -0.398274 0.00220654 -1 -0.398274 0.302338 -0.932951 0.121569 0.302338 -1 0.121569 -0.193622 -0.932951 0.459709 -0.193622 -1 0.459709 </float_array>
          <technique_common>
            <accessor count="2836" offset="0" source="#meshId0-positions-array" stride="3">
              <param name="X" type="float" />
              <param name="Y" type="float" />
              <param name="Z" type="float" />
            </accessor>
          </technique_common>
        </source>
        <source id="meshId0-normals" name="meshId0-normals">
          <float_array id="meshId0-normals-array" count="8508"> 0 -0.643711 -0.765269 0 0.643711 -0.765269 0.449797 0.643718 -0.61912 0.449797 -0.643719 -0.61912 0.727821 0.64371 -0.236463 0.727821 -0.64371 -0.236462 0.727821 0.64371 0.236462 0.727821 -0.64371 0.236463 0.727821 -0.64371 0.236463 0.727821 0.64371 0.236462 0.449797 0.643719 0.61912 0.449797 -0.643718 0.61912 0 0.643711 0.765269 0 -0.643711 0.765269 0 -0.643711 0.765269 0 0.643711 0.765269 -0.449797 0.643719 0.61912 -0.449797 -0.643718 0.61912 -0.727821 0.64371 0.236462 -0.727821 -0.64371 0.236463 -0.727821 0.64371 -0.236463 -0.727821 -0.64371 -0.236462 0.449797 0.643718 -0.61912 0 0.643711 -0.765269 -0.449797 0.643718 -0.61912 -0.727821 0.64371 -0.236463 -0.727821 0.64371 0.236462 -0.449797 0.643719 0.61912 0 0.643711 0.765269 0.449797 0.643719 0.61912 0.727821 0.64371 0.236462 0.727821 0.64371 -0.236463 -0.727821 -0.64371 -0.236462 -0.727821 0.64371 -0.236463 -0.449797 0.643718 -0.61912 -0.449797 -0.643719 -0.61912 0 0.643711 -0.765269 0 -0.643711 -0.765269 0 -0.643711 -0.765269 0.449797 -0.643719 -0.61912 0.727821 -0.64371 -0.236462 0.727821 -0.64371 0.236463 0.449797 -0.643718 0.61912 0 -0.643711 0.765269 -0.449797 -0.643718 0.61912 -0.727821 -0.64371 0.236463 -0.727821 -0.64371 -0.236462 -0.449797 -0.643719 -0.61912 0.496643 0.659709 -0.56403 0.496643 0.659709 0.56403 0.698461 -0.363452 0.616486 0.698474 -0.363459 -0.616467 0.496643 0.659709 0.56403 -0.178901 0.621821 0.762452 0.489653 -0.698894 0.521332 0.698461 -0.363452 0.616486 -0.742751 0.602789 -0.291491 -0.623825 0.602796 -0.497473 -0.666881 0.521974 -0.531802 -0.794002 0.521979 -0.311607 -0.178901 0.621821 -0.762452 0.496643 0.659709 -0.56403 0.698474 -0.363459 -0.616467 0.489653 -0.698894 -0.521332 0.496643 0.659709 0.56403 0.496643 0.659709 -0.56403 -0.178901 0.621821 -0.762452 -0.178901 0.621821 0.762452 0.489653 -0.698894 0.521332 0.489653 -0.698894 -0.521332 0.698474 -0.363459 -0.616467 0.698461 -0.363452 0.616486 0 0.379417 -0.925226 0 0.551301 -0.834307 0.245898 0.55131 -0.79724 0.272694 0.379421 -0.884126 0 0.19331 -0.981138 0.289199 0.193308 -0.937548 0 0.0488308 -0.998807 0.294391 0.0488311 -0.954437 0 0.978966 -0.204021 0 1 -1.62921e-07 0.060123 0.978967 -0.194957 0 0.920569 -0.39058 0.115118 0.920574 -0.373217 0 0.827168 -0.561954 0.165629 0.827169 -0.53699 0 0.702483 -0.7117 0.209757 0.702486 -0.680085 0 0.551301 -0.834307 0.245898 0.55131 -0.79724 0.245898 0.55131 -0.79724 0.209757 0.702486 -0.680085 0.400898 0.702487 -0.588041 0.469969 0.551303 -0.689343 0.272694 0.379421 -0.884126 0.521188 0.379423 -0.764462 0.289199 0.193308 -0.937548 0.552702 0.193308 -0.81065 0.294391 0.0488311 -0.954437 0.562643 0.0488298 -0.825257 0.114936 0.978968 -0.168558 0.220011 0.920573 -0.322707 0.316551 0.827178 -0.464298 0.400898 0.702487 -0.588041 0.159524 0.978964 -0.127204 0.305372 0.920571 -0.24351 0.439358 0.827169 -0.350364 0.556421 0.702485 -0.443746 0.556421 0.702485 -0.443746 0.652292 0.551303 -0.520173 0.723367 0.379415 -0.576875 0.76708 0.193311 -0.611735 0.780898 0.0488308 -0.622747 0.662507 0.702487 -0.259992 0.776633 0.551306 -0.3048 0.861272 0.379423 -0.338008 0.913317 0.193308 -0.358448 0.92977 0.0488308 -0.364888 0.189921 0.978966 -0.0745282 0.363573 0.920575 -0.142676 0.523105 0.827171 -0.205305 0.662507 0.702487 -0.259992 0.203442 0.978969 -0.0152293 0.389482 0.920572 -0.0291762 0.560372 0.827176 -0.0419952 0.709714 0.702481 -0.0531638 0.709714 0.702481 -0.0531638 0.831979 0.551296 -0.0623199 0.922639 0.37942 -0.069127 0.978395 0.193311 -0.0733079 0.996016 0.0488303 -0.0746188 0.813393 0.551296 0.185647 0.902029 0.379416 0.205883 0.956542 0.193311 0.218306 0.973769 0.0488304 0.222239 0.198924 0.978964 0.0453819 0.380784 0.920573 0.0868872 0.547858 0.827174 0.125039 0.693852 0.702489 0.158364 0.831979 0.551296 -0.0623199 0.813393 0.551296 0.185647 0.176677 0.97897 0.101996 0.338241 0.920573 0.19529 0.486666 0.827173 0.280964 0.616356 0.70248 0.355848 0.722527 0.551311 0.417146 0.902029 0.379416 0.205883 0.813393 0.551296 0.185647 0.722527 0.551311 0.417146 0.801275 0.379412 0.462606 0.956542 0.193311 0.218306 0.84969 0.19331 0.490569 0.973769 0.0488304 0.222239 0.865003 0.0488307 0.499384 0.56748 0.551304 0.61158 0.629314 0.37942 0.678237 0.667342 0.193311 0.719225 0.679355 0.0488307 0.732183 0.138771 0.978968 0.149545 0.265667 0.920573 0.286298 0.382224 0.827165 0.41195 0.484063 0.702487 0.521723 0.616356 0.70248 0.355848 0.484063 0.702487 0.521723 0.16947 0.920565 0.35191 0.243822 0.827176 0.506291 0.308788 0.702479 0.641228 0.308788 0.702479 0.641228 0.361988 0.551299 0.751688 0.401422 0.379418 0.833608 0.42568 0.193308 0.883985 0.433373 0.0488309 0.899891 0.088506 0.978968 0.183818 0.137884 0.379411 0.914896 0.146218 0.19331 0.970181 0.148841 0.0488305 0.987655 0.0303973 0.978969 0.201733 0.0581994 0.920571 0.386216 0.0837459 0.827174 0.555671 0.106055 0.702493 0.703744 0.106055 0.702493 0.703744 0.124335 0.551297 0.824992 -0.0837459 0.827174 0.555671 -0.106055 0.702493 0.703744 -0.106055 0.702493 0.703744 -0.124335 0.551297 0.824992 -0.137884 0.379411 0.914896 -0.146218 0.19331 0.970181 -0.148841 0.0488305 0.987655 -0.0303973 0.978969 0.201733 -0.0581994 0.920571 0.386216 -0.148841 0.0488305 0.987655 -0.146218 0.19331 0.970181 -0.42568 0.193308 0.883985 -0.433373 0.0488309 0.899891 -0.088506 0.978968 0.183818 -0.16947 0.920565 0.35191 -0.243822 0.827176 0.506291 -0.308788 0.702479 0.641228 -0.124335 0.551297 0.824992 -0.361988 0.551299 0.751688 -0.137884 0.379411 0.914896 -0.124335 0.551297 0.824992 -0.361988 0.551299 0.751688 -0.401422 0.379418 0.833608 -0.382224 0.827165 0.41195 -0.484063 0.702487 0.521723 -0.308788 0.702479 0.641228 -0.484063 0.702487 0.521723 -0.56748 0.551304 0.61158 -0.629314 0.37942 0.678237 -0.667342 0.193311 0.719225 -0.679355 0.0488307 0.732183 -0.138771 0.978968 0.149545 -0.265667 0.920573 0.286298 -0.84969 0.19331 0.490569 -0.865003 0.0488307 0.499384 -0.176677 0.97897 0.101996 -0.338241 0.920573 0.19529 -0.486666 0.827173 0.280964 -0.616356 0.70248 0.355848 -0.616356 0.70248 0.355848 -0.722527 0.551311 0.417146 -0.801275 0.379412 0.462606 -0.693852 0.702489 0.158364 -0.813393 0.551296 0.185647 -0.902029 0.379416 0.205883 -0.956542 0.193311 0.218306 -0.973769 0.0488304 0.222239 -0.198924 0.978964 0.0453819 -0.380784 0.920573 0.0868872 -0.547858 0.827174 0.125039 -0.693852 0.702489 0.158364 -0.203442 0.978969 -0.0152293 -0.389482 0.920572 -0.0291762 -0.560372 0.827176 -0.0419952 -0.709714 0.702481 -0.0531638 -0.709714 0.702481 -0.0531638 -0.831979 0.551296 -0.0623199 -0.922639 0.37942 -0.069127 -0.978395 0.193311 -0.0733079 -0.996016 0.0488303 -0.0746188 -0.831979 0.551296 -0.0623199 -0.662507 0.702487 -0.259992 -0.776633 0.551306 -0.3048 -0.922639 0.37942 -0.069127 -0.831979 0.551296 -0.0623199 -0.776633 0.551306 -0.3048 -0.861272 0.379423 -0.338008 -0.978395 0.193311 -0.0733079 -0.913317 0.193308 -0.358448 -0.996016 0.0488303 -0.0746188 -0.92977 0.0488308 -0.364888 -0.189921 0.978966 -0.0745282 -0.363573 0.920575 -0.142676 -0.523105 0.827171 -0.205305 -0.159524 0.978964 -0.127204 -0.305372 0.920571 -0.24351 -0.439358 0.827169 -0.350364 0.793693 -0.580697 0.181226 0.811895 -0.580623 -0.0608547 -0.556421 0.702485 -0.443746 -0.55173 -0.585209 0.594243 -0.352318 -0.584573 0.730853 -0.662507 0.702487 -0.259992 -0.556421 0.702485 -0.443746 -0.652292 0.551303 -0.520173 -0.121344 -0.583802 0.802777 -0.723367 0.379415 -0.576875 -0.294391 0.0488311 -0.954437 -0.000366232 -0.583407 -0.81218 -0.239544 -0.584195 -0.775458 -0.76708 0.193311 -0.611735 0.704754 -0.581028 0.407098 0.793693 -0.580697 0.181226 -0.780898 0.0488308 -0.622747 -0.790032 -0.585978 0.180219 -0.702032 -0.585693 0.405111 -0.469969 0.551303 -0.689343 -0.521188 0.379423 -0.764462 0.352444 -0.582229 0.732662 0.553132 -0.581546 0.596531 -0.552702 0.193308 -0.81065 -0.562643 0.0488298 -0.825257 -0.114936 0.978968 -0.168558 -0.457153 -0.584908 -0.669996 -0.220011 0.920573 -0.322707 -0.808026 -0.58603 -0.0605195 -0.316551 0.827178 -0.464298 -0.400898 0.702487 -0.588041 0.636054 -0.581241 -0.507537 0.457873 -0.581871 -0.672145 -0.400898 0.702487 -0.588041 0.120704 -0.583009 0.80345 -0.115118 0.920574 -0.373217 -0.165629 0.827169 -0.53699 -0.754445 -0.585855 -0.295949 -0.808026 -0.58603 -0.0605195 -0.209757 0.702486 -0.680085 -0.633952 -0.585487 -0.505282 -0.209757 0.702486 -0.680085 -0.245898 0.55131 -0.79724 0.757709 -0.580818 -0.297535 -0.272722 0.379418 -0.884118 -0.289199 0.193308 -0.937548 0.239211 -0.582615 -0.776748 -0.060123 0.978967 -0.194957 0.239211 -0.582615 -0.776748 -0.121344 -0.583802 0.802777 0 0.702483 -0.7117 0.811895 -0.580623 -0.0608547 0.793693 -0.580697 0.181226 0.752015 -0.63644 0.171516 0.769225 -0.636377 -0.0575888 0.553132 -0.581546 0.596531 0.352444 -0.582229 0.732662 0.334462 -0.638191 0.693431 0.524383 -0.637397 0.564578 -0.239544 -0.584195 -0.775458 -0.000366232 -0.583407 -0.81218 0.000518821 -0.639524 -0.768771 -0.225904 -0.640418 -0.734052 -0.457153 -0.584908 -0.669996 -0.431907 -0.641237 -0.634248 0.457873 -0.581871 -0.672145 0.636054 -0.581241 -0.507537 0.602857 -0.637069 -0.48032 0.434259 -0.637762 -0.636144 0.704754 -0.581028 0.407098 0.667871 -0.636803 0.385268 -0.352318 -0.584573 0.730853 -0.55173 -0.585209 0.594243 -0.521459 -0.641584 0.562539 -0.332662 -0.640847 0.691846 -0.633952 -0.585487 -0.505282 -0.599313 -0.641888 -0.478334 -0.808026 -0.58603 -0.0605195 -0.754445 -0.585855 -0.295949 -0.713396 -0.642316 -0.28017 -0.764131 -0.642513 -0.0572837 0.757709 -0.580818 -0.297535 0.717965 -0.636601 -0.28154 -0.702032 -0.585693 0.405111 -0.790032 -0.585978 0.180219 -0.74708 -0.64246 0.170633 -0.663769 -0.642131 0.383508 0.239211 -0.582615 -0.776748 0.227309 -0.63862 -0.735184 -0.121344 -0.583802 0.802777 -0.113988 -0.63998 0.759889 0.120704 -0.583009 0.80345 0.115149 -0.639073 0.760478 0 0.602789 -0.7979 0.23518 0.602783 -0.762459 0.251416 0.521967 -0.815071 0 0.521976 -0.85296 -0.610589 0.624566 -0.486927 -0.439933 0.624573 -0.645265 -0.422448 0.661536 -0.619603 -0.586308 0.661538 -0.467557 -0.23518 0.602783 -0.762459 -0.251416 0.521967 -0.815071 -0.777903 0.602785 0.17753 -0.795671 0.602789 -0.0596045 -0.850577 0.521974 -0.0637247 -0.831572 0.52198 0.189802 0.761388 0.624572 0.173775 0.676341 0.62458 0.390465 0.649447 0.661533 0.374958 0.731118 0.661534 0.166848 -0.346183 0.602792 0.718888 -0.5427 0.602793 0.584908 -0.580155 0.521984 0.625263 -0.370083 0.52198 0.768489 -0.230174 0.62457 -0.746279 -0.221022 0.661541 -0.716598 0.23518 0.602783 -0.762459 0.449464 0.602795 -0.659257 0.480494 0.52197 -0.70475 0.251416 0.521967 -0.815071 0.778784 0.624572 -0.0583525 0.761388 0.624572 0.173775 0.731118 0.661534 0.166848 0.747816 0.661538 -0.0560336 -0.649447 0.661533 0.374958 -0.731118 0.661534 0.166848 -0.777903 0.602785 0.17753 -0.690996 0.602794 0.398953 -0.726987 0.624566 -0.28532 -0.698071 0.66154 -0.273973 0 0.661533 -0.749916 0.221022 0.661541 -0.716598 0.23518 0.602783 -0.762459 0 0.602789 -0.7979 0.116369 0.62457 0.772251 -0.116399 0.624568 0.772248 -0.111763 0.661542 0.741533 0.111763 0.661542 0.741533 -0.676341 0.62458 0.390465 -0.761388 0.624572 0.173775 -0.731118 0.661534 0.166848 -0.649447 0.661533 0.374958 -0.32537 0.661544 0.675644 -0.510073 0.661541 0.549717 -0.5427 0.602793 0.584908 -0.346183 0.602792 0.718888 0.439933 0.624573 -0.645265 0.610589 0.624566 -0.486927 0.586308 0.661538 -0.467557 0.422448 0.661536 -0.619603 -0.116399 0.624568 0.772248 -0.338855 0.624576 0.703621 -0.32537 0.661544 0.675644 -0.111763 0.661542 0.741533 -0.111763 0.661542 0.741533 -0.118904 0.602791 0.78899 -0.778784 0.624572 -0.0583525 -0.747816 0.661538 -0.0560336 -0.118904 0.602791 0.78899 -0.127114 0.521975 0.843436 0.726987 0.624566 -0.28532 0.698071 0.66154 -0.273973 0.543486 -0.601259 0.585756 0.346699 -0.601261 0.71992 0.326035 -0.659791 0.677035 0.511109 -0.6598 0.550846 -0.779026 -0.601253 0.177803 -0.796823 -0.601257 -0.0596952 -0.749342 -0.659798 -0.0561555 -0.732609 -0.659791 0.167214 0.743819 -0.601263 -0.291918 0.796823 -0.601257 -0.0596952 0.749342 -0.659798 -0.0561555 0.699503 -0.659798 -0.274521 0 -0.601259 -0.799054 0.235516 -0.601258 -0.763558 0.221479 -0.6598 -0.718061 0 -0.659796 -0.751445 -0.230174 0.62457 -0.746279 -0.439933 0.624573 -0.645265 -0.0817915 0.989402 -0.119971 -0.042788 0.989404 -0.138741 0.450123 -0.601253 -0.660215 0.624729 -0.60126 -0.498196 0.587503 -0.659804 -0.468507 0.4233 -0.659792 -0.62088 -0.543486 -0.601259 0.585756 -0.691997 -0.601263 0.399529 -0.650766 -0.659799 0.375725 -0.511109 -0.6598 0.550846 0.761388 0.624572 0.173775 0.778784 0.624572 -0.0583525 0.144783 0.989404 -0.0108345 0.141548 0.989405 0.0322892 0.726987 0.624566 -0.28532 0.610589 0.624566 -0.486927 0.113501 0.989406 -0.0905204 0.13514 0.989406 -0.0530427 0.779026 -0.601253 0.177803 0.691997 -0.601263 0.399529 0.650766 -0.659799 0.375725 0.732609 -0.659791 0.167214 -0.743819 -0.601263 -0.291918 -0.624729 -0.60126 -0.498196 -0.587503 -0.659804 -0.468507 -0.699503 -0.659798 -0.274521 0.119085 -0.601253 0.790135 -0.119085 -0.601253 0.790135 -0.111975 -0.659797 0.743054 0.111975 -0.659797 0.743054 -0.450123 -0.601253 -0.660215 -0.235516 -0.601258 -0.763558 -0.221479 -0.6598 -0.718061 -0.4233 -0.659792 -0.62088 -0.116399 0.624568 0.772248 0.116369 0.62457 0.772251 0.0216382 0.989405 0.143563 -0.0216382 0.989405 0.143563 0.230174 0.62457 -0.746279 0 0.62458 -0.780961 0 0.989405 -0.14518 0.042788 0.989404 -0.138741 0.676341 0.62458 0.390465 0.12574 0.989405 0.0725747 -0.346699 -0.601261 0.71992 -0.326035 -0.659791 0.677035 -0.4233 -0.659792 -0.62088 -0.221479 -0.6598 -0.718061 -0.294751 -1.55683e-07 -0.955574 -0.563319 -1.34612e-07 -0.82624 0.326035 -0.659791 0.677035 0.111975 -0.659797 0.743054 0.149022 1.61101e-07 0.988834 0.433883 1.46787e-07 0.900969 -0.732609 -0.659791 0.167214 -0.749342 -0.659798 -0.0561555 -0.997205 -1.21718e-08 -0.0747103 -0.97493 3.62521e-08 0.222514 -0.699503 -0.659798 -0.274521 -0.587503 -0.659804 -0.468507 -0.781842 -1.01577e-07 -0.623477 -0.930871 -5.95226e-08 -0.365347 -0.326035 -0.659791 0.677035 -0.511109 -0.6598 0.550846 -0.680183 1.19428e-07 0.733042 -0.433883 1.46787e-07 0.900969 -0.111975 -0.659797 0.743054 -0.149022 1.61101e-07 0.988834 0.221479 -0.6598 -0.718061 0.4233 -0.659792 -0.62088 0.563319 -1.34612e-07 -0.82624 0.294751 -1.55683e-07 -0.955574 0.749342 -0.659798 -0.0561555 0.732609 -0.659791 0.167214 0.97493 3.62521e-08 0.222514 0.997205 -1.21718e-08 -0.0747103 -0.650766 -0.659799 0.375725 -0.866032 8.14586e-08 0.499989 0.699503 -0.659798 -0.274521 0.930871 -5.95226e-08 -0.365347 -0.111975 -0.659797 0.743054 -0.149022 1.61101e-07 0.988834 0.511109 -0.6598 0.550846 0.680183 1.19428e-07 0.733042 0.587503 -0.659804 -0.468507 0.781842 -1.01577e-07 -0.623477 0 -0.659796 -0.751445 0.221479 -0.6598 -0.718061 0.294751 -1.55683e-07 -0.955574 0 -1.62921e-07 -1 0.732609 -0.659791 0.167214 0.650766 -0.659799 0.375725 0.866032 8.14586e-08 0.499989 0.97493 3.62521e-08 0.222514 -0.749342 -0.659798 -0.0561555 -0.997205 -1.21718e-08 -0.0747103 0.769225 -0.636377 -0.0575888 0.752015 -0.63644 0.171516 0.779026 -0.601253 0.177803 0.796823 -0.601257 -0.0596952 -0.676341 0.62458 0.390465 -0.53119 0.62458 0.572483 -0.0987604 0.989404 0.106421 -0.12574 0.989405 0.0725747 0.439933 0.624573 -0.645265 0.0817915 0.989402 -0.119971 -0.663769 -0.642131 0.383508 -0.74708 -0.64246 0.170633 -0.779026 -0.601253 0.177803 -0.691997 -0.601263 0.399529 -0.610589 0.624566 -0.486927 -0.113501 0.989406 -0.0905204 -0.764131 -0.642513 -0.0572837 -0.796823 -0.601257 -0.0596952 -0.726987 0.624566 -0.28532 -0.778784 0.624572 -0.0583525 -0.144783 0.989404 -0.0108345 -0.13514 0.989406 -0.0530427 0.338855 0.624576 0.703621 0.0629918 0.989405 0.130806 -0.113988 -0.63998 0.759889 -0.332662 -0.640847 0.691846 -0.346699 -0.601261 0.71992 -0.119085 -0.601253 0.790135 -0.599313 -0.641888 -0.478334 -0.431907 -0.641237 -0.634248 -0.450123 -0.601253 -0.660215 -0.624729 -0.60126 -0.498196 -0.713396 -0.642316 -0.28017 -0.743819 -0.601263 -0.291918 0.434259 -0.637762 -0.636144 0.602857 -0.637069 -0.48032 0.624729 -0.60126 -0.498196 0.450123 -0.601253 -0.660215 0.752015 -0.63644 0.171516 0.667871 -0.636803 0.385268 0.691997 -0.601263 0.399529 0.779026 -0.601253 0.177803 -0.761388 0.624572 0.173775 -0.141548 0.989405 0.0322892 0.53119 0.62458 0.572483 0.0987604 0.989404 0.106421 -0.225904 -0.640418 -0.734052 -0.235516 -0.601258 -0.763558 0.115149 -0.639073 0.760478 -0.113988 -0.63998 0.759889 -0.119085 -0.601253 0.790135 0.119085 -0.601253 0.790135 0.524383 -0.637397 0.564578 0.543486 -0.601259 0.585756 -0.521459 -0.641584 0.562539 -0.543486 -0.601259 0.585756 0.000518821 -0.639524 -0.768771 0 -0.601259 -0.799054 0.227309 -0.63862 -0.735184 0.235516 -0.601258 -0.763558 -0.338855 0.624576 0.703621 -0.0629918 0.989405 0.130806 0.227309 -0.63862 -0.735184 0.235516 -0.601258 -0.763558 -0.764131 -0.642513 -0.0572837 -0.796823 -0.601257 -0.0596952 0.334462 -0.638191 0.693431 0.346699 -0.601261 0.71992 0.717965 -0.636601 -0.28154 0.743819 -0.601263 -0.291918 0.0490446 0.659706 0.749921 -0.750102 0.659704 -0.0462368 -0.929699 -0.36345 0.0596951 -0.0562161 -0.363451 0.929916 -0.750102 0.659704 -0.0462368 -0.413871 0.621829 -0.664861 -0.714916 -0.698893 -0.0210582 -0.929699 -0.36345 0.0596951 0.698071 0.66154 -0.273973 0.747816 0.661538 -0.0560336 0.795671 0.602789 -0.0596045 0.742751 0.602789 -0.291491 0.666415 0.621827 0.411367 0.0490446 0.659706 0.749921 -0.0562161 -0.363451 0.929916 0.0237132 -0.698882 0.714844 -0.750102 0.659704 -0.0462368 0.0490446 0.659706 0.749921 0.666415 0.621827 0.411367 -0.413871 0.621829 -0.664861 -0.714916 -0.698893 -0.0210582 0.0237132 -0.698882 0.714844 -0.0562161 -0.363451 0.929916 -0.929699 -0.36345 0.0596951 -0.740083 0.659696 -0.130682 0.223278 0.6597 -0.717595 0.163065 -0.363455 -0.917229 -0.889866 -0.36346 -0.275746 0.223278 0.6597 -0.717595 0.744212 0.621829 -0.243879 0.190471 -0.698891 -0.6894 0.163065 -0.363455 -0.917229 -0.221022 0.661541 -0.716598 -0.23518 0.602783 -0.762459 -0.558044 0.621829 0.549468 -0.740083 0.659696 -0.130682 -0.889866 -0.36346 -0.275746 -0.699983 -0.698884 -0.146918 0.223278 0.6597 -0.717595 -0.740083 0.659696 -0.130682 -0.558044 0.621829 0.549468 0.744212 0.621829 -0.243879 0.190471 -0.698891 -0.6894 -0.699983 -0.698884 -0.146918 -0.889866 -0.36346 -0.275746 0.163065 -0.363455 -0.917229 -0.515074 -0.643713 -0.56598 -0.515074 0.643712 -0.56598 -0.0839899 0.643719 -0.760639 -0.0839899 -0.643719 -0.760639 -0.0839899 -0.643719 -0.760639 -0.0839899 0.643719 -0.760639 0.379116 0.643722 -0.66475 0.379116 -0.643722 -0.66475 0.697453 0.643709 -0.314957 0.697453 -0.643709 -0.314957 0.749375 0.643717 0.15513 0.749375 -0.643717 0.155131 0.749375 -0.643717 0.155131 0.749375 0.643717 0.15513 0.515074 0.643713 0.56598 0.515074 -0.643712 0.56598 0.0839899 0.643719 0.760639 0.0839899 -0.643719 0.760639 -0.379116 0.643722 0.66475 -0.379116 -0.643722 0.66475 -0.379116 -0.643722 0.66475 -0.379116 0.643722 0.66475 -0.697453 0.643709 0.314957 -0.697453 -0.643709 0.314957 -0.0839899 0.643719 -0.760639 -0.515074 0.643712 -0.56598 -0.749375 0.643717 -0.155131 -0.697453 0.643709 0.314957 -0.379116 0.643722 0.66475 0.0839899 0.643719 0.760639 0.515074 0.643713 0.56598 0.749375 0.643717 0.15513 0.697453 0.643709 -0.314957 0.379116 0.643722 -0.66475 -0.749375 0.643717 -0.155131 -0.749375 -0.643717 -0.15513 -0.749375 -0.643717 -0.15513 -0.749375 0.643717 -0.155131 -0.515074 -0.643713 -0.56598 -0.0839899 -0.643719 -0.760639 0.379116 -0.643722 -0.66475 0.697453 -0.643709 -0.314957 0.749375 -0.643717 0.155131 0.515074 -0.643712 0.56598 0.0839899 -0.643719 0.760639 -0.379116 -0.643722 0.66475 -0.697453 -0.643709 0.314957 -0.749375 -0.643717 -0.15513 -0.991153 -2.16237e-08 -0.132725 -0.0389723 -1.62797e-07 -0.99924 0.0593901 -0.44979 -0.891157 -0.89279 -0.449798 -0.0246293 -0.89279 -0.449798 -0.0246293 0.0593901 -0.44979 -0.891157 0.31691 -0.727818 -0.608153 -0.635251 -0.727815 0.258343 0.635251 -0.727815 -0.258343 -0.31691 -0.727818 0.608153 0.89279 -0.449798 0.0246294 -0.0593901 -0.44979 0.891157 -0.0593901 -0.44979 0.891157 0.89279 -0.449798 0.0246294 0.991153 2.16237e-08 0.132725 0.0389723 1.62797e-07 0.99924 0.89279 0.449798 0.0246293 -0.0593901 0.44979 0.891157 -0.0593901 0.44979 0.891157 0.89279 0.449798 0.0246293 0.635251 0.727815 -0.258343 -0.31691 0.727818 0.608153 0.31691 0.727818 -0.608153 -0.635251 0.727815 0.258343 0.0593901 -0.44979 -0.891157 -0.0389723 -1.62797e-07 -0.99924 0.0593901 0.44979 -0.891157 0.31691 0.727818 -0.608153 0.635251 0.727815 -0.258343 0.89279 0.449798 0.0246293 0.991153 2.16237e-08 0.132725 0.89279 -0.449798 0.0246294 0.635251 -0.727815 -0.258343 0.31691 -0.727818 -0.608153 0.0593901 0.44979 -0.891157 -0.89279 0.449798 -0.0246294 -0.89279 0.449798 -0.0246294 0.0593901 0.44979 -0.891157 -0.991153 -2.16237e-08 -0.132725 -0.89279 -0.449798 -0.0246293 -0.635251 -0.727815 0.258343 -0.31691 -0.727818 0.608153 -0.0593901 -0.44979 0.891157 0.0389723 1.62797e-07 0.99924 -0.0593901 0.44979 0.891157 -0.31691 0.727818 0.608153 -0.635251 0.727815 0.258343 -0.89279 0.449798 -0.0246294 -0.991153 -2.16237e-08 -0.132725 -0.307819 -1.5501e-07 -0.951445 -0.190747 -0.535404 -0.822775 -0.89279 -0.449798 -0.0246293 -0.89279 -0.449798 -0.0246293 -0.190747 -0.535404 -0.822775 0.115761 -0.866297 -0.485932 -0.635251 -0.727815 0.258343 0.49466 -0.866296 -0.0695843 -0.31691 -0.727818 0.608153 0.801208 -0.53539 0.267253 -0.0593901 -0.44979 0.891157 -0.0593901 -0.44979 0.891157 0.801208 -0.53539 0.267253 0.918295 6.44997e-08 0.395896 0.0389723 1.62797e-07 0.99924 0.801208 0.53539 0.267252 -0.0593901 0.44979 0.891157 -0.0593901 0.44979 0.891157 0.801208 0.53539 0.267252 0.49466 0.866296 -0.0695846 -0.31691 0.727818 0.608153 0.115761 0.866296 -0.485932 -0.635251 0.727815 0.258343 0.801208 -0.53539 0.267253 0.49466 -0.866296 -0.0695843 0.652076 0.26564 -0.710093 0.558071 0.164162 -0.813393 -0.190747 0.535403 -0.822775 -0.89279 0.449798 -0.0246294 -0.89279 0.449798 -0.0246294 -0.190747 0.535403 -0.822775 -0.991153 -2.16237e-08 -0.132725 -0.89279 -0.449798 -0.0246293 -0.635251 -0.727815 0.258343 -0.31691 -0.727818 0.608153 -0.0593901 -0.44979 0.891157 0.0389723 1.62797e-07 0.99924 -0.0593901 0.44979 0.891157 -0.31691 0.727818 0.608153 -0.635251 0.727815 0.258343 -0.89279 0.449798 -0.0246294 0.558071 -0.164162 -0.813393 0.522186 -1.38944e-07 -0.852832 -0.0389418 -1.62797e-07 -0.999242 0.0593901 -0.44979 -0.891157 0.89815 -7.16346e-08 -0.43969 0.862248 0.164161 -0.479145 0.115761 -0.866297 -0.485932 0.768262 0.265609 -0.58243 -0.190747 -0.535404 -0.822775 0.862248 0.164161 -0.479145 0.862248 -0.164161 -0.479145 -0.190747 0.535403 -0.822775 0.115761 0.866296 -0.485932 0.768256 -0.265638 -0.582425 0.862248 -0.164161 -0.479145 0.49466 0.866296 -0.0695846 0.652076 -0.26564 -0.710093 0.801208 0.53539 0.267252 0.558071 -0.164162 -0.813393 0.918295 6.44997e-08 0.395896 0.522186 -1.38944e-07 -0.852832 0.89279 0.449798 0.0246293 0.991153 2.16237e-08 0.132725 0.89279 -0.449798 0.0246294 0.635251 -0.727815 -0.258343 0.31691 -0.727818 -0.608153 0.0593901 -0.44979 -0.891157 -0.0389418 -1.62797e-07 -0.999242 0.0593901 0.44979 -0.891157 0.31691 0.727818 -0.608153 0.635251 0.727815 -0.258343 0.652076 0.26564 -0.710093 0.768262 0.265609 -0.58243 0.635251 0.727815 -0.258343 0.31691 0.727818 -0.608153 0.89815 -7.16346e-08 -0.43969 0.862248 -0.164161 -0.479145 0.89279 -0.449798 0.0246294 0.991153 2.16237e-08 0.132725 0.652076 -0.26564 -0.710093 0.558071 -0.164162 -0.813393 0.0593901 -0.44979 -0.891157 0.31691 -0.727818 -0.608153 0.558071 0.164162 -0.813393 0.0593901 0.44979 -0.891157 0.862248 0.164161 -0.479145 0.89279 0.449798 0.0246293 0.768256 -0.265638 -0.582425 0.635251 -0.727815 -0.258343 0.558071 0.164162 -0.813393 0.0593901 0.44979 -0.891157 0.862248 0.164161 -0.479145 0.89279 0.449798 0.0246293 0.862248 -0.164161 -0.479145 0.89279 -0.449798 0.0246294 0.991153 2.16237e-08 0.132725 0.307819 1.5501e-07 0.951445 0.190747 -0.535403 0.822775 0.89279 -0.449798 0.0246294 0.89279 -0.449798 0.0246294 0.190747 -0.535403 0.822775 -0.115761 -0.866296 0.485932 0.635251 -0.727815 -0.258343 -0.49466 -0.866296 0.0695846 0.31691 -0.727818 -0.608153 -0.801214 -0.535394 -0.267224 0.0593901 -0.44979 -0.891157 0.0593901 -0.44979 -0.891157 -0.801214 -0.535394 -0.267224 -0.918295 -6.44997e-08 -0.395896 -0.0389723 -1.62797e-07 -0.99924 -0.801208 0.53539 -0.267253 0.0593901 0.44979 -0.891157 0.0593901 0.44979 -0.891157 -0.801208 0.53539 -0.267253 -0.49466 0.866296 0.0695843 0.31691 0.727818 -0.608153 -0.115761 0.866297 0.485932 0.635251 0.727815 -0.258343 -0.801214 -0.535394 -0.267224 -0.49466 -0.866296 0.0695846 -0.652076 0.26564 0.710093 -0.558071 0.164162 0.813393 0.190747 0.535404 0.822775 0.89279 0.449798 0.0246293 0.89279 0.449798 0.0246293 0.190747 0.535404 0.822775 0.991153 2.16237e-08 0.132725 0.89279 -0.449798 0.0246294 0.635251 -0.727815 -0.258343 0.31691 -0.727818 -0.608153 0.0593901 -0.44979 -0.891157 -0.0389723 -1.62797e-07 -0.99924 0.0593901 0.44979 -0.891157 0.31691 0.727818 -0.608153 0.635251 0.727815 -0.258343 0.89279 0.449798 0.0246293 -0.558071 -0.164162 0.813393 -0.522172 1.38945e-07 0.85284 0.0389723 1.62797e-07 0.99924 -0.0593901 -0.44979 0.891157 -0.89815 7.16346e-08 0.43969 -0.862248 0.164161 0.479145 -0.115761 -0.866296 0.485932 -0.768262 0.26561 0.58243 0.190747 -0.535403 0.822775 -0.862248 0.164161 0.479145 -0.862248 -0.164161 0.479145 0.190747 0.535404 0.822775 -0.115761 0.866297 0.485932 -0.768262 -0.265609 0.58243 -0.862248 -0.164161 0.479145 -0.49466 0.866296 0.0695843 -0.652081 -0.265612 0.710099 -0.801208 0.53539 -0.267253 -0.558071 -0.164162 0.813393 -0.918295 -6.44997e-08 -0.395896 -0.522172 1.38945e-07 0.85284 -0.89279 0.449798 -0.0246294 -0.991153 -2.16237e-08 -0.132725 -0.89279 -0.449798 -0.0246293 -0.635251 -0.727815 0.258343 -0.31691 -0.727818 0.608153 -0.0593901 -0.44979 0.891157 0.0389723 1.62797e-07 0.99924 -0.0593901 0.44979 0.891157 -0.31691 0.727818 0.608153 -0.635251 0.727815 0.258343 -0.652076 0.26564 0.710093 -0.768262 0.26561 0.58243 -0.635251 0.727815 0.258343 -0.31691 0.727818 0.608153 -0.89815 7.16346e-08 0.43969 -0.862248 -0.164161 0.479145 -0.89279 -0.449798 -0.0246293 -0.991153 -2.16237e-08 -0.132725 -0.652081 -0.265612 0.710099 -0.558071 -0.164162 0.813393 -0.0593901 -0.44979 0.891157 -0.31691 -0.727818 0.608153 -0.558071 0.164162 0.813393 -0.0593901 0.44979 0.891157 -0.862248 0.164161 0.479145 -0.89279 0.449798 -0.0246294 -0.768262 -0.265609 0.58243 -0.635251 -0.727815 0.258343 -0.558071 0.164162 0.813393 -0.0593901 0.44979 0.891157 -0.862248 0.164161 0.479145 -0.89279 0.449798 -0.0246294 -0.862248 -0.164161 0.479145 -0.89279 -0.449798 -0.0246293 -0.13169 -0.64371 -0.753853 -0.13169 0.64371 -0.753854 0.336537 0.643714 -0.687296 0.336537 -0.643714 -0.687295 0.336537 -0.643714 -0.687295 0.336537 0.643714 -0.687296 0.676251 0.643717 -0.358208 0.676251 -0.643717 -0.358207 0.757649 0.643719 0.107673 0.757649 -0.643719 0.107673 0.757649 -0.643719 0.107673 0.757649 0.643719 0.107673 0.549659 0.643721 0.532446 0.549659 -0.643721 0.532446 0.13169 0.64371 0.753853 0.13169 -0.64371 0.753854 -0.336537 0.643714 0.687295 -0.336537 -0.643714 0.687296 -0.336537 -0.643714 0.687296 -0.336537 0.643714 0.687295 -0.676251 0.643717 0.358207 -0.676251 -0.643717 0.358208 -0.757649 0.643719 -0.107673 -0.757649 -0.643719 -0.107673 0.336537 0.643714 -0.687296 -0.13169 0.64371 -0.753854 -0.549659 0.643721 -0.532446 -0.757649 0.643719 -0.107673 -0.676251 0.643717 0.358207 -0.336537 0.643714 0.687295 0.13169 0.64371 0.753853 0.549659 0.643721 0.532446 0.757649 0.643719 0.107673 0.676251 0.643717 -0.358208 -0.757649 -0.643719 -0.107673 -0.757649 0.643719 -0.107673 -0.549659 0.643721 -0.532446 -0.549659 -0.643721 -0.532446 -0.13169 -0.64371 -0.753853 0.336537 -0.643714 -0.687295 0.676251 -0.643717 -0.358207 0.757649 -0.643719 0.107673 0.549659 -0.643721 0.532446 0.13169 -0.64371 0.753854 -0.336537 -0.643714 0.687296 -0.676251 -0.643717 0.358208 -0.757649 -0.643719 -0.107673 -0.549659 -0.643721 -0.532446 -0.132454 -0.638435 -0.758193 -0.130926 0.648984 -0.749452 0.334578 0.648982 -0.683286 0.338487 -0.638428 -0.691257 0.338487 -0.638428 -0.691257 0.334578 0.648982 -0.683286 0.672303 0.648986 -0.356126 0.680151 -0.638431 -0.360279 0.753236 0.648984 0.10703 0.762028 -0.638426 0.108281 0.762028 -0.638426 0.108281 0.753236 0.648984 0.10703 0.546444 0.648988 0.529353 0.552827 -0.638434 0.535523 0.130926 0.648984 0.749452 0.132454 -0.638435 0.758193 -0.334578 0.648983 0.683286 -0.338487 -0.638428 0.691257 -0.338487 -0.638428 0.691257 -0.334578 0.648983 0.683286 -0.672303 0.648986 0.356126 -0.680151 -0.638431 0.360279 -0.753234 0.648982 -0.10706 -0.762026 -0.638424 -0.108311 0.334578 0.648982 -0.683286 -0.130926 0.648984 -0.749452 -0.546444 0.648987 -0.529353 -0.753234 0.648982 -0.10706 -0.672303 0.648986 0.356126 -0.334578 0.648983 0.683286 0.130926 0.648984 0.749452 0.546444 0.648988 0.529353 0.753236 0.648984 0.10703 0.672303 0.648986 -0.356126 -0.762026 -0.638424 -0.108311 -0.753234 0.648982 -0.10706 -0.546444 0.648987 -0.529353 -0.552827 -0.638434 -0.535523 -0.132454 -0.638435 -0.758193 0.338487 -0.638428 -0.691257 0.680151 -0.638431 -0.360279 0.762028 -0.638426 0.108281 0.552827 -0.638434 0.535523 0.132454 -0.638435 0.758193 -0.338487 -0.638428 0.691257 -0.680151 -0.638431 0.360279 -0.762026 -0.638424 -0.108311 -0.552827 -0.638434 -0.535523 -0.142434 0.561343 -0.815234 -0.130926 0.648984 -0.749452 0.334578 0.648982 -0.683286 0.363942 0.56134 -0.743266 0.363942 0.56134 -0.743266 0.334578 0.648982 -0.683286 0.672303 0.648986 -0.356126 0.731327 0.561336 -0.387378 0.753236 0.648984 0.10703 0.819353 0.561342 0.116431 0.819353 0.561342 0.116431 0.753236 0.648984 0.10703 0.546444 0.648988 0.529353 0.594425 0.561342 0.575808 0.130926 0.648984 0.749452 0.142434 0.561343 0.815234 -0.334578 0.648983 0.683286 -0.363942 0.56134 0.743265 -0.363942 0.56134 0.743265 -0.334578 0.648983 0.683286 -0.672303 0.648986 0.356126 -0.731327 0.561337 0.387378 -0.753236 0.648984 -0.10703 -0.819353 0.561342 -0.116431 0.334578 0.648982 -0.683286 -0.130926 0.648984 -0.749452 -0.546444 0.648987 -0.529353 -0.753236 0.648984 -0.10703 -0.672303 0.648986 0.356126 -0.334578 0.648983 0.683286 0.130926 0.648984 0.749452 0.546444 0.648988 0.529353 0.753236 0.648984 0.10703 0.672303 0.648986 -0.356126 -0.819353 0.561342 -0.116431 -0.753236 0.648984 -0.10703 -0.546444 0.648987 -0.529353 -0.594425 0.561342 -0.575808 -0.363942 0.56134 0.743265 -0.731327 0.561337 0.387378 -0.326989 0.929021 0.173199 -0.162731 0.929019 0.332329 -0.739879 0.546783 0.391928 -0.368214 0.546782 0.751962 0.142434 0.561343 0.815234 0.0636638 0.929015 0.364525 0.594425 0.561342 0.575808 0.265794 0.929014 0.257462 0.819353 0.561342 0.116431 0.366357 0.929016 0.0520663 -0.142434 0.561343 -0.815234 0.363942 0.56134 -0.743266 0.162731 0.929019 -0.332329 -0.0636638 0.929015 -0.364525 0.731327 0.561336 -0.387378 0.326989 0.929021 -0.1732 -0.594425 0.561342 -0.575808 -0.265794 0.929014 -0.257463 -0.819353 0.561342 -0.116431 -0.366357 0.929016 -0.0520666 0.828951 0.546775 0.117802 0.601382 0.546784 0.582552 0.652192 -0.418935 0.631775 0.898981 -0.418941 0.127755 0.601382 0.546784 0.582552 0.828951 0.546775 0.117802 0.368214 0.546782 -0.751963 -0.144082 0.546783 -0.824784 -0.828951 0.546775 -0.117803 0.144082 0.546784 0.824784 0.739879 0.546783 -0.391929 -0.601382 0.546783 -0.582552 -0.15626 -0.418942 -0.894467 0.399312 -0.418936 -0.815501 0.382985 -0.49145 -0.782176 -0.149878 -0.491445 -0.857915 -0.144082 0.546783 -0.824784 0.368214 0.546782 -0.751963 0.399312 -0.418936 -0.815501 -0.15626 -0.418942 -0.894467 -0.739879 0.546783 0.391928 -0.828951 0.546775 -0.117803 -0.898981 -0.418941 -0.127754 -0.802387 -0.418941 0.425045 0.144082 0.546784 0.824784 0.15626 -0.418942 0.894467 0.368214 0.546782 -0.751963 0.739879 0.546783 -0.391929 0.802387 -0.418941 -0.425045 0.399312 -0.418936 -0.815501 -0.828951 0.546775 -0.117803 -0.601382 0.546783 -0.582552 -0.652192 -0.418935 -0.631775 -0.898981 -0.418941 -0.127754 -0.368214 0.546782 0.751962 -0.399312 -0.418936 0.815502 0.828951 0.546775 0.117802 0.898981 -0.418941 0.127755 -0.368214 0.546782 0.751962 -0.399312 -0.418936 0.815502 -0.769608 -0.491454 0.407648 -0.862246 -0.491444 -0.122533 -0.990053 -2.29221e-08 -0.140695 -0.883676 7.62631e-08 0.468099 -0.802387 -0.418941 0.425045 -0.898981 -0.418941 -0.127754 -0.862246 -0.491444 -0.122533 -0.769608 -0.491454 0.407648 0.652192 -0.418935 0.631775 0.15626 -0.418942 0.894467 0.149878 -0.491445 0.857915 0.625526 -0.491454 0.605963 0.802387 -0.418941 -0.425045 0.769608 -0.491454 -0.407648 -0.652192 -0.418935 -0.631775 -0.625526 -0.491454 -0.605963 -0.399312 -0.418936 0.815502 -0.382985 -0.49145 0.782176 0.898981 -0.418941 0.127755 0.862246 -0.491444 0.122533 0.623825 0.602796 -0.497473 0.742751 0.602789 -0.291491 0.794002 0.521979 -0.311607 0.666881 0.521974 -0.531802 0.625526 -0.491454 0.605963 0.149878 -0.491445 0.857915 0.172095 1.6049e-07 0.98508 0.718264 1.13356e-07 0.695771 0.382985 -0.49145 -0.782176 0.769608 -0.491454 -0.407648 0.883676 -7.62631e-08 -0.468099 0.439776 -1.4632e-07 -0.898107 -0.862246 -0.491444 -0.122533 -0.625526 -0.491454 -0.605963 -0.718264 -1.13356e-07 -0.695771 -0.990053 -2.29221e-08 -0.140695 -0.382985 -0.49145 0.782176 -0.439776 1.4632e-07 0.898107 0.862246 -0.491444 0.122533 0.990053 2.29221e-08 0.140695 -0.149878 -0.491445 -0.857915 -0.172095 -1.6049e-07 -0.98508 -0.382985 -0.49145 0.782176 -0.439776 1.4632e-07 0.898107 0.862246 -0.491444 0.122533 0.990053 2.29221e-08 0.140695 0.382985 -0.49145 -0.782176 0.439776 -1.4632e-07 -0.898107 -0.153875 0.985081 0.0770594 0.0528892 0.890022 0.452839 0.547183 0.811451 0.205274 0.393208 0.898117 -0.19691 0.905811 0.422905 0.0256666 0.790129 0.468096 -0.395705 0.790129 0.468096 -0.395705 0.905811 0.422905 0.0256666 0.991737 -0.127111 -0.0173346 0.885237 -0.140693 -0.443351 0.772168 -0.628636 0.0925955 0.642216 -0.695777 -0.321642 0.642216 -0.695777 -0.321642 0.772168 -0.628636 0.0925955 0.330947 -0.890023 0.313582 0.153875 -0.985081 -0.0770594 -0.163337 -0.811437 0.561152 -0.393208 -0.898117 0.19691 -0.52194 -0.422905 0.740763 -0.790129 -0.468096 0.395705 -0.790129 -0.468096 0.395705 -0.52194 -0.422905 0.740763 -0.607878 0.127112 0.78379 -0.885237 0.140693 0.443351 0.905811 0.422905 0.0256666 0.547183 0.811451 0.205274 0.575814 0.398617 0.713823 0.751978 0.207749 0.625595 -0.388295 0.628633 0.673831 -0.642216 0.695777 0.321642 -0.642216 0.695777 0.321642 -0.388295 0.628633 0.673831 0.510073 0.661541 0.549717 0.32537 0.661544 0.675644 0.346183 0.602792 0.718888 0.5427 0.602793 0.584908 0.332969 0.437224 0.835444 0.116217 0.308825 0.943992 0.707777 -0.345816 0.616005 0.465054 -0.489621 0.737561 0.0528892 0.890022 0.452839 -0.388295 0.628633 0.673831 -0.607878 0.127112 0.78379 0.0083623 0.0624428 0.998014 -0.52194 -0.422905 0.740763 0.0505696 -0.207741 0.976876 -0.163337 -0.811437 0.561152 0.226726 -0.398609 0.888654 0.330947 -0.890023 0.313582 0.469568 -0.437217 0.767038 0.772168 -0.628636 0.0925955 0.686316 -0.308824 0.658482 0.991737 -0.127111 -0.0173346 0.794189 -0.0624412 0.604454 0.781303 0.232651 0.579171 0.58402 0.446377 0.677989 0.580141 0.422417 0.696419 0.766815 0.220163 0.602929 0.58402 0.446377 0.677989 0.781303 0.232651 0.579171 -0.0513938 0.0699189 0.996228 0.0693693 0.345809 0.935737 0.193124 -0.446371 0.87376 0.828565 -0.0699193 0.55551 0.312092 0.489623 0.814167 -0.00412008 -0.232647 0.972553 0.0930846 0.327261 0.940338 -0.0211804 0.066166 0.997584 0.985296 -0.132085 -0.108372 0.757128 -0.65324 0.00585986 0.0693693 0.345809 0.935737 -0.0513938 0.0699189 0.996228 -0.0211804 0.066166 0.997584 0.0930846 0.327261 0.940338 0.193124 -0.446371 0.87376 0.465054 -0.489621 0.737561 0.467559 -0.463347 0.752794 0.21022 -0.422423 0.881684 0.828565 -0.0699193 0.55551 0.781303 0.232651 0.579171 0.766815 0.220163 0.602929 0.811565 -0.0661654 0.580504 0.312092 0.489623 0.814167 0.0693693 0.345809 0.935737 0.0930846 0.327261 0.940338 0.3228 0.463341 0.825297 -0.00412008 -0.232647 0.972553 0.0235303 -0.220165 0.975179 0.707777 -0.345816 0.616005 0.697248 -0.32726 0.637766 -0.00412008 -0.232647 0.972553 0.0235303 -0.220165 0.975179 0.707777 -0.345816 0.616005 0.697248 -0.32726 0.637766 0.523352 0.843198 0.122964 0.00967455 0.924851 0.380207 0.170478 0.753847 0.634548 0.589173 0.687292 0.424858 0.21022 -0.422423 0.881684 0.467559 -0.463347 0.752794 0.811565 -0.0661654 0.580504 0.766815 0.220163 0.602929 -0.587616 -0.439476 0.679388 -0.676922 0.132088 0.724106 0.3228 0.463341 0.825297 0.0930846 0.327261 0.940338 0.757128 -0.65324 0.00585986 0.29866 -0.924851 0.235485 0.0235303 -0.220165 0.975179 0.21022 -0.422423 0.881684 0.523352 0.843198 0.122964 0.896001 0.43947 -0.0636317 0.697248 -0.32726 0.637766 -0.448756 0.653236 0.609837 0.580141 0.422417 0.696419 -0.214981 -0.843201 0.492742 -0.0211804 0.066166 0.997584 0.0235303 -0.220165 0.975179 0.896001 0.43947 -0.0636317 0.985296 -0.132085 -0.108372 0.697248 -0.32726 0.637766 -0.448756 0.653236 0.609837 0.580141 0.422417 0.696419 -0.214981 -0.843201 0.492742 0.589173 0.687292 0.424858 0.170478 0.753847 0.634548 -0.2032 0.532447 0.821712 -0.389182 0.107672 0.914846 -0.316391 -0.358202 0.878401 -0.012635 -0.687295 0.726268 0.406028 -0.753856 0.516569 0.779736 -0.532439 0.329425 0.965702 -0.10767 0.236276 0.892926 0.358202 0.272718 -0.316391 -0.358202 0.878401 -0.389182 0.107672 0.914846 0.779736 -0.532439 0.329425 0.406028 -0.753856 0.516569 0.896001 0.43947 -0.0636317 0.892926 0.358202 0.272718 -0.2032 0.532447 0.821712 -0.012635 -0.687295 0.726268 0.892926 0.358202 0.272718 0.965702 -0.10767 0.236276 -0.2032 0.532447 0.821712 -0.587616 -0.439476 0.679388 -0.316391 -0.358202 0.878401 0.757128 -0.65324 0.00585986 0.779736 -0.532439 0.329425 0.17515 -0.248762 0.952596 0.197338 0.577364 0.792281 -0.792281 0.577364 0.197338 -0.92345 -0.248762 0.29216 -0.92345 -0.248762 0.29216 -0.792281 0.577364 0.197338 -0.197338 0.577364 -0.792281 -0.17515 -0.248762 -0.952596 -0.17515 -0.248762 -0.952596 -0.197338 0.577364 -0.792281 0.792281 0.577364 -0.197338 0.92345 -0.248762 -0.29216 0.92345 -0.248762 -0.29216 0.792281 0.577364 -0.197338 0.197338 0.577364 0.792281 0.17515 -0.248762 0.952596 0.375014 -0.199592 0.905277 0.975413 -0.199593 -0.0934486 -0.197338 0.577364 -0.792281 -0.792281 0.577364 0.197338 0.197338 0.577364 0.792281 0.792281 0.577364 -0.197338 0.389275 0.212934 0.896172 0.974061 0.212935 -0.0765735 -0.374988 -0.199595 -0.905288 -0.975413 -0.199593 0.0934487 -0.975413 -0.199593 0.0934487 0.375014 -0.199592 0.905277 0.975413 -0.199593 -0.0934486 -0.374988 -0.199595 -0.905288 -0.974061 0.212935 0.0765735 -0.389275 0.212934 -0.896172 -0.172738 0.271131 -0.946916 -0.917307 0.27113 0.291608 0.974061 0.212935 -0.0765735 -0.389275 0.212934 -0.896172 -0.974061 0.212935 0.0765735 0.389275 0.212934 0.896172 -0.172738 0.271131 -0.946916 0.917307 0.27113 -0.291608 0.958682 -0.0852413 -0.271411 -0.209971 -0.0852398 -0.973985 -0.917307 0.27113 0.291608 0.172738 0.271132 0.946916 0.172738 0.271132 0.946916 0.917307 0.27113 -0.291608 0.958682 -0.0852413 -0.271411 0.209971 -0.0852395 0.973985 0.248486 -0.63321 0.733007 0.763923 -0.63321 -0.124365 -0.958681 -0.0852412 0.271411 0.209971 -0.0852395 0.973985 -0.209971 -0.0852398 -0.973985 -0.958681 -0.0852412 0.271411 -0.763923 -0.63321 0.124365 -0.248486 -0.63321 -0.733007 0.763923 -0.63321 -0.124365 0.248486 -0.63321 0.733007 -0.248486 -0.63321 -0.733007 -0.763923 -0.63321 0.124365 0.763923 -0.63321 -0.124365 -0.248486 -0.63321 -0.733007 -0.763923 -0.63321 0.124365 0.248486 -0.63321 0.733007 -0.3242 -1.54121e-07 -0.945988 -0.987532 2.56464e-08 0.157417 -0.862285 0.44979 0.232708 -0.198956 0.449796 -0.87069 -0.198956 0.449796 -0.87069 -0.862285 0.44979 0.232708 -0.534326 0.727816 0.429859 0.128974 0.727822 -0.673529 -0.128974 0.727822 0.673528 0.534326 0.727816 -0.42986 0.198956 0.449796 0.870689 0.862285 0.44979 -0.232708 0.862285 0.44979 -0.232708 0.198956 0.449796 0.870689 0.3242 1.54121e-07 0.945988 0.987532 -2.56464e-08 -0.157417 0.198956 -0.449796 0.87069 0.862285 -0.44979 -0.232708 0.862285 -0.44979 -0.232708 0.198956 -0.449796 0.87069 -0.128974 -0.727822 0.673529 0.534326 -0.727816 -0.429859 -0.534326 -0.727816 0.42986 0.128974 -0.727822 -0.673528 -0.862285 0.44979 0.232708 -0.987532 2.56464e-08 0.157417 -0.862285 -0.44979 0.232708 -0.534326 -0.727816 0.42986 -0.128974 -0.727822 0.673529 0.198956 -0.449796 0.87069 0.3242 1.54121e-07 0.945988 0.198956 0.449796 0.870689 -0.128974 0.727822 0.673528 -0.534326 0.727816 0.429859 -0.862285 -0.44979 0.232708 -0.198956 -0.449796 -0.870689 -0.198956 -0.449796 -0.870689 -0.862285 -0.44979 0.232708 -0.3242 -1.54121e-07 -0.945988 -0.198956 0.449796 -0.87069 0.128974 0.727822 -0.673529 0.534326 0.727816 -0.42986 0.862285 0.44979 -0.232708 0.987532 -2.56464e-08 -0.157417 0.862285 -0.44979 -0.232708 0.534326 -0.727816 -0.429859 0.128974 -0.727822 -0.673528 -0.198956 -0.449796 -0.870689 -0.103764 -0.248759 0.962991 -0.0367757 0.577364 0.815658 -0.815658 0.577364 -0.0367758 -0.968422 -0.248759 0.0166633 -0.968422 -0.248759 0.0166633 -0.815658 0.577364 -0.0367758 0.0367757 0.577364 -0.815658 0.103764 -0.248759 -0.962991 0.103764 -0.248759 -0.962991 0.0367757 0.577364 -0.815658 0.815658 0.577364 0.0367756 0.968422 -0.248759 -0.0166632 0.968422 -0.248759 -0.0166632 0.815658 0.577364 0.0367756 -0.0367757 0.577364 0.815658 -0.103764 -0.248759 0.962991 0.101263 -0.199596 0.974632 0.961562 -0.199594 0.188577 0.0367757 0.577364 -0.815658 -0.815658 0.577364 -0.0367758 -0.0367757 0.577364 0.815658 0.815658 0.577364 0.0367756 0.117531 0.212935 0.969972 0.955458 0.212931 0.204355 -0.101263 -0.199596 -0.974632 -0.961562 -0.199594 -0.188577 -0.961562 -0.199594 -0.188577 0.101263 -0.199596 0.974632 0.961562 -0.199594 0.188577 -0.101263 -0.199596 -0.974632 -0.955458 0.212931 -0.204355 -0.117531 0.212935 -0.969972 0.104466 0.271129 -0.956857 -0.831494 0.49029 -0.261214 0.955458 0.212931 0.204355 -0.117531 0.212935 -0.969972 -0.955458 0.212931 -0.204355 0.117531 0.212935 0.969972 0.104466 0.271129 -0.956857 0.866489 0.454181 -0.207162 0.941093 -0.292009 -0.170511 0.0764804 -0.0852395 -0.993421 -0.831494 0.49029 -0.261214 -0.00830124 0.622501 0.782575 -0.00830124 0.622501 0.782575 0.866489 0.454181 -0.207162 0.941093 -0.292009 -0.170511 0.00500516 -0.486538 0.873645 0.0291149 -0.633204 0.773438 0.767675 -0.633208 0.098607 -0.904727 -0.327477 -0.27245 -0.905319 -0.412679 0.100469 -0.905319 0.412679 0.100469 0.866489 0.454181 -0.207162 -0.00830124 0.622501 0.782575 0.116277 0.308364 0.944135 0.929835 0.308368 0.200787 0.0764804 -0.0852395 -0.993421 -0.767675 -0.633208 -0.0986067 -0.0291149 -0.633204 -0.773437 0.767675 -0.633208 0.098607 0.0291149 -0.633204 0.773438 -0.0291149 -0.633204 -0.773437 -0.767675 -0.633208 -0.0986067 0.767675 -0.633208 0.098607 -0.0291149 -0.633204 -0.773437 0.00500516 -0.486538 0.873645 -0.904727 -0.327477 -0.27245 -0.767675 -0.633208 -0.0986067 0.0291149 -0.633204 0.773438 -0.0409565 -1.62784e-07 -0.999161 -0.99142 -2.12961e-08 -0.130714 -0.892841 0.449793 -0.0228285 0.0575893 0.449789 -0.891276 0.0575893 0.449789 -0.891276 -0.892841 0.449793 -0.0228285 -0.634731 0.727813 0.259624 0.315688 0.727815 -0.608791 -0.315688 0.727815 0.608791 0.634731 0.727813 -0.259624 -0.0575893 0.449789 0.891276 0.892841 0.449793 0.0228283 0.892841 0.449793 0.0228283 -0.0575893 0.449789 0.891276 0.0409565 1.62784e-07 0.999161 0.99142 2.12961e-08 0.130714 -0.0575893 -0.449789 0.891276 0.892841 -0.449793 0.0228285 0.892841 -0.449793 0.0228285 -0.0575893 -0.449789 0.891276 -0.315688 -0.727815 0.608791 0.634731 -0.727813 -0.259624 -0.634731 -0.727813 0.259624 0.315688 -0.727815 -0.608791 -0.892841 0.449793 -0.0228285 -0.99142 -2.12961e-08 -0.130714 -0.892841 -0.449793 -0.0228283 -0.634731 -0.727813 0.259624 -0.315688 -0.727815 0.608791 -0.0575893 -0.449789 0.891276 0.0409565 1.62784e-07 0.999161 -0.0575893 0.449789 0.891276 -0.315688 0.727815 0.608791 -0.634731 0.727813 0.259624 -0.892841 -0.449793 -0.0228283 0.0575893 -0.449789 -0.891276 0.0575893 -0.449789 -0.891276 -0.892841 -0.449793 -0.0228283 -0.0409565 -1.62784e-07 -0.999161 0.0575893 0.449789 -0.891276 0.315688 0.727815 -0.608791 0.634731 0.727813 -0.259624 0.892841 0.449793 0.0228283 0.99142 2.12961e-08 0.130714 0.892841 -0.449793 0.0228285 0.634731 -0.727813 -0.259624 0.315688 -0.727815 -0.608791 0.0575893 -0.449789 -0.891276 -0.18153 0.412684 0.892602 -0.905319 0.412679 0.100469 -0.905319 -0.412679 0.100469 -0.18153 -0.412684 0.892602 -0.904727 -0.327477 -0.27245 0.00500516 -0.486538 0.873645 -0.18153 -0.412684 0.892602 -0.905319 -0.412679 0.100469 0.00500516 -0.486538 0.873645 -0.00830124 0.622501 0.782575 -0.18153 0.412684 0.892602 -0.18153 -0.412684 0.892602 -0.00830124 0.622501 0.782575 -0.831494 0.49029 -0.261214 -0.905319 0.412679 0.100469 -0.18153 0.412684 0.892602 0.929835 0.308368 0.200787 0.116277 0.308364 0.944135 0.116277 -0.308364 0.944135 0.929835 -0.308368 0.200787 0.929835 0.308368 0.200787 0.929835 -0.308368 0.200787 -0.00830124 0.622501 0.782575 0.00500516 -0.486538 0.873645 0.116277 -0.308364 0.944135 0.116277 0.308364 0.944135 0.00500516 -0.486538 0.873645 0.941093 -0.292009 -0.170511 0.929835 -0.308368 0.200787 0.116277 -0.308364 0.944135 0.926304 -0.248766 0.282979 0.794197 0.577359 0.189493 -0.189493 0.577359 0.794197 -0.165691 -0.248765 0.954286 -0.165691 -0.248765 0.954286 -0.189493 0.577359 0.794197 -0.794197 0.577359 -0.189493 -0.926304 -0.248766 -0.282979 -0.926304 -0.248766 -0.282979 -0.794197 0.577359 -0.189493 0.189493 0.577359 -0.794197 0.165691 -0.248765 -0.954286 0.165691 -0.248765 -0.954286 0.189493 0.577359 -0.794197 0.794197 0.577359 0.189493 0.926304 -0.248766 0.282979 0.976291 -0.199592 0.0837737 0.366016 -0.199595 -0.908952 -0.794197 0.577359 -0.189493 -0.189493 0.577359 0.794197 0.794197 0.577359 0.189493 0.189493 0.577359 -0.794197 0.974773 0.21293 0.0669278 0.380365 0.212934 -0.89999 -0.976291 -0.199592 -0.0837736 -0.366016 -0.199595 0.908952 -0.366016 -0.199595 0.908952 0.976291 -0.199592 0.0837737 0.366016 -0.199595 -0.908952 -0.976291 -0.199592 -0.0837736 -0.380365 0.212935 0.89999 -0.974773 0.21293 -0.0669279 -0.920149 0.271131 -0.282515 -0.163336 0.271129 0.948583 0.380365 0.212934 -0.89999 -0.974773 0.21293 -0.0669279 -0.380365 0.212935 0.89999 0.974773 0.21293 0.0669278 -0.920149 0.271131 -0.282515 0.163336 0.271128 -0.948584 0.20033 -0.0852411 -0.976013 -0.961319 -0.0852397 -0.261914 -0.163336 0.271129 0.948583 0.920149 0.271131 0.282515 0.920149 0.271131 0.282515 0.163336 0.271128 -0.948584 0.20033 -0.0852411 -0.976013 0.961319 -0.0852397 0.261914 0.765115 -0.633212 0.116797 0.241219 -0.633201 -0.735438 -0.20033 -0.0852408 0.976013 0.961319 -0.0852397 0.261914 -0.961319 -0.0852397 -0.261914 -0.20033 -0.0852408 0.976013 -0.241219 -0.633201 0.735439 -0.765115 -0.633212 -0.116797 0.241219 -0.633201 -0.735438 0.765115 -0.633212 0.116797 -0.765115 -0.633212 -0.116797 -0.241219 -0.633201 0.735439 0.241219 -0.633201 -0.735438 -0.765115 -0.633212 -0.116797 -0.241219 -0.633201 0.735439 0.765115 -0.633212 0.116797 -0.989044 -2.40508e-08 -0.147623 -0.314808 1.54637e-07 0.949155 -0.19032 0.449798 0.872617 -0.864546 0.449791 -0.224163 -0.864546 0.449791 -0.224163 -0.19032 0.449798 0.872617 0.135628 0.727824 0.672218 -0.538564 0.727811 -0.424546 0.538564 0.727811 0.424546 -0.135628 0.727824 -0.672218 0.864546 0.449791 0.224163 0.19032 0.449798 -0.872617 0.19032 0.449798 -0.872617 0.864546 0.449791 0.224163 0.989044 2.40508e-08 0.147623 0.314808 -1.54637e-07 -0.949155 0.864546 -0.449791 0.224163 0.19032 -0.449798 -0.872617 0.19032 -0.449798 -0.872617 0.864546 -0.449791 0.224163 0.538564 -0.727811 0.424546 -0.135628 -0.727824 -0.672218 0.135628 -0.727824 0.672218 -0.538564 -0.727811 -0.424546 -0.19032 0.449798 0.872617 -0.314808 1.54637e-07 0.949155 -0.19032 -0.449798 0.872617 0.135628 -0.727824 0.672218 0.538564 -0.727811 0.424546 0.864546 -0.449791 0.224163 0.989044 2.40508e-08 0.147623 0.864546 0.449791 0.224163 0.538564 0.727811 0.424546 0.135628 0.727824 0.672218 -0.19032 -0.449798 0.872617 -0.864546 -0.449791 -0.224163 -0.864546 -0.449791 -0.224163 -0.19032 -0.449798 0.872617 -0.989044 -2.40508e-08 -0.147623 -0.864546 0.449791 -0.224163 -0.538564 0.727811 -0.424546 -0.135628 0.727824 -0.672218 0.19032 0.449798 -0.872617 0.314808 -1.54637e-07 -0.949155 0.19032 -0.449798 -0.872617 -0.135628 -0.727824 -0.672218 -0.538564 -0.727811 -0.424546 -0.864546 -0.449791 -0.224163 0.807137 -0.248761 0.535396 0.707186 0.577358 0.4081 -0.4081 0.577358 0.707186 -0.430957 -0.248759 0.867407 -0.430957 -0.248759 0.867407 -0.4081 0.577358 0.707186 -0.707186 0.577358 -0.4081 -0.807137 -0.248761 -0.535395 -0.807137 -0.248761 -0.535395 -0.707186 0.577358 -0.4081 0.4081 0.577358 -0.707186 0.430957 -0.248759 -0.867407 0.430957 -0.248759 -0.867407 0.4081 0.577358 -0.707186 0.707186 0.577358 0.4081 0.807137 -0.248761 0.535396 0.911855 -0.199596 0.358723 0.610043 -0.199594 -0.766818 -0.707186 0.577358 -0.4081 -0.4081 0.577358 0.707186 0.707186 0.577358 0.4081 0.4081 0.577358 -0.707186 0.915212 0.212933 0.342121 0.621248 0.212932 -0.754129 -0.911855 -0.199596 -0.358723 -0.610043 -0.199594 0.766818 -0.610043 -0.199594 0.766818 0.911855 -0.199596 0.358723 0.610043 -0.199594 -0.766818 -0.911855 -0.199596 -0.358723 -0.621248 0.212932 0.754129 -0.915212 0.212933 -0.342121 -0.801367 0.27113 -0.533197 -0.427078 0.271128 0.862609 0.621248 0.212932 -0.754129 -0.915212 0.212933 -0.342121 -0.621248 0.212932 0.754129 0.915212 0.212933 0.342121 -0.801367 0.27113 -0.533197 0.427078 0.271127 -0.862609 0.47034 -0.0852418 -0.878359 -0.846709 -0.0852417 -0.525184 -0.427078 0.271128 0.862609 0.801367 0.271131 0.533197 0.801367 0.271131 0.533197 0.427078 0.271127 -0.862609 0.47034 -0.0852418 -0.878359 0.846709 -0.0852415 0.525184 0.700039 -0.633203 0.330152 0.440936 -0.633204 -0.636104 -0.47034 -0.0852415 0.878359 0.846709 -0.0852415 0.525184 -0.846709 -0.0852417 -0.525184 -0.47034 -0.0852415 0.878359 -0.440936 -0.633204 0.636104 -0.700039 -0.633203 -0.330152 0.440936 -0.633204 -0.636104 0.700039 -0.633203 0.330152 -0.700039 -0.633203 -0.330152 -0.440936 -0.633204 0.636104 0.440936 -0.633204 -0.636104 -0.700039 -0.633203 -0.330152 -0.440936 -0.633204 0.636104 0.700039 -0.633203 0.330152 -0.905874 -6.90046e-08 -0.423547 -0.572419 1.33589e-07 0.819961 -0.431265 0.44979 0.782112 -0.764724 0.449794 -0.461392 -0.764724 0.449794 -0.461392 -0.431265 0.44979 0.782112 -0.0616792 0.727821 0.682988 -0.395126 0.72781 -0.560507 0.395126 0.72781 0.560507 0.0616792 0.727821 -0.682988 0.764724 0.449795 0.461392 0.431265 0.44979 -0.782112 0.431265 0.44979 -0.782112 0.764724 0.449795 0.461392 0.905874 6.90046e-08 0.423547 0.572419 -1.33589e-07 -0.819961 0.764724 -0.449794 0.461392 0.431265 -0.44979 -0.782112 0.431265 -0.44979 -0.782112 0.764724 -0.449794 0.461392 0.395126 -0.72781 0.560507 0.0616792 -0.727821 -0.682988 -0.0616792 -0.727821 0.682988 -0.395126 -0.72781 -0.560507 -0.431265 0.44979 0.782112 -0.572419 1.33589e-07 0.819961 -0.431265 -0.44979 0.782112 -0.0616792 -0.727821 0.682988 0.395126 -0.72781 0.560507 0.764724 -0.449794 0.461392 0.905874 6.90046e-08 0.423547 0.764724 0.449795 0.461392 0.395126 0.72781 0.560507 -0.0616792 0.727821 0.682988 -0.431265 -0.44979 0.782112 -0.764724 -0.449795 -0.461392 -0.764724 -0.449795 -0.461392 -0.431265 -0.44979 0.782112 -0.905874 -6.90046e-08 -0.423547 -0.764724 0.449794 -0.461392 -0.395126 0.72781 -0.560507 0.0616792 0.727821 -0.682988 0.431265 0.44979 -0.782112 0.572419 -1.33589e-07 -0.819961 0.431265 -0.44979 -0.782112 0.0616792 -0.727821 -0.682988 -0.395126 -0.72781 -0.560507 -0.764724 -0.449795 -0.461392 0.942981 -0.248762 -0.221142 0.781776 0.577359 -0.235546 0.235546 0.57736 0.781776 0.336598 -0.248763 0.908195 0.336598 -0.248763 0.908195 0.235546 0.57736 0.781776 -0.781776 0.57736 0.235546 -0.942981 -0.248762 0.221142 -0.942981 -0.248762 0.221142 -0.781776 0.57736 0.235546 -0.235546 0.577359 -0.781776 -0.336598 -0.248763 -0.908195 -0.336598 -0.248763 -0.908195 -0.235546 0.577359 -0.781776 0.781776 0.577359 -0.235546 0.942981 -0.248762 -0.221142 0.886025 -0.199594 -0.418475 -0.140661 -0.199592 -0.969731 -0.781776 0.57736 0.235546 0.235546 0.57736 0.781776 0.781776 0.577359 -0.235546 -0.235546 0.577359 -0.781776 0.87624 0.212933 -0.432276 -0.123725 0.212933 -0.969202 -0.886025 -0.199594 0.418475 0.140631 -0.199593 0.969735 0.140631 -0.199593 0.969735 0.886025 -0.199594 -0.418475 -0.140661 -0.199592 -0.969731 -0.886025 -0.199594 0.418475 0.123725 0.212933 0.969202 -0.87624 0.212933 0.432276 -0.937425 0.271132 0.218456 0.33577 0.271131 0.902079 -0.123725 0.212933 -0.969202 -0.87624 0.212933 0.432276 0.123725 0.212933 0.969202 0.87624 0.212933 -0.432276 -0.937425 0.271132 0.218456 -0.562561 0.497829 -0.66007 -0.557593 -0.347069 -0.754078 -0.962654 -0.0852389 0.256968 0.33577 0.271131 0.902079 0.860984 0.497833 0.104254 0.860984 0.497833 0.104254 -0.562561 0.497829 -0.66007 -0.557593 -0.347069 -0.754078 0.936603 -0.347064 0.0481898 0.720097 -0.633209 -0.283736 -0.161292 -0.633206 -0.756991 0.317584 -0.0852404 0.944391 0.936603 -0.347064 0.0481898 -0.180095 0.440304 -0.879601 -0.180095 -0.440304 -0.879601 -0.962654 -0.0852389 0.256968 0.317584 -0.0852404 0.944391 0.161263 -0.633209 0.756995 -0.720097 -0.633209 0.283736 -0.161292 -0.633206 -0.756991 0.720097 -0.633209 -0.283736 -0.720097 -0.633209 0.283736 0.161263 -0.633209 0.756995 -0.161292 -0.633206 -0.756991 -0.720097 -0.633209 0.283736 0.161263 -0.633209 0.756995 0.720097 -0.633209 -0.283736 -0.929149 6.02328e-08 0.369706 0.205117 1.59457e-07 0.978738 0.274252 0.449802 0.849979 -0.860013 0.449799 0.240953 -0.860013 0.449799 0.240953 0.274252 0.449802 0.849979 0.455257 0.727825 0.512847 -0.678991 0.727821 -0.096166 0.678991 0.727821 0.0961658 -0.455257 0.727825 -0.512847 0.860013 0.449799 -0.240953 -0.274252 0.449802 -0.849979 -0.274252 0.449802 -0.849979 0.860013 0.449799 -0.240953 0.929149 -6.02328e-08 -0.369706 -0.205117 -1.59457e-07 -0.978738 0.860013 -0.449799 -0.240953 -0.274252 -0.449802 -0.849979 -0.274252 -0.449802 -0.849979 0.860013 -0.449799 -0.240953 0.678991 -0.727821 0.096166 -0.455257 -0.727825 -0.512847 0.455257 -0.727825 0.512847 -0.678991 -0.727821 -0.0961658 0.274252 0.449802 0.849979 0.205117 1.59457e-07 0.978738 0.274252 -0.449802 0.849979 0.455257 -0.727825 0.512847 0.678991 -0.727821 0.096166 0.860013 -0.449799 -0.240953 0.929149 -6.02328e-08 -0.369706 0.860013 0.449799 -0.240953 0.678991 0.727821 0.0961658 0.455257 0.727825 0.512847 0.274252 -0.449802 0.849979 -0.860013 -0.449799 0.240953 -0.860013 -0.449799 0.240953 0.274252 -0.449802 0.849979 -0.929149 6.02328e-08 0.369706 -0.860013 0.449799 0.240953 -0.678991 0.727821 -0.096166 -0.455257 0.727825 -0.512847 -0.274252 0.449802 -0.849979 -0.205117 -1.59457e-07 -0.978738 -0.274252 -0.449802 -0.849979 -0.455257 -0.727825 -0.512847 -0.678991 -0.727821 -0.0961658 -0.860013 -0.449799 0.240953 -0.180095 0.440304 -0.879601 0.832688 0.440302 -0.335804 0.832688 -0.440302 -0.335804 -0.180095 -0.440304 -0.879601 0.832688 -0.440302 -0.335804 0.832688 0.440302 -0.335804 0.936603 -0.347064 0.0481898 -0.557593 -0.347069 -0.754078 -0.180095 -0.440304 -0.879601 0.832688 -0.440302 -0.335804 -0.562561 0.497829 -0.66007 0.860984 0.497833 0.104254 0.832688 0.440302 -0.335804 -0.180095 0.440304 -0.879601 0.966888 -0.248764 0.0569494 0.816482 0.577364 -0.00280787 0.00280777 0.577364 0.816482 0.0636319 -0.248759 0.966473 0.0636319 -0.248759 0.966473 0.00280777 0.577364 0.816482 -0.816482 0.577364 0.00280768 -0.966888 -0.248764 -0.0569493 -0.966888 -0.248764 -0.0569493 -0.816482 0.577364 0.00280768 -0.00280777 0.577364 -0.816482 -0.0636319 -0.24876 -0.966473 -0.0636319 -0.24876 -0.966473 -0.00280777 0.577364 -0.816482 0.816482 0.577364 -0.00280787 0.966888 -0.248764 0.0569494 0.968574 -0.199593 -0.148413 0.141698 -0.199593 -0.969579 -0.816482 0.577364 0.00280768 0.00280777 0.577364 0.816482 0.816482 0.577364 -0.00280787 -0.00280777 0.577364 -0.816482 0.96313 0.212934 -0.164438 0.157783 0.21293 -0.964244 -0.968574 -0.199593 0.148413 -0.141698 -0.199592 0.96958 -0.141698 -0.199592 0.96958 0.968574 -0.199593 -0.148413 0.141698 -0.199593 -0.969579 -0.968574 -0.199593 0.148413 -0.157782 0.21293 0.964243 -0.96313 0.212934 0.164438 -0.960798 0.271131 -0.057925 0.0645783 0.271131 0.960374 0.157783 0.21293 -0.964244 -0.96313 0.212934 0.164438 -0.157782 0.21293 0.964243 0.96313 0.212934 -0.164438 -0.960798 0.271131 -0.057925 -0.0645783 0.271131 -0.960374 -0.0350968 -0.0852396 -0.995742 -0.995961 -0.0852399 -0.0281997 0.0645783 0.271131 0.960374 0.960798 0.271131 0.0579249 0.960798 0.271131 0.0579249 -0.0645783 0.271131 -0.960374 -0.0350968 -0.0852396 -0.995742 0.995961 -0.0852399 0.0281997 0.771116 -0.633202 -0.0665917 0.0612822 -0.633209 -0.771551 0.0350968 -0.0852393 0.995742 0.995961 -0.0852399 0.0281997 -0.995961 -0.0852399 -0.0281997 0.0350968 -0.0852393 0.995742 -0.0612822 -0.633208 0.771551 -0.771116 -0.633202 0.0665919 0.0612822 -0.633209 -0.771551 0.771116 -0.633202 -0.0665917 -0.771116 -0.633202 0.0665919 -0.0612822 -0.633208 0.771551 0.0612822 -0.633209 -0.771551 -0.771116 -0.633202 0.0665919 -0.0612822 -0.633208 0.771551 0.771116 -0.633202 -0.0665917 -0.995997 1.45636e-08 0.089391 -0.0824923 1.62365e-07 0.996592 0.0204784 0.449791 0.892899 -0.89302 0.449791 -0.014283 -0.89302 0.449791 -0.014283 0.0204784 0.449791 0.892899 0.290111 0.727811 0.621392 -0.623378 0.727814 -0.285809 0.623378 0.727814 0.285809 -0.290111 0.72781 -0.621392 0.89302 0.449791 0.0142829 -0.0204784 0.449791 -0.892899 -0.0204784 0.449791 -0.892899 0.89302 0.449791 0.0142829 0.995997 -1.45636e-08 -0.089391 0.0824923 -1.62365e-07 -0.996592 0.89302 -0.449791 0.014283 -0.0204784 -0.449791 -0.892899 -0.0204784 -0.449791 -0.892899 0.89302 -0.449791 0.014283 0.623378 -0.727814 0.285809 -0.290111 -0.727811 -0.621392 0.290083 -0.727817 0.621397 -0.623378 -0.727814 -0.285809 0.0204784 0.449791 0.892899 -0.0824923 1.62365e-07 0.996592 0.0204784 -0.449791 0.892899 0.290083 -0.727817 0.621397 0.623378 -0.727814 0.285809 0.89302 -0.449791 0.014283 0.995997 -1.45636e-08 -0.089391 0.89302 0.449791 0.0142829 0.623378 0.727814 0.285809 0.290111 0.727811 0.621392 0.0204784 -0.449791 0.892899 -0.89302 -0.449791 -0.0142829 -0.89302 -0.449791 -0.0142829 0.0204784 -0.449791 0.892899 -0.995997 1.45636e-08 0.089391 -0.89302 0.449791 -0.014283 -0.623378 0.727814 -0.285809 -0.290111 0.72781 -0.621392 -0.0204784 0.449791 -0.892899 0.0824923 -1.62365e-07 -0.996592 -0.0204784 -0.449791 -0.892899 -0.290111 -0.727811 -0.621392 -0.623378 -0.727814 -0.285809 -0.89302 -0.449791 -0.0142829 0.684496 -0.248766 -0.685259 0.539947 0.577364 -0.612461 0.612461 0.577364 0.539947 0.764994 -0.248762 0.594056 0.764994 -0.248762 0.594056 0.612461 0.577364 0.539947 -0.539947 0.577364 0.612461 -0.684496 -0.248766 0.685259 -0.684496 -0.248766 0.685259 -0.539947 0.577364 0.612461 -0.612461 0.577364 -0.539947 -0.764994 -0.248762 -0.594056 -0.764994 -0.248762 -0.594056 -0.612461 0.577364 -0.539947 0.539947 0.577364 -0.612461 0.684496 -0.248766 -0.685259 0.532041 -0.199595 -0.822858 -0.630988 -0.199597 -0.749677 -0.539947 0.577364 0.612461 0.612461 0.577364 0.539947 0.539947 0.577364 -0.612461 -0.612461 0.577364 -0.539947 0.516425 0.212936 -0.829436 -0.616331 0.212931 -0.758153 -0.532041 -0.199595 0.822858 0.630988 -0.199596 0.749677 0.630988 -0.199596 0.749677 0.532041 -0.199595 -0.822858 -0.630988 -0.199597 -0.749677 -0.532041 -0.199595 0.822858 0.616331 0.212931 0.758153 -0.516425 0.212937 0.829436 -0.681199 0.271137 0.680039 0.761074 0.271128 0.589284 -0.616331 0.212931 -0.758153 -0.516425 0.212937 0.829436 0.616331 0.212931 0.758153 0.516425 0.212936 -0.829436 -0.681199 0.271137 0.680039 -0.761074 0.271128 -0.589285 -0.767943 -0.085239 -0.634821 -0.682311 -0.0852392 0.726075 0.516425 0.212936 -0.829436 0.616331 0.212931 0.758153 0.761074 0.271128 0.589284 0.681199 0.271137 -0.680039 0.681199 0.271137 -0.680039 -0.761074 0.271128 -0.589285 -0.767943 -0.085239 -0.634821 0.682311 -0.0852394 -0.726075 0.462119 -0.633209 -0.62088 -0.536304 -0.633201 -0.558064 0.681199 0.271137 -0.680039 0.761074 0.271128 0.589284 0.767943 -0.0852388 0.634821 0.682311 -0.0852394 -0.726075 -0.35772 -0.301503 -0.883817 0.244095 -0.301503 -0.921691 -0.682311 -0.0852392 0.726075 0.767943 -0.0852388 0.634821 0.536304 -0.6332 0.558064 -0.462119 -0.633209 0.62088 -0.536304 -0.633201 -0.558064 0.462119 -0.633209 -0.62088 -0.462119 -0.633209 0.62088 0.536304 -0.6332 0.558064 -0.536304 -0.633201 -0.558064 -0.462119 -0.633209 0.62088 0.536304 -0.6332 0.558064 0.462119 -0.633209 -0.62088 -0.594389 1.31017e-07 0.804177 0.690497 1.17846e-07 0.723335 0.681344 0.449794 0.577456 -0.603573 0.449788 0.658324 -0.603573 0.449788 0.658324 0.681344 0.449794 0.577456 0.657291 0.727821 0.195567 -0.62759 0.727813 0.27644 0.62759 0.727813 -0.27644 -0.657291 0.72782 -0.195567 0.603573 0.449788 -0.658324 -0.681344 0.449794 -0.577456 -0.681344 0.449794 -0.577456 0.603573 0.449788 -0.658324 0.594389 -1.31017e-07 -0.804177 -0.690497 -1.17846e-07 -0.723335 0.603573 -0.449788 -0.658324 -0.681344 -0.449794 -0.577456 -0.681344 -0.449794 -0.577456 0.603573 -0.449788 -0.658324 0.62759 -0.727813 -0.27644 -0.657291 -0.727821 -0.195567 0.657291 -0.72782 0.195567 -0.62759 -0.727813 0.27644 0.681344 0.449794 0.577456 0.690497 1.17846e-07 0.723335 0.681344 -0.449794 0.577456 0.657291 -0.72782 0.195567 0.62759 -0.727813 -0.27644 0.603573 -0.449788 -0.658324 0.594389 -1.31017e-07 -0.804177 0.603573 0.449788 -0.658324 0.62759 0.727813 -0.27644 0.657291 0.727821 0.195567 0.681344 -0.449794 0.577456 -0.603573 -0.449788 0.658324 -0.603573 -0.449788 0.658324 0.681344 -0.449794 0.577456 -0.594389 1.31017e-07 0.804177 -0.603573 0.449788 0.658324 -0.62759 0.727813 0.27644 -0.657291 0.72782 -0.195567 -0.681344 0.449794 -0.577456 -0.690497 -1.17846e-07 -0.723335 -0.681344 -0.449794 -0.577456 -0.657291 -0.727821 -0.195567 -0.62759 -0.727813 0.27644 -0.603573 -0.449788 0.658324 0.244095 0.301503 -0.921691 0.244095 -0.301503 -0.921691 0.539947 -0.577364 -0.612461 0.539947 0.577364 -0.612461 0.244095 0.301503 -0.921691 -0.35772 0.301503 -0.883817 0.539947 -0.577364 -0.612461 -0.612461 -0.577364 -0.539947 -0.612461 0.577364 -0.539947 0.539947 0.577364 -0.612461 0.244095 -0.301503 -0.921691 -0.35772 -0.301503 -0.883817 -0.612461 -0.577364 -0.539947 0.539947 -0.577364 -0.612461 -0.35772 -0.301503 -0.883817 -0.35772 0.301503 -0.883817 -0.612461 0.577364 -0.539947 -0.612461 -0.577364 -0.539947 -0.35772 0.301503 -0.883817 0.244095 0.301503 -0.921691 0.539947 0.577364 -0.612461 -0.612461 0.577364 -0.539947 0.851491 -0.248764 -0.461606 0.6922 0.577357 -0.433033 0.433033 0.577357 0.6922 0.563812 -0.248762 0.787549 -0.6922 0.577357 0.433033 -0.851491 -0.248763 0.461606 -0.851491 -0.248763 0.461606 -0.6922 0.577357 0.433033 -0.433033 0.577357 -0.6922 -0.563812 -0.248762 -0.787549 -0.563812 -0.248762 -0.787549 -0.433033 0.577357 -0.6922 0.6922 0.577357 -0.433033 0.851491 -0.248764 -0.461606 0.744606 -0.199595 -0.636965 -0.390985 -0.199598 -0.898494 -0.6922 0.577357 0.433033 0.433033 0.577357 0.6922 0.6922 0.577357 -0.433033 -0.433033 0.577357 -0.6922 0.731522 0.212934 -0.647715 -0.374535 0.212934 -0.902431 -0.744606 -0.199595 0.636965 0.390985 -0.199597 0.898494 0.851491 -0.248764 -0.461606 0.563812 -0.248762 0.787549 0.390985 -0.199597 0.898494 0.744606 -0.199595 -0.636965 -0.851491 -0.248763 0.461606 -0.563812 -0.248762 -0.787549 -0.390985 -0.199598 -0.898494 -0.744606 -0.199595 0.636965 0.374535 0.212935 0.902431 -0.731522 0.212935 0.647715 -0.846843 0.271131 0.457542 0.561399 0.271132 0.781869 -0.744606 -0.199595 0.636965 -0.390985 -0.199598 -0.898494 -0.374535 0.212934 -0.902431 -0.731522 0.212935 0.647715 0.744606 -0.199595 -0.636965 0.731522 0.212934 -0.647715 -0.846843 0.271131 0.457542 -0.561399 0.271132 -0.781869 -0.555017 -0.0852395 -0.82746 -0.861041 -0.0852403 0.501341 -0.731522 0.212935 0.647715 -0.374535 0.212934 -0.902431 -0.561399 0.271132 -0.781869 -0.846843 0.271131 0.457542 0.731522 0.212934 -0.647715 0.374535 0.212935 0.902431 0.561399 0.271132 0.781869 0.846843 0.271131 -0.457542 0.846843 0.271131 -0.457542 -0.561399 0.271132 -0.781869 -0.555017 -0.0852395 -0.82746 0.861041 -0.0852405 -0.501341 0.619994 -0.633208 -0.463309 -0.354873 -0.633205 -0.687834 0.846843 0.271131 -0.457542 0.555017 -0.0852393 0.82746 0.861041 -0.0852405 -0.501341 -0.861041 -0.0852403 0.501341 0.354873 -0.633205 0.687834 -0.619994 -0.633208 0.463309 -0.354873 -0.633205 -0.687834 0.619994 -0.633208 -0.463309 -0.619994 -0.633208 0.463309 0.354873 -0.633205 0.687834 -0.354873 -0.633205 -0.687834 -0.619994 -0.633208 0.463309 0.619994 -0.633208 -0.463309 -0.799039 9.79607e-08 0.601279 0.455556 1.45033e-07 0.890207 0.488347 0.4498 0.747795 -0.766248 0.449793 0.458857 -0.766248 0.449793 0.458857 0.488347 0.4498 0.747795 0.574219 0.727822 0.374898 -0.68036 0.727818 0.085972 0.68036 0.727818 -0.0859722 -0.574219 0.727822 -0.374898 0.766248 0.449793 -0.458858 -0.488347 0.4498 -0.747795 -0.488347 0.4498 -0.747795 0.766248 0.449793 -0.458858 0.799039 -9.79607e-08 -0.601279 -0.455556 -1.45033e-07 -0.890207 0.766248 -0.449793 -0.458857 -0.488347 -0.4498 -0.747795 -0.488347 -0.4498 -0.747795 0.766248 -0.449793 -0.458857 0.68036 -0.727818 -0.085972 -0.574219 -0.727822 -0.374898 0.574219 -0.727822 0.374898 -0.68036 -0.727818 0.0859722 0.488347 0.4498 0.747795 0.455556 1.45033e-07 0.890207 0.488347 -0.4498 0.747795 0.574219 -0.727822 0.374898 0.68036 -0.727818 -0.085972 0.766248 -0.449793 -0.458857 0.799039 -9.79607e-08 -0.601279 0.766248 0.449793 -0.458858 0.68036 0.727818 -0.0859722 0.574219 0.727822 0.374898 0.488347 -0.4498 0.747795 -0.766248 -0.449793 0.458858 -0.766248 -0.449793 0.458858 -0.799039 9.79607e-08 0.601279 -0.799039 9.79607e-08 0.601279 -0.766248 0.449793 0.458857 -0.68036 0.727818 0.085972 -0.574219 0.727822 -0.374898 -0.488347 0.4498 -0.747795 -0.455556 -1.45033e-07 -0.890207 -0.488347 -0.4498 -0.747795 -0.574219 -0.727822 -0.374898 -0.68036 -0.727818 0.0859722 -0.766248 -0.449793 0.458858 -0.233317 -0.24876 -0.940043 -0.245619 0.577363 -0.778668 0.778668 0.577363 -0.245619 0.903766 -0.248762 -0.348316 0.903766 -0.248762 -0.348316 0.778668 0.577363 -0.245619 0.245619 0.577363 0.778668 0.233317 -0.248759 0.940044 0.233317 -0.248759 0.940044 0.245619 0.577363 0.778668 -0.778668 0.577363 0.245619 -0.903766 -0.248762 0.348316 -0.903766 -0.248762 0.348316 -0.778668 0.577363 0.245619 -0.245619 0.577363 -0.778668 -0.233317 -0.24876 -0.940043 -0.429894 -0.199596 -0.880541 -0.967832 -0.199597 0.153177 0.245619 0.577363 0.778668 0.778668 0.577363 -0.245619 -0.245619 0.577363 -0.778668 -0.778668 0.577363 0.245619 -0.443574 0.212936 -0.870575 -0.967518 0.212932 0.136268 0.429894 -0.199596 0.880541 0.967832 -0.199597 -0.153177 0.967832 -0.199597 -0.153177 -0.429894 -0.199596 -0.880541 -0.967832 -0.199597 0.153177 0.429894 -0.199596 0.880541 0.967518 0.212932 -0.136268 0.443562 0.212931 0.870582 0.361138 0.423672 0.830711 0.88757 0.423673 -0.18089 -0.967518 0.212932 0.136268 0.443562 0.212931 0.870582 0.967518 0.212932 -0.136268 -0.443574 0.212936 -0.870575 -0.88757 0.423673 0.180889 -0.949965 -0.251202 0.185647 -0.818125 -0.240429 0.522365 -0.818125 0.240429 0.522365 0.361138 0.423672 0.830711 0.88757 0.423673 -0.18089 -0.361138 0.423672 -0.830711 -0.361138 0.423672 -0.830711 -0.88757 0.423673 0.180889 -0.949965 -0.251202 0.185647 -0.393056 -0.251203 -0.884536 -0.293041 -0.633203 -0.716366 -0.754848 -0.633201 0.171057 0.949965 -0.251202 -0.185647 0.818125 -0.240429 -0.522365 0.818125 0.240429 -0.522365 0.393056 -0.251203 0.884536 0.949965 -0.251202 -0.185647 0.754848 -0.633201 -0.171057 0.293041 -0.633203 0.716367 -0.754848 -0.633201 0.171057 -0.293041 -0.633203 -0.716366 0.293041 -0.633203 0.716367 0.754848 -0.633201 -0.171057 0.393056 -0.251203 0.884536 -0.754848 -0.633201 0.171057 0.293041 -0.633203 0.716367 -0.393056 -0.251203 -0.884536 0.754848 -0.633201 -0.171057 -0.293041 -0.633203 -0.716366 0.381697 1.50586e-07 0.924288 0.976004 -3.54767e-08 -0.217754 0.846361 0.449794 -0.285233 0.25203 0.449796 0.856834 0.25203 0.449796 0.856834 0.846361 0.449794 -0.285233 0.506924 0.727822 -0.461847 -0.0873762 0.72782 0.680179 0.0873762 0.72782 -0.680179 -0.506924 0.727822 0.461847 -0.25203 0.449796 -0.856834 -0.846361 0.449794 0.285233 -0.846361 0.449794 0.285233 -0.25203 0.449796 -0.856834 -0.381697 -1.50586e-07 -0.924288 -0.976004 3.54767e-08 0.217754 -0.25203 -0.449796 -0.856834 -0.846361 -0.449794 0.285233 -0.846361 -0.449794 0.285233 -0.25203 -0.449796 -0.856834 0.0873459 -0.727822 -0.680181 -0.506924 -0.727822 0.461847 0.506924 -0.727822 -0.461847 -0.0873459 -0.727822 0.680181 0.846361 0.449794 -0.285233 0.976004 -3.54767e-08 -0.217754 0.846361 -0.449794 -0.285233 0.506924 -0.727822 -0.461847 0.0873459 -0.727822 -0.680181 -0.25203 -0.449796 -0.856834 -0.381697 -1.50586e-07 -0.924288 -0.25203 0.449796 -0.856834 0.0873762 0.72782 -0.680179 0.506924 0.727822 -0.461847 0.846361 -0.449794 -0.285233 0.25203 -0.449796 0.856834 0.25203 -0.449796 0.856834 0.846361 -0.449794 -0.285233 0.381697 1.50586e-07 0.924288 0.25203 0.449796 0.856834 -0.0873762 0.72782 0.680179 -0.506924 0.727822 0.461847 -0.846361 0.449794 0.285233 -0.976004 3.54767e-08 0.217754 -0.846361 -0.449794 0.285233 -0.506924 -0.727822 0.461847 -0.0873459 -0.727822 0.680181 0.25203 -0.449796 0.856834 0.041628 0.240429 0.969774 0.041628 -0.240429 0.969774 -0.041628 0.240429 -0.969774 -0.041628 -0.240429 -0.969774 -0.041628 0.240429 -0.969774 -0.041628 -0.240429 -0.969774 0.041628 0.240429 0.969774 0.041628 -0.240429 0.969774 0.0444357 -0.248761 -0.967545 -0.0133673 0.577357 -0.816382 0.816382 0.577358 -0.0133674 0.965569 -0.248763 -0.076115 0.965569 -0.248763 -0.076115 0.816382 0.577358 -0.0133674 0.0133673 0.577358 0.816382 -0.0444357 -0.248761 0.967545 -0.0444357 -0.248761 0.967545 0.0133673 0.577358 0.816382 -0.816382 0.577358 0.0133672 -0.965569 -0.248763 0.0761151 -0.965569 -0.248763 0.0761151 -0.816382 0.577358 0.0133672 -0.0133673 0.577357 -0.816382 0.0444357 -0.248761 -0.967545 -0.160928 -0.199596 -0.966573 -0.971329 -0.199595 -0.129157 0.0133673 0.577358 0.816382 0.816382 0.577358 -0.0133674 -0.0133673 0.577357 -0.816382 -0.816382 0.577358 0.0133672 -0.176888 0.212931 -0.960922 -0.966203 0.212931 -0.145301 0.160928 -0.199595 0.966573 0.971329 -0.199594 0.129157 0.971329 -0.199594 0.129157 -0.160928 -0.199596 -0.966573 -0.971329 -0.199595 -0.129157 0.160928 -0.199595 0.966573 0.966203 0.212931 0.145301 0.176888 0.212931 0.960922 -0.0455036 0.27113 0.961467 0.959458 0.271131 -0.0769996 -0.966203 0.212931 -0.145301 0.176888 0.212931 0.960922 0.966203 0.212931 0.145301 -0.176888 0.212931 -0.960922 -0.0455036 0.27113 0.961467 -0.959458 0.271131 0.0769995 -0.995206 -0.0852406 0.0479459 -0.0153207 -0.0852403 0.996243 0.959458 0.271131 -0.0769996 0.0455036 0.27113 -0.961467 0.0455036 0.27113 -0.961467 -0.959458 0.271131 0.0769995 -0.995206 -0.0852406 0.0479459 0.0153207 -0.0852407 -0.996243 -0.0765726 -0.633212 -0.770181 -0.772281 -0.633206 -0.0513022 0.995206 -0.0852406 -0.0479459 0.0153207 -0.0852407 -0.996243 -0.0153207 -0.0852403 0.996243 0.995206 -0.0852406 -0.0479459 0.772281 -0.633206 0.0513024 0.0765726 -0.633211 0.770182 -0.772281 -0.633206 -0.0513022 -0.0765726 -0.633212 -0.770181 0.0765726 -0.633211 0.770182 0.772281 -0.633206 0.0513024 -0.772281 -0.633206 -0.0513022 0.0765726 -0.633211 0.770182 0.772281 -0.633206 0.0513024 -0.0765726 -0.633212 -0.770181 0.102238 1.62067e-07 0.99476 0.997576 1.13366e-08 0.0695834 0.89256 0.44979 -0.0320146 -0.00274677 0.449798 0.893126 -0.00274677 0.449798 0.893126 0.89256 0.44979 -0.0320146 0.617584 0.727819 -0.29811 -0.277724 0.72782 0.627015 0.277724 0.72782 -0.627015 -0.617584 0.727819 0.29811 0.00274677 0.449798 -0.893126 -0.89256 0.44979 0.0320144 -0.89256 0.44979 0.0320144 0.00274677 0.449798 -0.893126 -0.102238 -1.62067e-07 -0.99476 -0.997576 -1.13366e-08 -0.0695834 0.00274677 -0.449798 -0.893126 -0.89256 -0.44979 0.0320146 -0.89256 -0.44979 0.0320146 0.00274677 -0.449798 -0.893126 0.277724 -0.72782 -0.627015 -0.617584 -0.727819 0.29811 0.617584 -0.727819 -0.29811 -0.277724 -0.72782 0.627015 0.89256 0.44979 -0.0320146 0.997576 1.13366e-08 0.0695834 0.89256 -0.44979 -0.0320144 0.617584 -0.727819 -0.29811 0.277724 -0.72782 -0.627015 0.00274677 -0.449798 -0.893126 -0.102238 -1.62067e-07 -0.99476 0.00274677 0.449798 -0.893126 0.277724 0.72782 -0.627015 0.617584 0.727819 -0.29811 0.89256 -0.44979 -0.0320144 -0.00274677 -0.449798 0.893126 -0.00274677 -0.449798 0.893126 0.89256 -0.44979 -0.0320144 0.102238 1.62067e-07 0.99476 -0.00274677 0.449798 0.893126 -0.277724 0.72782 0.627015 -0.617584 0.727819 0.29811 -0.89256 0.44979 0.0320144 -0.997576 -1.13366e-08 -0.0695834 -0.89256 -0.44979 0.0320146 -0.617584 -0.727819 0.29811 -0.277724 -0.72782 0.627015 -0.00274677 -0.449798 0.893126 -0.855467 -0.248766 -0.454194 -0.743586 0.577351 -0.337261 0.337261 0.577351 -0.743586 0.344383 -0.248765 -0.905271 0.344383 -0.248765 -0.905271 0.337261 0.577351 -0.743586 0.743586 0.577351 0.337261 0.855467 -0.248766 0.454194 0.855467 -0.248766 0.454194 0.743586 0.577351 0.337261 -0.337261 0.577351 0.743586 -0.344383 -0.248765 0.905272 -0.344383 -0.248765 0.905272 -0.337261 0.577351 0.743586 -0.743586 0.577351 -0.337261 -0.855467 -0.248766 -0.454194 -0.942475 -0.199598 -0.268145 -0.53241 -0.199596 0.822618 0.743586 0.577351 0.337261 0.337261 0.577351 -0.743586 -0.743586 0.577351 -0.337261 -0.337261 0.577351 0.743586 -0.944192 0.21293 -0.251323 -0.5448 0.212933 0.811081 0.942475 -0.199598 0.268145 0.53241 -0.199597 -0.822618 0.53241 -0.199597 -0.822618 -0.942475 -0.199598 -0.268145 -0.53241 -0.199596 0.822618 0.942475 -0.199598 0.268145 0.5448 0.212933 -0.811081 0.944192 0.21293 0.251323 0.849508 0.271135 0.452573 0.340986 0.271129 -0.900121 -0.5448 0.212933 0.811081 0.944192 0.21293 0.251323 0.5448 0.212933 -0.811081 -0.944192 0.21293 -0.251323 0.849508 0.271135 0.452573 -0.340986 0.271129 0.900121 -0.382502 -0.0852412 0.920014 0.893853 -0.0852407 0.440182 0.340986 0.271129 -0.900121 -0.849508 0.271134 -0.452573 -0.849508 0.271134 -0.452573 -0.340986 0.271129 0.900121 -0.382502 -0.0852412 0.920014 -0.893853 -0.0852409 -0.440182 -0.728881 -0.633204 -0.260356 -0.376845 -0.633202 0.67605 0.382502 -0.0852415 -0.920014 -0.893853 -0.0852409 -0.440182 0.893853 -0.0852407 0.440182 0.382502 -0.0852415 -0.920014 0.376845 -0.633202 -0.67605 0.728881 -0.633204 0.260356 -0.376845 -0.633202 0.67605 -0.728881 -0.633204 -0.260356 0.728881 -0.633204 0.260356 0.376845 -0.633202 -0.67605 -0.376845 -0.633202 0.67605 0.728881 -0.633204 0.260356 0.376845 -0.633202 -0.67605 -0.728881 -0.633204 -0.260356 0.942841 5.42922e-08 0.333243 0.489799 -1.4204e-07 -0.871835 0.352986 0.449793 -0.820419 0.80604 0.44979 0.384693 0.80604 0.44979 0.384693 0.352986 0.449793 -0.820419 -0.00515768 0.727812 -0.685757 0.447869 0.727822 0.519315 -0.447869 0.727822 -0.519315 0.00515768 0.727812 0.685757 -0.80604 0.44979 -0.384693 -0.352986 0.449793 0.820419 -0.352986 0.449793 0.820419 -0.80604 0.44979 -0.384693 -0.942841 -5.42922e-08 -0.333243 -0.489799 1.4204e-07 0.871835 -0.80604 -0.44979 -0.384693 -0.352986 -0.449793 0.820419 -0.352986 -0.449793 0.820419 -0.80604 -0.44979 -0.384693 -0.447869 -0.727822 -0.519315 0.00515768 -0.727812 0.685757 -0.00515768 -0.727812 -0.685757 0.447869 -0.727822 0.519315 0.352986 0.449793 -0.820419 0.489799 -1.4204e-07 -0.871835 0.352986 -0.449793 -0.820419 -0.00515768 -0.727812 -0.685757 -0.447869 -0.727822 -0.519315 -0.80604 -0.44979 -0.384693 -0.942841 -5.42922e-08 -0.333243 -0.80604 0.44979 -0.384693 -0.447869 0.727822 -0.519315 -0.00515768 0.727812 -0.685757 0.352986 -0.449793 -0.820419 0.80604 -0.44979 0.384693 0.80604 -0.44979 0.384693 0.352986 -0.449793 -0.820419 0.942841 5.42922e-08 0.333243 0.80604 0.44979 0.384693 0.447869 0.727822 0.519315 0.00515768 0.727812 0.685757 -0.352986 0.449793 0.820419 -0.489799 1.4204e-07 0.871835 -0.352986 -0.449793 0.820419 0.00515768 -0.727812 0.685757 0.447869 -0.727822 0.519315 0.80604 -0.44979 0.384693 0.422448 0.661536 -0.619603 0.449464 0.602795 -0.659257 -0.690996 0.602794 0.398953 -0.73869 0.521972 0.426477 -0.747816 0.661538 -0.0560336 -0.698071 0.66154 -0.273973 -0.742751 0.602789 -0.291491 -0.795671 0.602789 -0.0596045 -0.422448 0.661536 -0.619603 -0.449464 0.602795 -0.659257 0.795671 0.602789 -0.0596045 0.777903 0.602785 0.17753 0.831572 0.52198 0.189802 0.850577 0.521974 -0.0637247 0.666881 0.521974 -0.531802 0.794002 0.521979 -0.311607 0.816254 0.480731 -0.320355 0.685554 0.480739 -0.546722 0.586308 0.661538 -0.467557 0.623825 0.602796 -0.497473 0.5427 0.602793 0.584908 0.346183 0.602792 0.718888 0.370083 0.52198 0.768489 0.580155 0.521984 0.625263 -0.586308 0.661538 -0.467557 -0.623825 0.602796 -0.497473 -0.795671 0.602789 -0.0596045 -0.850577 0.521974 -0.0637247 0.111763 0.661542 0.741533 0.118904 0.602791 0.78899 -0.449464 0.602795 -0.659257 -0.480494 0.52197 -0.70475 0.118904 0.602791 0.78899 0.127114 0.521975 0.843436 -0.53119 0.62458 0.572483 -0.510073 0.661541 0.549717 0.731118 0.661534 0.166848 0.649447 0.661533 0.374958 0.690996 0.602794 0.398953 0.777903 0.602785 0.17753 0 0.62458 -0.780961 0.230174 0.62457 -0.746279 0.221022 0.661541 -0.716598 0 0.661533 -0.749916 0.53119 0.62458 0.572483 0.338855 0.624576 0.703621 0.32537 0.661544 0.675644 0.510073 0.661541 0.549717 0.230174 0.62457 -0.746279 0.221022 0.661541 -0.716598 -0.118904 0.602791 0.78899 -0.127114 0.521975 0.843436 0.777903 0.602785 0.17753 0.690996 0.602794 0.398953 0.73869 0.521972 0.426477 0.831572 0.52198 0.189802 -0.778784 0.624572 -0.0583525 -0.747816 0.661538 -0.0560336 0.493955 0.48074 -0.724498 0.685554 0.480739 -0.546722 0.576814 -0.675055 -0.459986 0.415604 -0.675044 -0.609581 -0.127114 0.521975 0.843436 -0.370083 0.52198 0.768489 -0.380455 0.480742 0.790026 -0.130682 0.480734 0.867074 0.580155 0.521984 0.625263 0.370083 0.52198 0.768489 0.380455 0.480742 0.790026 0.596408 0.48074 0.642797 0.850577 0.521974 -0.0637247 0.831572 0.52198 0.189802 0.854888 0.480729 0.195106 0.874418 0.480728 -0.0655234 0.73869 0.521972 0.426477 0.759381 0.48074 0.43844 0.127114 0.521975 0.843436 0.130682 0.480734 0.867074 0 0.521976 -0.85296 0.251416 0.521967 -0.815071 0.258467 0.480739 -0.837905 0 0.480733 -0.876867 -0.794002 0.521979 -0.311607 -0.666881 0.521974 -0.531802 -0.685554 0.480739 -0.546722 -0.816254 0.480731 -0.320355 -0.251416 0.521967 -0.815071 -0.258467 0.480739 -0.837905 -0.480494 0.52197 -0.70475 -0.493955 0.48074 -0.724498 0.480494 0.52197 -0.70475 0.493955 0.48074 -0.724498 -0.73869 0.521972 0.426477 -0.831572 0.52198 0.189802 -0.854888 0.480729 0.195106 -0.759381 0.48074 0.43844 -0.580155 0.521984 0.625263 -0.596408 0.48074 0.642797 -0.850577 0.521974 -0.0637247 -0.874418 0.480728 -0.0655234 0 -0.675053 -0.737769 0.21745 -0.675055 -0.704994 0.415604 -0.675044 -0.609581 0.576814 -0.675055 -0.459986 0.686776 -0.675056 -0.269516 0.735716 -0.675044 -0.0551168 0.719274 -0.675052 0.164162 0.638922 -0.675057 0.368887 0.501798 -0.675055 0.540832 0.320087 -0.675058 0.664712 0.10996 -0.675052 0.729529 -0.10996 -0.675052 0.729529 -0.320087 -0.675058 0.664712 -0.501798 -0.675055 0.540832 -0.638922 -0.675057 0.368887 -0.719274 -0.675052 0.164162 -0.735716 -0.675044 -0.0551168 -0.686776 -0.675056 -0.269516 -0.576814 -0.675055 -0.459986 -0.415604 -0.675044 -0.609581 -0.21745 -0.675055 -0.704994 -0.258467 0.480739 -0.837905 0 0.480733 -0.876867 0 -0.675053 -0.737769 -0.21745 -0.675055 -0.704994 0.130682 0.480734 0.867074 -0.130682 0.480734 0.867074 -0.10996 -0.675052 0.729529 0.10996 -0.675052 0.729529 0.816254 0.480731 -0.320355 0.874418 0.480728 -0.0655234 0.735716 -0.675044 -0.0551168 0.686776 -0.675056 -0.269516 0.258467 0.480739 -0.837905 0.21745 -0.675055 -0.704994 -0.380455 0.480742 0.790026 -0.596408 0.48074 0.642797 -0.501798 -0.675055 0.540832 -0.320087 -0.675058 0.664712 0.596408 0.48074 0.642797 0.380455 0.480742 0.790026 0.320087 -0.675058 0.664712 0.501798 -0.675055 0.540832 -0.874418 0.480728 -0.0655234 -0.816254 0.480731 -0.320355 -0.686776 -0.675056 -0.269516 -0.735716 -0.675044 -0.0551168 -0.685554 0.480739 -0.546722 -0.576814 -0.675055 -0.459986 -0.759381 0.48074 0.43844 -0.638922 -0.675057 0.368887 0.759381 0.48074 0.43844 0.638922 -0.675057 0.368887 -0.493955 0.48074 -0.724498 -0.415604 -0.675044 -0.609581 -0.854888 0.480729 0.195106 -0.874418 0.480728 -0.0655234 -0.735716 -0.675044 -0.0551168 -0.719274 -0.675052 0.164162 0.854888 0.480729 0.195106 0.719274 -0.675052 0.164162 0.258467 0.480739 -0.837905 0.21745 -0.675055 -0.704994 0.854888 0.480729 0.195106 0.719274 -0.675052 0.164162 -0.130682 0.480734 0.867074 -0.10996 -0.675052 0.729529 </float_array>
          <technique_common>
            <accessor count="2836" offset="0" source="#meshId0-normals-array" stride="3">
              <param name="X" type="float" />
              <param name="Y" type="float" />
              <param name="Z" type="float" />
            </accessor>
          </technique_common>
        </source>
        <source id="meshId0-tangents" name="meshId0-tangents">
          <float_array id="meshId0-tangents-array" count="8508"> -0.979166 0.155396 -0.130713 -0.978472 -0.157937 -0.13285 -0.808686 -0.000693949 -0.588241 -0.809361 -0.000672298 -0.587311 -0.309449 0.000571467 -0.950916 -0.30856 0.000539676 -0.951205 0.176103 0.157811 -0.97164 0.178148 -0.1555 -0.971639 0.425507 0.153493 -0.891843 0.430063 -0.159861 -0.888533 0.809362 -0.000674145 -0.58731 0.808684 -0.000697231 -0.588243 0.978314 0.158508 -0.13333 0.97932 -0.154827 -0.130234 0.980684 0.149687 0.12591 0.976878 -0.163612 0.137623 0.807106 -0.00386892 0.590394 0.810913 -0.0038316 0.585154 0.311238 0.00280947 0.950328 0.306776 0.00276771 0.951778 -0.171792 0.162675 0.971609 -0.182466 -0.150606 0.971609 -0.572545 -0.324207 -0.753048 -0.450617 -0.683169 -0.574652 0.0267597 -0.683177 -0.729762 0.0205531 -0.324184 -0.945771 -0.309001 -1.1285e-05 -0.951062 -0.572537 0.324214 -0.753051 -0.4506 0.683175 -0.574657 0.0267697 0.683173 -0.729766 0.0205512 0.324185 -0.94577 -0.309002 1.1739e-05 -0.951061 -0.426006 0.154189 0.891484 -0.429571 -0.159172 0.888894 -0.809185 -0.000316069 0.587553 -0.808862 -0.000338788 0.587999 -0.978311 0.158518 0.133339 -0.979322 -0.154818 0.130226 0.450577 -0.683184 0.574665 0.572532 -0.32422 0.753053 0.308991 -1.32879e-06 0.951065 -0.0205686 0.324168 0.945776 -0.0267967 0.683163 0.729774 0.450572 0.683186 0.574666 0.572524 0.324229 0.753055 0.308992 5.87249e-07 0.951065 -0.0205623 -0.324174 0.945774 -0.0267933 -0.683164 0.729773 -0.340397 -0.449735 -0.825753 0.338067 0.451488 -0.825753 0.547917 -0.282568 -0.787364 -0.545817 0.286564 -0.787378 0.763616 -0.641018 0.0773734 0.716022 -0.449199 0.534353 0.514098 -0.251509 -0.820029 0.253077 -0.680333 -0.687822 -0.368453 -0.00446042 0.929635 -0.6249 -0.00240648 0.780701 -0.624792 -0.00275635 0.780786 -0.368225 -0.00510312 0.929723 0.736657 -0.429033 -0.522749 0.770034 -0.634746 -0.064386 0.278683 -0.655281 0.702098 0.548221 -0.218164 0.807377 -0.338813 -0.450928 0.825754 0.33965 0.450298 0.825754 -0.209734 0.733038 0.647044 0.211886 -0.732419 0.647045 -0.294459 0.430238 0.85334 0.30381 -0.423687 0.85334 0.54938 -0.2797 0.787369 -0.54433 0.289446 0.787354 -0.999974 0.00664644 0.00272557 -0.999458 0.0274776 0.0181569 -0.966471 0.0767042 -0.245053 -0.960872 0.0609793 -0.270196 -0.999977 0.00666837 0.00131384 -0.957036 0.0367746 -0.287628 -0.999978 0.00668061 0.000326607 -0.955685 0.0155675 -0.29398 -0.518557 -0.174447 -0.837058 -0.527556 -1.38598e-07 -0.84952 -0.521914 -0.135656 -0.842142 -0.494431 -0.339499 -0.800174 -0.506566 -0.268786 -0.819234 -0.454096 -0.500675 -0.736968 -0.47935 -0.408336 -0.776843 -0.413509 -0.648003 -0.639611 -0.4361 -0.555323 -0.70812 -0.384209 -0.77027 -0.508986 -0.386165 -0.698681 -0.602263 -0.938313 -0.0709019 -0.338441 -0.927752 -0.076586 -0.365253 -0.825583 -0.00120335 -0.56428 -0.825756 -0.00131855 -0.564025 -0.947307 -0.0546443 -0.315631 -0.82594 -0.00131769 -0.563756 -0.953348 -0.0303886 -0.300339 -0.826087 -0.00131369 -0.563541 -0.955404 -0.00917026 -0.295159 -0.826205 -0.00131692 -0.563368 -0.525165 -0.0841499 -0.84683 -0.518787 -0.169734 -0.837885 -0.506992 -0.266154 -0.81983 -0.522411 -0.351992 -0.776652 -0.527237 -0.0244503 -0.849366 -0.526546 -0.0498291 -0.848685 -0.525401 -0.079739 -0.84711 -0.53425 -0.10655 -0.838584 -0.6233 -0.000261715 -0.781983 -0.623339 -0.000273744 -0.781951 -0.623405 -0.000281367 -0.781899 -0.623452 -0.000281037 -0.781861 -0.62348 -0.000279962 -0.781839 -0.365976 0.000721802 -0.930624 -0.365814 0.000780431 -0.930688 -0.365625 0.000784345 -0.930762 -0.365482 0.000780862 -0.930818 -0.36536 0.000782319 -0.930866 -0.527422 0.0377046 -0.848767 -0.526532 0.0767244 -0.846686 -0.52431 0.12242 -0.842682 -0.505654 0.163352 -0.84713 -0.525694 0.0960971 -0.845228 -0.518861 0.19313 -0.832757 -0.504821 0.300916 -0.809077 -0.48554 0.433067 -0.75941 -0.149201 0.0761263 -0.985872 -0.0898833 0.0230912 -0.995685 -0.0754391 0.00177422 -0.997149 -0.0750657 0.00177377 -0.997177 -0.0747943 0.001774 -0.997197 0.175856 0.0711696 -0.98184 0.200116 0.0550562 -0.978224 0.216475 0.0308099 -0.975802 0.222037 0.00959031 -0.974991 -0.522772 0.145167 -0.840021 -0.507085 0.286474 -0.812894 -0.478055 0.432212 -0.764628 -0.431739 0.581815 -0.68927 -0.438127 0.583937 -0.68342 -0.331877 0.70189 -0.630244 -0.519793 0.180798 -0.834941 -0.495866 0.350723 -0.794425 -0.454978 0.514553 -0.726795 -0.385129 0.663066 -0.641887 -0.282692 0.786237 -0.549469 0.2466 -0.0614537 -0.967167 0.271263 -0.077149 -0.959408 0.515468 -0.0275138 -0.856467 0.502392 -0.00679579 -0.864613 0.229498 -0.0372492 -0.972596 0.501151 -0.00681761 -0.865333 0.223241 -0.0160457 -0.974631 0.500258 -0.00683436 -0.865849 0.734326 -0.00286622 -0.678791 0.733848 -0.00287249 -0.679307 0.733436 -0.00288355 -0.679753 0.733151 -0.00289 -0.68006 -0.517849 0.200448 -0.831657 -0.488899 0.384598 -0.782983 -0.441577 0.555102 -0.704891 -0.365701 0.704077 -0.608719 0.564727 -0.0793778 -0.821451 0.734798 -0.00258109 -0.678281 -0.488025 0.388609 -0.781546 -0.440009 0.559575 -0.70233 -0.381902 0.709014 -0.592832 0.900468 0.00118182 -0.434922 0.900598 0.00129727 -0.43465 0.900745 0.001308 -0.434347 0.900866 0.00130953 -0.434095 0.900937 0.0013084 -0.433948 -0.517595 0.202871 -0.831227 0.988489 0.00536354 -0.1512 0.98866 0.00538167 -0.150076 0.988781 0.00539263 -0.149277 -0.519076 0.187938 -0.83381 -0.493367 0.362848 -0.790525 -0.45034 0.528853 -0.719381 -0.416281 0.674098 -0.610166 0.988097 0.00485459 -0.153753 0.988287 0.00534328 -0.152516 -0.470974 0.45856 -0.753596 -0.444252 0.5997 -0.665583 0.994317 0.0814934 0.0684955 0.992203 0.0763375 0.098523 0.990417 0.0601189 0.124335 0.989225 0.0359091 0.141934 0.988834 0.0147056 0.148292 -0.521771 0.156604 -0.838588 -0.503452 0.307008 -0.80764 0.988497 -0.0197593 0.149945 0.986769 -0.0409463 0.156877 0.900085 -0.00991722 0.435602 0.90071 -0.00994103 0.434307 -0.524759 0.111029 -0.843979 -0.515288 0.221614 -0.827868 -0.497322 0.34154 -0.797509 -0.460654 0.479372 -0.746994 -0.437321 0.715886 -0.544296 -0.414444 0.627115 -0.659518 0.9824 -0.0651289 0.175067 0.976276 -0.0805753 0.200979 0.891688 -0.030305 0.451634 0.89917 -0.00987617 0.437489 -0.520056 0.175945 -0.835814 -0.535343 0.233877 -0.811609 0.860095 -0.0815887 0.503567 0.730243 -0.00419239 0.683175 0.730963 -0.00460166 0.682402 0.731749 -0.00463448 0.681559 0.73242 -0.004658 0.680837 0.732894 -0.00467243 0.680326 -0.526965 0.054857 -0.848115 -0.524643 0.111091 -0.844043 0.500171 0.00100757 0.865926 0.500023 0.00101206 0.866011 -0.527518 -0.00669374 -0.849518 -0.527468 -0.0135991 -0.849466 -0.527338 -0.0217528 -0.849377 -0.524403 -0.0290414 -0.850975 0.500769 0.000906586 0.86558 0.500566 0.000999563 0.865698 0.500349 0.00100665 0.865823 0.228199 0.00591361 0.973597 0.226709 0.00651897 0.973941 0.225136 0.00655124 0.974305 0.223763 0.00658823 0.974621 0.222814 0.00660542 0.974838 -0.526086 -0.0676012 -0.84774 -0.522156 -0.136527 -0.841851 -0.514304 -0.215143 -0.830183 -0.4784 -0.285296 -0.830505 -0.523109 -0.121831 -0.843513 -0.510878 -0.242287 -0.824804 -0.488281 -0.370893 -0.78995 -0.45292 -0.512779 -0.729329 0.00771399 0.0832088 0.996502 -0.0228176 0.0782319 0.996674 -0.0491731 0.0620448 0.996861 -0.0672242 0.0378541 0.99702 -0.0738852 0.0166636 0.997128 -0.388061 -0.658525 -0.644789 -0.392718 -0.621313 -0.678044 -0.287104 -0.740437 -0.607721 -0.0996239 -0.061316 0.993134 -0.125135 -0.0770296 0.989145 -0.382258 -0.0278435 0.923636 -0.367992 -0.0070126 0.929802 -0.0819528 -0.0370983 0.995946 -0.366619 -0.0070299 0.930345 -0.0754732 -0.015891 0.997021 -0.365636 -0.00704309 0.930731 -0.519584 -0.164628 -0.838409 -0.498072 -0.321523 -0.805324 -0.461295 -0.477352 -0.747892 -0.516728 -0.192596 -0.834205 -0.488104 -0.3709 -0.790056 -0.441844 -0.538573 -0.717435 0.17342 -0.0695573 -0.982388 -0.0739093 0.00117381 -0.997264 -0.36028 -0.685216 -0.63299 0.734407 -0.00321199 0.678702 0.902861 -0.00669848 0.42988 -0.436425 -0.0799074 0.896185 -0.626125 -0.00340828 0.779715 -0.625421 -0.00376806 0.780278 0.979044 0.0628625 0.193703 -0.624701 -0.00377465 0.780855 -0.955522 0.00338147 0.294899 -0.999985 0.00460259 -0.00285523 -0.955962 0.00241746 0.293481 -0.624075 -0.00378916 0.781356 0.497337 -0.00460574 -0.867545 0.267254 0.0652396 -0.961415 -0.623631 -0.00379874 0.781709 0.219407 0.00424418 0.975624 0.499466 0.000547247 0.866333 -0.826326 -0.000208228 0.563192 -0.826294 -0.000212568 0.563238 0.901354 0.000642005 -0.433083 0.73227 -0.00206669 -0.681011 -0.826258 -0.0002193 0.563291 -0.826248 -0.000217573 0.563306 -0.515466 -0.203826 -0.832316 -0.826051 4.24931e-05 0.563595 -0.483785 -0.390233 -0.783371 -0.0274094 -0.0652191 0.997494 -0.433733 -0.561522 -0.704676 -0.364961 -0.711212 -0.600817 -0.623737 -3.77853e-05 -0.781634 -0.826728 -0.000665242 -0.562601 -0.826355 -0.000183345 0.56315 0.989245 0.00328832 -0.14623 -0.486105 -0.379861 -0.787024 -0.437998 -0.54956 -0.711436 -0.362145 -0.00450348 0.932111 -0.121874 0.0657658 0.990364 -0.390512 -0.697864 -0.600406 -0.621955 -0.00234178 0.78305 -0.954684 0.00305528 0.297607 -0.954917 0.00335842 0.296854 -0.365106 0.000604147 -0.930966 -0.955158 0.00335929 0.296077 -0.95537 0.00337321 0.295392 -0.966418 -0.0655086 -0.248486 -0.516158 -0.197663 -0.833373 -0.937346 0.0701263 -0.341269 0.992593 -0.0665686 0.101626 -0.993736 0.0795357 0.0785056 0.555461 0.800356 -0.225595 0.60004 0.698364 -0.390178 0.649414 0.670839 -0.358101 0.611875 0.759571 -0.220593 0.8315 0.341109 -0.438467 0.93176 0.145361 -0.332705 0.93701 0.146546 -0.317075 0.848796 0.338671 -0.406014 0.964115 -0.0489697 -0.26093 0.983971 0.144624 -0.10433 0.981901 0.145928 -0.120732 0.965563 -0.0473729 -0.255822 0.88677 -0.242002 -0.393795 0.897903 -0.239425 -0.369386 0.840184 0.530351 0.113222 0.711082 0.696931 0.0930005 0.741423 0.669702 0.0423155 0.852743 0.518616 0.0621837 0.707428 0.532219 -0.465068 0.740964 0.520093 -0.424825 0.896198 -0.435724 0.0835114 0.778863 -0.616342 0.116169 0.800718 -0.595742 0.0627923 0.903269 -0.427345 0.038477 0.771544 -0.433909 -0.465233 0.797387 -0.42591 -0.427521 0.571649 -0.755032 -0.32116 0.651653 -0.614654 -0.444464 0.694435 -0.594396 -0.40553 0.627023 -0.718973 -0.299868 0.599169 0.799835 -0.0355018 0.647668 0.759153 -0.0649096 0.653362 -0.75603 0.0391997 0.571003 -0.810326 -0.13163 0.62612 -0.766319 -0.143977 0.6942 -0.719773 -0.00364851 0.939958 0.339508 0.0348191 0.941359 0.337401 -0.00202877 0.969477 -0.243292 -0.0303864 0.968984 -0.240428 -0.0571353 0.981818 -0.0493375 -0.183301 0.98091 -0.0476181 -0.188542 -0.999986 0.00422122 0.00318901 -0.968299 0.0773566 -0.237515 -0.965219 0.0728203 -0.251096 -0.999984 0.00483408 0.00295825 0.488492 0.780972 0.389177 0.352065 0.780966 0.51589 0.372903 0.749913 0.546419 0.517408 0.749911 0.412217 -0.955095 0.00214154 0.296292 -0.955128 0.00244749 0.296184 -0.225578 -0.00418917 -0.974216 0.0155518 -0.0780395 -0.996829 0.0295147 -0.0736042 -0.996851 -0.225371 -0.00478011 -0.974261 -0.609198 0.780967 -0.137727 -0.5415 0.78096 -0.311254 -0.573519 0.749916 -0.3297 -0.645249 0.749914 -0.145885 -0.898885 0.00629329 -0.438139 -0.731535 0.00296221 -0.681798 -0.73164 0.00338427 -0.681683 -0.899027 0.00719625 -0.437835 0.184359 0.780969 0.596741 0.19527 0.749909 0.632065 -0.935199 -0.073343 -0.346445 -0.825888 -0.000836981 -0.563834 -0.825908 -0.000950899 -0.563804 -0.940209 -0.0682102 -0.333697 -0.622854 0.780967 0.0462878 -0.608822 0.780967 -0.139376 -0.644858 0.749915 -0.147599 -0.659718 0.749912 0.0490368 0.386524 -0.137449 0.91198 0.261493 0.045834 0.964117 0.255909 0.0458665 0.965612 0.402336 -0.1378 0.905062 0.58152 0.780972 0.227853 0.615943 0.74991 0.241349 0.351452 0.702076 0.619331 0.461026 0.576619 0.674512 0.499874 0.59775 0.626754 0.370725 0.741044 0.559836 -0.0941673 0.780969 -0.617431 0.0919157 0.78097 -0.617768 0.0973721 0.749908 -0.654337 -0.0997415 0.749908 -0.65398 0.539714 0.780959 -0.314345 0.608345 0.780965 -0.141459 0.64436 0.749912 -0.149772 0.571659 0.749914 -0.332919 0.486704 -0.495441 0.719484 0.471098 -0.319857 0.822045 0.503901 -0.323476 0.800904 0.527322 -0.508746 0.680521 -0.352123 0.780966 0.51585 -0.488509 0.780972 0.389156 -0.517426 0.749911 0.412193 -0.372963 0.749913 0.546378 0.0900518 0.780967 -0.618046 0.268466 0.780961 -0.563938 0.284393 0.749903 -0.597299 0.0954337 0.749904 -0.654626 0.417703 -0.645812 0.639102 0.449546 -0.675833 0.584087 0.623025 0.780964 0.0439839 0.659895 0.749909 0.0466361 -0.974843 0.0800062 -0.208038 -0.977999 0.0758477 -0.194333 -0.581515 0.780972 0.227867 -0.615937 0.74991 0.241362 -0.0432335 0.676836 0.734864 0.0805151 0.783769 0.615811 0.116027 0.738681 0.663994 0.0137095 0.647056 0.762319 0.256038 -0.0462038 0.965562 0.102621 -0.232036 0.967279 0.13084 -0.23066 0.964198 0.261619 -0.0461653 0.964067 0.332492 -0.0460158 0.941983 0.177289 0.138212 0.974405 0.194167 0.137856 0.971234 0.327062 -0.0459765 0.943884 0.373678 -0.741169 0.557703 0.50163 -0.597711 0.625388 0.463123 -0.57684 0.672883 0.354479 -0.702649 0.616951 0.782857 0.574368 0.23924 0.642327 0.721001 0.259951 0.773803 0.138906 0.618008 0.775756 0.12041 0.619439 0.527207 -0.417801 0.739929 0.46096 -0.231004 0.856828 0.436013 -0.229632 0.87015 0.48919 -0.410369 0.769604 0.502561 0.325859 0.80078 0.401883 0.138892 0.905096 0.386084 0.138543 0.912 0.469803 0.322218 0.821864 0.389134 -0.654683 0.648047 0.446737 -0.486918 0.750558 0.777701 -0.107021 0.619458 0.775524 -0.131104 0.617555 0.564319 -0.306718 0.766464 0.696071 -0.129996 0.706106 0.781531 -0.0326555 0.623012 0.779981 -0.0732155 0.621506 0.0345617 0.32433 0.945313 -0.0527894 0.509813 0.858664 0.00236596 0.496604 0.867974 0.0733298 0.320747 0.944322 -0.016998 -0.419596 0.907552 -0.0589696 -0.599874 0.797919 -0.0003003 -0.578782 0.815482 0.0313002 -0.412063 0.910617 0.274587 0.784704 0.555736 0.445274 0.678944 0.583752 0.413724 0.648912 0.63855 0.272714 0.73945 0.6155 0.0103062 -0.742799 0.669435 0.180134 -0.799051 0.573645 0.197219 -0.751439 0.629638 0.0593941 -0.704041 0.707671 0.873136 -0.306237 0.37928 0.831777 -0.486196 0.26788 0.777713 -0.106893 0.619465 0.779989 -0.0731222 0.621506 0.866384 0.217711 0.449422 0.8613 0.396804 0.317347 0.778286 0.0911602 0.621257 0.780543 0.0535779 0.622802 0.430709 -0.765371 0.478222 0.774209 -0.143607 0.616423 0.524615 0.511949 0.680212 0.484144 0.498589 0.719036 -0.371427 0.751448 -0.545314 -0.194177 0.751442 -0.63058 0.000218322 1 -6.75053e-05 0.000181939 1 -0.000124206 -0.285302 -0.751448 -0.594919 -0.0971732 -0.751443 -0.652603 0.000860738 -1 -0.000129555 0.000725241 -1 -0.000349094 -0.643835 0.751447 0.144237 -0.657742 0.75144 -0.0520906 0.000156762 0.999998 -0.00209256 -0.000442403 0.999998 -0.00193852 -0.614062 0.751443 -0.241374 -0.51567 0.751438 -0.411614 0.000143407 1 -0.000179995 9.82995e-05 1 -0.000250621 -0.288898 0.751446 0.593184 -0.450652 0.751439 0.481926 -0.00140972 0.999998 -0.00130823 -0.00197846 0.999998 -0.000952937 0.0995355 -0.751443 -0.652247 0.000914427 -1 0.000137972 0.194098 0.751442 -0.630604 0.371369 0.751448 -0.545354 -0.000225287 1 -0.000153761 -0.000276244 1 -8.53714e-05 0.657924 0.751443 -0.049696 0.643342 0.751449 0.146406 7.06376e-05 1 -0.000309657 -2.18322e-05 1 -0.000291571 -0.57264 0.75144 0.327754 -0.00093156 0.999998 -0.00161372 0.614065 0.751443 -0.241365 -9.50753e-05 1 -0.000242406 -0.101472 0.75144 0.651952 -0.0023689 0.999997 -0.000357168 -0.447978 -0.751441 -0.48441 0.000600778 -1 -0.000557293 0.515649 0.751438 -0.41164 -0.00015923 1 -0.000199837 0.000350078 0.751445 -0.659796 0.194837 0.751442 -0.630376 0.000278882 1 8.58594e-05 0.000263358 1 -1.6292e-07 -0.642952 -0.751449 -0.148114 -0.570787 -0.751441 -0.330966 0.000461243 -1 -0.000798756 0.000222397 -1 -0.000974255 -0.657923 0.751443 -0.0497022 2.22426e-05 1 -0.000297049 0.634573 0.771378 -0.0478937 0.620598 0.771326 0.141116 0.586268 0.799059 0.133399 0.599549 0.799056 -0.0452874 0.630789 0.217391 0.74488 0.755407 0.0431589 0.653833 0.781756 0.0109708 0.623488 0.780541 0.0535115 0.62281 0.805508 0.0432084 0.591007 0.781758 0.0109755 0.623486 -0.557214 0.766593 0.319136 -0.626907 0.766316 0.140522 -0.586731 0.799056 0.13136 -0.521872 0.799049 0.298613 0.487663 0.780971 0.390216 0.773079 0.145177 0.617472 -0.640508 0.766272 -0.0507626 -0.599378 0.799053 -0.0475351 0.395328 0.720454 0.569791 0.406803 0.573668 0.710927 0.775766 0.120304 0.619447 0.773813 0.138825 0.618014 0.719392 -0.65398 0.234062 0.775531 -0.131021 0.617563 -0.0980251 0.768387 0.632433 -0.280284 0.767665 0.576308 -0.263356 0.79905 0.540521 -0.0925736 0.799055 0.594089 -0.501499 0.766798 -0.400648 -0.360692 0.767342 -0.530176 -0.33847 0.799059 -0.496934 -0.469907 0.799053 -0.375101 -0.597734 0.766439 -0.235125 -0.559579 0.799051 -0.219974 0.359277 0.770234 -0.526934 0.498054 0.770807 -0.39724 0.469889 0.799053 -0.375124 0.338413 0.799059 -0.496972 0.620217 0.771326 0.142786 0.551006 0.771026 0.319235 0.520129 0.799051 0.301634 0.5859 0.799058 0.135008 0.500693 0.396245 0.769608 0.778289 0.0910704 0.621266 0.563373 -0.765053 0.311937 0.774211 -0.143583 0.616426 -0.188087 0.768026 -0.612176 -0.176944 0.799055 -0.574632 0.0945586 0.769146 0.632039 -0.0961257 0.768391 0.632721 -0.0907468 0.799058 0.594366 0.0885312 0.799058 0.5947 0.432996 0.770536 0.467749 0.408201 0.799054 0.441458 -0.438 0.76705 0.468818 -0.410716 0.799052 0.439123 0.000774679 0.768771 -0.639523 0.000329719 0.799054 -0.601259 0.189001 0.769522 -0.610012 0.177562 0.799055 -0.574441 0.843406 -0.129774 0.521369 0.781532 -0.0326087 0.623012 0.188279 0.769522 -0.610235 0.176869 0.799055 -0.574655 -0.640686 0.766275 -0.0484216 -0.599548 0.799056 -0.0452914 0.27631 0.769878 0.575275 0.259972 0.799052 0.542153 0.592539 0.771193 -0.23272 0.559582 0.799051 -0.219965 0.822764 -0.452362 0.344135 0.343907 0.448839 0.824786 0.173278 -0.288581 0.941645 0.945234 0.280556 0.166796 -0.613861 -0.668557 0.419769 -0.841443 -0.540021 0.0187229 0.36966 -0.403356 0.837052 0.337775 -0.776702 0.531641 0.326934 0.0459352 0.94393 0.194653 -0.137781 0.971147 0.177642 -0.138139 0.974352 0.332393 0.0459624 0.942021 -0.0214496 -0.535522 0.844249 -0.421017 -0.667206 0.614476 -0.539705 -0.77252 -0.334561 -0.845172 -0.395933 -0.359056 0.34582 0.45088 0.82287 0.824672 -0.450332 0.342225 0.310253 -0.732983 0.605375 0.607834 0.732454 0.306675 0.395108 -0.428647 0.812497 0.81737 0.425267 0.388657 0.944682 0.282077 0.167357 0.172727 -0.28708 0.942205 -0.528567 -0.450441 0.719528 -0.881572 0.450777 0.14011 -0.95705 -0.284154 -0.0575475 -0.388002 0.284984 0.876492 -0.250375 -0.672666 -0.696299 0.197575 -0.553717 -0.808926 -0.885219 -0.425864 0.187155 -0.577257 -0.789083 0.210052 0.19357 0.749908 0.632588 0.176153 0.797905 0.576471 -0.809316 -0.554106 -0.19487 -0.504077 -0.672779 -0.541548 0.451356 -0.789414 -0.416056 0.572766 -0.426509 -0.700021 -0.882228 0.449826 0.139032 -0.529224 -0.451392 0.718448 -0.663628 -0.731961 0.154369 -0.444264 0.733465 0.51445 0.88923 0.42036 -0.180467 0.57797 -0.433539 -0.691372 0.390529 -0.294386 -0.872252 0.959524 0.274787 0.0616989 -0.738981 -0.00106369 0.673725 -0.740199 -0.0010873 0.672387 -0.958035 0.157784 0.239317 -0.958834 -0.15559 0.237548 -0.987629 0.155214 -0.0223011 -0.987113 -0.15809 -0.0247926 -0.868289 -0.000888777 -0.496058 -0.869028 -0.000883385 -0.494763 -0.411825 0.000340951 -0.911263 -0.411303 0.000339867 -0.911499 0.0685355 0.157621 -0.985119 0.0702266 -0.155697 -0.985305 -0.324409 -0.152688 0.933512 -0.330534 0.160661 0.930019 -0.740466 0.00156002 0.672092 -0.738714 0.00153541 0.674018 -0.993641 -0.00333816 0.112543 -0.994253 -0.00328891 0.107002 -0.916515 -0.162187 -0.365645 -0.914531 0.151125 -0.375225 0.786136 0.154887 0.598331 0.783805 -0.158449 0.600452 0.412817 0.00163645 0.910813 0.410314 0.0016279 0.911943 0.510978 0.683158 0.521725 0.0535026 0.683165 0.728302 0.0834071 0.324186 0.942309 0.411561 -2.13514e-06 0.911382 0.651749 -0.324203 0.685649 0.510995 -0.683151 0.521717 0.0534975 -0.683163 0.728304 0.083409 -0.324188 0.942308 0.411563 6.13889e-07 0.911381 0.651749 0.324204 0.685649 -0.0650118 0.161624 0.984709 -0.0737591 -0.151674 0.985675 -0.325016 0.153477 0.933172 -0.329935 -0.15988 0.930366 -0.720066 0.683154 -0.121679 -0.930314 0.324147 -0.171596 -0.868671 -2.55642e-05 -0.49539 -0.621357 -0.32423 -0.713295 -0.471407 -0.683185 -0.557704 -0.72007 -0.683151 -0.121672 -0.930313 -0.324148 -0.171597 -0.868672 2.75404e-05 -0.495388 -0.621355 0.324226 -0.713299 -0.471407 0.683185 -0.557704 -0.000186966 -0.999999 0.00139636 -0.00146085 -0.999999 5.71437e-05 0.161307 -0.876676 0.453232 0.425845 -0.86055 0.279481 -0.344594 0.717143 -0.605773 -0.579006 0.711695 -0.397798 -0.641904 0.307453 -0.702447 -0.641208 0.310584 -0.701705 -0.639012 -0.307474 -0.70507 -0.638346 -0.310565 -0.704318 -0.341626 -0.711695 -0.613826 -0.57071 -0.717143 -0.399995 0.151446 0.878339 0.453414 0.424298 0.858024 0.289424 -0.00027346 0.999998 0.002042 -0.00214088 0.999998 8.33269e-05 -0.424943 0.859079 -0.285318 -0.155509 0.877665 -0.453344 -0.576958 0.71305 -0.398346 -0.343856 0.715789 -0.607791 -0.64066 0.309806 -0.702549 -0.641014 0.308234 -0.702918 -0.639224 -0.309799 -0.703859 -0.639555 -0.308241 -0.704243 0.995956 -0.0335893 0.0833277 0.895492 0.443705 -0.034926 0.749635 0.569418 0.337358 0.642643 0.306803 0.702055 0.399769 -0.0236764 0.91631 -0.0106311 -0.0336207 0.999378 -0.118946 0.443698 0.888248 0.265411 0.569408 0.778031 0.638537 0.306802 0.705793 0.874675 -0.0236769 0.484131 -0.572776 -0.715797 -0.399453 -0.342365 -0.713052 -0.611836 -0.426271 -0.861242 -0.276688 -0.164096 -0.87619 -0.453171 0.000270899 0.999998 -0.00202316 -0.449555 0.893127 -0.0149588 -0.675822 0.685767 0.270163 -0.340194 0.685764 0.643425 -0.032466 0.893131 0.448623 -0.0020384 0.999998 7.93389e-05 0.0273567 0.893131 -0.448964 0.332495 0.685764 -0.647437 0.672547 0.685767 -0.278216 0.449696 0.893127 0.00984192 -0.132725 -8.70799e-06 0.991153 -0.951432 0.00511847 0.307815 -0.966995 -0.0417542 0.251352 -0.215458 0.378362 0.900233 0.215476 -0.378399 -0.900214 0.898403 0.242553 -0.366116 0.759533 0.392465 -0.51873 0.432129 -0.612211 -0.662165 0.587874 0.392497 -0.707354 0.699908 -0.612182 -0.367916 0.44897 0.2426 -0.859983 0.916522 -0.378316 -0.129865 -0.915067 0.381277 0.131457 -0.447749 -0.240106 0.861319 -0.395895 0.00303518 0.918291 -0.999234 0.00361131 0.0389719 -0.450148 0.245012 0.858683 -0.91792 -0.375442 0.128322 -0.916514 -0.378332 0.129874 -0.448963 0.242586 0.859991 -0.587855 0.392488 0.707375 -0.699888 -0.612191 0.367938 -0.759516 0.392473 0.518748 -0.432109 -0.612201 0.662187 0.154723 -0.246078 -0.956821 -0.41414 -0.164569 -0.895212 -0.717744 -0.0854005 -0.69105 -0.798981 -0.158333 -0.580138 -0.898398 0.242562 0.366121 -0.215466 -0.378378 0.900225 -0.21546 -0.378366 0.900231 -0.965459 0.0492315 0.255862 -0.0573425 0.901855 0.428216 -0.366529 0.693553 0.620194 -0.0853438 0.398614 0.913139 0.291674 0.535344 0.792675 0.402366 0.806213 0.433732 0.431707 0.901857 -0.0168376 0.651877 0.693571 -0.30662 0.917122 0.398606 0.000875725 0.761747 0.535349 0.364887 0.394001 0.806208 0.441352 0.729427 0.564366 0.386558 0.852832 2.80236e-05 0.522185 0.999241 7.91633e-06 -0.0389418 0.916501 0.378359 -0.129889 -0.43963 0.0165498 -0.898027 -0.504992 0.206019 -0.838176 -0.852875 0.164068 -0.495667 -0.620378 0.0846267 -0.779724 -0.953591 0.299993 0.0258603 -0.500024 0.125256 -0.856906 -0.503716 -0.179114 -0.845097 -0.952366 -0.304095 0.022907 -0.851554 -0.165288 -0.497529 -0.620715 -0.0866732 -0.779231 -0.500364 -0.129435 -0.856086 -0.414465 0.164769 -0.895025 -0.717615 0.0859077 -0.691121 0.152936 0.248574 -0.956463 -0.798174 0.161817 -0.580288 0.395896 0.00196951 -0.918293 -0.852828 0.00291341 -0.522183 0.265163 -0.568938 0.778459 -0.119012 -0.442682 0.888746 -0.0101224 0.0346292 0.999349 0.400209 0.0241329 0.916106 0.643015 -0.306476 0.701858 0.750077 -0.568956 0.337155 0.896006 -0.442667 -0.0349187 0.995877 0.0346232 0.0838443 0.874433 0.0241301 0.484547 0.638305 -0.306475 0.706144 0.406275 -0.913209 0.0314567 0.00683775 -0.913208 -0.407436 0.432117 -0.612205 -0.662179 0.699884 -0.612193 -0.367942 0.43969 -2.46263e-07 0.89815 0.316286 -0.564365 0.762532 -0.21546 -0.378366 0.900231 -0.132725 1.81894e-08 0.991153 -0.406325 -0.913185 -0.0315111 -0.729471 -0.564277 -0.386606 -0.916517 -0.378326 0.129871 -0.699902 -0.612185 0.367923 0.729455 -0.564308 0.38659 0.91651 -0.378341 -0.129879 0.316286 0.564365 0.762532 -0.21546 0.378366 0.900231 -0.00691612 -0.913228 0.40739 -0.43213 -0.612211 0.662165 0.729434 -0.56435 0.386567 0.916504 -0.378353 -0.129885 -0.316267 -0.564405 -0.762511 0.215467 -0.378381 -0.900223 0.316245 -0.564448 0.762487 -0.215475 -0.378397 0.900215 -0.132725 4.37158e-06 0.991153 -0.951428 -0.00596813 0.307814 -0.967118 0.0411348 0.250978 -0.215459 -0.378364 0.900232 0.215476 0.378399 -0.900213 0.898403 -0.242552 -0.366116 0.759532 -0.392466 -0.518731 0.43213 0.612211 -0.662164 0.58787 -0.392495 -0.707359 0.699902 0.612185 -0.367923 0.448952 -0.24262 -0.859987 0.91652 0.37832 -0.129868 0.915507 0.380385 -0.130977 0.448101 -0.240882 -0.860919 0.395896 0.00210424 -0.918293 0.999237 0.00250478 -0.038972 0.449785 0.244268 -0.859085 0.917488 -0.376332 -0.1288 -0.916514 0.378331 0.129874 -0.448963 -0.242586 0.859991 -0.587855 -0.392488 0.707375 -0.699887 0.612192 0.367939 -0.759518 -0.392472 0.518746 -0.432114 0.612203 0.662182 -0.15841 -0.240867 0.957544 0.413698 -0.164296 0.895467 0.717966 -0.0845261 0.690926 0.800638 -0.15103 0.579801 -0.898394 -0.242571 0.366126 -0.215465 0.378377 0.900225 -0.21546 0.378367 0.900231 -0.965328 -0.0498529 0.256236 -0.118946 0.443684 0.888255 0.265414 0.569413 0.778026 0.638538 0.306804 0.705791 0.874676 -0.0236756 0.48413 0.995954 -0.0336088 0.0833375 0.89549 0.443709 -0.034926 0.749634 0.569419 0.337359 0.642641 0.306805 0.702056 0.399772 -0.0236794 0.916309 -0.0106353 -0.0336124 0.999378 0.729431 -0.564357 0.386564 0.85284 4.77666e-07 0.522172 0.99924 -1.41059e-06 -0.0389722 0.916503 -0.378353 -0.129885 -0.439608 -0.0192891 -0.897982 -0.50508 -0.208222 -0.837579 0.855963 0.161188 0.491269 0.619582 0.0798308 0.780862 0.956285 0.290616 -0.0325863 0.499209 0.115657 0.858728 -0.503591 0.176855 -0.845647 0.949552 -0.313184 -0.0163397 0.848501 -0.168087 0.50179 0.621459 -0.0912961 0.778109 0.501083 -0.13866 0.854219 0.414904 0.165041 0.894772 0.717402 0.0867522 0.691237 -0.149272 0.253676 0.955702 0.796489 0.168948 0.580571 -0.395876 0.0102223 0.918247 0.852743 0.015112 0.522112 -0.264095 -0.56692 -0.780292 0.119304 -0.438205 -0.890922 0.00790916 0.0390142 -0.999207 -0.402125 0.0261227 -0.915212 -0.64464 -0.305044 -0.70099 -0.752013 -0.566927 -0.33626 -0.898196 -0.438198 0.0350315 -0.995528 0.0390111 -0.0860359 -0.873357 0.0261293 -0.486379 -0.63729 -0.305044 -0.707679 0.406275 0.913209 0.0314566 0.00683092 0.913205 -0.407444 0.432115 0.612204 -0.66218 0.699884 0.612193 -0.367942 -0.43969 -2.73294e-05 -0.89815 -0.316283 -0.564372 -0.762528 0.21546 -0.378366 -0.900231 0.132725 -7.77324e-06 -0.991153 -0.406317 0.913188 -0.031543 -0.729472 0.564274 -0.386609 -0.916519 0.378322 0.129869 -0.699899 0.612186 0.367926 0.72945 0.56432 0.386583 0.916509 0.378342 -0.129879 -0.316291 0.564356 -0.762537 0.215457 0.37836 -0.900235 -0.00687235 0.913225 0.407398 -0.432128 0.61221 0.662166 0.729434 0.564351 0.386566 0.916505 0.37835 -0.129884 -0.316266 0.564406 -0.76251 0.215468 0.378383 -0.900222 0.316245 0.56445 0.762486 -0.215475 0.378397 0.900215 -0.985466 0.00269166 0.169852 -0.984681 0.00272808 0.174343 -0.937604 0.161303 -0.308026 -0.936447 -0.152008 -0.316165 -0.821392 0.156253 -0.548543 -0.820873 -0.157098 -0.54908 -0.468248 0.000220526 -0.883597 -0.467929 0.000208655 -0.883766 0.00651758 0.157505 -0.987497 0.00798712 -0.155818 -0.987753 0.26468 0.152245 -0.952243 0.27171 -0.161096 -0.9488 0.697002 -0.00204276 -0.717066 0.694546 -0.00202373 -0.719446 0.984659 0.0028759 -0.174465 0.985486 0.00283373 -0.169734 0.937661 0.161796 0.307592 0.936381 -0.151511 0.316599 0.822652 0.154199 0.547236 0.819611 -0.15914 0.550374 0.468803 0.000967618 0.883302 0.467377 0.000950793 0.884058 -0.0034716 0.160998 0.986949 -0.0110457 -0.152305 0.988272 0.151963 0.683177 0.714266 -0.344987 0.683177 0.643625 -0.434387 0.324185 0.840365 -0.140714 -1.57479e-05 0.99005 0.183013 -0.324203 0.928116 0.151947 -0.683183 0.714264 -0.344988 -0.683176 0.643625 -0.434387 -0.324184 0.840365 -0.140715 1.67191e-05 0.99005 0.183013 0.324203 0.928116 -0.265343 0.15308 0.951924 -0.27105 -0.160263 0.94913 -0.69668 -0.00150769 0.71738 -0.694871 -0.00148769 0.719133 -0.985078 -3.31309e-05 0.172111 -0.93346 -0.324216 -0.153415 -0.718729 -0.683192 -0.12914 -0.632342 -0.683156 0.365296 -0.826123 -0.324184 0.460896 -0.985077 3.44627e-05 0.172112 -0.93346 0.324216 -0.153414 -0.718728 0.683194 -0.129136 -0.632344 0.68316 0.365287 -0.826123 0.324185 0.460895 -0.985378 0.00210801 0.170368 -0.984763 0.00213893 0.173886 -0.938178 0.161093 -0.306383 -0.93589 -0.152176 -0.31773 -0.822748 0.155692 -0.546668 -0.819492 -0.157628 -0.550987 -0.468088 -7.95285e-06 -0.883682 -0.468093 -4.7155e-06 -0.883679 0.00453443 0.157593 -0.987494 0.00992864 -0.15568 -0.987758 0.262372 0.151534 -0.952994 0.274077 -0.161761 -0.948006 0.697278 -0.00244158 -0.716797 0.694315 -0.00244694 -0.719667 0.984715 0.00245826 -0.174154 0.985425 0.00244012 -0.170096 0.938256 0.16175 0.305797 0.935804 -0.151517 0.318297 -0.82662 -0.149246 -0.54261 -0.815462 0.16402 -0.555085 -0.465367 0.00361015 -0.88511 -0.470723 0.00359917 -0.882274 0.0051087 -0.156989 -0.987587 0.00941078 0.156328 -0.98766 0.690618 0.32447 0.646348 0.540896 0.680293 0.494604 0.105317 0.680298 0.72533 0.146754 0.324479 0.934439 0.468095 1.77954e-06 0.883678 0.690619 -0.324469 0.646348 0.540947 -0.680272 0.494577 0.10527 -0.680279 0.725354 0.146714 -0.324394 0.934475 0.468092 3.10396e-06 0.88368 -0.262907 0.152169 0.952746 -0.273615 -0.16114 0.948245 -0.697079 -0.0021156 0.716991 -0.694514 -0.00211373 0.719476 -0.985077 -2.61429e-05 0.172112 -0.932866 -0.323888 -0.15766 -0.715101 -0.685976 -0.134418 -0.62713 -0.685958 0.369012 -0.824133 -0.323853 0.464676 -0.985076 3.41007e-05 0.172119 -0.932864 0.3239 -0.157648 -0.715099 0.685979 -0.134409 -0.627128 0.685928 0.369072 -0.824132 0.323849 0.46468 -0.984778 0.0025312 0.173799 -0.984763 0.0021435 0.17389 -0.938183 0.161132 -0.306348 -0.928312 0.153454 -0.338657 -0.838856 -0.149275 -0.523486 -0.819486 -0.157637 -0.550993 -0.468093 -1.89189e-06 -0.883679 -0.468081 5.44608e-07 -0.883685 0.00451641 0.157614 -0.98749 0.0381575 0.149244 -0.988064 0.241804 -0.154243 -0.957988 0.274115 -0.161808 -0.947987 0.69729 -0.00246222 -0.716785 0.697192 -0.00292926 -0.716878 0.984712 0.00248056 -0.174173 0.98473 0.00293236 -0.174067 0.938261 0.161787 0.305764 0.928385 0.154239 0.3381 -0.834994 0.156959 -0.527398 -0.815465 0.164016 -0.555082 -0.465364 0.00361413 -0.885112 -0.465489 0.00431292 -0.885043 0.00509751 -0.156956 -0.987592 0.0386958 -0.148478 -0.988158 -0.146924 -0.680283 -0.718073 0.341131 -0.680306 -0.648701 0.430546 -0.324459 -0.842233 0.140704 2.77576e-05 -0.990052 -0.17879 0.324481 -0.928841 -0.146831 0.680317 -0.71806 0.341134 0.680305 -0.648701 0.430542 0.324463 -0.842234 0.140704 -2.87266e-05 -0.990052 -0.178793 -0.324478 -0.928842 -0.241327 -0.153496 0.958228 -0.273588 -0.161153 0.948251 -0.697085 -0.0021256 0.716985 -0.697008 -0.00254757 0.717059 0.580051 -0.487765 0.652401 0.468086 8.18126e-06 0.883683 0.468093 8.96306e-06 0.883679 0.457169 -0.227486 0.859794 0.468099 -1.84866e-06 0.883676 0.658806 -0.417252 0.625999 0.39368 -0.78781 0.473678 0.439629 -0.354022 0.825466 0.175511 -0.789345 0.588329 0.439539 -0.354478 0.825319 0.215835 -0.490195 0.844467 0.456746 -0.228305 0.859802 0.388113 0.789347 0.475709 0.577379 0.49021 0.652938 0.454719 0.228303 0.860877 0.435857 0.354472 0.827271 0.468087 -1.08279e-05 0.883682 0.468093 -8.70562e-06 0.883679 0.170708 0.787809 0.59179 0.435927 0.354029 0.827424 0.213887 0.487748 0.846377 0.454474 0.227489 0.861221 -0.541189 0.837279 -0.077961 -0.392067 0.837274 -0.381125 0.301519 0.908016 0.290849 0.414908 0.908013 0.0579926 0.102233 -0.775806 0.622634 0.148771 -0.418573 0.895915 0.657606 0.418579 0.626375 0.45768 0.775798 0.434357 0.147785 0.417247 0.896697 0.461158 -0.774542 0.432917 0.468099 1.78181e-06 0.883676 0.0990872 0.77455 0.624703 0.985077 4.71202e-05 -0.172112 0.825349 0.55155 0.120794 0.836573 0.543611 0.0680634 0.985076 4.82796e-05 -0.172121 0.0926042 0.837273 0.538886 -0.242008 0.837274 0.490311 0.182805 0.908015 -0.376951 -0.0734679 0.908012 -0.412452 0.48414 0.837272 -0.254132 0.541037 0.837278 0.0790242 -0.415048 0.908012 -0.057008 -0.369319 0.908012 0.197783 -0.0931057 0.837273 -0.538799 0.0730073 0.908013 0.412532 -0.240863 0.837275 0.490872 -0.483396 0.837274 0.25554 0.370007 0.908013 -0.196485 0.183863 0.908016 -0.376433 0.541123 0.837279 0.0784235 0.391758 0.837273 0.381444 -0.301803 0.908015 -0.290556 -0.414968 0.908013 -0.0575692 0.241477 0.837274 -0.490571 -0.183293 0.908015 0.376712 -0.541268 0.83728 -0.0774042 0.414836 0.908013 0.0585057 0.242258 0.837273 -0.490188 -0.182579 0.908014 0.377061 -0.433366 0.870902 0.231784 -0.486841 0.870908 -0.0671287 -0.000249317 0.999998 0.00175425 0.000806013 0.999998 0.00152142 0.488207 -0.870398 0.0637249 0.437751 -0.868999 -0.230686 0.506488 -0.836282 -0.210004 0.545983 -0.837532 0.0210589 0.734886 0.553885 -0.39135 0.985078 -4.76933e-05 -0.172112 0.985076 -4.96655e-05 -0.172121 0.763405 0.545837 -0.345361 0.490023 0.869012 0.0685198 0.547674 0.836296 0.0257415 0.7355 -0.551491 -0.393571 0.763943 -0.543552 -0.347769 0.82402 -0.553941 0.118915 0.835252 -0.545894 0.0659821 0.437668 0.870385 -0.225559 0.506486 0.837518 -0.205026 -0.62338 -0.000171738 -0.781919 -0.365676 0.000503482 -0.930742 -0.365651 0.000572093 -0.930752 -0.623383 -0.000195675 -0.781916 -0.35363 -0.870903 -0.341282 -0.0855251 -0.870908 -0.483946 -0.000827085 -1 0.000144656 -0.000560924 -1 0.00057922 0.215733 0.870906 -0.441569 0.434085 0.870903 -0.230429 -0.000180913 1 -0.00034169 -0.000334934 1 -0.00016417 -0.486759 0.870908 -0.0677056 -0.353924 0.870903 -0.340978 -0.000816943 0.999999 0.000843189 -0.000177515 0.999999 0.00124899 0.215143 -0.870905 -0.441857 -0.000848593 -1 -0.000415367 0.48662 0.870909 0.0686889 5.62758e-05 1 -0.000396169 -0.0860113 0.870908 -0.483862 -0.00125277 0.999999 0.000218697 -0.214394 0.870904 0.442223 0.00150148 0.999999 0.000735068 -0.486696 -0.870909 -0.0681515 -0.000123072 -1 0.000866206 0.214622 0.870904 -0.442112 -0.00130238 0.999999 -0.000637898 0.44783 9.63106e-06 0.894119 0.470572 -0.422181 0.774807 0.236105 -0.384923 0.892238 0.447824 -3.01584e-05 0.894122 0.0659788 -0.200641 0.977441 0.447812 -3.83344e-05 0.894128 0.447796 -5.34298e-06 0.894136 0.0659615 -0.200604 0.977449 0.0251703 0.0602997 0.997863 0.447805 4.19298e-09 0.894131 0.129357 0.29819 0.945701 0.447807 -1.58365e-06 0.89413 0.447724 -9.76768e-05 0.894172 0.129263 0.298082 0.945747 0.338519 0.422164 0.840941 0.447691 -1.74757e-05 0.894188 0.572992 0.385 0.723502 0.447682 4.77032e-05 0.894193 0.743167 0.200792 0.638267 0.447726 0.000143985 0.894171 -0.447796 5.37088e-06 -0.894136 -0.743246 -0.200626 -0.638228 -0.784003 0.060297 -0.617822 -0.447806 -2.19017e-06 -0.894131 0.37944 -0.836684 0.394949 0.492596 -0.51047 0.704819 0.101495 -0.901189 0.421375 0.0172712 -0.954923 0.296352 -0.679847 0.298222 -0.669979 -0.447808 1.65212e-07 -0.89413 0.447825 1.98561e-05 0.894121 0.679867 -0.298198 0.669969 0.0170017 -0.646738 0.762522 0.120447 -0.737698 0.6643 0.0849488 -0.783261 0.615862 -0.040288 -0.676897 0.734975 0.105966 -0.897739 0.427593 0.0259312 -0.951052 0.307942 -0.383871 -0.920289 -0.0755759 -0.418919 -0.855665 -0.303883 0.235582 -0.451795 0.860455 -0.064259 -0.747895 0.660699 -0.127357 -0.989932 0.0617698 -0.127963 -0.989776 0.0629996 -0.137953 -0.815154 -0.562577 -0.270719 -0.944358 -0.186812 -0.357668 -0.481391 -0.80021 -0.336179 -0.888367 -0.31271 -0.617873 -0.455547 -0.640866 -0.332249 -0.892418 -0.305288 -0.583082 -0.758918 -0.28993 -0.261881 -0.949578 -0.172395 -0.125748 -0.989942 0.0648199 -0.127 -0.989796 0.0646166 0.463041 0.406163 -0.787797 0.118644 0.77932 -0.615292 0.136402 0.792551 -0.594354 0.486647 0.413081 -0.769765 0.193571 -0.887718 0.417717 0.141612 -0.969809 0.198535 -0.127162 -0.989885 0.0629136 -0.188653 -0.916525 0.352694 -0.175468 -0.891881 -0.416845 -0.12657 -0.989878 0.0641935 -0.0500107 -0.847316 0.528729 -0.0544663 -0.971065 -0.232522 0.978342 0.145308 -0.147418 0.330008 -0.94142 0.0694475 -0.140807 -0.268509 -0.95293 -0.101013 -0.125931 -0.986883 0.366041 0.863749 -0.346341 0.119512 0.990808 -0.0633731 0.119873 0.990777 -0.0631694 0.363844 0.867939 -0.338082 0.563805 0.779307 0.273503 0.0890567 0.854784 0.511286 0.0748309 0.869303 0.488582 0.557647 0.792553 0.24676 0.130488 0.988965 -0.0701525 -0.283155 0.959069 -0.00327866 -0.274076 0.961705 -0.00259687 0.130439 0.989008 -0.0696316 -0.356098 0.854782 -0.377547 -0.779861 0.603733 -0.1653 -0.77739 0.61398 -0.136726 -0.34642 0.869309 -0.352554 0.908191 0.406185 0.101012 0.907901 0.413067 0.0713509 0.521641 0.843866 -0.125622 0.513413 0.848885 -0.125705 -0.14612 0.962262 0.229566 -0.142397 0.964765 0.22125 -0.334708 0.603746 0.723507 -0.356117 0.614006 0.704399 -0.364261 0.351834 -0.86228 -0.421717 0.34853 -0.837067 -0.441724 0.63411 -0.634653 -0.0895347 0.578104 -0.811036 -0.571527 0.678586 0.461387 0.529176 0.828873 0.181503 0.578152 0.234261 -0.781577 0.58348 -0.630535 -0.511837 0.775853 -0.0676754 0.627274 0.728528 -0.0200897 0.684721 -0.157513 -0.833517 0.529564 -0.563517 -0.7613 0.320735 -0.349958 -0.413156 -0.840733 -0.416155 -0.348258 -0.839959 0.0326585 0.975098 0.219359 0.972876 0.179443 -0.145989 -0.157162 0.237343 -0.958628 -0.237856 0.353981 -0.904501 0.656494 0.648803 -0.384799 0.76564 -0.0708994 0.63935 0.714357 -0.674644 -0.185874 -0.47143 -0.352265 -0.808494 -0.91668 -0.39956 0.0070388 -0.677723 0.713583 0.177458 0.0820536 -0.0230274 0.996362 0.111419 0.015881 0.993647 0.595507 0.759694 -0.261222 -0.462265 0.414337 -0.783987 0.790602 -0.497695 -0.356718 0.951939 -0.0682146 0.298595 0.765724 -0.642792 -0.0220267 0.792679 -0.48745 0.366131 0.396845 -0.722416 0.566241 0.273885 -0.934706 0.226522 0.419511 -0.883336 -0.209111 0.476256 -0.642785 -0.600006 0.181583 -0.487437 -0.854068 -0.215766 -0.722425 -0.656923 -0.0173578 -0.934706 -0.354997 0.418709 -0.88334 -0.2107 0.858425 0.285984 0.425817 0.910125 -0.108323 0.399923 0.0706109 -0.448009 -0.891236 -0.243788 -0.634126 -0.733793 -0.148331 0.161144 -0.97572 0.165941 0.301249 -0.938996 0.744414 -0.461149 0.482897 -0.595959 -0.578049 -0.557398 -0.165918 -0.301297 0.938984 -0.227142 0.0905665 0.969641 -0.756069 0.447921 -0.477207 -0.692561 -0.161008 -0.703161 -0.851411 -0.301106 -0.429458 0.199322 0.239545 0.950205 -0.0707283 0.447874 0.891295 -0.972924 -0.191932 0.128766 -0.906362 0.415428 -0.076985 -0.485659 -0.400945 -0.776774 -0.348221 0.223445 -0.910392 -0.228212 -0.256051 -0.939339 0.0735766 0.411465 -0.908451 0.773338 -0.405011 -0.487766 0.932182 0.269428 -0.241755 0.971391 -0.20128 -0.126043 0.908589 0.411201 0.0733502 0.487904 -0.405279 0.77311 0.346612 0.214123 0.913242 0.22877 -0.254358 0.939663 -0.0742691 0.412271 0.908029 -0.774034 -0.40419 0.487341 -0.931612 0.271098 0.242086 -0.901119 0.150738 0.406526 0.0669941 -0.13542 0.988521 -0.77057 0.408253 0.489439 -0.0708167 -0.408248 0.91012 -0.77057 -0.408253 0.489439 -0.0708164 0.408248 0.91012 -0.895753 -0.139249 0.422179 0.0438767 0.154244 0.987058 0.901472 0.149212 -0.406305 -0.0666601 -0.136964 -0.988331 -0.147281 0.274922 -0.950119 -0.915123 -0.23565 0.327138 0.145251 0.263315 0.953713 0.913249 -0.247293 -0.323763 -0.0442229 0.152739 -0.987277 0.895416 -0.140763 -0.422393 0.928185 -0.276892 -0.248604 -0.211094 0.289827 -0.933509 0.134222 -0.271247 0.953105 0.90155 0.28757 -0.323283 -0.131956 -0.259606 -0.956657 -0.899131 0.29916 0.319479 0.966929 0.229823 -0.110583 0.35341 -0.217003 0.909951 0.27847 0.0860855 0.956579 0.976242 -0.0727965 -0.204087 -0.351608 -0.207865 -0.912778 -0.965052 0.238936 0.107632 -0.928769 -0.275252 0.248241 0.210499 0.291444 0.93314 0.264871 -0.0806395 0.960906 -0.97085 0.0996089 0.218012 -0.73528 0.369325 0.568298 -0.150459 -0.362187 0.919882 -0.279019 0.0956648 -0.955509 -0.976713 -0.0632017 0.205028 0.971069 0.0977084 -0.217894 -0.26467 -0.082549 -0.960799 0.153764 -0.365787 -0.917908 0.738577 0.365751 -0.56633 0.15377 0.365793 -0.917906 0.738581 -0.365748 -0.566327 0.735937 0.368614 -0.567908 0.151119 -0.362907 -0.91949 0.504903 0.466487 0.726266 0.882183 -0.460447 0.0987017 -0.507695 0.470786 -0.721531 -0.884996 -0.456026 -0.0939294 0.004684 0.999988 -0.00160543 -0.000708582 0.99999 -0.0044454 0.496625 0.840991 0.214703 0.220168 0.886255 0.407527 0.663607 0.715601 0.21804 0.503611 0.71325 0.487494 0.814868 0.308342 0.490832 0.81449 0.309683 0.490614 0.815739 -0.308329 0.48939 0.815363 -0.309696 0.489155 0.666784 -0.713235 0.216092 0.503842 -0.715621 0.483766 -0.497641 0.83778 -0.224674 -0.211012 0.887273 -0.410146 -0.00610008 0.999979 0.00209039 0.000914867 0.999983 0.00573908 0.199876 0.888401 0.413273 0.49881 0.833718 0.23686 0.503485 0.711995 0.489455 0.661912 0.716853 0.219075 0.813837 0.310389 0.491252 0.814607 0.307634 0.491708 0.81563 -0.310432 0.488241 0.816418 -0.30759 0.488722 0.301456 0.0866562 0.949534 0.145131 -0.387301 0.910459 0.471111 -0.543875 0.694445 0.807475 -0.289116 0.514195 0.970236 0.0477639 0.237405 0.979995 0.0866694 -0.17916 0.872158 -0.3873 -0.298897 0.834292 -0.543873 0.0903242 0.832886 -0.289124 0.47192 0.664793 0.0477537 0.7455 0.503962 -0.716893 0.481753 0.668491 -0.711953 0.21504 -0.211559 0.887215 -0.409991 -0.497582 0.837974 -0.224079 0.874357 -0.381718 -0.299651 0.980008 0.0916366 -0.176597 0.969551 0.0500322 0.239725 0.806788 -0.287412 0.516225 0.470448 -0.541353 0.696861 0.145495 -0.38174 0.912746 0.303734 0.0916407 0.94834 0.666518 0.0500194 0.743809 0.834359 -0.287417 0.470357 0.83612 -0.541344 0.0885998 0.966087 0.204969 0.157045 0.851206 -0.409511 0.328251 0.248454 0.406986 0.878995 0.070835 -0.210449 0.975035 0.050269 -0.260287 -0.964222 0.328204 0.409441 -0.851258 0.878948 -0.407057 -0.248506 0.963546 0.265202 0.0353171 -0.965572 0.207023 -0.15752 -0.851902 -0.408571 -0.327617 -0.249151 0.40793 -0.878361 -0.0703159 -0.208396 -0.975514 -0.0509123 -0.262744 0.963521 -0.327403 0.408254 0.852136 -0.878146 -0.408248 0.249385 -0.964192 0.262749 -0.0360205 -0.98097 0.143099 0.131227 -0.218989 -0.143096 0.965177 0.878153 -0.408239 -0.249378 0.327408 0.408262 -0.85213 0.87815 0.408242 -0.249381 0.327407 -0.408261 -0.852131 -0.977627 -0.146768 0.150678 -0.238056 0.146766 0.960099 0.980583 0.145346 -0.131647 0.218604 -0.140849 -0.965595 -0.133905 -0.258721 0.956626 0.966522 0.251894 -0.0488346 0.134554 -0.256163 -0.957223 -0.965881 0.254454 0.0482437 0.238453 0.148967 -0.959661 0.978022 -0.144567 -0.150242 0.959377 -0.281006 0.025117 0.405947 0.215254 -0.888185 0.141117 0.278525 -0.950005 -0.958366 -0.280275 0.0545966 -0.141824 0.275968 0.950646 0.957652 -0.282829 -0.0539493 -0.959925 -0.224097 -0.1683 -0.325954 0.200452 -0.92389 -0.223952 -0.160426 -0.961306 -0.993415 0.078735 -0.0832357 0.070542 0.559581 0.825768 0.826413 -0.436352 0.355864 -0.867918 -0.393169 0.303541 -0.100375 0.565033 0.81894 -0.0406101 0.403003 -0.914297 0.914359 -0.351499 -0.20099 0.869389 -0.365796 -0.332199 0.409098 0.365791 -0.835964 0.337629 -0.161236 -0.927367 0.0431829 -0.324752 -0.944813 0.0469922 0.332415 -0.941962 0.487845 -0.682438 0.544321 0.499826 -0.675241 0.542424 0.490951 -0.844176 0.215252 0.172342 -0.847052 0.502792 0.993315 0.092919 0.0684993 0.409111 -0.36581 -0.835949 0.869404 0.365775 -0.332183 0.409111 0.365809 -0.83595 0.869403 -0.365776 -0.332184 0.868633 0.366839 -0.333025 0.408341 -0.364745 -0.836791 -0.274334 -0.463776 -0.842409 -0.8149 0.463135 -0.348487 0.211375 -0.8534 -0.476475 0.360382 -0.929401 -0.0796106 0.640569 -0.762685 -0.0893468 0.215376 -0.751617 -0.623446 0.00147893 0.999999 -6.07921e-05 0.000187423 0.999999 -0.00142167 0.426754 0.861132 0.276283 0.164545 0.876272 0.452849 -0.573588 -0.715794 -0.398292 -0.343596 -0.713056 -0.61114 -0.640974 -0.308243 -0.70295 -0.64064 -0.309799 -0.70257 -0.642422 0.308238 -0.701629 -0.642071 0.309802 -0.701262 -0.577747 0.71306 -0.397182 -0.345075 0.715787 -0.607101 -0.42544 0.858961 -0.284933 -0.155964 0.877743 -0.453037 -0.00216215 0.999998 8.84546e-05 -0.000271739 0.999998 0.00206084 0.151862 0.878422 0.453114 0.424796 0.857894 0.289077 -0.342858 -0.711694 -0.613139 -0.571519 -0.717143 -0.398839 -0.639762 -0.310566 -0.703032 -0.640428 -0.307469 -0.703786 -0.64262 0.310583 -0.700413 -0.643316 0.307453 -0.701154 -0.00889124 0.0330743 0.999413 -0.117109 -0.444225 0.888229 0.2671 -0.569644 0.777279 0.640075 -0.306968 0.704325 0.875775 0.0234369 0.48215 0.99616 0.0330789 0.0810596 0.895161 -0.444231 -0.0366934 0.750078 -0.569666 0.335952 0.643858 -0.306977 0.700865 0.401378 0.0234293 0.915613 -0.345812 0.717148 -0.605073 -0.579813 0.711692 -0.396625 -0.161721 0.876764 -0.452915 -0.426326 0.860427 -0.279127 0.430846 0.902253 -0.0176609 0.402563 0.806499 0.433016 0.292437 0.535741 0.792125 -0.0846891 0.399478 0.912823 -0.365689 0.694442 0.619695 -0.0563657 0.90225 0.427514 0.395044 0.80649 0.439902 0.762593 0.535738 0.362541 0.916745 0.399466 -0.00218845 0.650071 0.694452 -0.308456 0.913549 -0.265182 0.308393 0.222592 0.259531 0.939732 0.224925 -0.265168 0.9376 0.915883 0.259543 0.306261 0.419624 -0.57492 -0.702412 0.688306 -0.632084 -0.355955 0.645439 -0.734813 -0.208468 0.266352 -0.735872 -0.622535 0.958012 -0.248134 -0.143676 0.933154 0.286084 -0.217668 0.943672 0.328448 0.040062 0.943581 -0.328728 0.0399139 0.828232 -0.434245 0.354207 0.0727765 0.562287 0.823734 0.223763 0.262358 0.938668 0.914721 -0.262364 0.307329 0.271469 -0.206488 -0.940036 0.962201 0.200726 -0.184061 0.960654 -0.206493 -0.185754 0.269922 0.200721 -0.941729 0.118278 0.266236 -0.956624 0.118428 -0.265843 -0.956714 -0.907604 0.323814 -0.267206 -0.943303 -0.292264 -0.157359 -0.965378 -0.25857 0.0344423 -0.961446 0.27345 0.0290975 -0.496522 -0.759561 -0.420159 -0.33504 -0.737025 -0.586978 -0.169136 -0.842753 -0.511039 -0.482421 -0.848456 -0.2177 -0.336329 -0.20739 0.918625 -0.481869 0.408403 0.775248 -0.909454 -0.408097 0.0796827 -0.971406 0.208024 -0.114435 0.93656 0.263381 0.231272 0.775629 -0.407955 0.481635 0.0800634 0.408544 0.90922 -0.216868 -0.262141 0.940346 -0.336554 0.208641 0.91826 -0.481566 -0.407825 0.77574 -0.909152 0.408674 0.0801744 -0.97163 -0.206774 -0.1148 0.936697 -0.262967 0.231187 0.775458 0.408156 0.48174 0.0798924 -0.408343 0.909326 -0.216732 0.262554 0.940262 -0.055578 0.142905 0.988175 0.906746 -0.143278 0.39659 0.0798146 0.408252 0.909373 0.77538 -0.408248 0.481788 0.0798137 -0.408251 0.909374 0.775379 0.408249 0.481789 -0.0357743 -0.146932 0.988499 0.89825 0.146599 0.414314 -0.0556589 -0.142531 0.988224 0.906664 0.143655 0.39664 -0.91493 0.255713 -0.312272 -0.134284 -0.254915 0.957594 -0.915209 -0.254154 -0.312727 -0.134563 0.256474 0.957138 0.898337 -0.146216 0.41426 -0.0356886 0.147309 0.988447 -0.203978 0.283972 0.936885 0.928485 -0.282799 0.240707 -0.906124 0.280569 -0.316576 -0.126156 -0.27824 0.952191 -0.906435 -0.27899 -0.31708 -0.126467 0.27982 0.951686 -0.345473 -0.222499 0.91167 -0.969083 0.22432 -0.10275 -0.977885 -0.078488 -0.193859 -0.26865 0.0803991 0.959877 -0.969327 -0.223081 -0.103146 -0.345717 0.22374 0.911274 -0.204123 -0.283572 0.936974 0.92834 0.283201 0.240796 0.973988 -0.0903579 0.207806 -0.254377 0.0899154 0.962916 0.16275 0.365684 0.916399 0.744056 -0.365857 0.559043 -0.977806 0.0797774 -0.19373 -0.268571 -0.0791085 0.960006 -0.254427 -0.089442 0.962947 0.973937 0.0908296 0.207836 0.74413 0.365776 0.558997 0.162824 -0.365764 0.916354 0.74413 -0.365777 0.558998 0.162823 0.365764 0.916354 0.162587 -0.365505 0.9165 0.743893 0.366035 0.559143 -0.879459 -0.46304 0.110213 -0.49599 0.463919 0.734012 -0.879071 0.463625 0.110844 -0.495602 -0.463334 0.734643 5.20579e-05 -1 -0.000348532 -0.000336305 -1 -0.000111384 -0.31201 -0.87049 0.380652 -0.482141 -0.868182 0.117473 -0.498878 -0.714261 0.490869 -0.662779 -0.714593 0.223789 -0.810127 -0.309116 0.498138 -0.810179 -0.308919 0.498176 -0.810254 0.309117 0.497931 -0.810307 0.308922 0.497965 -0.498916 0.714602 0.490334 -0.663241 0.714251 0.223512 -0.307747 0.871396 0.382048 -0.482789 0.867208 0.121923 1.66946e-05 1 -0.000112015 -0.000109103 1 -3.63568e-05 0.48282 0.86716 -0.122142 0.307538 0.87144 -0.382117 0.662954 0.714463 -0.223684 0.498892 0.714391 -0.490665 0.810207 0.308993 -0.498085 0.810194 0.309043 -0.498074 0.810236 -0.308999 -0.498033 0.810224 -0.309038 -0.498029 0.979454 0.0266077 0.199907 0.847254 -0.450771 0.28101 0.811259 -0.572611 -0.118219 0.810163 -0.309077 -0.498104 0.635864 0.0204771 -0.771529 0.263832 0.026581 -0.964202 0.131773 -0.450784 -0.882853 0.471759 -0.57262 -0.670485 0.810236 -0.309071 -0.497988 0.975506 0.0204998 -0.219015 0.663064 -0.714382 -0.223618 0.498901 -0.714468 -0.490543 0.482242 -0.868033 -0.118158 0.311354 -0.870631 -0.380867 -0.131779 0.450705 0.882893 -0.263866 -0.0266531 0.964191 -0.635895 -0.0205156 0.771503 -0.810184 0.309054 0.498083 -0.811281 0.572584 0.118201 -0.847291 0.450693 -0.281023 -0.979458 -0.0266605 -0.19988 -0.975498 -0.0205318 0.219048 -0.810227 0.309047 0.498018 -0.47175 0.572585 0.670521 0.585079 0.215977 -0.781688 0.681895 -0.404431 -0.609471 0.893382 0.412033 0.179159 0.89916 -0.199422 0.389541 -0.829116 -0.270231 -0.489431 -0.609296 0.404614 -0.681943 0.179332 -0.411854 -0.89343 0.478608 0.25523 -0.840114 -0.5851 0.216233 0.781602 -0.681863 -0.404308 0.609589 -0.89335 0.412153 -0.179042 -0.89918 -0.199166 -0.389625 -0.831392 0.264235 -0.488842 -0.606474 -0.407548 -0.682711 0.182145 0.40895 -0.894194 0.47636 -0.261275 -0.839533 0.335372 -0.141743 -0.931362 -0.755699 0.14444 -0.638793 -0.182835 0.408235 0.89438 0.605783 -0.408265 0.682896 -0.182836 -0.408234 0.89438 0.605782 0.408265 0.682896 0.315879 0.148077 -0.937173 -0.743078 -0.145439 -0.65321 0.336712 0.136227 -0.931701 -0.754335 -0.149936 -0.639138 0.788778 -0.244999 0.563742 0.402732 0.265618 -0.87593 -0.788803 -0.244679 -0.563846 -0.402759 0.265937 0.875821 -0.744459 0.140028 -0.65282 0.314478 -0.153464 -0.936778 0.459942 -0.290614 -0.839045 -0.824009 0.276103 -0.494749 -0.777216 0.290162 -0.558338 -0.391496 -0.268653 0.880089 0.777253 0.289816 0.558467 0.391532 -0.269002 -0.879966 -0.590367 -0.214959 0.777984 -0.898767 0.231851 -0.372106 -0.882202 -0.070646 -0.465542 -0.531446 0.0882355 0.842484 0.898796 0.231581 0.372205 0.590395 -0.215232 -0.777888 0.462348 0.284812 -0.839712 -0.821626 -0.281957 -0.495409 -0.874109 0.0918115 -0.476974 0.518589 -0.0884642 -0.850435 0.10592 -0.365145 -0.924905 -0.553165 0.366398 -0.748172 0.882196 -0.0709146 0.465513 0.531439 0.0879682 -0.842516 0.519395 0.0816339 -0.850626 -0.873255 -0.0986216 -0.477178 -0.553796 -0.365789 -0.748003 0.105291 0.365753 -0.924737 -0.553789 0.365795 -0.748005 0.105296 -0.365748 -0.924738 0.108581 0.362571 -0.925609 -0.550516 -0.368947 -0.748873 -0.87552 -0.459464 -0.149526 -0.685864 0.467449 0.557748 0.87548 -0.459588 0.149374 0.685825 0.467328 -0.557896 -0.00195926 0.999989 0.0041903 0.00404554 0.999988 0.00282406 0.353813 0.881746 -0.311994 0.522443 0.85194 -0.0353854 0.618005 0.714671 -0.327591 0.699511 0.714184 -0.0250073 0.918692 0.30887 -0.24618 0.918608 0.309149 -0.246141 0.918606 -0.308872 -0.246499 0.918514 -0.309149 -0.246493 0.618169 -0.714186 -0.328337 0.698992 -0.714672 -0.0255734 0.346842 -0.882907 -0.316504 0.525793 -0.849509 -0.0433081 -0.000388978 -1 0.000832076 0.000806688 -1 0.000563317 -0.526525 -0.848965 0.0450511 -0.345312 -0.883153 0.31749 0.700046 0.71368 -0.0244224 0.617833 0.715174 -0.326816 0.918611 0.309429 -0.24578 0.91887 0.30859 -0.245866 0.91832 -0.309453 -0.246834 0.918602 -0.308568 -0.246892 -0.58521 -0.799234 0.136946 -0.370982 -0.891796 -0.258985 -0.41429 -0.67135 -0.614535 -0.795328 -0.377597 -0.474208 -0.846219 -0.525812 -0.0862226 -0.575209 -0.799238 0.17422 -0.191625 -0.8918 0.409844 -0.0512202 -0.671349 0.739369 -0.451367 -0.377607 0.808506 -0.689556 -0.5258 0.498043 0.698438 -0.715191 -0.0261778 0.618345 -0.713666 -0.329136 -0.526139 0.849253 0.0441308 -0.346119 0.883024 0.316971 0.195278 -0.887372 -0.417657 0.0617588 -0.661588 -0.74732 0.46361 -0.368764 -0.805654 0.696095 -0.521772 -0.493159 0.590339 -0.796225 -0.132387 0.378051 -0.887369 0.263919 0.427394 -0.661588 0.616147 0.804511 -0.368746 0.465605 0.849438 -0.521783 0.0787216 0.57737 -0.796228 -0.180736 0.175141 -0.19414 0.965213 -0.0320536 0.414455 0.909505 -0.751428 -0.40195 0.523251 -0.893132 0.221249 0.391617 0.928036 0.251038 -0.27519 0.909796 -0.413856 0.0315243 0.523545 0.402566 0.750894 0.287571 -0.274356 0.917623 0.173395 0.199977 0.964336 -0.0297021 -0.411795 0.910792 -0.749058 0.404674 0.524549 -0.894956 -0.215426 0.390698 -0.925961 0.262756 0.271211 -0.912484 -0.408248 -0.026573 -0.526246 0.408251 -0.74592 -0.285461 -0.262763 -0.921666 -0.448846 -0.143099 -0.882077 -0.983218 0.143091 0.113166 0.52625 0.408261 0.745911 0.912489 -0.408239 0.0265647 0.52625 -0.408261 0.745911 0.912489 0.408238 0.0265642 -0.466087 0.146767 -0.872481 -0.984747 -0.146755 0.0934679 0.450094 -0.153728 0.879649 0.984443 0.132398 -0.115513 -0.942742 0.272193 0.192739 0.370326 -0.238402 0.897788 -0.945041 -0.264924 0.191607 0.368177 0.245682 0.896708 0.983368 -0.157182 -0.0910008 0.464733 0.136289 0.874899 0.292334 0.272042 0.916807 0.921156 -0.294605 -0.254323 -0.945978 0.269671 0.180007 0.366097 -0.289135 0.884519 -0.948299 -0.262298 0.178684 0.363617 0.29648 0.883109 0.156935 -0.231054 0.960201 -0.692695 0.152026 0.705026 -0.760587 -0.150324 0.631593 0.251334 0.0714756 0.965258 -0.893981 -0.209974 0.395865 -0.212898 0.16658 0.96277 -0.314698 0.68242 -0.659749 -0.723776 -0.682431 0.102162 -0.770157 0.555258 0.313921 -0.163798 -0.55525 -0.815395 -0.601492 -0.365785 -0.710217 -0.924295 0.365778 -0.109025 -0.941117 0.0934218 0.324916 -0.100698 -0.134879 0.985732 -0.857833 0.367276 0.359486 -0.852631 -0.376025 0.362801 0.265056 -0.103322 0.958681 0.94711 0.0768994 -0.311558 -0.92432 -0.365719 -0.109008 -0.601511 0.365822 -0.710182 -0.924313 0.365742 -0.108992 -0.601511 -0.365822 -0.710183 0.603979 -0.37071 0.705538 0.926799 0.360773 0.104342 -0.700255 -0.467069 0.539897 -0.0551249 0.45983 0.886294 -0.697201 0.469786 0.54149 -0.052054 -0.457061 0.887911 -0.00337298 0.999958 -0.00847717 -0.00802061 0.999966 0.00168074 0.201876 0.837245 -0.5082 0.399921 0.887429 -0.229201 0.183794 0.713566 -0.67605 0.459281 0.715286 -0.526714 0.449284 0.309497 -0.838066 0.449446 0.308523 -0.838339 0.45038 -0.30951 -0.837473 0.450522 -0.308512 -0.837765 0.185326 -0.715292 -0.673804 0.462 -0.713559 -0.526677 0.203538 -0.836694 -0.508445 0.400428 -0.887589 -0.227691 -0.000594983 -0.999999 -0.00149516 -0.00142062 -0.999999 0.000297881 -0.401346 -0.887874 0.224948 -0.206565 -0.835683 0.508887 -0.458401 -0.715842 0.526725 -0.183301 -0.71301 0.67677 -0.449154 -0.308216 0.838608 -0.448897 -0.309806 0.83816 -0.450951 0.308169 0.83766 -0.450704 0.309851 0.837173 -0.926751 -0.112358 0.358482 -0.913881 0.357967 0.191524 -0.683535 0.530541 0.501305 -0.485149 0.280198 0.828323 -0.202222 -0.059495 0.977531 0.213153 -0.112359 0.970537 0.345209 0.357954 0.867582 -0.0402486 0.530529 0.84671 -0.422431 0.280195 0.861999 -0.703105 -0.0595005 0.708592 -0.462916 0.712975 0.526664 -0.185843 0.715874 0.673043 -0.405062 0.888961 0.213714 -0.219002 0.83143 0.510649 -0.369706 1.06356e-05 -0.929149 -0.0756386 0.354614 -0.931948 0.32161 0.177133 -0.930156 0.59766 -0.177137 -0.781937 0.818611 -0.354623 -0.451794 0.978738 5.89308e-06 -0.205117 0.818608 0.354628 -0.451796 0.597658 0.177139 -0.781938 0.32161 -0.177133 -0.930156 -0.0756395 -0.354613 -0.931949 -0.949712 -0.310697 0.0389237 -0.491341 0.307823 -0.814757 -0.49221 -0.310704 -0.813137 -0.950581 0.307817 0.0405434 0.177619 -0.362005 0.915098 0.165281 0.381158 0.909616 0.163798 0.55525 0.815394 0.770157 -0.555258 -0.313921 0.950148 -0.309258 -0.0397331 0.491777 0.309265 0.813948 -0.723775 -0.682431 0.102161 -0.314698 0.68242 -0.659749 -0.491777 0.309265 -0.813948 -0.950148 -0.309258 0.0397331 -0.108894 -0.200346 0.973655 -0.288095 0.411616 0.864623 -0.867417 -0.404858 0.289272 -0.969304 0.215055 0.119171 -0.96624 -0.257631 -0.00269475 -0.86527 0.410707 -0.28745 -0.289922 -0.40578 -0.866768 -0.0121729 0.267859 -0.963381 0.109296 -0.201999 -0.973268 0.287561 0.410863 -0.865159 0.86688 -0.405621 -0.28981 0.969717 0.213407 -0.118774 -0.965092 0.261882 -0.0038644 -0.866717 -0.408663 -0.285999 -0.291373 0.407838 -0.865315 -0.0110159 -0.263633 -0.96456 -0.17879 -0.143892 -0.973308 -0.974807 0.142304 -0.171756 0.291675 0.408267 0.865011 0.867019 -0.408235 0.285696 0.291673 -0.408265 0.865013 0.867018 0.408236 0.285696 -0.197771 0.14599 -0.969316 -0.970368 -0.147534 -0.191364 -0.179479 0.147761 -0.972602 -0.975489 -0.138423 -0.171057 -0.960561 0.264454 -0.0859413 0.097048 -0.246131 0.964366 0.961079 0.262403 0.0864391 -0.0965508 -0.248189 -0.963888 -0.96964 0.151334 -0.192084 -0.197051 -0.142183 -0.970028 -0.0206765 -0.278418 -0.960237 -0.957383 0.28832 -0.0170208 0.957383 -0.272205 0.0965502 -0.0993295 0.28659 -0.95289 -0.957913 -0.270139 -0.0970929 0.0987772 0.288651 0.952325 0.122857 0.229065 -0.965627 0.967762 -0.217762 -0.126553 0.995451 0.085322 -0.0423905 0.0345164 -0.0735628 -0.996693 -0.968182 -0.21614 0.126124 -0.123287 0.230684 0.965186 -0.0219123 0.282534 -0.959007 -0.958627 -0.284226 -0.0157815 -0.99564 0.0891416 0.0274623 0.0203914 -0.0911257 -0.995631 -0.374249 -0.366163 -0.851975 -0.855102 0.365404 -0.367804 -0.995298 0.0870202 0.0425305 -0.0343745 -0.0718629 0.996822 0.0199679 0.0959255 -0.995188 -0.996047 -0.0843323 0.0278883 -0.854835 -0.365758 -0.368073 -0.373983 0.36581 -0.852244 -0.854837 0.365756 -0.368072 -0.373984 -0.365812 -0.852243 -0.375606 0.367958 -0.850604 -0.856462 -0.363598 -0.366429 0.825994 0.466133 -0.316947 0.306437 -0.460777 -0.832935 -0.825298 0.466898 0.31763 -0.305739 -0.459999 0.833622 0.00028271 -0.999995 0.00315027 0.00301602 -0.999995 0.000249823 -0.266377 -0.85835 0.438497 -0.4451 -0.878136 0.175394 -0.36911 -0.71394 0.59502 -0.590959 -0.714927 0.373693 -0.669855 -0.309296 0.675004 -0.669989 -0.30873 0.67513 -0.670367 0.309305 0.674491 -0.670493 0.308725 0.674632 -0.36959 0.714941 0.593518 -0.592468 0.713924 0.373222 -0.264481 0.858834 0.438697 -0.444973 0.877827 0.177253 4.77605e-05 1 0.000532055 0.000512073 1 4.22217e-05 0.445042 0.877996 -0.176242 0.265511 0.858571 -0.438588 -0.590684 -0.71511 0.373779 -0.36902 -0.713754 0.595298 -0.669923 -0.30863 0.675241 -0.669743 -0.309397 0.675069 -0.670635 0.308618 0.67454 -0.670444 0.309422 0.674361 0.771388 0.561045 -0.300314 0.902004 0.425222 0.0746628 0.997473 -0.0515837 -0.0488616 0.890863 -0.0318281 -0.453155 0.664804 0.300913 -0.68373 0.294963 0.561063 -0.773437 -0.0809072 0.425213 -0.90147 0.0419492 -0.0516021 -0.997786 0.447006 -0.0318079 -0.893965 0.67912 0.300914 -0.669512 -0.592768 0.713724 0.373128 -0.369685 0.71514 0.593217 0.445494 -0.879108 -0.169424 0.272461 -0.856773 -0.437842 0.000151348 -0.999999 0.00168649 -0.449766 -0.893132 -0.00507263 -0.663088 -0.68577 -0.300055 -0.31116 -0.685774 -0.657947 -0.0124399 -0.893132 -0.449623 -0.00169039 -0.999999 -0.000139758 0.00818817 -0.893132 0.449721 0.304623 -0.685774 0.660999 0.660086 -0.68577 0.306604 0.449698 -0.893132 0.00932006 -0.652517 0.210106 -0.728064 -0.459814 -0.40714 -0.789182 0.355049 0.409358 -0.840456 0.55775 -0.205312 -0.804215 0.643812 0.270942 -0.71561 0.788989 -0.404246 -0.46269 0.840264 0.412217 0.352184 0.728835 -0.254509 0.63563 0.647575 0.224243 0.72826 0.466336 -0.400556 0.788724 -0.348573 0.415803 0.840003 -0.562501 -0.19114 0.804399 -0.643801 0.270349 0.715843 -0.789009 -0.404541 0.462397 -0.840284 0.411927 -0.352475 -0.728824 -0.255111 -0.635401 -0.846668 -0.136111 -0.51442 -0.77573 0.15006 0.612963 -0.840526 -0.408258 -0.356148 -0.789252 0.408244 0.458713 -0.840526 0.408257 -0.356148 -0.789252 -0.408244 0.458713 -0.856042 0.153586 -0.493562 -0.787185 -0.139912 0.600637 0.846673 -0.135564 0.514556 0.775736 0.150604 -0.612823 0.706174 -0.252324 -0.661551 -0.781488 0.258295 -0.567945 -0.712032 -0.234652 0.661777 0.775264 0.275904 0.568192 0.787172 -0.139376 -0.600778 0.85603 0.15412 0.493417 0.731444 0.291323 0.616539 0.647959 -0.275396 -0.710145 -0.697159 0.300171 0.651051 0.788849 -0.258586 0.55754 0.704151 0.282023 -0.651639 -0.782245 -0.276793 -0.558102 0.648685 -0.207062 0.732348 -0.539534 0.239723 0.807116 -0.631777 -0.0623786 0.772637 0.71965 0.0964835 0.6876 -0.558782 0.817757 -0.137972 -0.538173 0.816735 0.208117 -0.468274 0.858292 0.20989 -0.489533 0.85938 -0.147726 -0.731463 0.290747 -0.616788 -0.647978 -0.27598 0.709901 -0.640514 0.0987638 0.761569 -0.73106 -0.0814883 -0.677429 -0.885836 -0.362529 -0.289598 -0.842983 0.368997 0.391435 -0.651217 -0.19999 -0.732065 0.536932 0.246417 -0.806835 0.632893 -0.0514924 -0.772525 -0.718199 0.107332 -0.68751 -0.93372 0.101011 0.34346 -0.96965 -0.089646 -0.227472 0.731061 -0.0808043 0.67751 0.640515 0.0994401 -0.76148 -0.842773 -0.365743 0.394925 -0.885626 0.365806 -0.286099 -0.842773 0.365745 0.394924 -0.885626 -0.365805 -0.2861 0.885852 -0.362268 0.289875 0.842998 0.369252 -0.391161 -0.32454 -0.455653 0.828887 0.406313 0.471133 0.782907 0.330788 -0.450613 -0.829173 -0.400161 0.475902 -0.783192 -0.00455773 -0.999984 -0.0033686 -0.004541 -0.99998 0.00433499 0.265299 -0.887024 0.377896 -0.0317854 -0.838601 0.543818 -0.201123 0.713091 -0.671603 0.11174 0.715751 -0.689358 -0.0606762 0.309761 -0.948876 -0.0606887 0.308258 -0.949365 -0.0587532 -0.309785 -0.94899 -0.0587993 -0.308232 -0.949492 -0.197268 -0.715768 -0.669897 0.11535 -0.713076 -0.691533 0.273068 0.888156 0.369611 -0.0217197 0.834653 0.550348 -0.00437609 0.999985 -0.00323465 -0.00440056 0.999981 0.00420062 0.0120213 0.830723 -0.556556 -0.280443 0.889128 -0.361666 -0.110217 -0.716874 0.688436 0.202737 -0.711964 0.672313 0.061492 -0.307624 0.949519 0.0614502 -0.310391 0.948621 0.0579829 0.307566 0.949758 0.0579071 0.310452 0.948824 -0.594604 -0.119963 0.795019 -0.677853 0.349004 0.647079 -0.320052 0.52643 0.787679 0.0214871 0.27749 0.960488 0.340221 -0.0629914 0.938233 0.689588 -0.11996 0.714198 0.753618 0.348985 0.557019 0.416274 0.52644 0.741334 0.0990957 0.277508 0.955599 -0.219911 -0.0629763 0.973485 -0.116896 0.711923 0.69246 0.195607 0.716914 0.669158 0.0217822 -0.834678 -0.550308 -0.273019 -0.88815 -0.369664 0.754304 -0.346686 0.557526 0.417257 -0.525396 0.741523 0.099941 -0.276821 0.95571 -0.218978 0.0638601 0.973638 -0.593679 0.121879 0.795419 -0.678472 -0.346697 0.64767 -0.321007 -0.525382 0.78799 0.0206649 -0.276805 0.960704 0.339319 0.0638706 0.938501 0.688716 0.121885 0.714713 -0.667234 -0.637486 -0.385241 -0.663003 0.641725 -0.385507 -0.457603 0.409355 -0.789321 -0.459812 -0.407142 -0.789182 -0.969412 0.101019 -0.223688 -0.933482 -0.0896617 0.347235 0.840748 0.404543 0.359845 0.789473 -0.411926 -0.455027 0.789009 0.404538 -0.4624 0.840284 -0.41193 0.352472 0.665051 -0.639679 0.38538 -0.611636 -0.639533 0.465725 -0.356188 -0.408218 0.840529 0.458674 -0.408284 0.789255 -0.622672 -0.628317 0.466366 -0.600629 0.650413 0.464982 -0.350412 0.413979 0.840138 -0.361925 -0.402444 0.840862 -0.611588 0.639581 0.465722 0.6651 0.63963 0.385377 0.458699 0.408258 0.789253 -0.356162 0.408243 0.840527 -0.422531 0.19582 -0.884942 -0.208544 -0.414405 -0.885877 0.847811 -0.000101171 -0.530298 0.822379 0.0810977 -0.563131 0.705358 0.414226 0.575227 0.516913 -0.250284 0.818632 -0.421867 -0.197845 -0.884808 -0.209565 0.413365 -0.886122 0.586109 -0.403069 -0.70286 0.759822 0.217508 -0.612667 0.822165 -0.259672 -0.506572 0.886963 0.409723 -0.213129 0.703705 -0.40677 0.582526 0.518309 0.265827 0.81283 0.665382 0.145908 0.732105 0.918901 -0.14028 -0.368703 -0.704045 -0.408274 -0.581062 -0.887301 0.408225 0.21459 -0.704044 0.408275 -0.581062 -0.887302 -0.408224 0.214591 0.679175 -0.144003 0.719711 0.925225 0.149522 -0.348715 0.664534 -0.131726 0.735557 0.919585 0.0437261 -0.39045 -0.399867 -0.877518 -0.264703 -0.468863 -0.881414 0.0572512 -0.527331 -0.848673 0.0409416 -0.459953 -0.844964 -0.272908 -0.396568 0.881442 -0.256504 -0.475416 0.877489 0.0631824 -0.533035 0.844935 0.044254 -0.456273 0.848701 -0.267435 0.925879 -0.0336969 -0.376316 0.679965 0.157847 0.716053 0.525609 0.295325 0.797821 0.822533 -0.0789936 -0.563204 0.592128 0.242993 0.768335 -0.860371 -0.267506 0.433822 -0.866104 0.267141 0.422492 0.585153 -0.291534 0.756706 -0.592948 0.240459 -0.7685 -0.584228 -0.293992 -0.756469 -0.390674 0.266615 -0.881073 0.768803 -0.178739 -0.613999 0.81686 0.132075 -0.561513 -0.501026 -0.0265979 -0.865023 -0.497427 -0.816383 -0.293404 -0.573305 -0.818111 0.0448999 -0.506495 -0.859749 0.0655365 -0.42814 -0.857915 -0.284039 0.495915 -0.818116 0.291127 0.575659 -0.816379 -0.0462855 0.509268 -0.857904 -0.0681669 0.426797 -0.85976 0.280459 0.524221 -0.280405 0.804093 0.822562 0.286352 -0.491318 0.831465 -0.0866466 -0.548778 0.507868 0.0936211 0.856333 0.767564 0.367083 0.525448 0.920711 -0.364455 -0.139511 -0.402763 -0.234895 -0.88465 0.830501 0.000396742 -0.557016 -0.497238 0.0655284 -0.865136 0.507327 -0.0760467 0.858392 0.920408 0.365724 -0.138187 0.767261 -0.365819 0.526771 0.920408 -0.365724 -0.138187 0.767261 0.365819 0.52677 0.765954 -0.360472 0.532329 0.877511 -0.0282351 -0.478725 0.508573 0.486595 -0.710337 -0.205519 -0.438817 -0.874758 -0.183493 0.457106 -0.870279 0.00670731 0.999938 0.00891316 0.35129 0.918846 -0.17977 0.141538 0.804752 -0.576491 0.369354 0.892681 -0.258262 0.000994362 -0.713294 0.700864 -0.304 -0.715558 0.628936 -0.2126 -0.309648 0.926779 -0.212714 -0.308366 0.92718 -0.214201 0.309664 0.926405 -0.214274 0.308351 0.926826 -0.0017249 0.715562 0.698547 -0.307464 0.713287 0.629832 0.148229 -0.801716 -0.579034 0.372791 -0.892848 -0.252685 -0.00208874 -0.999994 -0.00277556 -0.0025914 -0.999996 0.00132631 -0.375832 -0.892964 0.247722 -0.154202 -0.79896 0.581278 0.302689 0.716413 -0.628595 -0.00202137 0.712434 -0.701736 0.212167 0.307887 -0.927465 0.211983 0.310125 -0.926761 0.214945 -0.307831 -0.926843 0.214795 -0.310182 -0.926094 -0.697801 0.715851 0.0251117 -0.375593 0.906635 0.192207 -0.149888 0.800954 0.57966 0.153488 0.545501 0.823936 0.54231 0.421067 0.727051 0.616518 0.715852 0.327814 0.246706 0.91195 0.327847 -0.1393 0.813427 0.56474 -0.498408 0.545502 0.673808 -0.805693 0.42106 0.416613 0.30882 -0.712393 -0.63018 0.00279666 -0.716453 -0.69763 -0.394927 0.892993 0.215863 -0.0426648 0.997479 -0.0566974 0.579672 -0.265667 0.770326 0.219413 -0.488036 0.844795 -0.149902 -0.253027 0.955775 -0.458405 0.0935827 0.883803 -0.767761 0.185868 0.613185 -0.858208 -0.265704 0.439181 -0.566822 -0.488043 0.663722 -0.283247 -0.253028 0.925066 0.0256557 0.0935829 0.995281 0.422212 0.185857 0.887239 0.961781 -0.201517 -0.185386 0.911431 0.411088 0.0173149 0.534512 -0.405392 0.741589 0.402001 0.213885 0.890308 -0.286369 0.253394 -0.924004 0.0187703 -0.412724 -0.910663 0.743053 0.403727 -0.533738 0.914653 -0.272041 -0.299004 -0.963298 -0.191092 0.188521 -0.909198 0.415807 -0.0215181 -0.532259 -0.400551 -0.745828 -0.403596 0.224282 -0.887022 0.285752 0.255206 0.923697 -0.0180074 -0.411867 0.911066 -0.742285 0.404601 0.534144 -0.915284 -0.270259 0.298689 -0.874634 -0.149968 0.461004 0.127403 0.1362 0.982455 -0.739059 -0.408254 0.535836 -0.0147912 0.408247 0.912752 -0.739059 0.408255 0.535836 -0.0147904 -0.408246 0.912752 -0.867962 0.140009 0.476487 0.10461 -0.153496 0.982596 0.874256 -0.151599 -0.461189 -0.12777 0.134554 -0.982634 0.203503 0.263019 0.943084 0.891588 -0.247604 -0.379162 -0.205517 0.275967 -0.938938 -0.893453 -0.234604 0.383019 -0.104225 -0.155111 -0.982384 0.868342 0.13839 -0.476268 0.833706 0.252385 -0.491159 -0.0506064 -0.300616 -0.952402 -0.190286 -0.258526 -0.947077 -0.877615 0.30021 0.373718 0.192571 -0.271541 0.942965 0.880051 0.287262 -0.37814 -0.331913 -0.315833 -0.888866 -0.245964 0.235244 -0.940299 -0.540026 0.00909495 -0.841599 -0.538189 -0.000185215 -0.842824 -0.884507 0.437771 0.161256 0.335145 -0.324451 0.884539 0.888561 0.42661 -0.168711 -0.833149 0.253543 0.491507 0.0512817 -0.299355 0.952763 0.141656 0.183242 0.972808 -0.880593 -0.174076 0.440741 -0.699332 -0.368967 0.612207 -0.0940092 0.362552 0.92721 0.244222 0.226788 0.942827 0.539806 0.00801722 0.841751 0.53838 -0.00110153 0.842701 0.880191 -0.175522 -0.440972 -0.142128 0.181628 -0.973042 -0.0970936 -0.365798 0.925616 -0.70241 0.365743 0.610616 -0.0970952 0.3658 0.925615 -0.702411 -0.365742 0.610615 0.698611 -0.36972 -0.612577 0.0932806 0.361784 -0.927583 -0.905807 -0.271257 0.325473 -0.551267 0.471162 -0.688557 -0.889316 -0.455631 -0.0389473 0.903608 -0.283674 -0.320969 0.548485 0.46637 0.69402 0.886513 -0.460564 0.0444548 0.00714504 -0.99997 -0.00295049 -0.0014936 -0.999976 -0.00669438 0.513282 -0.831781 0.211381 0.219834 -0.888878 0.401956 0.678741 -0.713274 0.174789 0.532608 -0.715569 0.451984 0.843851 -0.309675 0.438198 0.844229 -0.308353 0.438401 0.843106 0.309652 0.439646 0.843476 0.308377 0.439831 0.675815 0.715543 0.17684 0.532607 0.713296 0.455564 0.511668 0.83535 0.200962 0.229215 0.887967 0.398717 0.00550333 0.999982 -0.00227283 -0.00116242 0.999986 -0.00521025 -0.219168 0.88894 -0.402184 -0.513394 0.831525 -0.212114 -0.532605 0.716805 -0.450024 -0.680336 0.712027 -0.173665 -0.844854 0.307651 -0.437691 -0.844056 0.310391 -0.437295 -0.843277 -0.30769 -0.440694 -0.842517 -0.310351 -0.44028 0.462351 -0.354625 0.812695 0.217754 -2.83361e-06 0.976004 0.462348 0.354618 0.812699 0.789596 0.177144 0.587502 0.934239 -0.177157 0.309537 0.9309 -0.354598 -0.0876688 0.924288 6.76136e-07 -0.381697 0.9309 0.354598 -0.0876688 0.934236 0.177138 0.309558 0.789596 -0.177144 0.587502 -0.532602 -0.712078 -0.457471 -0.674239 -0.716756 -0.177941 -0.206887 -0.889989 -0.406347 -0.515418 -0.826654 -0.225803 0.483879 0.852016 -0.199824 0.642298 0.584521 -0.495771 0.929183 0.305707 -0.207756 0.854997 0.492664 0.16206 0.528835 0.773338 0.349689 0.113997 0.852019 0.510949 -0.0374947 0.584529 0.810506 0.363024 0.3057 0.880205 0.623344 0.492669 0.607223 0.589851 0.773329 0.232461 -0.98899 0.147868 0.00579305 -0.992887 -0.118319 0.0132862 0.990297 0.138726 -0.00811557 0.991758 -0.127658 -0.0109225 -0.980484 0.176827 0.0859271 -0.97979 -0.18024 0.0867435 0.980661 0.175943 -0.0857157 0.97961 -0.181117 -0.0869533 0.974042 -0.204397 0.0972857 0.869574 0.409768 0.275556 0.301761 -0.406725 0.862273 0.130727 0.211017 0.968701 -0.00964594 0.258148 -0.966057 0.276051 -0.410457 -0.869092 0.862769 0.406031 -0.301278 0.963292 -0.267338 -0.0244935 -0.975187 -0.199452 -0.0960668 -0.867997 0.412016 -0.277172 -0.300177 -0.404448 -0.863896 -0.131901 0.215955 -0.967453 0.00930629 0.259368 0.965734 -0.275632 -0.409874 0.8695 -0.86235 0.406618 0.301687 -0.963634 -0.26613 0.0241674 -0.970491 -0.14619 0.191768 -0.158726 0.140005 0.977346 -0.861178 -0.408253 0.302824 -0.274462 0.408246 0.870635 -0.861177 0.408254 0.302824 -0.274462 -0.408245 0.870636 -0.967107 0.143726 0.209875 -0.179235 -0.149795 0.972336 0.970287 -0.147288 -0.191961 0.158524 0.138898 -0.977537 -0.0747234 0.259424 0.962868 0.961864 -0.251184 -0.108275 0.073251 0.265577 -0.961303 -0.963283 -0.245019 0.109784 0.179443 -0.150877 -0.97213 0.967311 0.142641 -0.209672 0.959737 0.278926 -0.0332342 0.00447996 -0.287827 -0.957672 0.0849779 -0.26906 -0.959367 -0.950673 0.289731 0.1108 -0.0833843 -0.275197 0.957765 0.952323 0.283608 -0.11246 -0.966472 0.231527 -0.11103 -0.138418 -0.215288 -0.966691 -0.0554477 0.0879375 -0.994582 -0.99725 -0.0709492 -0.0214067 0.139678 -0.220108 0.965423 0.96776 0.226715 0.109734 -0.959383 0.2801 0.0335817 -0.00412246 -0.286661 0.958023 0.0405663 0.0862937 0.995444 -0.995549 -0.0939676 -0.00726987 -0.846239 -0.367217 0.386045 -0.355891 0.364333 0.860583 0.0550356 0.0828676 0.99504 0.996867 -0.0760244 0.0218351 0.99542 -0.0953299 0.00715146 -0.0406888 0.0849272 -0.995556 -0.357014 -0.36579 0.859499 -0.847361 0.365764 0.384962 -0.357018 0.365796 0.859495 -0.847364 -0.36576 0.384959 0.845845 -0.367726 -0.386425 0.355496 0.36382 -0.860963 -0.328635 0.467311 -0.820743 -0.837863 -0.45959 -0.294554 0.326619 0.465023 0.822845 0.835838 -0.461913 0.296666 -0.00289989 0.999996 0.000297879 -0.000192295 0.999996 0.0027565 -0.440743 0.855196 -0.272736 -0.169365 0.880017 -0.443717 -0.601004 0.713086 -0.360975 -0.381676 0.715772 -0.584803 -0.683917 0.309784 -0.660524 -0.684274 0.308237 -0.660877 -0.682586 -0.309768 -0.661907 -0.682946 -0.308258 -0.66224 -0.597005 -0.715763 -0.36231 -0.380473 -0.713096 -0.588841 -0.441601 -0.857528 -0.263884 -0.178003 -0.878646 -0.443053 -0.00209084 -0.999998 0.000215037 -0.000139769 -0.999998 0.00200405 0.174047 -0.879283 0.443362 0.441214 -0.856471 0.267933 0.382284 -0.717123 0.582747 0.603013 -0.711731 0.360298 0.685128 -0.307461 0.660355 0.68441 -0.310563 0.659647 0.682461 0.307497 0.663093 0.681749 0.310524 0.662414 0.420239 -0.803973 0.420745 -0.0305241 -0.898649 0.437606 -0.322572 -0.686493 0.651671 -0.0176671 -0.391773 0.919892 0.347787 -0.532243 0.771856 0.434287 -0.803971 0.406233 0.43637 -0.898649 -0.0448485 0.640757 -0.686484 -0.343758 0.918816 -0.391781 -0.0477957 0.782832 -0.532247 0.322314 0.379869 0.711756 0.59085 0.594998 0.717096 0.362975 0.163912 0.880847 0.444118 0.440181 0.853681 0.278333 -0.898987 -0.428119 0.0923948 -0.998426 0.0488014 -0.0276482 -0.900293 0.0305364 -0.434213 -0.67883 -0.301837 -0.669391 -0.310878 -0.562368 -0.766222 0.0628845 -0.428106 -0.901538 -0.0603526 0.0488014 -0.996983 -0.463479 0.0305519 -0.885581 -0.691276 -0.301825 -0.656536 -0.775995 -0.56237 -0.285608 -0.505862 0.213743 0.835714 -0.619632 -0.405456 0.672058 -0.906949 0.411023 -0.092221 -0.932586 -0.201667 -0.299356 -0.875222 0.263817 -0.405447 -0.669929 -0.407739 -0.620438 0.0943445 0.408758 -0.907753 0.392127 -0.261703 -0.881901 0.505796 0.213185 -0.835896 0.619725 -0.405719 -0.671813 0.907042 0.410762 0.0924651 0.932522 -0.202228 0.299178 0.8737 0.267964 0.406008 0.671815 -0.405717 0.619724 -0.0924638 0.410764 0.907041 -0.393634 -0.257532 0.882456 -0.243811 -0.138321 0.959908 0.813535 0.147855 0.562406 0.0948242 0.408245 -0.907934 -0.669449 -0.408252 -0.620619 0.0948254 -0.408244 -0.907934 -0.669448 0.408252 -0.62062 -0.222224 0.151427 0.963165 0.80403 -0.142078 0.577364 0.242911 -0.142129 -0.95958 -0.814445 0.144057 -0.562074 -0.83965 -0.247788 -0.483311 -0.315119 0.262844 0.911928 0.83957 -0.24849 0.483089 0.315037 0.262146 -0.912157 -0.803104 -0.145812 -0.577722 0.223159 0.147705 -0.963526 0.378485 0.28441 -0.880829 -0.865829 -0.282366 -0.413048 0.828472 0.286296 0.48132 0.304404 -0.272518 -0.912728 -0.828371 0.287018 -0.481063 -0.304307 -0.271791 0.912977 0.512164 -0.218001 -0.830761 0.931174 0.228817 0.283827 0.923262 -0.0737989 0.377015 0.446706 0.0850831 -0.890626 -0.931096 0.229381 -0.283628 -0.512087 -0.217434 0.830957 -0.376877 0.288421 0.880214 0.867426 -0.27833 0.412437 0.915921 0.0960397 0.389699 -0.433744 -0.0842279 0.897091 -0.0168793 -0.363546 0.931424 0.62185 0.367986 0.691295 -0.923283 -0.0732167 -0.377078 -0.446729 0.0856658 0.890559 0.4332 -0.0889441 -0.896899 -0.916487 0.0913344 -0.389499 0.624057 -0.365792 0.690471 -0.0146683 0.365751 0.930597 0.624059 0.365789 0.690469 -0.0146661 -0.365753 0.930596 0.0150956 -0.365325 -0.930758 -0.623626 0.366221 -0.690632 0.885298 -0.460901 0.0617953 0.62762 0.466037 -0.62362 -0.885413 -0.460636 -0.0621072 -0.627736 0.466299 0.623308 0.000208874 1 -0.000591108 -0.000573308 1 -0.00032224 -0.335517 0.879397 0.337771 -0.511635 0.856277 0.0708432 0.583212 -0.714321 -0.386793 0.693344 -0.714525 -0.093425 0.890184 -0.309079 -0.334729 0.89022 -0.308955 -0.334745 0.890237 0.309077 -0.334589 0.890273 0.308959 -0.334602 0.583172 0.71453 -0.386467 0.693591 0.714314 -0.093203 0.341564 0.878294 -0.334565 0.509464 0.858096 -0.0641687 -0.00103092 0.999995 0.00291659 0.00281525 0.999995 0.00158145 -0.5114 0.856477 0.0701178 -0.336176 0.879279 0.337423 0.692887 -0.714914 -0.093835 0.583285 -0.71393 -0.387405 0.89019 -0.308729 -0.335036 0.890015 -0.309305 -0.334967 0.89043 0.308748 -0.334379 0.890265 0.309287 -0.334319 -0.561948 0.803009 0.198469 -0.384882 0.89728 -0.216228 -0.455312 0.683452 -0.5706 -0.826734 0.388899 -0.406531 -0.847307 0.530935 -0.0133695 -0.553518 0.803014 0.220876 -0.147111 0.897285 0.416219 0.0333527 0.683457 0.729228 -0.354197 0.388878 0.850481 -0.62866 0.530942 0.568231 0.694035 0.713935 -0.0928042 0.583101 0.714907 -0.385878 0.512026 0.855943 -0.0720529 0.334422 0.879592 -0.338349 0.145229 0.900041 -0.410895 -0.0396497 0.689547 -0.723154 0.345677 0.394706 -0.851302 0.623902 0.533581 -0.570997 0.558246 0.804931 -0.201116 0.379961 0.900035 0.213463 0.446583 0.689536 0.570179 0.820868 0.394724 0.412757 0.845549 0.533574 0.0185841 0.552476 0.804936 -0.216446 0.487861 0.410169 0.770554 0.526212 0.417707 0.74069 -0.500421 -0.00063526 -0.865782 -0.500384 -0.000734206 -0.865803 0.130229 0.228925 0.964694 0.0299512 0.409272 0.911921 -0.0184605 0.416741 0.908838 0.101971 0.230293 0.967764 0.056008 0.701342 0.710621 0.00649775 0.74019 0.672367 -0.0755562 0.0011344 -0.997141 0.167345 0.0735922 -0.983148 0.180925 0.068516 -0.981107 -0.0754977 0.00129104 -0.997145 0.312817 -0.843843 -0.435976 0.282553 -0.770727 -0.571091 0.242225 -0.788248 -0.565679 0.27823 -0.866973 -0.413457 0.435305 0.229476 0.870546 0.460452 0.230861 0.857139 0.733995 -0.00182037 -0.679152 0.900702 0.000835084 -0.434437 0.900717 0.000947368 -0.434404 0.733923 -0.00209113 -0.67923 -0.00268967 0.575576 0.817744 -0.0616233 0.596592 0.800176 -0.132792 -0.0775786 0.988103 -0.119022 -0.0730631 0.9902 0.277482 -0.737302 0.615946 0.279705 -0.782781 0.555895 -0.826301 -0.000132571 0.563229 -0.826291 -0.000159348 0.563243 0.98844 0.00341854 -0.151574 0.988466 0.00390901 -0.15139 0.423018 0.780959 -0.459521 0.448086 0.749906 -0.486682 0.0745717 -0.320577 0.944282 0.00450225 -0.496438 0.86806 -0.0510741 -0.509818 0.858765 0.0354881 -0.32421 0.945319 0.000340564 0.780961 0.62458 -0.183721 0.780969 0.596937 -0.194605 0.749909 0.63227 0.000354703 0.749916 0.661533 -0.425593 0.78096 -0.457133 -0.271929 0.780964 -0.562273 -0.287999 0.749906 -0.595565 -0.450768 0.749908 -0.484196 -0.184436 0.780969 0.596717 -0.195348 0.749909 0.632041 0.992889 0.0768119 0.0909479 0.991869 0.0721946 0.104805 0.278647 -0.0776732 -0.957248 0.502822 -0.00431451 -0.864379 0.502608 -0.00494706 -0.8645 0.265353 -0.0731636 -0.961371 0.622855 0.780967 0.0462809 0.659718 0.749912 0.0490283 0.271068 -0.876863 -0.397031 0.376035 -0.876864 -0.299513 -0.527567 -0.737767 0.421156 -0.379959 -0.737777 0.557956 0.61619 0.707902 -0.345232 0.478074 0.816288 -0.32422 0.467129 0.837176 -0.284477 0.621072 0.721396 -0.30636 0.704186 0.0643381 -0.707095 0.754048 0.314404 -0.576682 0.765562 0.315526 -0.560676 0.707093 0.0643449 -0.704187 0.333402 -0.629026 -0.70226 0.448738 -0.430031 -0.783395 0.424907 -0.432975 -0.794975 0.297806 -0.638428 -0.709733 0.588753 -0.191585 -0.78528 0.578973 -0.191815 -0.792463 0.720623 0.535707 -0.440136 0.73356 0.54145 -0.410757 0.676785 -0.627933 -0.384268 0.550235 -0.769881 -0.323303 0.547886 -0.787332 -0.282717 0.686884 -0.637278 -0.349381 0.518419 0.313687 -0.795514 0.652426 0.0642017 -0.755128 0.649339 0.0641919 -0.757785 0.501637 0.314793 -0.80577 0.748479 -0.429069 -0.505648 0.76176 -0.431978 -0.482821 0.739364 -0.191087 -0.645622 0.747243 -0.191324 -0.636415 0.413349 -0.843527 -0.342936 0.39355 -0.866623 -0.306729 0.286098 0.815689 -0.502792 0.297233 0.706906 -0.641823 0.258134 0.720334 -0.643806 0.247278 0.83653 -0.488949 0.35411 0.852955 -0.383503 0.326036 0.876863 -0.353288 0.384484 0.534659 -0.752537 0.354267 0.540366 -0.763217 -0.966646 -0.188956 0.172893 -0.935713 -0.349716 0.0462515 -0.854678 -0.519099 -0.00786331 -0.739152 -0.671044 0.0579116 -0.628372 -0.737766 0.246677 -0.581196 -0.671021 0.460371 -0.621166 -0.51908 0.587119 -0.717373 -0.349698 0.602567 -0.826199 -0.188923 0.530758 -0.914619 -0.0372518 0.402597 -0.961974 0.112356 0.248962 -0.957861 0.267923 0.10354 -0.90087 0.434033 0.00698175 -0.79951 0.600601 0.00785266 -0.679515 0.720039 0.140722 -0.593808 0.720033 0.359089 -0.591389 0.600608 0.538079 -0.665102 0.434042 0.607657 -0.772577 0.267904 0.575632 -0.874506 0.112336 0.471827 -0.944299 -0.037293 0.32697 0.141952 0.876864 0.459303 0.000301465 0.876867 0.480733 0.000358583 0.737769 -0.675053 -0.198671 0.737767 -0.645158 -0.0726274 0.876866 -0.475217 0.0706023 0.876866 -0.475523 -0.101852 0.737769 0.667325 0.0994459 0.737769 0.667688 0.447608 -0.876868 -0.175355 0.479409 -0.876869 -0.035587 -0.673128 -0.737777 0.0508287 -0.628271 -0.737766 0.246934 0.14202 -0.876864 -0.459282 -0.19859 -0.737767 0.645183 0.206329 0.876859 -0.434219 0.325372 0.876861 -0.353903 -0.461052 0.737765 0.493087 -0.295561 0.737762 0.606919 -0.327664 0.876863 -0.351777 -0.209415 0.876862 -0.432734 0.291895 0.737765 0.608688 0.458329 0.737767 0.495616 0.47941 0.876869 0.0355822 0.447613 0.876868 0.175342 -0.628265 0.737766 -0.246949 -0.673128 0.737777 -0.0508348 0.376018 0.876863 0.299535 -0.527588 0.737767 -0.421129 0.415266 0.876861 -0.242215 -0.585876 0.737764 0.335343 -0.416854 0.876863 -0.239466 0.583991 0.737765 0.338611 0.271016 0.876863 0.397066 -0.380021 0.737777 -0.557914 0.468173 0.876867 -0.109175 0.479562 0.876867 0.0335343 -0.672943 0.737774 -0.0532665 -0.658726 0.737767 0.147578 0.468597 -0.876869 0.10732 -0.658225 -0.73777 -0.149784 -0.141387 0.876864 0.459477 0.199342 0.737767 -0.644951 -0.468932 0.876868 -0.105853 0.657827 0.737769 0.151526 0.0689437 0.876863 -0.475771 -0.103825 0.737766 0.667025 </float_array>
          <technique_common>
            <accessor count="2836" offset="0" source="#meshId0-tangents-array" stride="3">
              <param name="X" type="float" />
              <param name="Y" type="float" />
              <param name="Z" type="float" />
            </accessor>
          </technique_common>
        </source>
        <source id="meshId0-bitangents" name="meshId0-bitangents">
          <float_array id="meshId0-bitangents-array" count="8508"> 0.203061 0.749325 -0.6303 -0.206381 0.748794 0.629853 -0.379091 0.765262 0.520254 0.377647 0.765262 -0.521303 -0.611979 0.765269 0.199612 0.612428 0.765269 -0.198231 -0.66277 0.748821 0.00149867 0.662224 0.749305 0.00149965 0.537793 0.749718 0.385618 -0.534156 0.748386 -0.393186 -0.377645 0.765262 -0.521305 0.379094 0.765262 0.520251 -0.207128 0.748673 -0.629751 0.202317 0.749443 0.630399 -0.195601 0.750487 0.631276 0.213796 0.747574 -0.628827 0.382443 0.765253 -0.517809 -0.374302 0.765253 0.523723 0.611071 0.765264 -0.202392 -0.613323 0.765265 0.195461 0.663901 0.74778 -0.00781444 -0.661047 0.750304 -0.00784083 -0.685474 0.693193 0.22273 -0.892717 0.344843 0.290067 -0.89273 -0.344812 0.290065 -0.685459 -0.693212 0.222717 -0.612205 -0.76527 0.198915 -0.68548 -0.693189 0.222722 -0.892726 -0.34483 0.290056 -0.89273 0.34482 0.290057 -0.685459 0.693211 0.22272 -0.612205 0.76527 0.198916 -0.537398 0.749575 -0.386446 0.534552 0.748533 0.392368 0.378023 0.765262 0.52103 -0.378716 0.765262 -0.520527 0.207141 0.748671 0.629749 -0.202305 0.749445 -0.630401 -0.892738 -0.344812 0.290041 -0.685485 -0.693187 0.222716 -0.61221 -0.76527 0.1989 -0.685459 -0.693219 0.222696 -0.892729 -0.344841 0.290035 -0.89274 0.344809 0.290038 -0.685492 0.693183 0.222707 -0.61221 0.76527 0.198901 -0.685459 0.693216 0.222705 -0.892729 0.344838 0.290038 -0.798421 0.602099 0.00120467 -0.79941 0.600785 0.00120254 0.460369 0.887726 0.00177881 0.462837 0.886441 0.00177556 0.412598 0.392275 -0.822121 0.674765 0.641528 -0.364875 0.704233 0.669545 0.236147 0.669406 0.636435 -0.383205 0.559074 0.797888 0.225413 0.469407 0.797891 0.378189 0.406084 0.852957 0.327964 0.483706 0.852943 0.196258 -0.652174 -0.655186 -0.381314 -0.400492 -0.402345 -0.82324 -0.659144 -0.662196 -0.356407 -0.678007 -0.68114 0.276323 0.799094 -0.601206 -0.000432536 0.798739 -0.601678 -0.000432312 0.961252 0.275669 -0.000724822 0.96078 0.27731 -0.000724643 -0.820691 -0.571352 0.00487162 -0.817276 -0.576226 0.00487171 -0.458602 -0.888631 0.00431395 -0.464605 -0.885507 0.00432917 0.00718358 0.925202 0.379407 0.0329346 0.833854 0.551002 -0.0739486 0.830767 0.551687 -0.0486045 0.923213 0.381204 0.00679657 0.981115 0.193305 -0.0211229 0.980449 0.195638 0.00668859 0.998785 0.0488297 0.000502826 0.998686 0.05125 -0.855043 0.105797 0.50765 -0.84952 8.59498e-08 0.527556 -0.850877 0.152383 0.50278 -0.869217 0.193115 0.455158 -0.854482 0.283367 0.43539 -0.890953 0.255181 0.375614 -0.861853 0.386074 0.328871 -0.9105 0.294294 0.290483 -0.875111 0.445118 0.189871 -0.923246 0.320548 0.211815 -0.88905 0.455962 0.0410924 -0.243112 0.831282 0.499867 -0.30867 0.707565 0.635669 -0.397107 0.711695 0.579479 -0.311858 0.834304 0.454623 -0.16807 0.923609 0.344527 -0.214909 0.925222 0.312694 -0.0865487 0.980667 0.175502 -0.110002 0.981137 0.158963 -0.0231653 0.998765 0.0439538 -0.0285959 0.998806 0.0396025 -0.843203 0.185852 0.504448 -0.826109 0.35176 0.440238 -0.80172 0.494913 0.335121 -0.752574 0.618557 0.225874 -0.834609 0.202561 0.512246 -0.793409 0.387384 0.469506 -0.728641 0.556266 0.399561 -0.636374 0.703677 0.316016 -0.549447 0.711699 0.437713 -0.431234 0.834305 0.34347 -0.296827 0.925227 0.236326 -0.151314 0.981138 0.120305 -0.0383522 0.998807 0.0302264 -0.653564 0.711696 0.257572 -0.512856 0.834303 0.202282 -0.352888 0.925223 0.139402 -0.179655 0.981138 0.0713639 -0.0451695 0.998807 0.0185682 -0.828104 0.200507 0.523489 -0.768491 0.382956 0.512607 -0.671908 0.548454 0.497733 -0.552628 0.692696 0.463438 -0.825988 0.179961 0.534189 -0.760978 0.339482 0.552869 -0.656612 0.474584 0.5862 -0.510448 0.564777 0.648437 -0.688509 0.707619 0.158839 -0.547478 0.83399 0.0687637 -0.378215 0.925223 0.0302601 -0.192635 0.981136 0.0162464 -0.0485611 0.998806 0.00541916 -0.554497 0.831269 -0.0390599 -0.382489 0.923587 -0.0262651 -0.195359 0.980654 -0.0123759 -0.0497405 0.998761 -0.00150342 -0.828938 0.143376 0.540652 -0.773219 0.265478 0.575893 -0.686524 0.359132 0.632226 -0.576343 0.409879 0.706985 -0.340375 0.595895 0.727361 -0.477755 0.451024 0.753875 -0.835823 0.094498 0.540805 -0.799819 0.171869 0.57511 -0.745756 0.225874 0.626761 -0.686863 0.258583 0.67923 -0.630904 0.279083 0.723929 -0.354306 0.923183 -0.148997 -0.514595 0.830735 -0.212299 -0.460702 0.833846 -0.304063 -0.324901 0.925203 -0.196059 -0.179881 0.98043 -0.0799948 -0.163933 0.981114 -0.10267 -0.0440256 0.998678 -0.0265257 -0.038867 0.998784 -0.0303397 -0.372467 0.834299 -0.406464 -0.255794 0.92522 -0.280244 -0.12933 0.981133 -0.143706 -0.0310918 0.998803 -0.0377636 -0.844142 0.0379688 0.534774 -0.830902 0.068042 0.552243 -0.811736 0.0875189 0.57743 -0.79495 0.103863 0.597718 -0.548806 0.707263 -0.445635 -0.475138 0.711691 -0.517436 -0.856219 -0.0392923 0.515116 -0.864258 -0.0515296 0.500402 -0.871092 -0.0618268 0.487213 -0.306281 0.711703 -0.632195 -0.240597 0.834307 -0.496029 -0.165889 0.925225 -0.341234 -0.0850717 0.981137 -0.173587 -0.0223675 0.998806 -0.0434266 -0.851036 -0.0215744 0.524664 -0.0622741 0.925213 -0.374304 -0.0342323 0.981123 -0.190331 -0.0126153 0.998793 -0.04748 -0.854187 -0.0793691 0.513872 -0.867872 -0.144538 0.475296 -0.888921 -0.189995 0.416798 -0.90303 -0.228244 0.363926 -0.111427 0.711674 -0.693617 -0.0884896 0.834292 -0.544175 -0.878163 -0.324817 0.351175 -0.889602 -0.383228 0.248483 -0.00923288 0.707009 -0.707144 -0.00866237 0.830809 -0.55649 -0.00782854 0.923273 -0.384065 -0.00740117 0.980481 -0.196478 -0.00728289 0.998699 -0.0504741 -0.852544 -0.130749 0.506038 -0.862061 -0.241445 0.445596 0.0268373 0.998612 -0.0453278 0.0700512 0.980283 -0.184765 0.0929719 0.981088 -0.169772 0.0301535 0.998758 -0.0396743 -0.846637 -0.171157 0.503895 -0.840094 -0.321634 0.436799 -0.832599 -0.44624 0.328098 -0.832135 -0.526047 0.175575 -0.890669 -0.428461 0.152084 -0.834986 -0.55027 0.00147429 0.126009 0.922933 -0.363753 0.177273 0.830409 -0.5282 0.271765 0.833757 -0.480617 0.174224 0.925173 -0.337196 -0.763836 -0.533705 0.362922 -0.692164 -0.67217 0.26286 0.406062 0.707012 -0.579005 0.482109 0.711684 -0.510957 0.379025 0.834292 -0.400372 0.26174 0.925213 -0.274723 0.134964 0.981126 -0.138477 0.0366419 0.998796 -0.0326135 -0.838481 -0.196499 0.508269 -0.808808 -0.374439 0.453459 0.166898 0.981137 -0.0975442 0.0417825 0.998807 -0.0252919 -0.83097 -0.203894 0.517606 -0.779339 -0.390334 0.490173 -0.69647 -0.561526 0.446786 -0.587458 -0.711111 0.386282 0.60773 0.711703 -0.352339 0.476852 0.834299 -0.27669 0.328038 0.925227 -0.190645 0.683004 0.71167 -0.164411 0.535719 0.834285 -0.130286 0.368318 0.925203 -0.0913294 0.186966 0.981115 -0.0495578 0.0461337 0.998785 -0.0173123 -0.826839 -0.192511 0.528467 -0.763123 -0.365933 0.53267 -0.659805 -0.519131 0.543287 -0.53824 -0.652009 0.534024 -0.827628 -0.163639 0.536893 -0.76636 -0.306341 0.564666 -0.669003 -0.42216 0.611732 -0.539601 -0.493536 0.682094 0.704448 0.706822 -0.0644734 0.554338 0.830634 -0.052508 0.382518 0.923142 -0.0385877 0.19551 0.980407 -0.0240411 0.0499334 0.998668 -0.0129894 -0.396509 -0.512267 0.761816 -0.637853 -0.347105 0.687504 -0.560725 -0.384466 0.73333 0.372576 0.923191 0.0943718 0.540511 0.830746 0.133073 0.50072 0.833838 0.232365 0.350418 0.925197 0.145665 0.189807 0.980436 0.0521392 0.177324 0.981113 0.0772909 0.0474991 0.998681 0.0195131 0.0428784 0.998782 0.0244027 -0.833044 -0.120508 0.539922 -0.787235 -0.221731 0.57541 -0.716637 -0.296519 0.631275 -0.841156 -0.0673457 0.536582 -0.81762 -0.122402 0.562597 -0.782137 -0.160405 0.602106 0.583075 0.811143 0.0454973 0.579106 0.814172 -0.0419604 -0.748728 -0.192336 0.634361 -0.395274 0.810876 0.431554 -0.2464 0.811314 0.530148 0.608783 0.707196 0.359522 0.546226 0.71169 0.44174 0.42821 0.834297 0.347254 -0.163549 0.809459 0.56394 0.294091 0.925219 0.239751 0.0176276 0.998801 0.0456637 0.00540389 0.812167 -0.5834 -0.169576 0.81161 -0.559047 0.148727 0.98113 0.123547 0.505943 0.813871 0.285721 0.546468 0.811502 0.206974 0.0358059 0.9988 0.0334189 -0.572459 0.810316 0.125215 -0.507627 0.810533 0.292149 0.310346 0.834305 0.455654 0.213543 0.925223 0.313626 0.251683 0.813025 0.52502 0.397272 0.813511 0.424705 0.108711 0.981138 0.159844 0.0273266 0.998807 0.040468 -0.849167 -0.00877675 0.528052 -0.329623 0.8111 -0.483183 -0.847082 -0.0162295 0.531215 -0.588508 0.807661 0.036636 -0.843606 -0.021685 0.536525 -0.840288 -0.0262547 0.541504 0.454299 0.813731 -0.362566 0.326914 0.813281 -0.481354 0.395498 0.711696 0.580577 0.0826113 0.812459 0.577136 -0.866285 0.0908223 0.491225 -0.883586 0.117366 0.453322 -0.547415 0.810403 -0.208767 -0.576403 0.807616 -0.124562 -0.896383 0.139642 0.420711 -0.459649 0.810678 -0.362662 0.211142 0.711691 0.670011 0.166336 0.834293 0.52563 0.540901 0.814033 -0.211602 0.115307 0.925219 0.361488 0.0602643 0.981132 0.183705 0.0938881 0.810104 -0.57872 -0.85438 0.050524 0.517186 0.253299 0.809717 -0.529337 -0.00588946 0.809163 0.587555 0.111754 0.707242 0.698083 0.179691 0.149357 0.972318 0.100014 0.418424 0.902728 0.11285 0.380682 0.917794 0.184123 0.134448 0.973664 0.0515065 0.738545 0.672233 0.0872103 0.799925 0.593729 0.100734 0.755802 0.647006 0.0675857 0.692118 0.718613 0.11446 -0.810134 0.574962 0.178328 -0.7992 0.574003 0.189396 -0.754794 0.628025 0.129059 -0.766564 0.629066 0.0681933 -0.774157 0.62931 0.0850095 -0.729034 0.679178 0.290592 -0.616567 0.731712 0.299663 -0.420054 0.856596 0.294713 -0.38163 0.876072 0.290256 -0.569471 0.76906 0.0535525 0.615751 0.786119 0.0701547 0.569198 0.819202 0.269632 0.684412 0.677406 0.298274 0.526927 0.795852 0.294841 0.483178 0.824383 0.270999 0.637723 0.72102 0.0531417 -0.684783 0.726807 0.0706937 -0.637636 0.767087 0.142515 -0.294102 0.945089 0.0784856 -0.52818 0.845497 0.0939465 -0.483863 0.870086 0.151484 -0.265056 0.952259 0.258599 -0.151374 0.95405 0.255053 -0.135741 0.957351 0.283317 0.292204 0.913427 0.223168 -0.00108626 0.974779 0.223259 -0.000725478 0.974759 0.278382 0.26381 0.92353 0.243426 -0.73844 0.628848 0.249347 -0.69161 0.677865 0.213049 0.774587 0.595504 0.219264 0.729808 0.647537 0.146506 0.810966 0.566453 0.156705 0.767671 0.621389 0.00529041 0.797889 0.602781 -0.0841887 0.794147 0.601866 -0.0717101 0.849852 0.52212 0.00566741 0.852947 0.521967 0.623343 -0.000232458 -0.781948 0.826141 -0.000218391 -0.563463 0.826124 -0.000218362 -0.563488 0.623324 -0.000231758 -0.781964 0.180232 0.797903 0.575211 0.156593 0.852962 0.497929 -0.586499 -0.797893 0.139234 -0.605529 -0.794075 0.0527193 -0.525021 -0.849779 0.0472002 -0.507637 -0.852944 0.121614 -0.221733 -0.000999823 0.975107 -0.499341 -0.000922993 0.866405 -0.499294 -0.000923067 0.866432 -0.22163 -0.000999898 0.97513 -0.268631 -0.797874 0.539662 -0.412716 -0.797892 0.439356 -0.357943 -0.852949 0.379941 -0.234071 -0.852927 0.466611 0.955527 -0.000228971 -0.294903 0.95552 -0.000229716 -0.294926 -0.264752 0.794527 0.546473 -0.340428 0.797895 0.497465 -0.294959 0.852963 0.430642 -0.229775 0.850234 0.473609 0.0744815 0.000296831 0.997222 -0.222763 0.000320897 0.974873 -0.222764 0.000319026 0.974872 0.07446 0.000295926 0.997224 0.654842 0.737213 -0.166432 0.630149 0.748513 -0.206497 0.573913 0.796585 -0.189938 0.600542 0.785907 -0.147307 0.365136 -0.000273138 -0.930954 0.365117 -0.000273123 -0.930961 0.936206 -0.26356 -0.232497 0.859421 -0.479453 -0.177542 0.833556 -0.528534 -0.160736 0.928743 -0.295801 -0.223469 -0.988732 -0.000871167 0.149694 -0.98894 -0.000925697 -0.148311 -0.988953 -0.000925787 -0.148227 -0.988717 -0.000871189 0.149795 -0.501271 -0.00186497 -0.865288 -0.224064 -0.00199024 -0.974572 -0.224201 -0.00199031 -0.974541 -0.501423 -0.001865 -0.8652 0.810712 0.562937 -0.160775 0.719648 0.678274 -0.1485 0.671983 0.729386 -0.128198 0.775944 0.61467 -0.141746 0.826116 0.000273868 0.563499 0.62333 0.000253737 0.781959 0.623308 0.000254437 0.781976 0.826097 0.000273049 0.563528 -0.989112 -0.00239749 -0.147147 -0.901722 -0.00219491 -0.43231 -0.901807 -0.00219463 -0.432134 -0.989142 -0.00239546 -0.146945 0.901684 0.381169 -0.204151 0.885308 0.424138 -0.190623 0.0730423 -0.00210109 -0.997327 0.0728716 -0.00210114 -0.997339 -0.188527 -0.793878 0.578113 -0.16541 -0.849582 0.500849 0.365145 0.00026159 0.930951 0.365126 0.000262305 0.930958 -0.838304 -0.424713 0.341856 -0.934514 -0.155537 0.320143 -0.938211 -0.137931 0.31739 -0.859406 -0.382077 0.339762 -0.572332 0.797722 0.189938 -0.595434 0.764624 0.246593 -0.649128 0.715166 0.259171 -0.628363 0.75003 0.206435 -0.579812 -0.797725 0.165688 -0.577617 -0.787012 0.216727 -0.633077 -0.73869 0.231412 -0.635394 -0.750035 0.183634 -0.927558 -0.298589 0.224677 -0.832406 -0.530312 0.160838 -0.858175 -0.48158 0.17781 -0.935064 -0.266371 0.233883 0.578061 -0.529163 -0.621153 0.627595 -0.300111 -0.718372 0.628123 -0.0422864 -0.776964 0.629581 -0.0811243 -0.772688 -0.720723 -0.681129 0.128923 -0.630261 -0.764934 0.132842 -0.681713 -0.715491 0.152774 -0.762568 -0.629502 0.149055 -0.67235 0.729591 0.125069 -0.599692 0.786888 0.145524 -0.653791 0.73856 0.164579 -0.719758 0.678852 0.145288 0.51852 -0.425794 -0.74151 0.440365 -0.610591 -0.658223 0.611735 -0.0981132 -0.784955 0.615245 -0.0623729 -0.785865 0.391195 -0.718221 -0.575434 0.377712 -0.770077 -0.514117 0.613455 -0.141457 -0.776957 0.611038 -0.125362 -0.781612 -0.626039 -0.730278 0.273441 -0.719968 -0.615284 0.321049 -0.759275 -0.563959 0.324734 -0.676688 -0.679557 0.283364 -0.668165 0.680016 0.301883 -0.778612 0.527862 0.339303 -0.809222 0.479239 0.339838 -0.713944 0.628387 0.308892 -0.95416 0.150781 0.258542 -0.88744 0.421342 0.18687 -0.90349 0.378921 0.200312 -0.955557 0.133721 0.262736 -0.892907 0.294524 0.340548 -0.955031 -0.00244039 0.296497 -0.955014 -0.00216357 0.296553 -0.904041 0.26268 0.337208 0.473377 0.718425 -0.509686 0.542775 0.611167 -0.576081 0.628247 0.0982463 -0.771786 0.625419 0.125425 -0.770143 0.443169 -0.75001 -0.491006 0.508097 -0.672642 -0.53795 0.62791 -0.112992 -0.77004 0.623636 -0.134942 -0.76998 0.597539 -0.155264 -0.786664 0.620314 -0.0213207 -0.784063 -0.777547 0.61351 0.137938 -0.811976 0.562214 0.156877 0.826353 -0.000219375 -0.563152 0.955637 -0.000229672 -0.294547 0.955574 -0.00022852 -0.294751 0.82624 -0.000220293 -0.563319 0.901279 0.000804916 -0.433238 0.988948 0.000870489 -0.148258 0.988833 0.000870433 -0.149022 0.900969 0.000804886 -0.433882 -0.220819 -0.00198842 -0.975313 0.0765668 -0.00209786 -0.997062 0.0747101 -0.00209843 -0.997203 -0.222514 -0.00198836 -0.974928 0.365545 -0.000269189 -0.930793 0.623638 -0.00022918 -0.781713 0.623477 -0.000230138 -0.781841 0.365347 -0.000269209 -0.930871 -0.900133 -0.00219484 -0.43561 -0.731901 -0.00192334 -0.681408 -0.733041 -0.00192322 -0.680182 -0.900967 -0.002196 -0.433882 0.988713 0.000924669 0.149816 0.988833 0.000924778 0.149022 0.955653 0.000291392 0.294495 0.826379 0.000272781 0.563114 0.82624 0.000272757 0.563319 0.955574 0.000289135 0.294751 0.074987 0.000293251 0.997185 -0.22225 0.000317603 0.97499 -0.222514 0.000317611 0.974929 0.0747103 0.000292387 0.997205 -0.498586 -0.00186406 -0.866838 -0.499988 -0.0018633 -0.86603 0.365539 0.000261381 0.930796 0.365347 0.000260384 0.930871 -0.988517 -0.00239626 -0.151093 -0.988831 -0.00239567 -0.149022 0.733541 0.000819504 -0.679644 0.733042 0.000819456 -0.680183 0.623655 0.000254676 0.781699 0.623477 0.000255517 0.781841 1 -0.000263064 0.00023098 0.955503 -0.000289589 0.294982 0.955574 -0.0002918 0.294751 1 -0.000263358 4.29065e-11 0.223377 0.000999413 -0.974732 0.500706 0.000922352 -0.865617 0.499989 0.000922364 -0.866031 0.222514 0.000999316 -0.974929 0.0749911 -0.0002979 -0.997184 0.0747103 -0.000297881 -0.997205 0.0749012 0.000296816 0.997191 -0.222107 0.000320897 0.975022 -0.222282 0.000319086 0.974982 0.0749292 0.000295877 0.997189 0.380353 0.750094 -0.541009 0.383663 0.779768 -0.494737 0.615714 0.144771 -0.774556 0.612328 0.134959 -0.779 0.397008 -0.77977 -0.48409 0.618195 -0.144784 -0.772575 -0.498922 -0.00186367 -0.866645 -0.221039 -0.00198998 -0.975263 -0.221056 -0.00198955 -0.975259 -0.498789 -0.00186406 -0.866722 0.623992 0.000804991 -0.781431 0.624072 0.000104457 -0.781367 0.0765106 -0.00209857 -0.997066 0.0762805 -0.00209704 -0.997084 0.561432 0.301436 -0.770669 0.4775 0.529921 -0.700841 0.614186 0.0812806 -0.784964 0.61883 0.042473 -0.784376 0.606344 0.426866 -0.670919 0.628158 0.0625423 -0.775568 -0.988634 -0.00239841 -0.150321 -0.900432 -0.00219712 -0.434992 -0.900246 -0.00219671 -0.435376 -0.988559 -0.00239873 -0.150816 0.623957 -0.000230089 -0.781459 0.826655 -0.000218362 -0.56271 0.826334 -0.000218377 -0.563181 0.623619 -0.000230327 -0.781729 0.365758 -0.000270084 -0.93071 0.36552 -0.000269964 -0.930803 0.826038 0.000273824 0.563614 0.623303 0.000253707 0.781981 0.623633 0.000254378 0.781717 0.826357 0.000272974 0.563147 -0.223169 -0.00100001 0.974779 -0.500341 -0.000923008 0.865828 -0.500606 -0.000922978 0.865675 -0.223249 -0.00100011 0.974761 0.411818 0.672979 -0.614415 0.611743 0.11307 -0.782934 0.63281 0.156823 -0.75826 0.625175 0.0215135 -0.780188 0.955819 -0.000227764 -0.293955 0.955627 -0.000227809 -0.29458 -0.988837 -0.000868946 0.148996 -0.988821 -0.000922337 -0.149106 -0.988728 -0.000922203 -0.149717 -0.988929 -0.000868201 0.148385 -0.733169 -0.000820041 0.680046 -0.733481 -0.000819981 0.67971 -0.732282 -0.00192229 -0.680999 -0.732076 -0.00192176 -0.68122 0.999999 -0.000263752 0.000894281 1 -0.000263464 0.000198247 0.955306 -0.000289261 0.295619 0.955512 -0.00028871 0.294951 0.416946 0.770106 -0.482796 0.620676 0.141473 -0.771198 0.955448 0.000292405 0.295158 0.955641 0.000290677 0.294534 0.0750066 -0.000299569 -0.997183 0.0749316 -0.000299037 -0.997189 -0.900993 -0.000805497 0.433834 -0.901229 -0.000804752 0.433342 0.365272 0.00026156 0.930901 0.365515 0.00026229 0.930805 0.566264 0.60013 -0.564968 0.564867 0.602772 -0.563552 -0.325014 0.88579 0.331272 -0.321516 0.888364 0.327775 0.246011 0.343252 0.906453 -0.347396 0.567192 0.746732 -0.593504 0.590637 0.546718 -0.14686 0.51443 0.844864 0.637032 -0.748502 -0.184214 0.63473 -0.737146 -0.231805 0.579095 -0.785852 -0.216994 0.581237 -0.796576 -0.166224 0.745272 -0.571444 -0.343542 0.905726 -0.345866 0.245025 0.839975 -0.520688 -0.152728 0.533968 -0.595652 -0.600065 0.563698 0.601247 -0.566345 0.563482 0.601655 -0.566127 0.677963 -0.275803 -0.681395 0.677679 -0.277201 -0.68111 -0.576875 0.572547 0.582585 -0.575625 0.575075 0.58133 -0.323134 0.887883 0.327489 -0.325307 0.886278 0.329676 0.415805 0.601584 0.682057 0.415905 0.601329 0.682222 -0.239718 0.887219 -0.394181 -0.239987 0.88695 -0.394621 -0.942051 0.335136 0.0149813 -0.638054 0.553828 -0.534941 -0.424391 0.574622 -0.699787 -0.800115 0.495225 -0.338479 0.955866 0.00110388 -0.293801 0.955856 0.00126483 -0.293834 0.183288 -0.553439 0.812472 -0.445177 -0.334917 0.83045 -0.0664582 -0.494694 0.866523 0.426572 -0.574152 0.698846 0.414512 0.60204 0.682442 0.414968 0.600871 0.683195 0.498181 -0.278498 0.82113 0.498777 -0.274513 0.822109 0.415922 -0.578661 0.701541 0.419494 -0.568863 0.707404 0.235853 -0.883874 0.403906 0.229618 -0.890164 0.393552 -0.434287 0.765267 -0.475144 0.432208 0.765267 0.477036 0.274069 0.74882 0.603453 -0.271262 0.749278 -0.604152 0.132417 0.749356 -0.648792 -0.136209 0.748755 0.648701 -0.319914 0.765259 0.5586 0.317903 0.765259 -0.559747 -0.586481 0.76527 0.265333 0.586847 0.76527 -0.264522 -0.658589 0.748855 0.0739994 0.658411 0.749258 -0.0714697 -0.577231 -0.749877 -0.323248 0.573746 -0.748209 0.333165 0.431751 -0.765266 0.477451 -0.434742 -0.765266 -0.474728 0.0749852 -0.765255 0.639345 -0.0663776 -0.765255 -0.640296 -0.12756 -0.747875 0.651469 0.14108 -0.750189 -0.645998 -0.48812 0.749421 0.447333 0.491854 0.748676 -0.444482 0.585783 0.765269 -0.266875 -0.587538 0.765269 0.262988 0.855481 -0.34485 -0.386304 0.855474 0.344848 -0.386321 0.656871 0.693204 -0.296628 0.586665 0.76527 -0.264924 0.656882 0.693191 -0.296635 0.85547 0.344864 -0.386315 0.855475 -0.344852 -0.386316 0.656871 -0.693203 -0.29663 0.586664 -0.76527 -0.264926 0.656882 -0.693191 -0.296634 0.658946 0.748002 -0.0792681 -0.658025 0.750082 0.0661804 -0.576889 0.749716 -0.32423 0.57409 0.748376 0.332195 0.464978 0.344869 -0.81539 0.357018 0.693221 -0.626086 0.318877 0.765259 -0.559192 0.357036 0.693191 -0.626108 0.464986 0.3448 -0.815415 0.464972 -0.344875 -0.815391 0.35702 -0.69322 -0.626085 0.318874 -0.765259 -0.559193 0.35704 -0.693193 -0.626104 0.464986 -0.3448 -0.815415 -0.132725 0.00140882 0.991152 -0.999239 0.00146197 0.0389722 -0.985116 -0.170667 0.0204884 -0.146905 0.23903 0.959835 0.290138 -0.532341 -0.795256 0.813158 0.53961 -0.218164 0.698232 0.612988 -0.369755 0.430474 -0.61141 -0.66398 0.433727 0.61298 -0.660406 0.701486 -0.611417 -0.366178 0.293626 0.539604 -0.789057 0.819001 -0.532349 -0.214109 -0.98668 0.16189 0.0159541 -0.151315 -0.247945 0.956884 -0.132725 -0.00206023 0.991151 -0.999238 -0.0021425 0.0389722 -0.149494 0.244263 0.958116 -0.986048 -0.165507 0.0178218 -0.814611 -0.537819 0.217162 -0.291013 0.534161 0.793715 -0.431289 0.611805 0.663087 -0.699049 -0.612595 0.368859 -0.700686 0.611805 0.36706 -0.432927 -0.612595 0.661288 -0.0674134 -0.892502 0.445977 0.443368 -0.896173 -0.017292 0.659181 -0.688079 -0.303361 0.697551 -0.613313 -0.370498 0.660788 -0.685365 -0.305999 0.450347 -0.892497 -0.0252344 -0.05889 -0.896176 0.439772 -0.363981 -0.688082 0.627743 -0.434427 -0.613317 0.659633 -0.366758 -0.685362 0.629101 -0.817557 0.534157 0.215118 -0.292765 -0.537809 0.790601 -0.145666 -0.236526 0.960644 -0.984655 0.17315 0.0217719 0.132725 -0.00204121 -0.991151 0.0287255 -0.00228285 -0.999585 -0.373792 -0.00297236 -0.927508 -0.885345 -0.00298268 -0.464925 -0.997707 -0.00228851 -0.0676461 -0.999238 -0.00203994 0.0389722 -0.99786 -0.00228487 -0.065348 -0.888265 -0.00297162 -0.459321 -0.379653 -0.00298949 -0.925124 0.0264241 -0.00228898 -0.999648 -1.1772e-06 1 8.62808e-06 0.0048699 0.999987 -0.00157571 -0.168929 0.843564 -0.509768 -0.395605 0.809026 -0.43471 0.395595 -0.809009 0.434751 0.395586 -0.809018 0.434742 0.640086 -0.309032 0.703413 0.640094 -0.309004 0.703418 0.64009 0.308993 0.703426 0.640076 0.309055 0.703411 0.395591 0.809014 0.434747 0.395551 0.809053 0.434711 -0.398906 -0.807661 -0.434232 -0.396973 -0.809757 -0.432095 -0.00120156 -0.999995 0.00278722 -0.00360856 -0.999994 0.000140904 0.39425 -0.808286 0.43731 0.392296 -0.81039 0.435169 0.39557 -0.809044 0.434708 0.395599 -0.809018 0.434732 0.640108 -0.309005 0.703405 0.640098 -0.309035 0.7034 0.640105 0.309023 0.703399 0.640107 0.309023 0.703397 0.578037 0.807963 -0.114323 0.764068 0.471644 -0.440174 -0.244213 0.960282 0.134974 -0.224023 0.973643 0.0428009 0.395596 0.809016 0.434737 0.3956 0.809019 0.434728 0.395604 0.809025 0.434715 0.177496 0.84316 0.507519 0.119699 0.432038 -0.893876 -0.261881 0.562731 -0.784061 -0.767576 0.558025 -0.315335 -0.902494 0.428588 0.0426294 -0.913551 0.38433 0.133099 -0.901172 0.432035 0.0351473 -0.755995 0.562715 -0.334399 -0.241776 0.558028 -0.79382 0.127267 0.428587 -0.894492 0.218376 0.384331 -0.896996 0.395593 -0.809037 0.4347 2.38269e-05 -1 1.4752e-05 7.91666e-06 -1 -1.45602e-07 0.3956 -0.809032 0.434704 0.00727683 0.999863 0.0148641 -0.0388822 0.96468 0.26054 0.509121 0.471818 -0.71985 -0.157813 0.960359 0.229794 0.232981 0.789523 -0.567779 -0.0806543 0.978449 0.190086 0.0529099 0.970036 -0.237131 -0.237937 0.787953 0.567905 -0.511327 0.471392 0.718565 0.156513 0.960169 -0.231473 0.0785174 0.977905 -0.193745 -0.763892 0.471574 0.440554 0.244592 0.960237 -0.134609 -0.578513 0.807198 0.117279 0.226882 0.97307 -0.0407244 -0.00077978 0.999998 0.00180856 0.00248472 0.999996 0.00152122 0.364162 -0.68847 -0.627212 0.0587552 -0.896679 -0.438766 -0.450358 -0.892459 0.0263636 -0.660521 -0.685349 0.306609 -0.697209 -0.613477 0.370873 -0.658678 -0.68846 0.303587 -0.442331 -0.896686 0.0172384 0.0685671 -0.892463 -0.44588 0.367336 -0.685346 -0.62878 0.434767 -0.613481 -0.659257 -0.640107 -0.309005 -0.703405 -0.640099 0.309036 -0.703399 -0.640102 0.309016 -0.703405 -0.640102 -0.309032 -0.703398 -1.72618e-07 -1 -1.89684e-07 -0.39559 -0.809039 -0.4347 -0.395604 -0.809025 -0.434715 1.90182e-08 -1 2.08985e-08 -0.640076 0.309076 -0.703402 -0.395513 0.8091 -0.434658 -0.395562 0.809048 -0.434709 -0.640083 0.309049 -0.703408 -0.395541 -0.809078 -0.434672 -0.395579 -0.809041 -0.434707 0.39559 -0.809039 0.434701 0.395604 -0.809025 0.434715 -0.640105 -0.308952 -0.70343 -0.640094 -0.309003 -0.703418 -0.395579 -0.809049 -0.434693 -0.395593 -0.809035 -0.434705 -0.395606 0.809011 -0.434738 -0.395599 0.809017 -0.434732 -0.395623 -0.80898 -0.434779 -0.395595 -0.80901 -0.434749 -5.58787e-07 -1 4.33577e-06 0.0056784 -0.999982 -0.00183696 -0.168219 -0.843594 -0.509952 -0.395604 -0.809025 -0.434713 0.395595 0.809009 0.434752 0.395585 0.809019 0.434742 0.640087 0.309032 0.703412 0.640093 0.309003 0.703419 0.640094 -0.308996 0.703421 0.640083 -0.309049 0.703408 0.395598 -0.809005 0.434757 0.395556 -0.80905 0.43471 0.397895 -0.808082 0.434377 0.396561 -0.809524 0.432909 0.00083312 -0.999998 -0.00193229 0.00250288 -0.999997 -9.74542e-05 -0.394664 -0.808512 -0.436519 -0.393304 -0.809977 -0.435028 0.395569 0.809045 0.434708 0.395599 0.809018 0.434732 0.640108 0.309005 0.703405 0.640099 0.309035 0.703399 0.640103 -0.309024 0.703401 0.640104 -0.309018 0.703402 -0.577029 0.809529 0.108174 -0.764307 0.471739 0.439656 0.243559 0.96036 -0.135603 0.218028 0.974803 -0.0471488 0.395606 -0.809013 0.434734 0.395601 -0.809019 0.434727 0.395603 -0.809024 0.434716 0.178207 -0.843124 0.507331 -0.0588881 -0.896183 0.439759 -0.363979 -0.688077 0.62775 -0.434425 -0.613316 0.659635 -0.366757 -0.685362 0.629102 -0.0674352 -0.892501 0.445975 0.443372 -0.896171 -0.0172922 0.659183 -0.688077 -0.30336 0.697553 -0.613312 -0.370496 0.660786 -0.685364 -0.306003 0.450346 -0.892497 -0.0252251 0.395585 0.809044 0.434696 -3.34819e-07 1 -3.67922e-07 1.40317e-06 1 -2.17647e-07 0.395593 0.809035 0.434705 0.00848117 -0.999814 0.0173246 -0.0377288 -0.964207 0.262453 -0.503911 0.472809 0.722859 0.160908 0.96077 -0.225898 -0.221665 0.793023 0.567432 0.0855531 0.97963 -0.181675 0.0540824 -0.97045 -0.235163 0.248932 0.784384 -0.568132 0.516378 0.470401 -0.715596 -0.153499 0.959748 0.235205 -0.0737905 0.976639 0.201818 0.763653 0.471479 -0.441068 -0.245203 0.960169 0.133981 0.579469 0.805609 -0.123329 -0.232729 0.971858 0.0364678 0.0040469 0.999948 -0.00938709 -0.012888 0.999886 -0.00789116 -0.364937 -0.690133 0.62493 -0.0581609 -0.898875 0.434328 0.450403 -0.892278 -0.0312739 0.659356 -0.685276 -0.309267 0.695707 -0.61419 -0.372509 0.656467 -0.690132 -0.304578 0.437865 -0.898879 -0.0170774 -0.0734632 -0.892282 0.445462 -0.369886 -0.685272 0.627364 -0.436254 -0.614193 0.657609 -0.640107 0.309005 -0.703405 -0.640099 -0.309046 -0.703395 -0.640103 -0.309017 -0.703403 -0.640102 0.309032 -0.703398 1.19521e-05 -1 2.45774e-05 0.395593 -0.809034 0.434708 0.395603 -0.809024 0.434715 -1.01027e-06 -1 7.70734e-06 -0.640075 -0.309094 -0.703395 -0.39551 -0.809102 -0.434656 -0.395558 -0.80905 -0.43471 -0.640085 -0.309047 -0.703407 -0.395551 0.80907 -0.434678 -0.395581 0.80904 -0.434707 -0.395587 -0.809045 -0.434692 -0.395605 -0.809027 -0.434708 -0.640099 0.308986 -0.703421 -0.640095 0.309005 -0.703417 -0.395579 0.809048 -0.434693 -0.395589 0.809036 -0.434706 -0.395607 -0.80901 -0.43474 -0.395599 -0.809017 -0.434734 -0.395624 0.808979 -0.434781 -0.395595 0.80901 -0.434749 -0.107306 0.765265 -0.634709 0.114283 0.765265 0.63349 -0.0874181 0.748073 0.657833 0.0990457 0.750017 -0.65396 0.460497 0.749144 -0.476157 -0.461423 0.748968 0.475538 -0.568708 0.765263 0.301568 0.568971 0.765263 -0.301073 -0.65263 0.748878 0.115138 0.652613 0.74923 -0.112914 0.596584 0.749965 0.285728 -0.593415 0.748113 -0.296959 -0.460502 0.765258 -0.449798 0.4642 0.765258 0.445981 -0.114473 0.765264 -0.633456 0.107123 0.765264 0.63474 0.0867997 0.747967 -0.658036 -0.0996667 0.750118 0.65375 -0.458244 0.74957 0.477659 0.46366 0.748536 -0.474039 0.568251 0.765263 -0.302431 -0.569424 0.765263 0.300216 0.652653 0.748134 -0.119745 -0.652569 0.749952 0.108283 0.929328 -0.34482 0.132094 0.929323 0.344829 0.132104 0.713571 0.693201 0.101433 0.637313 0.765262 0.0905925 0.713576 0.693196 0.101434 0.92933 0.344809 0.132105 0.929323 -0.344829 0.132105 0.71357 -0.693202 0.101434 0.637313 -0.765262 0.0905935 0.713576 -0.693196 0.101434 -0.596289 0.749795 -0.286788 0.593717 0.748292 0.295903 0.46099 0.765259 0.449296 -0.463713 0.765259 -0.446485 -0.110814 0.76527 -0.6341 -0.124077 0.693193 -0.709992 -0.161595 0.344785 -0.924668 -0.161591 -0.344853 -0.924643 -0.124078 -0.693202 -0.709983 -0.110816 -0.76527 -0.634099 -0.124078 -0.693193 -0.709992 -0.161598 -0.344782 -0.924668 -0.161584 0.344846 -0.924647 -0.124077 0.693201 -0.709984 -0.10717 0.769673 -0.629379 0.114452 0.760799 0.638815 -0.088765 0.743553 0.662759 0.0976551 0.754488 -0.649008 0.456631 0.75377 -0.472566 -0.465286 0.744295 0.479097 -0.5735 0.7608 0.303778 0.564166 0.769679 -0.298849 -0.657735 0.744301 0.115762 0.647468 0.753774 -0.112293 0.592008 0.754619 0.282979 -0.597927 0.743407 -0.299716 -0.4639 0.760795 -0.453859 0.46077 0.769673 0.441921 -0.114866 0.760798 -0.638743 0.106745 0.769672 0.629453 0.087936 0.74341 -0.66303 -0.0984727 0.75462 0.64873 0.449585 -0.755073 -0.47722 -0.472313 -0.742912 0.474343 -0.57571 -0.760792 0.29959 0.561974 -0.769671 -0.302972 -0.657733 -0.744431 0.114934 0.647479 -0.753642 -0.113118 0.641175 -0.688143 -0.339638 0.830837 -0.340619 -0.4401 0.830848 0.340602 -0.440094 0.641172 0.68814 -0.339649 0.573494 0.7608 -0.303789 0.641173 0.688144 -0.33964 0.830804 0.340661 -0.440131 0.830854 -0.34064 -0.440053 0.641179 -0.688178 -0.33956 0.573497 -0.7608 -0.303783 -0.591774 0.754493 -0.283803 0.598142 0.743543 0.298947 0.464198 0.760796 0.453552 -0.46047 0.769674 -0.442233 -0.109902 0.769676 -0.628905 -0.123235 0.698216 -0.7052 -0.161326 0.34906 -0.923109 -0.16131 -0.349104 -0.923096 -0.123234 -0.698228 -0.705189 -0.109912 -0.769676 -0.628902 -0.123251 -0.698211 -0.705203 -0.161333 -0.349054 -0.92311 -0.161331 0.349167 -0.923068 -0.12324 0.698229 -0.705186 0.0996243 0.827579 0.552438 0.114458 0.760799 0.638814 -0.088715 0.743544 0.662776 -0.0760444 0.813234 0.576947 -0.404804 0.814011 0.416556 -0.465296 0.744293 0.47909 -0.573496 0.7608 0.303785 -0.496045 0.827588 0.262751 -0.657735 0.744297 0.115789 -0.572019 0.814016 0.100864 -0.5198 0.813083 -0.262114 -0.59791 0.743396 -0.299776 -0.463881 0.760795 -0.453878 -0.400727 0.827579 -0.393104 -0.114894 0.760798 -0.638737 -0.100102 0.827578 -0.552354 0.0878893 0.743402 -0.663045 0.0751487 0.813085 -0.577274 -0.412712 -0.812564 0.411592 -0.472308 -0.742913 0.474346 -0.575713 -0.760792 0.299585 -0.498478 -0.827577 0.258142 -0.65773 -0.744436 0.114917 -0.571983 -0.814155 0.0999345 -0.930844 0.340642 -0.132256 -0.930853 -0.340593 -0.132319 -0.718352 -0.688144 -0.10212 -0.642524 -0.760802 -0.0913352 -0.718361 -0.688134 -0.102117 -0.930859 -0.340574 -0.132328 -0.930852 0.340595 -0.132321 -0.718355 0.688142 -0.102116 -0.642524 0.760802 -0.0913363 -0.718361 0.688136 -0.102113 0.520022 0.813224 0.261234 0.598151 0.743539 0.29894 0.464189 0.760796 0.453561 0.401048 0.82758 0.392774 0.728757 0.668568 -0.148088 0.49604 0.827588 -0.26276 0.820955 0.370026 -0.434871 0.874365 0.291846 -0.3877 0.48318 0.837274 -0.255947 0.656043 0.725899 -0.206585 0.908146 0.253473 -0.3332 0.89592 0.107704 -0.430961 0.784765 -0.248657 -0.567727 0.857997 -0.1062 -0.502556 0.531109 -0.666786 -0.5228 0.810657 -0.291214 -0.507966 0.910538 -0.248646 -0.330295 0.730876 -0.666777 -0.145698 0.875642 -0.291208 -0.385291 0.897761 -0.106214 -0.427485 0.496039 -0.827588 -0.262762 0.820955 -0.370027 -0.434871 0.785823 0.253479 -0.564119 0.859838 0.10769 -0.499081 0.531896 0.668578 -0.519701 0.811933 0.291852 -0.505556 -0.141261 0.000872515 0.989972 -0.696149 0.000802934 0.717897 -0.695508 0.000802949 0.718518 -0.140298 0.000872195 0.990109 0.792393 -0.314885 -0.522456 0.539172 -0.725144 -0.428321 0.657246 -0.725136 -0.20544 0.877365 -0.314904 -0.36203 0.539444 0.725908 -0.426682 0.875542 0.317981 -0.363751 0.48318 -0.837274 -0.255948 0.792793 0.317962 -0.51998 0.0721469 -0.908013 0.412683 0.399185 -0.721308 0.566009 0.391749 -0.680415 0.619329 0.0846293 -0.870909 0.484103 0.985223 0.00126507 -0.17127 0.897692 0.00144203 0.440622 0.898405 0.00144279 0.439165 0.98498 0.00126491 -0.172665 -0.467106 0.00172128 -0.8842 0.141842 0.0017717 -0.989888 0.139886 0.00177504 -0.990166 -0.468805 0.00172137 -0.8833 -0.985176 0.000838988 0.171544 -0.985014 0.000840306 0.172472 0.898 0.000374317 0.439996 0.467877 0.000387982 0.883794 0.468262 0.000387996 0.88359 0.89819 0.000374287 0.439608 0.141514 0.00126356 -0.989935 0.696322 0.00117417 -0.717728 0.695385 0.00117303 -0.718636 0.140121 0.00126044 -0.990134 -0.897835 0.000946477 -0.440332 -0.898306 0.000949442 -0.43937 -0.140956 0.000401579 0.990016 -0.140513 0.000401609 0.990079 -0.897624 0.00167491 -0.440758 -0.898451 0.00167172 -0.43907 -0.468932 0.00172164 -0.883233 0.139705 0.0017724 -0.990192 0.140695 0.00177188 -0.990051 -0.468099 0.00172174 -0.883674 0.343261 0.258642 0.902926 -0.0143748 -0.263307 0.964605 0.000733264 -0.243137 0.969992 0.331068 0.238776 0.912896 -0.18598 0.719517 0.669108 0.0721474 0.908013 0.412682 0.0846308 0.870909 0.484103 -0.161028 0.678627 0.716614 0.340663 -0.263261 0.902575 0.328263 -0.243069 0.912776 -0.183537 -0.721354 0.667804 -0.15846 -0.680459 0.715448 0.401922 0.719473 0.566407 0.394558 0.678584 0.619554 -0.0166996 0.258688 0.965817 -0.00186503 0.238844 0.971056 -0.471423 0.797895 0.375664 -0.560894 0.797901 0.220799 -0.485655 0.852958 0.191316 -0.408244 0.852961 0.32526 0.695459 -0.000806242 -0.718565 0.984998 -0.000840329 -0.172561 0.98508 -0.00083964 -0.172095 0.695771 -0.000806307 -0.718263 0.89821 0.000372991 0.439566 0.468267 0.00038664 0.883587 0.468099 0.000386629 0.883676 0.898107 0.000373004 0.439776 0.139988 0.00126499 -0.990152 0.69531 0.00117418 -0.718709 0.695771 0.00117404 -0.718263 0.140695 0.00126154 -0.990052 0.898352 -0.000945002 0.439276 0.898107 -0.000944796 0.439776 -0.140472 0.000400208 0.990085 -0.140695 0.000400146 0.990053 0.984956 0.00127017 -0.1728 0.98508 0.00127171 -0.172094 -0.898531 0.00167122 -0.438907 -0.898106 0.00167176 -0.439775 0.140208 -0.000872869 -0.990122 0.140695 -0.000874905 -0.990053 0.898477 0.00145061 0.439019 0.898107 0.00145021 0.439776 0.880779 0.172092 -0.44115 0.880775 0.172114 -0.441148 0.803022 -0.439752 -0.402211 0.80302 -0.439757 -0.40221 0.418514 -0.883682 -0.209645 0.418522 -0.883678 -0.209649 0.418539 -0.883678 -0.209616 0.418517 -0.883691 -0.209605 -0.125794 -0.990054 0.0630009 -0.125798 -0.990053 0.0630032 -0.622112 -0.718262 0.311571 -0.622116 -0.718258 0.311573 -0.622176 -0.718258 0.311453 -0.622132 -0.718307 0.311429 -0.88084 -0.172153 0.441004 -0.880849 -0.172092 0.441009 -0.80312 0.43971 0.402062 -0.803099 0.439757 0.402052 -0.418666 0.883648 0.209488 -0.418615 0.883678 0.209465 0.418539 -0.883678 -0.209616 0.418526 -0.883686 -0.209607 -0.125793 -0.990054 0.0630028 -0.125797 -0.990053 0.0630051 0.188501 -0.34801 -0.918344 0.676712 -0.284548 -0.679038 0.811257 -0.170184 -0.559375 0.658962 -0.212045 -0.721669 -0.622122 -0.718251 0.311576 -0.622115 -0.718258 0.311574 0.622102 0.718258 -0.311599 0.6221 0.718261 -0.311598 0.859963 -0.379596 -0.341131 0.937884 -0.134764 -0.319705 0.934313 -0.152132 -0.322358 0.83896 -0.422435 -0.343066 0.936965 -0.0538469 -0.34525 0.992885 -0.0113094 -0.118537 0.593038 -0.182976 -0.784108 0.779892 -0.167656 -0.603042 0.970414 0.0611719 -0.233568 0.919292 0.213246 0.330799 0.78375 -0.0622727 0.617946 0.991744 -0.128236 -0.000286421 0.841753 -0.395822 0.367121 0.961329 -0.255011 -0.103995 0.919454 -0.33141 -0.211596 0.9141 -0.227848 -0.33542 0.713237 0.0183388 -0.700683 0.817996 -0.111494 -0.564316 0.252533 0.169884 -0.952558 0.67852 -0.0541264 -0.732585 -0.0253996 -0.0621045 -0.997746 0.594251 -0.128083 -0.794015 -0.41852 0.883688 0.209609 -0.803022 0.439782 0.402178 -0.803014 0.439802 0.402173 -0.418532 0.883681 0.209615 0.788322 -0.112716 -0.60485 0.607875 -0.0730981 -0.790661 0.99055 -0.123449 0.059765 0.979591 -0.200995 0.00165913 0.965357 -0.0728138 -0.250568 0.545399 -0.1235 -0.829028 0.948735 -0.205729 -0.239954 0.998507 -0.0539293 -0.00867055 -0.184883 0.933695 -0.306648 0.94374 0.330682 -0.00189568 0.0967689 0.954178 -0.28316 0.645409 0.746605 -0.161332 -0.92801 0.366544 -0.0666626 -0.991502 0.115804 -0.0592776 -0.992563 0.118246 -0.0289166 -0.926797 0.373607 -0.0382805 -0.803011 0.43981 0.40217 -0.880792 -0.172091 0.441124 -0.880789 -0.172108 0.441123 -0.803018 0.439794 0.402173 -0.544475 0.130614 0.828545 -0.556228 -0.161434 0.815199 -0.580411 -0.163257 0.797791 -0.569516 0.132231 0.811275 -0.880791 -0.172094 0.441124 -0.622097 -0.718278 0.311563 -0.622094 -0.718282 0.311562 -0.880791 -0.172095 0.441124 -0.418536 0.883679 0.209614 -0.418523 0.883687 0.209608 -0.476384 0.410246 0.777661 -0.500251 0.415085 0.759903 -0.989258 -0.141163 -0.0379589 -0.98953 -0.144068 -0.0086496 -0.622111 -0.718264 0.31157 -0.622114 -0.71826 0.311571 -0.770335 0.406485 0.491278 -0.906676 -0.152242 0.393398 -0.880805 -0.172101 0.441095 -0.803031 0.439801 0.40214 -0.793199 -0.600899 -0.0987743 -0.708069 0.313497 0.632738 -0.0842763 0.96992 0.228372 0.26748 0.744281 -0.611964 -0.229694 0.895701 0.380736 0.104991 0.991034 -0.082631 0.933268 -0.300939 -0.196077 0.820844 -0.559751 0.113552 0.551621 0.634492 -0.541418 0.858846 0.152863 -0.488892 -0.99919 0.0266863 0.0301346 -0.0965428 0.888459 0.448688 -0.837498 0.482375 0.256733 -0.374977 0.825569 0.421698 -0.287855 0.68699 0.667221 0.460884 0.753828 -0.468327 0.391319 0.605325 -0.693146 0.855299 -0.406105 -0.32178 0.39906 -0.914316 0.0691158 -0.734941 -0.665077 -0.13242 0.436406 -0.897962 -0.0566927 -0.129525 -0.991111 0.0303643 -0.399019 0.56193 0.724581 -0.764806 -0.633725 0.116032 0.19592 0.757538 -0.622697 -0.218164 0.533253 0.817341 0.257956 0.338301 -0.904992 0.585318 0.440576 -0.680659 0.895111 0.441152 -0.0645037 0.879502 0.338721 0.334281 0.850827 0.302338 0.42975 0.879216 0.338309 0.33545 0.895639 0.440576 -0.0610259 0.587756 0.441148 -0.678183 0.259071 0.338721 -0.904517 0.165429 0.302329 -0.938739 -0.403737 0.888766 0.217007 0.142159 0.988268 -0.0558379 0.622114 0.71819 -0.311733 0.880743 0.172007 -0.441253 -0.418546 0.883685 0.209573 -0.418506 0.883708 0.209553 0.636049 0.709818 -0.302655 0.802916 -0.439869 -0.402296 0.418515 -0.883692 -0.209603 -0.1258 -0.990053 0.063004 -0.622149 -0.718239 0.311549 0.41841 -0.883706 -0.209753 0.418324 -0.883757 -0.20971 -0.622115 -0.718259 0.311572 -0.622101 -0.718274 0.311565 0.150802 -0.949357 -0.275643 -0.373584 -0.702901 0.605281 -0.36936 -0.711262 0.598063 0.161189 -0.942438 -0.292964 0.30848 -0.934107 0.17968 -0.605704 -0.705229 -0.368476 -0.602501 -0.708955 -0.366573 0.316795 -0.930337 0.184702 -0.160383 -0.94742 0.276899 0.368137 -0.705383 -0.605732 0.366389 -0.708802 -0.602793 -0.164622 -0.9446 0.283956 -0.308066 -0.934569 -0.177978 0.60562 -0.704758 0.369515 0.601605 -0.709423 0.367137 -0.318469 -0.929851 -0.184267 -0.217599 -0.968215 -0.123327 -0.209957 -0.970476 -0.118719 0.606036 0.707093 0.364336 0.606033 0.707096 0.364334 0.606036 -0.707093 0.364336 0.606033 -0.707096 0.364334 0.214688 -0.967093 0.13653 0.22199 -0.964815 0.1409 0.216177 -0.968451 0.123976 0.210063 -0.970259 0.120291 0.163946 -0.940521 -0.297559 0.148034 -0.951121 -0.271024 -0.165748 -0.943837 0.285832 -0.15925 -0.94816 0.275012 -0.221921 -0.965054 -0.13936 -0.216089 -0.966874 -0.135869 -0.329597 -0.921856 -0.20383 -0.337619 -0.917872 -0.208627 0.182179 -0.938661 -0.292792 0.188874 -0.933789 -0.303914 -0.183827 -0.941947 0.280971 -0.200071 -0.930141 0.307911 0.18764 -0.934703 -0.301864 0.183435 -0.937762 -0.294879 -0.0581755 -0.992635 0.106266 -0.0535064 -0.993698 0.0984999 -0.186867 -0.93983 0.286008 -0.19707 -0.932415 0.302929 0.327947 -0.922347 0.204272 0.33799 -0.91736 0.210271 -0.103795 -0.993092 -0.0547296 -0.115601 -0.991369 -0.0618398 -0.63057 -0.68018 -0.373814 -0.627522 -0.684007 -0.371955 0.0554842 -0.991757 -0.115496 0.044081 -0.994354 -0.0965251 0.11374 -0.991558 0.0622578 0.104304 -0.992935 0.0565773 0.62672 -0.682089 0.376799 0.626704 -0.682108 0.37679 0.626719 0.682086 0.376806 0.6267 0.68211 0.376793 0.629802 -0.680565 0.374407 0.627363 -0.683625 0.372923 -0.401864 -0.617604 0.67607 -0.40001 -0.62212 0.673022 0.398331 -0.614334 -0.681122 0.393748 -0.625368 -0.673704 0.945977 -0.00495149 -0.324196 -0.157415 -0.00450152 -0.987522 -0.099134 0.300704 -0.948551 0.954957 -0.110618 -0.275357 0.72114 -0.534415 -0.440861 0.0532913 0.537553 -0.841544 0.224692 0.612543 -0.757829 0.56566 -0.611859 -0.552863 0.563857 0.612542 -0.553947 0.222889 -0.61186 -0.758913 0.718203 0.537569 -0.441819 0.0510622 -0.534392 -0.843693 0.093902 0.309538 0.946239 -0.957021 -0.102125 0.271441 -0.945969 -0.00644831 0.324194 0.157414 -0.00581154 0.987516 -0.959409 0.0918069 0.266656 0.0874755 -0.320318 0.943263 -0.0544654 -0.539215 0.840405 -0.722696 0.532734 0.440348 -0.5666 0.611501 0.552296 -0.225634 -0.612899 0.757261 -0.221907 0.611486 0.759501 -0.562874 -0.612913 0.554536 0.406925 0.888921 -0.210314 0.0609677 0.921953 0.382472 -0.18579 0.708441 0.680877 -0.24996 0.621849 0.742175 -0.204959 0.684101 0.699999 0.00512318 0.888916 0.458041 0.366382 0.921953 -0.125563 0.514172 0.708439 -0.483468 0.538207 0.621838 -0.568903 0.52206 0.684107 -0.509363 -0.0498611 0.532685 0.844844 -0.716614 -0.539265 0.442332 0.956901 0.102632 -0.271675 -0.0942146 -0.309011 -0.94638 -0.3611 -0.924279 0.123753 0.000354506 -0.888418 -0.459035 0.208175 -0.683938 -0.699208 0.25217 -0.622638 -0.740765 0.187464 -0.71037 -0.678404 -0.0600922 -0.92427 -0.37698 -0.405228 -0.88842 0.215637 -0.519855 -0.683945 0.51183 -0.53592 -0.622629 0.570196 -0.511194 -0.710374 0.483787 -0.236449 0.946629 0.219054 0.523542 0.706365 -0.476396 0.522467 0.707823 -0.47541 -0.239042 0.945426 0.221424 0.244196 -0.932936 0.264573 -0.476428 -0.706406 -0.523457 -0.475497 -0.707782 -0.522443 0.246601 -0.931551 0.267209 0.238546 0.946182 -0.218713 -0.522409 0.706909 0.476832 -0.522135 0.70728 0.476582 0.239195 0.945881 -0.219307 -0.244062 -0.932247 -0.267112 0.476979 -0.707092 0.522026 0.476976 -0.707096 0.522024 -0.244065 -0.932246 -0.267115 -0.165661 -0.969373 -0.181307 -0.165659 -0.969374 -0.181305 -0.476965 -0.707101 -0.522027 -0.476975 -0.707088 -0.522036 -0.476969 0.7071 -0.522026 -0.476976 0.707089 -0.522035 0.174446 -0.96598 0.190921 0.174442 -0.965981 0.190918 0.167935 -0.969039 0.181002 0.166166 -0.969703 0.179067 -0.239726 0.945106 0.22205 -0.235756 0.946948 0.218421 0.239362 0.945803 -0.21946 0.23837 0.946263 -0.218553 -0.173899 -0.965644 -0.193106 -0.172217 -0.966312 -0.191264 -0.262072 -0.920611 -0.289471 -0.379241 -0.84456 -0.378014 -0.259203 0.936528 0.236071 -0.260233 0.936005 0.23701 0.258817 0.937284 -0.233477 0.262849 0.935236 -0.237159 -0.26006 0.936093 0.236853 -0.378087 0.868066 0.321732 0.253355 0.942865 -0.216372 0.0853119 0.993245 -0.0786564 0.551036 0.668195 -0.499874 0.563004 0.649684 -0.510821 0.496639 -0.676691 0.543544 0.489 -0.688809 0.535183 0.335699 0.867364 0.367405 0.404874 0.799831 0.443111 0.49327 0.68209 0.53985 0.49327 0.682088 0.539852 0.259762 -0.931 0.256441 0.422532 -0.851018 0.311825 -0.422125 -0.848054 -0.320334 0.105845 -0.572711 -0.812895 0.866086 0.395654 -0.305537 0.863392 0.438495 -0.24955 0.325123 -0.43291 -0.840764 0.0864688 -0.992018 0.0917761 0.493258 -0.682078 0.539876 0.493244 -0.682101 0.53986 0.493259 0.682079 0.539875 0.493245 0.6821 0.53986 0.4946 -0.681529 0.539341 0.493896 -0.682648 0.538571 0.579151 0.619644 -0.52974 0.578869 0.620128 -0.529482 0.977392 0.187052 0.0985708 -0.227144 -0.170212 0.958871 -0.0186308 -0.131754 0.991107 0.976097 0.184732 0.114494 0.99916 -0.00148018 -0.0409564 0.130714 -0.00143397 -0.991419 0.143929 0.236935 -0.960805 0.984687 -0.172734 -0.0235465 -0.817117 0.534163 0.216771 -0.291165 -0.537807 0.791193 -0.43159 -0.612596 0.66216 -0.699944 0.611809 0.368468 -0.698309 -0.612597 0.370258 -0.429956 0.611809 0.663948 -0.814182 -0.537806 0.2188 -0.28941 0.534167 0.794297 -0.147769 0.244687 0.958276 -0.986082 -0.165097 0.0196024 -0.999159 -0.00216396 0.0409564 -0.130714 -0.00207868 0.991418 -0.986723 0.161446 0.0177182 -0.149609 -0.248402 0.957034 0.292033 0.539609 -0.789645 0.818566 -0.53235 -0.215763 0.700747 -0.61142 -0.367586 0.432399 0.612985 -0.661272 0.429135 -0.611413 -0.664844 0.697485 0.612991 -0.371156 0.450284 0.89252 -0.0255309 -0.0580665 0.895915 0.440413 -0.362619 0.687889 0.628742 -0.432921 0.613236 0.660697 -0.365184 0.685373 0.630003 -0.0659421 0.892522 0.446157 0.443858 0.895912 -0.0181943 0.658837 0.687874 -0.30457 0.696985 0.613229 -0.3717 0.660313 0.685375 -0.306999 0.288529 -0.53234 -0.795842 0.812711 0.539615 -0.219808 0.985155 0.170221 -0.0222479 0.145191 -0.239484 -0.959983 0.901496 -0.431208 -0.036953 0.913579 -0.383732 -0.134623 0.902675 -0.428097 -0.0437134 0.768078 -0.557409 0.315199 0.262881 -0.561637 0.784511 -0.117937 -0.431213 0.894509 -0.216276 -0.383744 0.897756 -0.124772 -0.428103 0.895075 0.244784 -0.557416 0.793328 0.757689 -0.561629 0.332388 0.363971 0.871419 -0.328869 0.361733 0.87312 -0.326818 -0.360287 0.871425 0.332884 -0.358058 0.873115 0.330855 0.0733869 -0.749817 0.657562 0.725403 0.603117 0.331724 0.741927 0.538277 0.399753 0.330839 -0.536832 0.776116 0.286684 0.837682 0.464868 -0.359381 0.728456 -0.583264 -0.27664 0.849596 -0.449062 0.276952 0.849488 0.449074 0.560324 0.651094 -0.511971 0.550745 0.66592 -0.50322 0.36101 0.872275 -0.32986 0.361016 0.872271 -0.329864 -0.248417 0.928586 -0.275712 -0.24627 0.92985 -0.273368 0.252237 0.928586 0.27222 0.250097 0.929849 0.269873 -0.348449 0.913251 0.211083 0.348398 0.913366 -0.210671 -0.419744 -0.712486 0.562297 0.331896 -0.823324 -0.460416 0.233504 -0.915453 -0.327753 -0.249202 -0.911118 0.328271 0.86801 -0.431681 -0.245378 0.0457316 0.609529 -0.791444 0.326802 0.441221 -0.835777 0.868188 -0.430157 -0.247417 -0.169836 -0.9461 -0.275774 0.370207 -0.70701 0.602564 0.370115 -0.707186 0.602413 -0.170047 -0.945961 -0.27612 -0.308873 0.932066 0.189344 0.602073 0.707268 -0.370512 0.602363 0.706928 -0.37069 -0.308107 0.932415 0.188873 -0.169391 0.945825 -0.276988 0.370601 0.707344 0.60193 0.370857 0.706853 0.602348 -0.168763 0.946235 -0.275968 -0.308457 -0.932182 0.189446 0.602293 -0.707153 -0.370375 0.602386 -0.707045 -0.370432 -0.308203 -0.932299 0.189289 -0.209203 -0.969402 0.128424 -0.209391 -0.969347 0.12854 0.602396 0.707097 -0.370314 0.602394 0.7071 -0.370313 0.602396 -0.707098 -0.370313 0.602395 -0.707099 -0.370312 0.220315 -0.965956 -0.135608 0.220159 -0.966006 -0.135507 -0.209182 0.969458 0.128042 -0.209743 0.969291 0.128386 -0.170103 -0.945924 -0.276211 -0.169773 -0.94614 -0.275673 -0.168595 0.946344 -0.275696 -0.169551 0.945719 -0.277251 0.219803 0.966064 -0.135672 0.220329 0.965899 -0.135993 0.334245 0.9197 -0.205991 0.333521 0.920062 -0.205548 0.185099 0.935917 0.299664 0.184128 0.936612 0.298084 0.183571 -0.936388 0.299129 0.183915 -0.936142 0.299689 0.184323 0.936473 0.298401 0.184928 0.936039 0.299386 -0.0600806 0.993264 -0.0990794 -0.060762 0.993111 -0.100189 0.183645 -0.936335 0.29925 0.183865 -0.936178 0.299608 0.334156 -0.919823 -0.205584 0.333926 -0.919939 -0.205442 -0.105904 -0.992255 0.0649224 -0.105629 -0.992295 0.0647545 -0.622985 -0.682142 0.382846 -0.623052 -0.68206 0.382886 -0.0613501 -0.993161 -0.0993307 -0.0611109 -0.993215 -0.0989414 -0.105508 0.992338 0.0642951 -0.106367 0.992212 0.0648233 -0.622963 0.682103 0.382952 -0.622966 0.6821 0.382954 -0.622964 -0.682103 0.382951 -0.622966 -0.6821 0.382953 -0.623028 0.682239 0.382605 -0.623246 0.681964 0.382739 -0.410324 0.620202 -0.668568 -0.4106 0.619534 -0.669018 -0.411154 -0.619765 -0.668464 -0.411068 -0.619971 -0.668325 -0.147623 -0.000352398 0.989044 0.949155 -0.00035427 0.314808 0.930821 -0.199819 0.306014 -0.141776 0.209639 0.967446 0.0606776 0.536209 0.841902 0.724226 -0.53576 0.434118 0.57035 -0.612143 0.547705 0.231427 0.612258 0.75603 0.231165 -0.612158 0.756191 0.570094 0.612241 0.547863 0.0603605 -0.535754 0.842214 0.723802 0.536216 0.434261 0.932239 0.195834 0.304269 -0.139556 -0.213632 0.966895 -0.147623 0.000113252 0.989044 0.949155 0.000115001 0.314808 -0.139447 0.213828 0.966867 0.932308 -0.195638 0.304183 0.724065 -0.535933 0.434172 0.0605568 0.536036 0.842021 0.231329 0.612221 0.75609 0.570255 -0.61218 0.547764 0.570195 0.612203 0.547801 0.23127 -0.612198 0.756127 0.0666994 0.892734 -0.44562 0.427851 0.89264 0.141906 0.552844 0.685419 0.473882 0.570299 0.612163 0.547737 0.552834 0.685472 0.473817 0.427731 0.892738 0.14165 0.0665459 0.892633 -0.445845 -0.173218 0.685415 -0.707249 -0.231226 0.612181 -0.756154 -0.173185 0.685457 -0.707217 0.723964 0.536042 0.434206 0.0604847 -0.535932 0.842092 -0.141434 -0.210254 0.967362 0.931041 0.199206 0.305745 0.0665342 0.892673 -0.445767 0.42771 0.892736 0.141727 0.552799 0.685471 0.47386 0.570269 0.612174 0.547755 0.552813 0.685441 0.473887 0.427778 0.892679 0.141882 0.0666414 0.892732 -0.445632 -0.173231 0.685456 -0.707206 -0.231258 0.612193 -0.756134 -0.173242 0.685445 -0.707215 0.0788204 0.944178 0.319867 -0.186835 0.70929 -0.679706 -0.187945 0.704902 -0.683952 0.0760782 0.947813 0.309617 0.35615 -0.930104 -0.0897924 -0.679863 -0.709186 0.186659 -0.683906 -0.705006 0.187718 0.345637 -0.934332 -0.0869469 -0.0786617 0.944119 -0.320079 0.186953 0.709361 0.6796 0.188098 0.704831 0.683982 -0.0758348 0.947867 -0.309511 0.350803 0.931826 -0.092943 -0.682381 0.707504 0.183832 -0.683163 0.706695 0.184041 0.348728 0.932659 -0.0923853 0.236743 0.969572 -0.0623103 0.238258 0.969175 -0.0627183 0.682978 0.707108 -0.183137 0.682995 0.707091 -0.183141 0.682978 -0.707108 -0.183136 0.682995 -0.707091 -0.183141 -0.250215 0.965781 0.0682603 -0.248769 0.966182 0.0678711 0.234832 -0.970363 -0.0570129 0.242541 -0.96834 -0.0590932 0.0753505 0.948756 0.306895 0.0795486 0.943191 0.322589 -0.0750843 0.948839 -0.306705 -0.0794125 0.943101 -0.322885 -0.244606 -0.966981 0.071527 -0.251974 -0.964939 0.0734897 -0.382445 -0.917623 0.108184 -0.372309 -0.922094 0.105494 0.0999316 0.932987 0.345757 0.0954882 0.939407 0.329236 -0.0996431 0.933095 -0.34555 -0.0953427 0.939307 -0.329564 0.0963198 0.938233 0.332327 0.099109 0.934203 0.342699 -0.0223689 0.993853 -0.108428 -0.025475 0.992446 -0.120011 -0.0988491 0.93427 -0.342592 -0.0961482 0.93817 -0.332554 -0.379533 0.91944 0.102882 -0.377538 0.920321 0.102348 0.121302 0.992121 -0.031328 0.118952 0.992425 -0.0306981 0.706206 0.682439 -0.188547 0.706813 0.681766 -0.188709 0.0226075 0.993833 0.108554 0.0256179 0.992469 0.119784 0.115382 -0.99301 -0.024846 0.127301 -0.991467 -0.0280519 0.706318 -0.682093 -0.189377 0.7063 -0.682114 -0.189371 0.706324 0.682089 -0.18937 0.706299 0.682116 -0.189364 0.705802 -0.68381 -0.18506 0.708878 -0.68039 -0.185907 -0.197586 0.622853 -0.756977 -0.198839 0.616884 -0.761523 0.197761 0.622761 0.757007 0.198972 0.616975 0.761414 0.423542 0.00462572 -0.905864 -0.819951 0.00493373 -0.572412 -0.829956 0.142169 -0.539408 0.377162 -0.268111 -0.88649 0.182395 -0.535659 -0.824501 -0.56982 0.536311 -0.622636 -0.39013 0.612271 -0.687694 -0.00586382 -0.612143 -0.790725 -0.00627936 0.612283 -0.790614 -0.390548 -0.612131 -0.687581 0.181835 0.536306 -0.824204 -0.570456 -0.535662 -0.622613 -0.832893 -0.134773 -0.536773 0.372477 0.275715 -0.886139 0.423547 -0.000918507 -0.905874 -0.819961 -0.000983906 -0.572419 0.371442 -0.277386 -0.886052 -0.833529 0.13315 -0.536191 0.569163 -0.536982 0.622659 -0.182976 0.534987 0.824809 0.00544398 0.612002 0.790838 0.38971 -0.612412 0.687806 0.391004 0.611977 0.687459 0.00673634 -0.612436 0.790491 0.686688 -0.39864 0.607903 0.731238 -0.452439 0.510481 0.801482 -0.589049 0.103186 0.603033 -0.572449 -0.555567 0.357475 -0.440243 -0.823649 0.290399 -0.398627 -0.869922 0.377719 -0.452429 -0.807859 0.642319 -0.589046 -0.490358 0.80009 -0.572455 0.179307 0.721601 -0.440239 0.534304 0.571134 0.534968 0.622588 -0.181236 -0.536997 0.823886 0.371988 0.276504 -0.886098 -0.833194 -0.134005 -0.536498 -0.375844 -0.461054 0.803847 -0.641392 -0.599988 0.478154 -0.793058 -0.578191 -0.191712 -0.715295 -0.445007 -0.538815 -0.682283 -0.404618 -0.608912 -0.727608 -0.461059 -0.507947 -0.794572 -0.599992 -0.093082 -0.590727 -0.578189 0.562796 -0.349757 -0.445011 0.8244 -0.286079 -0.404607 0.868592 -0.28304 -0.948909 -0.139502 0.622735 -0.703479 0.342517 0.616339 -0.710698 0.339167 -0.298357 -0.942956 -0.147707 -0.159534 0.935466 0.31536 0.341744 0.703832 -0.622762 0.338713 0.71035 -0.61699 -0.167598 0.928895 0.33025 -0.284113 0.947695 -0.145441 0.622851 0.70504 0.33908 0.619217 0.709151 0.337156 -0.29284 0.944303 -0.15012 0.171166 0.932243 -0.318788 -0.334501 0.707099 0.622993 -0.334502 0.707097 0.622994 0.171167 0.932241 -0.318792 0.116174 0.969374 -0.216376 0.116173 0.969375 -0.21637 0.334495 0.707092 -0.623004 0.334489 0.707104 -0.622993 0.334494 -0.707092 -0.623005 0.334488 -0.707105 -0.622993 -0.122336 0.965981 0.227848 -0.122333 0.965983 0.227842 -0.111241 0.967745 0.226043 -0.105335 0.970893 0.215107 -0.302424 -0.941315 -0.149886 -0.278958 -0.950435 -0.137316 -0.295148 0.943387 -0.151358 -0.281789 0.948579 -0.144195 0.132964 0.964341 -0.228839 0.127381 0.967515 -0.218379 0.189146 0.923299 -0.33428 0.196802 0.916349 -0.348673 0.299695 0.939115 0.168065 0.31333 0.933306 0.175398 0.292267 -0.941201 0.169472 0.316205 -0.930999 0.182362 0.310816 0.934399 0.174046 0.45133 0.853847 0.25932 -0.332562 0.925714 -0.180156 -0.100644 0.993794 -0.0473827 0.296744 -0.939361 0.171883 0.461932 -0.851125 0.249411 -0.39959 0.535225 0.744219 -0.399593 0.535214 0.744225 0.309756 0.755799 -0.576905 0.309751 0.755807 -0.576896 0.34593 0.68209 -0.644271 0.345926 0.682097 -0.644266 -0.115923 -0.991971 -0.0505519 -0.335612 -0.928092 -0.161277 0.481339 0.819293 0.311563 -0.490495 0.815314 -0.307697 -0.0551665 0.990989 0.122056 -0.0460657 0.993388 0.105154 0.345872 -0.682126 -0.644264 0.345897 -0.68207 -0.64431 0.345877 0.682116 -0.644272 0.345898 0.68207 -0.64431 -0.34157 0.679426 0.649392 -0.339174 0.684755 0.645036 -0.695433 0.617168 -0.368071 -0.69168 0.622577 -0.366028 -0.698502 -0.6151 -0.365715 -0.691918 -0.624612 -0.36209 -0.369691 -0.00912356 -0.92911 -0.978705 -0.00819482 0.20511 -0.94023 0.310965 0.138812 -0.316923 -0.100754 -0.943085 -0.476022 -0.537127 -0.696346 -0.844895 0.534831 -0.0104172 -0.76869 0.611949 -0.186099 -0.580491 -0.612446 -0.5366 -0.579767 0.611948 -0.537951 -0.767966 -0.612447 -0.187449 -0.475428 0.534825 -0.69852 -0.843411 -0.537133 -0.0121139 -0.939871 -0.312445 0.137913 -0.316282 0.0993329 -0.94345 -0.369706 0.0016092 -0.929147 -0.978737 0.00145151 0.205117 -0.315117 -0.0967525 -0.944108 -0.939211 0.315139 0.136274 -0.845372 0.534087 -0.00986911 -0.476212 -0.537865 -0.695646 -0.580717 -0.6126 -0.53618 -0.768917 0.611793 -0.185677 -0.767714 -0.61262 -0.187917 -0.579515 0.611775 -0.538418 0.256748 -0.886032 0.38604 -0.350356 -0.933734 0.0734252 -0.676437 -0.718474 -0.161953 -0.746573 -0.625907 -0.225542 -0.705746 -0.683181 -0.187578 -0.463619 -0.886034 -0.00075414 0.132338 -0.933739 0.332593 0.508682 -0.718484 0.474366 0.600436 -0.625913 0.497704 0.546246 -0.683177 0.484649 -0.842909 -0.537907 -0.0126859 -0.475226 0.534047 -0.699253 -0.310326 0.086196 -0.946714 -0.936389 -0.326193 0.129514 -3.98801e-06 -1 -9.85978e-06 -0.504634 -0.819713 -0.270951 -0.659954 -0.662495 -0.354346 -0.659957 -0.66249 -0.354349 -0.50464 -0.819708 -0.270957 5.80049e-06 -1 -1.0527e-06 0.504645 -0.819705 0.270954 0.659959 -0.66249 0.354347 0.659954 -0.662495 0.354346 0.504634 -0.819714 0.27095 -0.256151 0.842377 0.474117 -0.255371 0.843433 0.472659 0.25369 0.842376 -0.475441 0.252905 0.843434 -0.473981 -0.524482 -0.821636 -0.223231 0.5285 -0.812929 0.244612 -0.309751 -0.755807 0.576897 -0.309755 -0.755799 0.576905 -0.254529 -0.842906 0.47405 -0.25453 -0.842905 0.474052 -0.399593 0.535214 0.744225 -0.39959 0.535225 0.744219 -0.25453 0.842905 0.474051 -0.254529 0.842907 0.47405 -0.230801 -0.947617 -0.220801 0.500358 -0.705141 0.502413 0.497575 -0.709043 0.499678 -0.23749 -0.944389 -0.227439 0.249664 -0.933673 -0.256755 -0.501298 -0.705671 0.500729 -0.499301 -0.708515 0.498703 0.254909 -0.930789 -0.262018 0.230611 -0.947266 0.2225 -0.500665 -0.70558 -0.50149 -0.498508 -0.708606 -0.499366 0.235798 -0.944762 0.227647 0.254063 0.932489 -0.25674 -0.498791 0.706857 0.501559 -0.498456 0.707332 0.501221 0.254962 0.931995 -0.257644 0.17291 0.969256 -0.175055 0.172256 0.969491 -0.1744 0.498279 0.707085 -0.501746 0.498267 0.707104 -0.501732 0.498281 -0.707086 -0.501742 0.498268 -0.707103 -0.501731 -0.182393 0.966098 0.18272 -0.183006 0.965865 0.183342 0.172195 -0.968674 -0.17894 0.168354 -0.970053 -0.175086 -0.239256 -0.943518 -0.229193 -0.229009 -0.948463 -0.219026 0.237168 -0.944091 0.229006 0.22922 -0.947927 0.221119 -0.186823 -0.965276 0.182588 -0.183171 -0.966666 0.1789 -0.276477 -0.921396 0.27311 -0.28151 -0.918346 0.278196 -0.241913 -0.938385 -0.246805 -0.250029 -0.934091 -0.254873 0.239805 -0.938981 0.246592 0.250247 -0.933456 0.256975 -0.248542 -0.934889 -0.253395 -0.243446 -0.937586 -0.248328 0.088572 -0.992701 0.0818574 0.0828836 -0.993641 0.0762079 0.241771 -0.937961 0.248547 0.248329 -0.934491 0.255068 -0.276382 0.920143 0.277399 -0.277242 0.919621 0.278269 0.0864212 0.992365 -0.0879966 0.0874372 0.992185 -0.0890195 0.515089 0.681894 -0.51933 0.514825 0.682295 -0.519065 -0.090275 -0.992553 -0.0817844 -0.0829425 -0.993766 -0.0745028 0.0875349 -0.991732 -0.093836 0.0815961 -0.992785 -0.0878622 0.515269 -0.682105 -0.518874 0.515283 -0.682083 -0.518889 0.515266 0.682107 -0.518876 0.515282 0.682082 -0.518891 0.514101 -0.680927 -0.521573 0.51256 -0.68326 -0.520037 0.560338 -0.617873 0.551592 0.5581 -0.621883 0.549349 -0.561362 -0.617295 -0.551198 -0.558483 -0.62246 -0.548307 0.0893905 0.00316293 0.995992 0.996587 0.00302635 0.082492 0.963652 -0.246827 0.102236 0.0663482 0.162988 0.984395 0.257437 0.536636 0.803584 0.806442 -0.535319 0.251168 0.683469 -0.612068 0.397797 0.403131 0.61235 0.680082 0.402502 -0.61206 0.680717 0.682843 0.612357 0.398427 0.256748 -0.535302 0.804694 0.805334 0.536657 0.251867 0.964174 0.245138 0.101374 0.0671888 -0.164646 0.984062 0.0893909 -0.000534195 0.995996 0.996592 -0.00051381 0.0824923 0.0667315 0.163744 0.984243 0.96389 -0.246056 0.101843 -0.806643 0.535075 -0.25104 -0.257565 -0.536883 -0.803378 -0.40324 -0.612401 -0.679973 -0.683579 0.612017 -0.397686 -0.682716 -0.612403 -0.398574 -0.402374 0.612001 -0.680845 -0.636036 0.694921 -0.335474 -0.423773 0.905089 -0.0350777 0.0680366 0.891643 0.447598 0.349592 0.685033 0.639152 0.411624 0.61623 0.671436 0.339871 0.694908 0.633712 0.0380102 0.905093 0.42351 -0.448058 0.891642 -0.0649501 -0.641549 0.685037 -0.345165 -0.674263 0.616232 -0.406973 -0.805113 -0.536923 -0.252006 -0.256609 0.535035 -0.804916 0.0636491 -0.157662 0.98544 0.961949 0.252246 0.105005 0.0893908 0.00169327 0.995995 -0.0150382 0.00189406 0.999885 -0.414384 0.00246914 0.910099 -0.904995 0.00247467 0.425416 -0.999713 0.00190007 0.0238852 -0.99659 0.00169616 -0.0824922 -0.999757 0.00189834 0.0219728 -0.907216 0.00247286 0.420658 -0.41915 0.00247161 0.907914 -0.0169486 0.00190002 0.999854 0.325095 0.9455 -0.0185076 -0.705002 0.707735 0.0456457 -0.706281 0.706454 0.0457234 0.322024 0.946554 -0.0183152 0.0170617 0.929897 0.367424 -0.0488689 0.709391 -0.703119 -0.0491285 0.70479 -0.707713 0.0162816 0.934527 0.35552 -0.334831 0.942248 0.0076012 0.700706 0.711482 -0.0529665 0.709499 0.70268 -0.0534099 -0.313652 0.949517 0.00629242 -0.0174719 0.930069 -0.366969 0.0485407 0.709224 0.703311 0.0487828 0.704959 0.707568 -0.0167506 0.934363 -0.355929 -0.00932375 0.970379 -0.241407 -0.00984862 0.96832 -0.249519 0.0444151 -0.70709 0.705727 0.0444144 -0.707098 0.705719 0.0444145 0.707091 0.705727 0.0444142 0.707098 0.705719 0.0222923 0.96492 0.261598 0.0218197 0.966998 0.253848 0.00884675 0.970456 0.241117 0.00941301 0.968235 0.249863 0.321205 0.946834 -0.0182635 0.325899 0.945222 -0.0185581 -0.308002 0.951367 0.00594318 -0.340438 0.940233 0.00794673 -0.0222556 0.967075 -0.253516 -0.0227658 0.964834 -0.261871 -0.0309443 0.917396 -0.39677 -0.0302533 0.922305 -0.385277 0.366204 0.929816 -0.036558 0.333201 0.942227 -0.0344347 -0.352571 0.93548 0.023884 -0.348422 0.93704 0.0236258 0.339377 0.940005 -0.0348318 0.360096 0.932214 -0.0361644 -0.105458 0.994406 -0.00594875 -0.128665 0.991678 -0.00448938 0.648898 0.534725 0.541295 -0.574896 -0.536287 0.617974 -0.448871 -0.435688 0.780186 0.544358 0.433532 0.718139 0.0304858 0.917579 0.396383 0.0298429 0.922131 0.385726 -0.00221809 0.991453 -0.130442 -0.00142293 0.993023 -0.117916 -0.0417109 0.683826 -0.728452 -0.0419329 0.680366 -0.731672 -0.334491 0.941535 0.0403358 -0.363965 0.930467 0.0419641 0.0985375 0.995029 0.0144038 0.136534 0.990563 0.012015 -0.0142791 0.9481 -0.317653 -0.0140425 0.949242 -0.314234 0.000919607 0.993079 0.117449 0.001781 0.991386 0.130961 -0.0459586 -0.682121 -0.729794 -0.0459609 -0.682079 -0.729833 -0.0459574 0.68212 -0.729795 -0.0459599 0.682079 -0.729832 0.0413733 0.683965 0.728341 0.0416169 0.680228 0.731818 -0.779135 0.62565 0.0388691 -0.788261 0.614068 0.039561 0.776503 0.629289 -0.0322109 0.791402 0.61038 -0.0334623 0.804165 -0.00566748 0.59438 0.723321 -0.00627797 -0.690483 0.682193 -0.104278 -0.723698 0.796674 0.307309 0.520454 -0.771524 -0.537766 -0.33994 -0.723384 0.534215 0.437413 -0.751191 0.611821 0.247764 -0.776175 -0.612588 -0.14929 -0.776324 0.611818 -0.151656 -0.75134 -0.612593 0.245393 -0.772519 0.534198 -0.34329 -0.722817 -0.537781 0.433966 0.67912 0.0941472 -0.727964 0.797012 -0.317877 0.513543 0.804166 0.00544179 0.594381 0.723322 0.0060836 -0.690484 0.797217 0.328008 0.506809 0.676108 -0.0844758 -0.731944 -0.723618 0.532707 0.438863 -0.771101 -0.539256 -0.338534 -0.776112 -0.612907 -0.148307 -0.751128 0.611502 0.248742 -0.751403 -0.612928 0.244361 -0.776388 0.61148 -0.152691 0.426868 -0.885039 0.185714 -0.252447 -0.937121 0.240986 -0.658284 -0.721496 0.214723 -0.753331 -0.627118 0.19803 -0.700272 -0.682876 0.208084 -0.40021 -0.885042 0.237764 0.280645 -0.937129 0.207433 0.680011 -0.721493 0.13051 0.772212 -0.627118 0.102038 0.720838 -0.68287 0.118662 -0.722569 -0.539306 0.432486 -0.772941 0.532658 -0.344728 0.79701 -0.317811 0.513586 0.67914 0.0942119 -0.727937 0.278797 0.937981 0.206066 0.679409 0.722253 0.129437 0.772103 0.627421 0.100992 0.721122 0.682788 0.117402 0.428154 0.884777 0.183992 -0.250778 0.937977 0.239393 -0.657818 0.72226 0.213579 -0.753354 0.62742 0.196982 -0.70071 0.682794 0.206876 -0.401709 0.88478 0.23621 -0.703716 0.709019 0.0455653 0.707703 0.705184 -0.0432553 0.706439 0.706456 -0.0431734 -0.705003 0.707734 0.045644 0.025666 0.948099 0.316938 0.0254478 0.94924 0.313521 0.0400052 -0.709222 0.703849 0.0402982 -0.70496 0.708102 -0.0485441 -0.709225 -0.703309 -0.0487861 -0.704958 -0.70757 -0.705779 -0.707041 0.0443721 -0.705648 0.707173 0.0443638 -0.705707 0.707114 0.0443675 -0.705745 -0.707075 0.0443699 -0.695928 0.717157 0.0370241 0.71504 0.697179 -0.0515746 0.708592 0.703756 -0.0512311 -0.702782 0.710415 0.0375188 0.705689 0.70713 -0.0443956 0.705733 -0.707085 -0.0443985 0.705728 -0.70709 -0.0443982 0.705719 0.707099 -0.0443975 0.310533 0.948563 0.0616282 -0.690919 0.70351 -0.166447 -0.306101 0.816492 -0.489534 0.0762173 0.965163 0.2503 0.152738 0.703616 -0.693971 -0.0881132 0.935668 0.341704 0.311434 -0.948143 0.0635181 -0.69061 -0.704122 -0.165138 -0.684805 -0.710066 -0.163852 0.323706 -0.943826 0.0663816 -0.0784879 -0.933107 0.35093 0.160559 -0.706248 -0.689518 0.160181 -0.707952 -0.687856 -0.0794953 -0.931371 0.355285 -0.053186 -0.968954 0.241451 -0.0524485 -0.969785 0.238258 -0.158684 -0.707086 0.689093 -0.158678 -0.707115 0.689065 -0.158684 0.707086 0.689093 -0.158677 0.707115 0.689065 0.0599783 -0.966396 -0.249961 0.0606796 -0.965558 -0.253013 -0.0629086 0.970984 0.230722 0.0386451 0.978902 0.200643 -0.339219 0.409973 -0.846671 0.679914 -0.401531 -0.613587 0.754356 -0.489811 -0.437073 -0.483741 0.496183 -0.72097 -0.34307 -0.401469 -0.849191 0.675348 0.410036 -0.613005 0.750336 0.496232 -0.43675 -0.487214 -0.489763 -0.723018 -0.0497215 0.976485 -0.209772 0.0502323 0.964232 -0.260257 0.0811909 0.916117 -0.392603 -0.0909398 0.959295 -0.267362 -0.308134 0.949271 -0.0627483 -0.326943 0.942656 -0.0671371 0.33104 0.939838 0.0843695 0.34996 0.932559 0.0886638 0.306553 0.949916 0.0606976 -0.351501 0.931787 -0.0906592 -0.360874 -0.92488 -0.119857 -0.306225 -0.945801 -0.108103 0.157149 -0.987568 -0.00367495 0.0870695 -0.996005 -0.0198057 0.466307 -0.536822 0.703121 -0.728728 0.534185 0.428488 -0.654442 0.432805 0.619989 0.31552 -0.436429 0.842601 -0.467915 -0.534177 -0.704067 0.72687 0.536829 -0.428341 0.652286 0.43645 -0.619705 -0.317335 -0.432782 -0.8438 0.0897178 -0.920794 -0.379592 0.090678 -0.918961 -0.38378 -0.024919 -0.992586 0.118964 -0.0260582 -0.991952 0.123902 -0.162645 -0.681394 0.713617 -0.162345 -0.682805 0.712335 -0.347331 0.933441 -0.0897179 0.0471514 0.99636 0.0710115 0.106597 0.994203 0.0140379 -0.0350443 0.993454 0.108724 -0.164057 0.682127 0.712593 -0.164068 0.682073 0.712641 -0.164056 -0.682127 0.712593 -0.164068 -0.682073 0.712642 -0.170065 0.684914 0.708499 0.322553 0.773469 0.545624 0.784486 -0.601894 0.149352 0.757212 -0.637563 0.141927 0.762849 0.624581 0.167213 -0.601241 0.0111549 -0.79899 -0.817963 0.394616 0.418586 -0.861095 0.387369 0.329334 -0.525778 -0.028412 -0.850147 0.642544 0.537492 0.546113 0.817986 -0.534468 -0.212701 0.790616 -0.611877 -0.0230704 0.701329 0.612529 0.364617 0.700876 -0.611874 0.366582 0.790164 0.612532 -0.0211077 0.642543 -0.534468 0.549074 0.816691 0.537496 -0.210034 -0.859969 -0.393614 0.324842 -0.523346 0.0225611 -0.851822 -0.601275 0.0034737 -0.799035 -0.890203 0.00291109 0.455554 -0.521167 -0.0173628 -0.853278 -0.858917 0.399177 0.320809 0.818472 -0.533321 -0.213708 0.642542 0.538631 0.544992 0.701495 0.61277 0.363893 0.790782 -0.611635 -0.0237942 0.789982 0.612793 -0.0203203 0.700694 -0.611611 0.367367 -0.524015 -0.534075 0.663455 -0.807092 -0.421917 0.413023 -0.859681 -0.39516 0.323724 -0.804186 -0.415577 0.424949 -0.49296 -0.54128 0.68118 0.181025 -0.53408 0.825826 0.548336 -0.410302 0.728684 0.627264 -0.368812 0.685943 0.537308 -0.415583 0.733888 0.145366 -0.54128 0.828182 0.816179 0.53868 -0.208987 0.642539 -0.533274 0.550238 -0.50685 -0.015811 -0.861889 -0.599763 -0.0709569 -0.797025 0.15974 0.964065 0.212278 0.603922 0.748002 0.275266 0.717383 0.637384 0.281251 0.678335 0.679351 0.2799 0.414802 0.873575 0.254571 -0.236532 0.964055 0.121043 -0.663499 0.747993 -0.0166224 -0.768143 0.637379 -0.0608597 -0.732428 0.679355 -0.0449975 -0.484356 0.873581 0.0474958 -0.143318 -0.94737 0.28627 0.330098 -0.705449 -0.627197 0.328594 -0.708738 -0.624273 -0.146975 -0.944654 0.293305 0.318119 0.934831 0.157771 -0.627156 0.704493 -0.332212 -0.62253 0.709687 -0.329848 0.330111 0.929577 0.164057 0.132739 -0.949528 -0.284215 -0.336199 -0.702678 0.627068 -0.332231 -0.711485 0.619203 0.142536 -0.942239 -0.303098 -0.318673 0.934338 -0.159562 0.627178 0.704995 0.331104 0.623445 0.70919 0.32919 -0.328358 0.930096 -0.16463 -0.224067 0.968334 -0.110103 -0.216958 0.970366 -0.10639 0.627266 -0.707093 0.326431 0.627262 -0.707097 0.326428 0.627267 0.707093 0.32643 0.627262 0.707098 0.326427 0.22335 0.966983 0.122716 0.230143 0.964935 0.126236 0.22554 0.96808 0.109326 0.216741 0.970596 0.104723 -0.147948 -0.943919 0.295176 -0.142347 -0.948079 0.284401 0.145137 -0.940215 -0.30811 0.130129 -0.951379 -0.279184 -0.230318 0.964676 -0.12788 -0.221892 0.967217 -0.123512 -0.417749 0.869945 -0.262072 -0.457885 0.854477 -0.245377 -0.166434 -0.942244 0.290646 -0.181782 -0.929803 0.320033 0.163785 -0.938576 -0.303725 0.169564 -0.933884 -0.314817 -0.319458 -0.848971 0.420946 0.192532 -0.938913 -0.28526 0.197594 -0.970624 -0.137279 -0.202543 -0.970667 0.129548 -0.295341 -0.793006 0.532837 0.316065 -0.845715 -0.429964 0.282912 -0.799066 -0.530523 0.418859 0.869608 0.261418 0.45781 0.85492 0.243972 -0.278389 0.950432 -0.138489 -0.264692 0.952152 -0.152786 -0.651967 0.68038 -0.334697 -0.649127 0.683822 -0.333199 -0.194737 -0.940991 0.276789 -0.198194 -0.970633 0.136344 0.202035 -0.970666 -0.130344 0.266029 0.951887 0.152116 0.278149 0.950741 0.136837 -0.648673 -0.682091 -0.337602 -0.64865 -0.682119 -0.33759 -0.648673 0.68209 -0.337605 -0.648649 0.682119 -0.337592 0.652741 0.679971 0.334019 0.649232 0.684228 0.332158 0.158176 -0.929148 -0.33416 0.355399 -0.614054 -0.704719 0.35106 -0.625663 -0.696636 -0.170291 -0.925433 0.338489 -0.359678 -0.617702 0.69934 -0.358082 -0.622041 0.696307 0.92426 0.00773026 -0.381685 -0.217749 0.00685897 -0.975981 -0.142174 -0.32531 -0.934858 0.942419 0.0870562 -0.322904 0.689777 0.537516 -0.485061 -0.000804588 -0.53446 -0.845194 0.175907 -0.611863 -0.771155 0.528812 0.612533 -0.587504 0.530601 -0.611878 -0.586573 0.177695 0.612518 -0.770225 0.692644 -0.534492 -0.484317 0.00145371 0.537489 -0.84327 -0.147878 0.316031 -0.937153 0.940182 -0.0959102 -0.326894 0.924271 -0.00595419 -0.38169 -0.217751 -0.00533835 -0.97599 0.942574 0.0864284 -0.32262 -0.141771 -0.325962 -0.934692 -0.00203881 -0.5328 -0.846239 0.688203 0.539167 -0.485465 0.527819 0.612884 -0.588031 0.17492 -0.6115 -0.771667 0.178641 0.612863 -0.769731 0.53154 -0.611521 -0.586094 0.264394 -0.819711 -0.508104 -6.51657e-07 -1 -2.75789e-06 -0.264398 -0.819714 0.508096 -0.345783 -0.662491 0.664484 -0.345786 -0.662488 0.664485 -0.264399 -0.819722 0.508084 6.82422e-07 -1 -1.18895e-07 0.264399 -0.819722 -0.508084 0.345788 -0.662496 -0.664477 0.345783 -0.662492 -0.664484 0.00265919 0.539102 -0.842236 0.694178 -0.532865 -0.483914 0.945346 -0.074856 -0.31736 -0.134225 0.338125 -0.93148 -0.787508 0.523516 0.325212 -0.723833 0.675292 -0.141586 -0.359145 0.613858 -0.702989 -0.109584 0.47703 -0.872029 -0.0632936 0.446805 -0.89239 -0.185531 0.523511 -0.831573 -0.531288 0.675286 -0.511588 -0.78182 0.613859 0.10925 -0.777054 0.477025 0.410651 -0.767175 0.446817 0.460214 -0.142006 -0.959338 0.243938 0.111548 -0.963428 -0.243644 0.132582 -0.960702 -0.243871 -0.121173 -0.962236 0.243762 0.192141 0.954425 0.228376 -0.195648 0.953786 -0.228067 -0.191234 0.954588 -0.228456 0.196549 0.95362 0.227987 -0.221965 -0.946752 0.233221 0.493621 -0.706221 -0.507533 0.492403 -0.707978 -0.506268 -0.224915 -0.945298 0.236271 0.259968 0.933529 0.246861 -0.507264 0.705821 -0.494469 -0.505422 0.708376 -0.492699 0.264754 0.93094 0.251508 0.216876 -0.947806 -0.233725 -0.49639 -0.704912 0.506652 -0.49337 -0.709281 0.503493 0.224229 -0.944182 -0.241332 -0.25998 0.933191 -0.248123 0.507491 0.70616 0.493752 0.506137 0.708039 0.492449 -0.263505 0.931286 -0.25154 -0.17958 0.968912 -0.17018 -0.17699 0.969825 -0.167672 0.508128 -0.707098 0.491751 0.508125 -0.707102 0.491747 0.508129 0.707097 0.49175 0.508125 0.707102 0.491747 0.182799 0.966438 0.180504 0.185275 0.965516 0.182897 0.180679 0.968746 0.169962 0.177171 0.969984 0.166556 -0.22569 -0.944913 0.237072 -0.221177 -0.947137 0.232406 0.226172 -0.943203 -0.243342 0.214916 -0.94875 -0.231697 -0.185074 0.965348 -0.183987 -0.181713 0.966599 -0.180739 -0.277188 0.921243 -0.272906 -0.281817 0.918501 -0.277372 -0.243374 -0.939291 0.241872 -0.254816 -0.933122 0.253678 0.243925 -0.937511 -0.248141 0.248579 -0.935001 -0.252946 -0.252709 -0.934283 0.251504 -0.245523 -0.938157 0.244089 0.0805625 -0.992472 -0.0922424 0.0725073 -0.993831 -0.083919 0.244808 -0.937038 -0.249056 0.247731 -0.935462 -0.252072 0.278412 0.920887 0.272863 0.281823 0.918865 0.276156 -0.0889896 0.992617 -0.0824221 -0.0929948 0.991919 -0.0863009 -0.527272 0.681318 -0.50773 -0.526235 0.68287 -0.50672 -0.0808446 -0.992908 0.0871617 -0.0776 -0.993456 0.0838088 0.0943621 0.991789 0.0863105 0.0889337 0.992734 0.0810518 -0.525474 -0.68209 -0.508556 -0.525467 -0.682099 -0.508551 -0.525471 0.682087 -0.508564 -0.525462 0.682101 -0.508554 0.527905 0.681044 0.507441 0.526503 0.683143 0.506073 0.543674 -0.616984 -0.56899 0.540483 -0.622752 -0.565737 -0.544887 -0.618711 0.565946 -0.543609 -0.621031 0.564632 -0.994756 -0.00291515 0.102238 -0.0695832 -0.0027632 0.997572 -0.095295 0.257543 0.961556 -0.98555 -0.152483 0.0737628 -0.799241 -0.537764 0.268372 -0.240123 0.534191 0.810543 -0.388392 0.611812 0.689085 -0.674269 -0.612592 0.412423 -0.675978 0.611819 0.410769 -0.390096 -0.612582 0.687437 -0.802233 0.534196 0.266566 -0.242025 -0.537757 0.807614 -0.0912393 -0.24967 0.964023 -0.984026 0.160196 0.0776521 -0.994758 0.00210187 0.102238 -0.0695833 0.00200892 0.997574 -0.984734 -0.156663 0.0758707 -0.0930938 0.253271 0.962906 -0.239155 0.532375 0.812023 -0.797727 -0.539556 0.269279 -0.673402 -0.612982 0.41326 -0.387521 0.611417 0.689925 -0.390944 -0.612964 0.686614 -0.676821 0.611435 0.409951 0.163508 -0.388994 -0.906614 0.0625311 -0.438669 -0.896471 -0.315093 -0.571328 -0.757826 -0.786307 -0.562844 -0.254811 -0.895496 -0.43243 0.10531 -0.900771 -0.388988 0.193133 -0.89394 -0.438669 0.0918761 -0.767739 -0.571333 -0.290097 -0.280439 -0.562838 -0.777539 0.075918 -0.432427 -0.898467 -0.242972 -0.539531 0.806146 -0.803723 0.532405 0.265659 -0.986471 0.147614 0.0713077 -0.0978614 -0.262522 0.959951 0.425876 -0.903722 -0.0437699 -0.0560219 -0.891796 0.448956 -0.335175 -0.685088 0.64677 -0.397215 -0.615771 0.680475 -0.326635 -0.693852 0.641778 -0.0297891 -0.903728 0.427068 0.446871 -0.8918 -0.0707042 0.635435 -0.685089 -0.356197 0.667089 -0.615776 -0.4193 0.630733 -0.693846 -0.347496 -0.110816 0.944685 -0.308692 0.251269 0.708711 0.659236 0.252387 0.705497 0.66225 -0.108094 0.947336 -0.301445 0.339687 0.931942 -0.126871 -0.6614 0.7074 0.24927 -0.661951 0.706812 0.249477 0.338251 0.932538 -0.12633 0.111115 0.944811 0.308198 -0.251039 0.70856 -0.659486 -0.252052 0.705648 -0.662216 0.108646 0.947217 0.301622 -0.343581 0.930758 0.125064 0.659485 0.708561 -0.25104 0.662216 0.705648 -0.252054 -0.336495 0.933698 0.122387 -0.228686 0.970066 0.0817003 -0.233883 0.968659 0.0836589 -0.661882 0.707108 0.248819 -0.661886 0.707104 0.24882 -0.661882 -0.707108 0.248817 -0.661886 -0.707103 0.248819 0.243143 0.965262 -0.0956578 0.238177 0.966681 -0.0938005 0.229641 0.969515 -0.0854686 0.230692 0.969231 -0.0858633 -0.107368 0.948031 -0.299516 -0.111539 0.943967 -0.310621 0.107989 0.947847 0.299874 0.111772 0.944161 0.309947 -0.241281 0.966126 0.0915692 -0.242285 0.965839 0.0919447 -0.36754 0.919563 0.138988 -0.366153 0.920195 0.138468 -0.12972 0.934181 -0.332384 -0.125857 0.938294 -0.322126 0.13036 0.93396 0.332755 0.126093 0.938504 0.321419 -0.126587 0.937529 -0.324059 -0.12901 0.93495 -0.330492 0.0357588 0.993623 0.106928 0.0384656 0.992721 0.114129 0.129571 0.934812 0.330662 0.126896 0.937661 0.323556 0.369188 0.918313 -0.142832 0.362354 0.921424 -0.140278 -0.121576 0.991721 0.0413387 -0.113544 0.992794 0.0383147 -0.684433 0.683291 0.254293 -0.686506 0.680913 0.255083 -0.0352177 0.993667 -0.106708 -0.0382035 0.992671 -0.114652 0.115604 0.992382 -0.0425768 0.11723 0.992165 -0.0431871 -0.684501 -0.682094 0.257307 -0.684484 -0.682113 0.257301 -0.684498 0.682095 0.25731 -0.684484 0.682112 0.257304 0.684474 0.682342 -0.25672 0.684893 0.681864 -0.256873 0.272463 0.621793 0.73426 0.273543 0.617949 0.737097 -0.272087 0.621988 -0.734234 -0.273278 0.617752 -0.737361 -0.333243 0.000626927 0.942841 0.871835 0.000657663 0.489799 0.873401 0.156036 0.461328 -0.297539 -0.253925 0.920322 0.100819 0.536128 -0.838094 -0.628232 -0.535855 -0.564078 -0.455573 -0.612176 -0.646292 -0.0831899 0.612227 -0.786294 -0.0830132 -0.612166 -0.78636 -0.455398 0.612237 -0.646358 0.101045 -0.53585 -0.838245 -0.627959 0.536136 -0.564115 -0.871054 0.162129 -0.463659 0.301241 -0.24771 -0.920811 0.333242 0.00309343 -0.942836 -0.871831 0.00322903 -0.489796 0.297942 0.25325 -0.920378 -0.873148 -0.1567 -0.461583 0.628736 0.535335 0.56401 -0.100393 -0.536649 0.837812 0.0835192 -0.612341 0.78617 0.455902 0.612062 0.646169 0.455091 -0.612343 0.646473 0.082707 0.612059 0.786475 0.748074 0.390976 0.536211 0.78228 0.441462 0.439487 0.817369 0.57496 0.0364524 0.562569 0.564842 -0.603713 0.285453 0.434031 -0.854478 0.209566 0.390969 -0.896228 0.299014 0.441453 -0.845997 0.590921 0.574956 -0.565895 0.820949 0.564844 0.0836256 0.777663 0.434039 0.454808 0.627468 -0.536641 0.564181 -0.101456 0.535348 0.838516 -0.296867 0.25505 0.920228 0.873821 -0.154934 0.460904 -0.299932 0.435805 0.848595 -0.590532 0.567638 0.573637 -0.824573 0.560787 -0.0748143 -0.781485 0.43079 -0.451332 -0.750841 0.387005 -0.535225 -0.784683 0.435817 -0.440836 -0.822171 0.56765 -0.0425264 -0.571094 0.560788 0.599474 -0.290619 0.430783 0.854381 -0.212298 0.386997 0.897308 0.763891 -0.627799 -0.149463 0.721861 -0.679822 -0.129453 -0.521635 -0.797896 0.30209 -0.451612 -0.852962 0.261729 0.651008 0.714116 -0.257345 0.715401 0.62838 -0.305515 0.669313 0.680421 -0.298407 0.597084 0.763944 -0.244705 0.904655 0.265498 -0.333332 0.893275 0.297921 -0.336606 -0.600998 0.7979 0.046447 -0.605691 0.794503 -0.0436251 -0.525123 0.850202 -0.0374634 -0.520402 0.85296 0.040506 -0.676325 0.124387 -0.726025 -0.538261 0.365401 -0.759445 -0.524459 0.38414 -0.759855 -0.672758 0.131333 -0.728113 0.683193 -0.713938 -0.153428 0.631528 -0.763767 -0.133542 -0.408323 0.797896 -0.443435 -0.262475 0.797898 -0.542647 -0.227479 0.852957 -0.469806 -0.353239 0.852953 -0.384309 0.810084 0.480708 -0.335685 0.779131 0.529825 -0.335022 0.590993 0.79412 0.141773 0.512203 0.849826 0.124272 0.954208 0.136923 -0.265969 0.952695 0.154586 -0.261679 0.339424 0.797896 0.49815 0.293884 0.852964 0.431376 -0.0940644 0.797892 -0.595416 -0.0823188 0.852952 -0.515458 -0.734093 -0.00192229 -0.679046 -0.734197 -0.00192298 -0.678934 0.678163 -0.67794 -0.283711 0.760394 -0.562071 -0.325389 0.721052 -0.61378 -0.321495 0.627381 -0.729067 -0.273596 1 -0.000265967 -0.000212709 0.95565 -0.000292271 0.294505 0.955656 -0.000292346 0.294486 1 -0.000265997 -0.000234648 -0.732603 -0.000820145 0.680656 -0.900684 -0.000805616 0.434473 -0.900661 -0.000805572 0.434521 -0.732553 -0.000820175 0.680709 0.955512 0.000292405 0.294952 0.955504 0.000290766 0.294977 -0.00578128 0.794194 -0.607637 -0.00618596 0.8499 -0.526907 -0.563225 0.794114 -0.228386 -0.519322 0.797885 -0.306079 -0.449135 0.852948 -0.266002 -0.48793 0.849814 -0.19935 0.0744771 -0.000302307 -0.997223 0.0744544 -0.000302285 -0.997224 -0.826154 -0.00027281 -0.563444 -0.623388 -0.00025475 -0.781912 -0.623666 -0.00025484 -0.781691 -0.82638 -0.000272825 -0.563113 -0.777272 0.475833 -0.41162 -0.796545 0.247406 -0.55164 -0.798151 0.260813 -0.543076 -0.772782 0.498479 -0.392844 -0.40932 0.850526 -0.330247 -0.542633 0.792897 -0.277242 -0.518814 0.818126 -0.247995 -0.379891 0.874499 -0.301552 -0.406646 0.576081 -0.709063 -0.327295 0.736621 -0.591834 -0.297692 0.762517 -0.574411 -0.383021 0.60109 -0.701417 -0.328188 0.831168 -0.448835 -0.296869 0.855626 -0.423996 -0.681575 0.663747 -0.308051 -0.666943 0.689729 -0.28189 -0.736181 -0.577271 -0.353265 -0.796261 -0.367197 -0.480764 -0.795622 -0.386004 -0.46689 -0.726767 -0.602306 -0.330207 -0.317494 -0.793182 -0.519672 -0.360015 -0.850542 -0.383364 -0.329202 -0.874511 -0.35617 -0.286513 -0.818415 -0.498104 -0.613653 -0.737191 -0.282806 -0.594068 -0.763076 -0.254555 -0.471663 -0.831284 -0.29411 -0.444564 -0.855736 -0.264724 -0.773478 -0.126529 -0.621066 -0.775324 -0.133616 -0.617268 -0.610316 -0.249393 -0.751876 -0.469191 -0.477307 -0.742993 -0.450038 -0.500018 -0.739897 -0.601826 -0.262882 -0.754121 -0.733503 -0.00107886 -0.679685 -0.733484 -0.00112833 -0.679706 -0.358734 -0.664592 -0.65546 -0.331493 -0.690583 -0.642812 -0.256118 0.713162 -0.652537 -0.27777 0.649615 -0.707703 -0.311125 0.524264 -0.792685 -0.347764 0.306595 -0.886036 -0.36536 -5.52982e-05 -0.930866 -0.347756 -0.306669 -0.886014 -0.311123 -0.524272 -0.79268 -0.277768 -0.649623 -0.707697 -0.256115 -0.713168 -0.652531 -0.247014 -0.736824 -0.629344 -0.25003 -0.729164 -0.637028 -0.265353 -0.687402 -0.676067 -0.29322 -0.596584 -0.747067 -0.330125 -0.42846 -0.841094 -0.360608 -0.160754 -0.91876 -0.360606 0.160802 -0.918753 -0.330123 0.428468 -0.841091 -0.293221 0.596579 -0.747071 -0.265351 0.687407 -0.676063 -0.250026 0.729175 -0.637017 -0.247014 0.736824 -0.629344 0.955534 -0.000227094 -0.294882 1 -0.000264345 -0.000144924 1 -0.000264551 0.000242062 0.955639 -0.000227228 -0.294541 -0.98876 -0.000870869 0.149505 -0.988907 -0.00092493 -0.148532 -0.988704 -0.000924781 -0.149881 -0.988949 -0.000870541 0.148257 -0.365208 -0.000259504 -0.930926 -0.0745632 -0.000294637 -0.997216 -0.0749755 -0.000294827 -0.997185 -0.365534 -0.000259444 -0.930798 -0.955523 -0.000290319 -0.294915 -0.955656 -0.000290006 -0.294486 -0.901489 -0.00219581 -0.432797 -0.733779 -0.00192192 -0.679386 -0.731867 -0.00192191 -0.681444 -0.900104 -0.00219567 -0.435669 -0.732758 -0.000818908 0.680489 -0.900777 -0.00080727 0.434281 -0.9013 -0.00080733 0.433195 -0.733576 -0.000819579 0.679607 0.0745609 -0.000298902 -0.997216 0.365202 -0.000271499 -0.930928 0.365544 -0.000271559 -0.930794 0.0749796 -0.000299323 -0.997185 0.623399 -0.00022994 -0.781904 0.623648 -0.000229746 -0.781705 -0.500894 -0.00186406 -0.865507 -0.498527 -0.00186412 -0.866872 -0.499573 -0.000919521 0.866271 -0.500734 -0.000919327 0.865601 0.826171 -0.00021781 -0.563419 0.826352 -0.00021781 -0.563154 -0.223565 -0.00198904 -0.974687 0.0735762 -0.00209952 -0.997287 0.076621 -0.00209855 -0.997058 -0.220736 -0.00198913 -0.975332 0.222674 -0.000320256 -0.974893 0.222226 -0.000320286 -0.974995 0.955617 -0.000290796 0.294611 0.955499 -0.000290841 0.294994 -0.221968 -0.000999056 0.975053 -0.223402 -0.000998519 0.974726 -0.989024 -0.00239548 -0.147734 -0.988498 -0.00239693 -0.151212 </float_array>
          <technique_common>
            <accessor count="2836" offset="0" source="#meshId0-bitangents-array" stride="3">
              <param name="X" type="float" />
              <param name="Y" type="float" />
              <param name="Z" type="float" />
            </accessor>
          </technique_common>
        </source>
        <source id="meshId0-tex0" name="meshId0-tex0">
          <float_array id="meshId0-tex0-array" count="5672"> 0.985126 0.64874 0.985126 0.671677 0.979531 0.671662 0.979531 0.648724 0.972442 0.671661 0.972442 0.648723 0.966566 0.671675 0.966566 0.648738 0.985444 0.881301 0.985444 0.904237 0.978913 0.904198 0.978913 0.881262 0.972002 0.90422 0.972002 0.881285 0.966115 0.403345 0.966115 0.426278 0.9606 0.426193 0.9606 0.403259 0.953517 0.426186 0.953517 0.403252 0.94757 0.42626 0.94757 0.403326 0.724782 0.913392 0.728951 0.919126 0.728951 0.926214 0.724782 0.931949 0.718036 0.934139 0.71129 0.931949 0.707121 0.926214 0.707121 0.919126 0.71129 0.913392 0.718036 0.911202 0.985479 0.737171 0.985479 0.760107 0.978845 0.760077 0.978845 0.737141 0.972002 0.7601 0.972002 0.737164 0.0312787 0.91941 0.0354479 0.913676 0.0421938 0.911485 0.0489397 0.913675 0.053109 0.919409 0.053109 0.926497 0.0489398 0.932231 0.0421938 0.934422 0.0354479 0.932231 0.0312787 0.926498 0.605583 0.332009 0.597013 0.33203 0.597013 0.312691 0.605583 0.312671 0.311576 0.845393 0.27014 0.736704 0.326619 0.691038 0.326619 0.83323 0.319816 0.507539 0.296904 0.507399 0.296904 0.337976 0.319816 0.338117 0.616712 0.823806 0.657409 0.716913 0.672184 0.729401 0.672184 0.870691 0.956696 0.642839 0.946351 0.642847 0.946351 0.51364 0.956696 0.513633 0.955487 0.132874 0.945142 0.132832 0.945142 0.00293844 0.955487 0.00297999 0.0288028 0.679364 0.0337703 0.696389 0.0156688 0.696586 0.00868955 0.679583 0.0257438 0.660934 0.00439172 0.661167 0.024711 0.641808 0.00294051 0.642045 0.432253 0.399801 0.416007 0.409871 0.428558 0.395464 0.447878 0.39014 0.44063 0.381633 0.46228 0.38126 0.451757 0.36891 0.474907 0.373501 0.461514 0.357782 0.485274 0.367162 0.469525 0.348678 0.739365 0.69616 0.731728 0.711036 0.713876 0.710999 0.718373 0.696116 0.745039 0.679201 0.721714 0.679152 0.748533 0.660811 0.723771 0.660759 0.749713 0.641697 0.724466 0.641645 0.423748 0.392408 0.431194 0.375639 0.438059 0.360207 0.444079 0.346706 0.41825 0.390905 0.420409 0.37269 0.422402 0.355927 0.424152 0.341258 0.693752 0.710982 0.694709 0.696096 0.69542 0.67913 0.695858 0.660736 0.696006 0.641621 0.673144 0.710988 0.670477 0.696103 0.668495 0.679137 0.667275 0.660744 0.666862 0.641628 0.412553 0.391088 0.409234 0.373049 0.406178 0.356448 0.403503 0.341921 0.407163 0.392941 0.398661 0.376684 0.390829 0.361724 0.383967 0.348637 0.653884 0.711014 0.647829 0.696134 0.64333 0.679172 0.64056 0.660781 0.639624 0.641666 0.628779 0.696188 0.622162 0.679232 0.618088 0.660844 0.616712 0.641731 0.402559 0.396299 0.38963 0.383271 0.377718 0.371287 0.367279 0.360808 0.378339 0.337924 0.358716 0.352237 0.39915 0.400864 0.382943 0.392226 0.36801 0.384287 0.354924 0.377354 0.344188 0.371692 0.466861 0.67958 0.460334 0.6966 0.44107 0.696392 0.445456 0.679348 0.470881 0.661152 0.448157 0.660906 0.472238 0.642027 0.449069 0.641776 0.418299 0.696272 0.420154 0.679215 0.421297 0.660765 0.421683 0.641632 0.397239 0.40623 0.379195 0.402752 0.362568 0.399569 0.347997 0.396804 0.435167 0.711383 0.415802 0.711282 0.378717 0.413915 0.361875 0.415775 0.347116 0.41743 0.395175 0.711265 0.394045 0.696253 0.393204 0.679193 0.392687 0.660742 0.392512 0.641609 0.396996 0.411921 0.367001 0.679285 0.364869 0.660839 0.36415 0.641708 0.398442 0.417431 0.381554 0.424722 0.365993 0.431465 0.352357 0.4374 0.37512 0.711335 0.370462 0.696335 0.374557 0.445244 0.363256 0.454938 0.357418 0.711485 0.349646 0.696512 0.343872 0.679481 0.340316 0.661048 0.339115 0.641921 0.401449 0.422269 0.387453 0.434214 0.610831 0.642227 0.609423 0.661356 0.587417 0.661004 0.588395 0.641868 0.40575 0.426008 0.395889 0.441546 0.386804 0.45589 0.378845 0.468487 0.353986 0.462921 0.372316 0.478853 0.605251 0.679798 0.598478 0.696844 0.579822 0.696546 0.584523 0.679467 0.401648 0.462454 0.397737 0.476842 0.573497 0.711585 0.554436 0.711433 0.557409 0.696366 0.559619 0.679267 0.560979 0.660793 0.561439 0.641652 0.410962 0.428313 0.406113 0.446068 0.532458 0.66074 0.532358 0.641598 0.416623 0.42898 0.417217 0.447378 0.417768 0.464356 0.418254 0.479262 0.533873 0.711394 0.53323 0.696321 0.532752 0.679217 0.513635 0.711474 0.509432 0.696415 0.506309 0.679321 0.504386 0.66085 0.503737 0.641711 0.422229 0.427951 0.428214 0.445358 0.433733 0.461424 0.438574 0.475531 0.427282 0.425316 0.438127 0.44019 0.448124 0.453921 0.45689 0.465981 0.49552 0.711664 0.488131 0.696639 0.482641 0.67957 0.47926 0.661114 0.478119 0.64198 0.464087 0.475906 0.471575 0.45146 0.481356 0.458832 0.150266 0.679614 0.143084 0.696614 0.125575 0.696409 0.13081 0.679386 0.154688 0.6612 0.134034 0.660958 0.156181 0.642078 0.135123 0.641832 0.431334 0.42131 0.446075 0.432331 0.459663 0.442512 0.434024 0.416288 0.451351 0.422481 0.467323 0.428211 0.616712 0.513743 0.639624 0.513678 0.481326 0.433258 0.561439 0.513687 0.588395 0.513903 0.118529 0.711372 0.100078 0.711258 0.103879 0.696276 0.610831 0.514261 0.106704 0.679238 0.0512577 0.641659 0.0247109 0.513828 0.0512577 0.51368 0.108443 0.660801 0.449069 0.5138 0.472238 0.514051 0.10903 0.641672 0.503737 0.513745 0.532358 0.513633 0.0799261 0.696226 0.0800884 0.679183 0.392512 0.513633 0.421683 0.513656 0.0801883 0.660743 0.0802221 0.641612 0.435113 0.410697 0.0802221 0.513633 0.453488 0.411514 0.478119 0.514014 0.470425 0.412289 0.485274 0.412994 0.696006 0.513633 0.724466 0.513656 0.0797077 0.711217 0.36415 0.513732 0.452295 0.400405 0.468693 0.396161 0.135123 0.513852 0.156181 0.514099 0.483069 0.392467 0.10903 0.513692 0.0592268 0.71125 0.0558431 0.696265 0.666862 0.51364 0.0533288 0.679227 0.0517805 0.660788 0.00294051 0.514066 0.434505 0.405034 0.749713 0.513709 0.339115 0.513944 0.0404554 0.711355 0.197868 0.424685 0.189256 0.452584 0.148448 0.432712 0.152962 0.418086 0.149957 0.494909 0.122761 0.505575 0.113588 0.460493 0.127845 0.454902 0.0936272 0.312409 0.122761 0.314592 0.113588 0.36037 0.0983143 0.359226 0.0651441 0.318905 0.083382 0.362631 0.172799 0.343464 0.189257 0.367588 0.148448 0.388153 0.13982 0.375506 0.172799 0.476707 0.13982 0.445359 0.0398426 0.486659 0.019971 0.465255 0.0597 0.439355 0.0701177 0.450576 0.0398427 0.333502 0.0701177 0.370284 0.00729486 0.381209 0.019971 0.354904 0.0597 0.381504 0.0530545 0.395294 0.197868 0.395488 0.152962 0.40278 0.00729486 0.43895 0.00294051 0.410079 0.0507718 0.410429 0.0530545 0.425565 0.149957 0.32526 0.127845 0.365963 0.0651441 0.501258 0.083382 0.45823 0.0936272 0.507756 0.0983143 0.461636 0.222865 0.507518 0.203749 0.507727 0.203749 0.338304 0.222865 0.338096 0.292104 0.875971 0.292076 0.891064 0.27014 0.891068 0.270168 0.875976 0.246175 0.507388 0.246175 0.337965 0.707965 0.338207 0.73046 0.337971 0.73046 0.507374 0.707965 0.507611 0.777716 0.857522 0.777594 0.86966 0.755658 0.869677 0.75578 0.857539 0.633629 0.338069 0.657298 0.338258 0.657298 0.507662 0.633629 0.507472 0.292104 0.906238 0.270168 0.906242 0.73738 0.172439 0.715211 0.172393 0.715211 0.00295913 0.73738 0.00300523 0.666532 0.934247 0.666563 0.94625 0.644625 0.946245 0.644594 0.934241 0.259558 0.549379 0.244283 0.548235 0.241697 0.513633 0.267281 0.515549 0.292185 0.862302 0.270249 0.862307 0.199021 0.614574 0.205667 0.628365 0.177017 0.647845 0.165886 0.624747 0.777594 0.914147 0.777716 0.927262 0.75578 0.92728 0.755658 0.914165 0.805531 0.898633 0.805618 0.913627 0.783684 0.913668 0.783597 0.898674 0.285791 0.564514 0.273816 0.554971 0.291162 0.524915 0.31122 0.540899 0.666532 0.8898 0.666516 0.904709 0.644578 0.904704 0.644594 0.889794 0.805784 0.857522 0.805618 0.869276 0.783684 0.869317 0.78385 0.857563 0.29442 0.57716 0.325672 0.562081 0.805784 0.927047 0.78385 0.927088 0.613928 0.337754 0.613928 0.507158 0.666516 0.919977 0.644578 0.919972 0.259744 0.719961 0.264259 0.734586 0.254152 0.736134 0.250536 0.724419 0.209607 0.793443 0.194674 0.790038 0.198416 0.78055 0.210378 0.783277 0.209607 0.691038 0.224882 0.692181 0.222612 0.702168 0.210378 0.701252 0.164345 0.727108 0.170991 0.713318 0.179446 0.719098 0.174123 0.730143 0.629524 0.258477 0.622878 0.244686 0.637097 0.240316 0.64182 0.250115 0.181409 0.702098 0.194674 0.694444 0.198416 0.703981 0.187791 0.710111 0.23914 0.786707 0.224882 0.792299 0.222612 0.782361 0.234033 0.777882 0.718277 0.251829 0.709648 0.264476 0.69875 0.254377 0.704881 0.245392 0.697673 0.274019 0.683414 0.279611 0.68011 0.265132 0.690241 0.261158 0.23914 0.697773 0.251115 0.707315 0.243625 0.71429 0.234033 0.706647 0.181409 0.782385 0.170991 0.771166 0.179446 0.765434 0.187791 0.77442 0.264259 0.749892 0.259744 0.764517 0.250536 0.760108 0.254152 0.748393 0.164345 0.757377 0.162062 0.742242 0.172295 0.742266 0.174123 0.754389 0.697673 0.185081 0.709648 0.194624 0.69875 0.204746 0.690241 0.197965 0.653207 0.27735 0.639942 0.269697 0.649222 0.258087 0.658647 0.263525 0.722791 0.237203 0.708088 0.234999 0.251115 0.777164 0.243625 0.770238 0.139316 0.917576 0.139339 0.92973 0.118726 0.929734 0.118704 0.91758 0.36844 0.908253 0.368389 0.896351 0.389001 0.896335 0.389052 0.908236 0.44976 0.930774 0.449893 0.941524 0.429284 0.941562 0.42915 0.930813 0.139403 0.894538 0.139339 0.905487 0.118726 0.905492 0.118791 0.894543 0.44976 0.89525 0.449691 0.906562 0.429081 0.9066 0.42915 0.895288 0.368291 0.885846 0.388903 0.88583 0.418117 0.885841 0.418093 0.896435 0.397479 0.89643 0.397504 0.885836 0.418093 0.932037 0.418117 0.941651 0.397504 0.941646 0.397479 0.932031 0.449691 0.918764 0.429081 0.918803 0.41808 0.920607 0.397466 0.920602 0.449893 0.885835 0.429284 0.885873 0.36844 0.920493 0.389052 0.920477 0.41808 0.908378 0.397466 0.908372 0.139403 0.94087 0.139505 0.950005 0.118893 0.950009 0.118791 0.940874 0.368291 0.941708 0.368389 0.931985 0.389001 0.931969 0.388903 0.941691 0.139505 0.885702 0.118893 0.885706 0.638666 0.934247 0.638697 0.94625 0.616759 0.946245 0.616728 0.934241 0.653207 0.181752 0.66814 0.178346 0.669257 0.19318 0.658647 0.1956 0.66814 0.280756 0.669257 0.265944 0.934865 0.477926 0.934952 0.49292 0.913018 0.492961 0.912931 0.477967 0.620595 0.229551 0.635475 0.229563 0.935118 0.50634 0.913184 0.506381 0.622878 0.214416 0.629524 0.200625 0.64182 0.20901 0.637097 0.218809 0.718277 0.207271 0.704881 0.213732 0.935118 0.436815 0.934952 0.448569 0.913018 0.44861 0.913184 0.436856 0.929232 0.196069 0.929204 0.211161 0.907268 0.211166 0.907295 0.196074 0.929313 0.1824 0.907376 0.182404 0.638666 0.8898 0.63865 0.904709 0.616712 0.904704 0.616728 0.889794 0.320314 0.85127 0.320192 0.863408 0.298257 0.863425 0.298379 0.851288 0.639942 0.189405 0.649222 0.201038 0.722791 0.221897 0.708088 0.224124 0.929232 0.226335 0.907295 0.22634 0.320192 0.907895 0.320314 0.92101 0.298379 0.921028 0.298257 0.907913 0.320129 0.877755 0.298193 0.877773 0.934865 0.462691 0.912931 0.462732 0.929313 0.240243 0.907376 0.240247 0.92944 0.251648 0.907503 0.251652 0.683414 0.179489 0.68011 0.193992 0.638697 0.876573 0.616759 0.876568 0.92944 0.171368 0.907503 0.171372 0.320129 0.893037 0.298193 0.893054 0.63865 0.919977 0.616712 0.919972 0.517491 0.332047 0.507375 0.332006 0.507375 0.312671 0.517491 0.312712 0.798884 0.680379 0.755594 0.555992 0.8146 0.513633 0.8146 0.669097 0.244283 0.650644 0.259558 0.649501 0.267281 0.683246 0.241697 0.685161 0.755594 0.809275 0.798876 0.686256 0.81459 0.697541 0.81459 0.851645 0.961368 0.00294468 0.971713 0.00293844 0.971713 0.13174 0.961368 0.131746 0.94642 0.843238 0.956766 0.843259 0.956766 0.971257 0.94642 0.971236 0.501494 0.332043 0.491155 0.332047 0.491155 0.31271 0.501494 0.312706 0.786905 0.171432 0.743261 0.0446254 0.80275 0.00293844 0.80275 0.160329 0.196738 0.599439 0.162062 0.599397 0.736341 0.464681 0.779975 0.337754 0.795816 0.348856 0.795816 0.506366 0.94757 0.268374 0.957915 0.268391 0.957915 0.397375 0.94757 0.397358 0.956765 0.837278 0.94642 0.837361 0.946421 0.708358 0.956765 0.708275 0.32808 0.956946 0.32808 0.982034 0.323676 0.982042 0.323676 0.956954 0.9847 0.327682 0.9847 0.352772 0.981505 0.352761 0.981505 0.327671 0.977092 0.352758 0.977092 0.327669 0.973146 0.352766 0.973146 0.327676 0.973146 0.321761 0.973146 0.296674 0.977036 0.296705 0.977036 0.321792 0.981465 0.296697 0.981465 0.321785 0.98474 0.296655 0.98474 0.321742 0.853314 0.951904 0.853314 0.976989 0.848914 0.976975 0.848914 0.95189 0.523372 0.322109 0.523372 0.317653 0.525993 0.314048 0.530234 0.312671 0.534475 0.314048 0.537096 0.317653 0.537096 0.322109 0.534475 0.325713 0.530234 0.32709 0.525993 0.325713 0.844931 0.977014 0.844931 0.951928 0.332052 0.95697 0.332052 0.982058 0.5567 0.322109 0.55408 0.325713 0.549839 0.32709 0.545598 0.325713 0.542977 0.322108 0.542977 0.317652 0.545598 0.314047 0.549839 0.312671 0.55408 0.314048 0.556701 0.317653 0.329172 0.909951 0.329172 0.851427 0.332124 0.85127 0.332124 0.909794 0.936453 0.876749 0.936453 0.936006 0.933935 0.935985 0.933935 0.876728 0.930818 0.935985 0.930818 0.876728 0.928293 0.936006 0.928293 0.876749 0.849907 0.94158 0.849907 0.883461 0.852858 0.883265 0.852858 0.941384 0.855836 0.883445 0.855836 0.941564 0.73613 0.944605 0.73613 0.885346 0.738649 0.885335 0.738649 0.944595 0.741766 0.885335 0.741766 0.944595 0.744327 0.326586 0.744327 0.323474 0.746141 0.320945 0.749078 0.319967 0.752014 0.320912 0.753829 0.32342 0.753829 0.326532 0.752014 0.32906 0.749078 0.330038 0.746142 0.329093 0.744291 0.885345 0.744291 0.944605 0.326195 0.909805 0.326195 0.851281 0.764506 0.329915 0.761542 0.328974 0.75971 0.326493 0.75971 0.323419 0.761542 0.320926 0.764506 0.319967 0.76747 0.320908 0.769301 0.323389 0.769301 0.326463 0.767469 0.328956 0.389666 0.981839 0.382935 0.981839 0.382647 0.976439 0.389378 0.976439 0.429119 0.976299 0.435934 0.976299 0.435896 0.980903 0.429081 0.980904 0.435896 0.986604 0.429081 0.986604 0.435934 0.991224 0.429118 0.991224 0.992121 0.505928 0.985436 0.50591 0.985092 0.500513 0.991776 0.500532 0.985436 0.495067 0.992121 0.495086 0.417016 0.991309 0.4102 0.991309 0.410182 0.986703 0.416997 0.986703 0.410182 0.981002 0.416997 0.981002 0.252147 0.315757 0.256715 0.312409 0.257288 0.31372 0.253405 0.316566 0.4102 0.976384 0.417016 0.976384 0.389399 0.987282 0.382668 0.987282 0.230363 0.328865 0.227021 0.324262 0.227021 0.318619 0.230363 0.314091 0.235771 0.312409 0.241179 0.314214 0.244521 0.318818 0.244521 0.324461 0.241179 0.328988 0.235771 0.33067 0.869076 0.981434 0.86932 0.986025 0.862164 0.986025 0.86192 0.981434 0.381679 0.981856 0.381434 0.977265 0.26236 0.312412 0.262088 0.313722 0.266928 0.315765 0.265971 0.316573 0.381452 0.986483 0.266928 0.326608 0.26236 0.329956 0.262088 0.328638 0.265971 0.325791 0.256715 0.329954 0.257288 0.328636 0.252147 0.3266 0.253405 0.325785 0.250402 0.321178 0.251922 0.321175 0.387391 0.327887 0.384566 0.323952 0.384566 0.319111 0.387391 0.315213 0.391961 0.313747 0.396531 0.315272 0.399356 0.319207 0.399356 0.324048 0.396531 0.327946 0.391961 0.329412 0.98484 0.122471 0.98484 0.127317 0.977594 0.127317 0.977594 0.122471 0.617018 0.985552 0.616712 0.980965 0.623818 0.980965 0.624124 0.985552 0.954412 0.498459 0.954444 0.494545 0.961689 0.494545 0.961657 0.498459 0.984856 0.118545 0.97761 0.118545 0.616738 0.990183 0.623844 0.990183 0.954412 0.503306 0.961657 0.503306 0.869094 0.990652 0.861938 0.990652 0.984856 0.131233 0.97761 0.131233 0.954444 0.507233 0.961689 0.507233 0.973146 0.391389 0.979831 0.391389 0.98019 0.396784 0.973506 0.396784 0.953204 0.700694 0.946388 0.700694 0.946351 0.696075 0.953166 0.696075 0.946351 0.690374 0.953166 0.690374 0.946389 0.68577 0.953204 0.68577 0.659733 0.99182 0.653002 0.991807 0.652725 0.986407 0.659456 0.98642 0.653002 0.980964 0.659733 0.980977 0.397485 0.976384 0.4043 0.976384 0.404282 0.981002 0.397466 0.981002 0.404282 0.986703 0.397466 0.986703 0.274549 0.315745 0.279104 0.312409 0.279695 0.313704 0.275823 0.31654 0.4043 0.991309 0.397485 0.991309 0.973475 0.385942 0.98016 0.385942 0.221139 0.324424 0.217818 0.329051 0.212444 0.330841 0.20707 0.329111 0.203749 0.324522 0.203749 0.318826 0.20707 0.314199 0.212444 0.312409 0.217818 0.314138 0.221139 0.318728 0.941305 0.507308 0.940999 0.502721 0.948105 0.502721 0.948411 0.507308 0.981132 0.391369 0.981438 0.395956 0.284734 0.312426 0.284481 0.313719 0.289288 0.315791 0.288354 0.31658 0.981412 0.386738 0.289288 0.326632 0.284734 0.329968 0.284481 0.328633 0.288354 0.325797 0.279104 0.32995 0.279695 0.328618 0.274549 0.326586 0.275823 0.325757 0.272809 0.32116 0.274344 0.321144 0.408056 0.327853 0.405237 0.323913 0.405237 0.319078 0.408056 0.315194 0.412618 0.313747 0.41718 0.315287 0.419999 0.319228 0.419999 0.324063 0.41718 0.327946 0.412618 0.329394 0.368291 0.985212 0.368291 0.980365 0.375537 0.980365 0.375537 0.985212 0.63025 0.985555 0.630005 0.980965 0.637161 0.980965 0.637405 0.985555 0.979179 0.503828 0.979211 0.507756 0.971966 0.507756 0.971934 0.503828 0.368307 0.989128 0.375553 0.989128 0.630023 0.990183 0.637179 0.990183 0.979179 0.498982 0.971934 0.498982 0.941279 0.49809 0.948385 0.49809 0.368307 0.976439 0.375553 0.976439 0.979211 0.495067 0.971966 0.495068 0.250885 0.962594 0.250885 0.98553 0.24556 0.985587 0.24556 0.962651 0.985824 0.138756 0.985824 0.161693 0.978882 0.161688 0.978882 0.13875 0.97241 0.161698 0.97241 0.138761 0.972954 0.465718 0.972954 0.488654 0.966997 0.488599 0.966997 0.465664 0.959914 0.488605 0.959914 0.465669 0.954412 0.488668 0.954412 0.465732 0.98544 0.852429 0.98544 0.875362 0.978526 0.875332 0.978526 0.852398 0.972002 0.875385 0.972002 0.852452 0.678065 0.926319 0.678065 0.919231 0.682234 0.913497 0.68898 0.911306 0.695726 0.913497 0.699895 0.919231 0.699895 0.926319 0.695726 0.932054 0.68898 0.934244 0.682234 0.932053 0.26405 0.96263 0.26405 0.985566 0.257947 0.985522 0.257948 0.962586 0.0138551 0.934415 0.00710953 0.932224 0.00294051 0.926489 0.00294052 0.919401 0.00710946 0.913667 0.013855 0.911477 0.0206006 0.913668 0.0247696 0.919402 0.0247696 0.92649 0.0206006 0.932225 0.14928 0.843384 0.149816 0.963637 0.149226 0.963642 0.147903 0.843397 0.967265 0.268376 0.966374 0.388621 0.965605 0.38862 0.96547 0.268374 0.964889 0.388621 0.963796 0.268376 0.152699 0.717264 0.151288 0.837507 0.150629 0.837501 0.151158 0.717249 0.149845 0.837501 0.149326 0.717249 0.149236 0.837507 0.147903 0.717264 0.962577 0.633869 0.964433 0.513633 0.965198 0.513642 0.964365 0.633891 0.96592 0.513642 0.966053 0.633891 0.611925 0.314967 0.611464 0.314332 0.611464 0.313548 0.611925 0.312913 0.612672 0.312671 0.613418 0.312913 0.61388 0.313548 0.61388 0.314332 0.613418 0.314967 0.612672 0.315209 0.152685 0.843397 0.151272 0.963642 0.150597 0.963637 0.151107 0.843384 0.211182 0.946907 0.209437 0.94634 0.208359 0.944857 0.208359 0.943023 0.209437 0.94154 0.211182 0.940974 0.212926 0.94154 0.214005 0.943024 0.214005 0.944857 0.212926 0.94634 0.256503 0.79932 0.257037 0.919572 0.256448 0.919578 0.255126 0.799333 0.966529 0.138752 0.965637 0.258998 0.964869 0.258997 0.964734 0.13875 0.964152 0.258998 0.96306 0.138752 0.79144 0.178361 0.790031 0.298604 0.789372 0.298598 0.789899 0.178346 0.788588 0.298598 0.788067 0.178346 0.787979 0.298604 0.786644 0.178361 0.962646 0.828511 0.964502 0.708275 0.965268 0.708285 0.964434 0.828534 0.96599 0.708285 0.966121 0.828534 0.61388 0.321963 0.61388 0.322748 0.613418 0.323382 0.612672 0.323625 0.611925 0.323382 0.611464 0.322748 0.611464 0.321963 0.611925 0.321328 0.612672 0.321086 0.613418 0.321329 0.259908 0.799333 0.258494 0.919578 0.257819 0.919572 0.25833 0.79932 0.68759 0.303606 0.685845 0.30304 0.685844 0.298333 0.690348 0.299795 0.685843 0.286632 0.697217 0.290326 0.688668 0.305089 0.693132 0.303624 0.688668 0.306923 0.693132 0.308357 0.68759 0.308406 0.690348 0.312186 0.683022 0.306923 0.6841 0.308406 0.681339 0.312186 0.678555 0.308357 0.685845 0.308972 0.685844 0.313649 0.683022 0.305089 0.678555 0.303624 0.6841 0.303606 0.681339 0.299795 0.259908 0.925466 0.259808 0.935503 0.24556 0.935492 0.24566 0.925455 0.704247 0.311946 0.697217 0.321614 0.674468 0.321615 0.667438 0.311946 0.674468 0.290326 0.704247 0.299994 0.685843 0.325308 0.667438 0.299994 0.872443 0.223821 0.883817 0.227515 0.881227 0.231043 0.872409 0.228179 0.960599 0.670921 0.960685 0.679893 0.946437 0.679877 0.946351 0.670905 0.98618 0.559775 0.986251 0.570767 0.972005 0.570743 0.971934 0.559751 0.259808 0.947437 0.24556 0.947426 0.986196 0.57665 0.986183 0.588347 0.971934 0.588341 0.971947 0.576644 0.960685 0.64874 0.960599 0.659021 0.946351 0.659005 0.946437 0.648723 0.259908 0.956709 0.24566 0.956698 0.986196 0.599252 0.971947 0.599246 0.986251 0.548125 0.972005 0.5481 0.918456 0.691115 0.918511 0.699637 0.909498 0.699622 0.909443 0.691099 0.854039 0.249134 0.854039 0.237182 0.85814 0.238538 0.85814 0.247804 0.883817 0.258804 0.872443 0.262497 0.872409 0.258165 0.881227 0.255302 0.890846 0.237184 0.886677 0.23854 0.861069 0.227514 0.86359 0.231042 0.861069 0.258803 0.86359 0.255301 0.890846 0.249135 0.886677 0.247806 0.690221 0.172372 0.664631 0.172379 0.664631 0.00294491 0.690221 0.00293844 0.786721 0.320922 0.786721 0.31167 0.795735 0.311677 0.795735 0.320929 0.933417 0.682114 0.933407 0.691183 0.924392 0.691179 0.924402 0.68211 0.332757 0.926915 0.33269 0.934887 0.323676 0.934876 0.323742 0.926905 0.786644 0.304481 0.795658 0.304488 0.933417 0.699637 0.924402 0.699634 0.33269 0.944113 0.323676 0.944102 0.918511 0.682082 0.909498 0.682067 0.786644 0.328704 0.795658 0.328711 0.332757 0.951069 0.323742 0.951059 0.50723 0.897838 0.526323 0.897838 0.526323 0.910998 0.50723 0.910999 0.526322 0.9205 0.507229 0.9205 0.536732 0.926366 0.555663 0.926366 0.555955 0.939479 0.537024 0.939479 0.555189 0.951407 0.536258 0.951407 0.536258 0.886062 0.55535 0.88606 0.555357 0.897887 0.536264 0.897889 0.555357 0.911037 0.536264 0.911039 0.55535 0.920486 0.536258 0.920489 0.31751 0.952023 0.298537 0.952023 0.298822 0.938964 0.317795 0.938964 0.628418 0.325443 0.620595 0.314695 0.624556 0.313229 0.630894 0.321936 0.298193 0.926905 0.317166 0.926905 0.507229 0.886045 0.526322 0.886045 0.29442 0.621719 0.298935 0.607093 0.333234 0.612216 0.325672 0.636714 0.624556 0.302482 0.630894 0.293799 0.634513 0.298606 0.630389 0.304256 0.620595 0.301428 0.628418 0.290709 0.641076 0.286632 0.641147 0.290497 0.653734 0.290756 0.651401 0.293837 0.661557 0.301504 0.657738 0.302544 0.661557 0.314771 0.657738 0.313291 0.653734 0.32549 0.651401 0.321974 0.641076 0.329566 0.641147 0.325276 0.322804 0.332047 0.322805 0.327039 0.338306 0.327039 0.338305 0.332047 0.651981 0.304296 0.647858 0.29863 0.641185 0.319088 0.647858 0.316939 0.630389 0.311249 0.641185 0.296457 0.651981 0.311289 0.634513 0.316915 0.485086 0.498021 0.485086 0.505027 0.481579 0.503782 0.481579 0.498875 0.445089 0.314078 0.45145 0.313747 0.45145 0.32914 0.445089 0.329471 0.316919 0.318867 0.316918 0.325798 0.301416 0.325798 0.301417 0.318867 0.471137 0.329106 0.46422 0.32926 0.46422 0.3139 0.471137 0.313747 0.322805 0.320102 0.322804 0.313886 0.338306 0.313886 0.338307 0.320102 0.316923 0.313886 0.301421 0.313886 0.477429 0.32951 0.477429 0.31415 0.458339 0.313896 0.458339 0.32929 0.316921 0.332032 0.301419 0.332032 0.895209 0.206237 0.895208 0.211096 0.889467 0.211096 0.889467 0.206237 0.89961 0.204724 0.899609 0.211662 0.562582 0.324325 0.562826 0.317444 0.567509 0.319157 0.567338 0.323977 0.955282 0.253867 0.955284 0.260101 0.950885 0.257686 0.950884 0.253319 0.485089 0.485139 0.485089 0.492144 0.481579 0.491286 0.481579 0.486379 0.562826 0.330686 0.567509 0.328432 0.955284 0.246935 0.950885 0.248464 0.728826 0.32688 0.728672 0.319967 0.732645 0.321547 0.732753 0.326389 0.89961 0.217878 0.895209 0.215451 0.563465 0.312671 0.567957 0.315813 0.366449 0.328093 0.36356 0.324135 0.36356 0.319237 0.366449 0.315269 0.371123 0.313747 0.375797 0.315252 0.378685 0.31921 0.378685 0.324108 0.375797 0.328077 0.371123 0.329599 0.573214 0.319235 0.573043 0.324055 0.945144 0.257685 0.945142 0.253319 0.895209 0.202729 0.889468 0.202729 0.573214 0.32851 0.945143 0.248463 0.738338 0.321547 0.738446 0.326389 0.889467 0.215451 0.950888 0.244975 0.945147 0.244974 0.73247 0.330793 0.738163 0.330793 0.862584 0.776351 0.862777 0.726271 0.883491 0.726544 0.883299 0.776623 0.928895 0.758361 0.928895 0.708275 0.939937 0.70834 0.939937 0.758425 0.565797 0.76763 0.565982 0.717541 0.586878 0.717653 0.586692 0.767742 0.929052 0.563717 0.929052 0.513633 0.939879 0.513714 0.939879 0.563798 0.937989 0.566538 0.930942 0.566485 0.977594 0.03184 0.989851 0.0318402 0.989851 0.0548648 0.977594 0.0548646 0.937989 0.610825 0.930942 0.610772 0.93801 0.761168 0.930822 0.761126 0.884225 0.779343 0.86351 0.779071 0.587584 0.770492 0.566688 0.77038 0.930822 0.805414 0.93801 0.805456 0.940539 0.808684 0.928293 0.808612 0.58742 0.814783 0.566524 0.814671 0.884055 0.823627 0.86334 0.823354 0.565329 0.817889 0.586225 0.818001 0.586053 0.864357 0.565158 0.864245 0.882813 0.826883 0.862098 0.82661 0.94047 0.614056 0.928461 0.613966 0.928461 0.660319 0.94047 0.660409 0.937139 0.676217 0.931792 0.676177 0.882635 0.873231 0.86192 0.872958 0.940539 0.855038 0.928293 0.854966 0.241947 0.894053 0.247999 0.894053 0.247999 0.917077 0.241947 0.917078 0.937142 0.870851 0.93169 0.870819 0.587584 0.880185 0.566688 0.880074 0.884225 0.889004 0.86351 0.888731 0.168778 0.98425 0.168778 0.963586 0.175553 0.964497 0.175553 0.985161 0.478119 0.975813 0.478119 0.952875 0.483871 0.952896 0.483871 0.975833 0.490964 0.952895 0.490964 0.975833 0.496689 0.952875 0.496689 0.975812 0.985493 0.968621 0.985493 0.988884 0.978712 0.987908 0.978712 0.967645 0.972002 0.988985 0.972002 0.968722 0.416036 0.947529 0.416036 0.970466 0.410275 0.970507 0.410275 0.947571 0.403182 0.970507 0.403182 0.94757 0.707121 0.955468 0.707121 0.948429 0.710895 0.942527 0.717001 0.940016 0.723107 0.941856 0.72688 0.947344 0.72688 0.954383 0.723107 0.960285 0.717001 0.962796 0.710895 0.960956 0.397466 0.970465 0.397466 0.947528 0.162062 0.985241 0.162062 0.964577 0.27014 0.951722 0.27014 0.944698 0.273955 0.939239 0.280128 0.937432 0.286301 0.939966 0.290117 0.945873 0.290117 0.952898 0.286301 0.958356 0.280128 0.960164 0.273955 0.95763 0.824829 0.256457 0.824884 0.306537 0.802152 0.30649 0.802097 0.25641 0.843278 0.563718 0.843278 0.513633 0.855379 0.513657 0.855378 0.563742 0.855347 0.827299 0.855347 0.877388 0.832551 0.877376 0.832551 0.827287 0.831278 0.256232 0.831135 0.206148 0.843151 0.206148 0.843293 0.256232 0.841204 0.258986 0.833382 0.258986 0.690321 0.990837 0.678065 0.990837 0.678065 0.967812 0.690321 0.967812 0.84133 0.303273 0.833508 0.303273 0.853267 0.566492 0.84539 0.566476 0.801745 0.253698 0.824477 0.253745 0.83224 0.824541 0.855037 0.824553 0.84539 0.610765 0.853267 0.61078 0.856039 0.613998 0.842618 0.613972 0.83224 0.780249 0.855037 0.780261 0.801697 0.209414 0.824429 0.209461 0.855445 0.777039 0.832648 0.777027 0.832648 0.714273 0.855445 0.714285 0.802152 0.206148 0.824884 0.206195 0.844092 0.306485 0.830765 0.306485 0.439208 0.32958 0.425881 0.32958 0.429532 0.313747 0.435466 0.313747 0.842618 0.676722 0.820481 0.664641 0.820481 0.625857 0.593465 0.94991 0.593465 0.936325 0.605394 0.938635 0.605394 0.947477 0.856039 0.676748 0.808048 0.961692 0.8141 0.961692 0.8141 0.984717 0.808048 0.984717 0.852316 0.692574 0.84634 0.692563 0.8321 0.698451 0.854897 0.698463 0.887445 0.981808 0.887445 0.959092 0.903215 0.958427 0.903215 0.981143 0.978714 0.425897 0.978714 0.403252 0.985487 0.403587 0.985487 0.426233 0.635282 0.95215 0.635282 0.975088 0.629536 0.975064 0.629536 0.952127 0.622443 0.975064 0.622443 0.952127 0.616712 0.975088 0.616712 0.952151 0.985493 0.766397 0.985493 0.788884 0.978716 0.788471 0.978716 0.765984 0.972002 0.788922 0.972002 0.766436 0.909191 0.968301 0.909191 0.945365 0.914939 0.945318 0.914939 0.968254 0.922032 0.945318 0.922032 0.968255 0.507229 0.941439 0.507229 0.934354 0.511344 0.928601 0.518001 0.926377 0.524659 0.928531 0.528774 0.934241 0.528774 0.941325 0.524659 0.947078 0.518001 0.949303 0.511343 0.947148 0.927761 0.945365 0.927761 0.968302 0.971996 0.426259 0.971996 0.403614 0.482271 0.926459 0.488991 0.924214 0.49571 0.92632 0.499863 0.931974 0.499863 0.939014 0.49571 0.944753 0.488991 0.946998 0.482271 0.944892 0.478119 0.939238 0.478119 0.932197 0.579208 0.924887 0.565158 0.924842 0.565158 0.886062 0.579208 0.886107 0.884916 0.894881 0.884916 0.917906 0.86192 0.913537 0.86192 0.899306 0.844026 0.883265 0.844026 0.946013 0.820481 0.934027 0.820481 0.895244 0.906805 0.503994 0.883764 0.503994 0.888143 0.48081 0.902384 0.48081 0.718802 0.327495 0.710128 0.327471 0.710128 0.286632 0.718802 0.286657 0.820481 0.766073 0.820481 0.725231 0.920592 0.876698 0.920592 0.939441 0.909191 0.928405 0.909191 0.88757 0.90331 0.902918 0.90331 0.916502 0.891335 0.914253 0.891335 0.905412 0.757703 0.22843 0.757709 0.178346 0.780749 0.178351 0.780743 0.228435 0.201809 0.88499 0.201809 0.93507 0.189556 0.935076 0.189556 0.884996 0.751747 0.263989 0.751764 0.314074 0.728733 0.31409 0.728716 0.264005 0.209027 0.849411 0.209027 0.799322 0.221272 0.79932 0.221272 0.849409 0.219135 0.852163 0.211164 0.852164 0.0312787 0.968779 0.0435352 0.968779 0.0435352 0.991803 0.0312787 0.991803 0.219135 0.896455 0.211164 0.896456 0.191695 0.882241 0.19967 0.882238 0.780763 0.231159 0.757723 0.231153 0.728777 0.261277 0.751808 0.261261 0.19967 0.837954 0.191695 0.837958 0.188887 0.834747 0.202478 0.83474 0.728762 0.216989 0.751793 0.216972 0.780758 0.275446 0.757719 0.275441 0.75171 0.213726 0.728679 0.213742 0.728672 0.194149 0.751703 0.194133 0.780731 0.278698 0.757692 0.278693 0.221941 0.899667 0.208359 0.899669 0.208359 0.919263 0.221941 0.919261 0.218173 0.935096 0.212126 0.935097 0.780729 0.29829 0.757689 0.298285 0.188887 0.815157 0.202478 0.81515 0.997059 0.671677 0.991007 0.671677 0.991007 0.648654 0.997059 0.648654 0.192657 0.799323 0.198708 0.79932 0.728777 0.178362 0.751808 0.178346 0.780763 0.31407 0.757723 0.314065 0.978789 0.708275 0.978789 0.731206 0.972002 0.731257 0.972002 0.708327 0.985136 0.677554 0.985136 0.700492 0.979373 0.700495 0.979373 0.677557 0.97228 0.700495 0.97228 0.677557 0.966566 0.700492 0.966566 0.677554 0.985425 0.605131 0.985425 0.628047 0.978672 0.628141 0.978672 0.605225 0.971934 0.628045 0.971934 0.605129 0.774163 0.961881 0.774163 0.984818 0.768377 0.984818 0.768377 0.96188 0.761285 0.984818 0.761285 0.96188 0.0592912 0.927065 0.0592912 0.919977 0.0634601 0.914244 0.0702054 0.912055 0.0769508 0.914246 0.0811196 0.91998 0.0811196 0.927068 0.0769508 0.932802 0.0702054 0.934991 0.0634601 0.9328 0.755594 0.984819 0.755594 0.961881 0.985492 0.708334 0.985492 0.731264 0.883739 0.931706 0.883739 0.938795 0.879572 0.944529 0.87283 0.94672 0.866087 0.94453 0.86192 0.938796 0.86192 0.931708 0.866087 0.925973 0.87283 0.923783 0.879572 0.925972 0.529793 0.82994 0.529914 0.880024 0.507769 0.880168 0.507648 0.830084 0.913567 0.318526 0.913567 0.268446 0.925223 0.268374 0.925223 0.318454 0.558614 0.82995 0.558752 0.880035 0.53687 0.880183 0.536733 0.830098 0.938629 0.115385 0.938629 0.165474 0.927044 0.165488 0.927044 0.115399 0.929066 0.112643 0.936607 0.112633 0.707121 0.968673 0.719378 0.968673 0.719378 0.991697 0.707121 0.991697 0.929066 0.0683511 0.936607 0.0683418 0.923189 0.32122 0.915602 0.321267 0.508232 0.827358 0.530377 0.827214 0.537395 0.827367 0.559277 0.827219 0.915602 0.365551 0.923189 0.365503 0.925859 0.368699 0.912931 0.36878 0.537273 0.783079 0.559155 0.782931 0.508124 0.78307 0.530269 0.782927 0.558267 0.779688 0.536385 0.779836 0.536258 0.733482 0.558139 0.733334 0.507341 0.779822 0.529486 0.779678 0.926412 0.0651416 0.939261 0.0651257 0.939261 0.0187688 0.926412 0.0187847 0.929976 0.00294547 0.935697 0.00293844 0.507229 0.733469 0.529374 0.733326 0.925859 0.415048 0.912931 0.415128 0.106409 0.970583 0.112462 0.970583 0.112462 0.993606 0.106409 0.993606 0.922273 0.430902 0.916517 0.430938 0.537395 0.717689 0.559277 0.717541 0.508232 0.717685 0.530377 0.717541 0.979111 0.24744 0.979111 0.225626 0.9859 0.224991 0.9859 0.246804 0.589608 0.982296 0.589608 0.959358 0.59537 0.959362 0.59537 0.9823 0.602463 0.959362 0.602463 0.9823 0.608177 0.959358 0.608177 0.982296 0.973146 0.290761 0.973146 0.26908 0.9799 0.268374 0.9799 0.290054 0.986638 0.269097 0.986638 0.290778 0.137273 0.955887 0.137273 0.978824 0.131489 0.978837 0.131489 0.9559 0.124396 0.978837 0.124396 0.955899 0.437687 0.485139 0.444325 0.487536 0.448428 0.493295 0.448428 0.500218 0.444325 0.505659 0.437687 0.50754 0.431049 0.505143 0.426946 0.499383 0.426946 0.492461 0.431049 0.48702 0.118704 0.978824 0.118704 0.955886 0.97241 0.24672 0.97241 0.224907 0.458394 0.504916 0.454309 0.499153 0.454309 0.492283 0.458394 0.48693 0.465004 0.485139 0.471613 0.487594 0.475698 0.493357 0.475698 0.500227 0.471613 0.50558 0.465004 0.507371 0.832924 0.0530224 0.833099 0.00293844 0.852904 0.00317356 0.852729 0.0532575 0.9008 0.146772 0.9008 0.196852 0.890054 0.196739 0.890054 0.146659 0.847839 0.45628 0.847839 0.506366 0.827592 0.506232 0.827592 0.456146 0.956681 0.189009 0.956775 0.239097 0.945923 0.239097 0.945829 0.189009 0.947718 0.186255 0.954782 0.186255 0.977594 0.0896434 0.989851 0.0896432 0.989851 0.112668 0.977594 0.112668 0.947635 0.141963 0.954699 0.141963 0.891929 0.143925 0.898924 0.143999 0.853812 0.055989 0.834008 0.0557538 0.826571 0.453415 0.846818 0.453549 0.898924 0.0997152 0.891929 0.0996416 0.889467 0.0964035 0.901386 0.0965288 0.826571 0.409127 0.846818 0.409261 0.853658 0.100276 0.833853 0.100041 0.848158 0.406018 0.827911 0.405884 0.827911 0.328208 0.848158 0.328342 0.852212 0.103518 0.832407 0.103283 0.945142 0.13875 0.957179 0.13875 0.591132 0.328506 0.579095 0.328506 0.582404 0.312671 0.587763 0.312671 0.851941 0.181192 0.832136 0.180956 0.801697 0.393504 0.801697 0.3403 0.889467 0.0187357 0.901386 0.0188609 0.147903 0.969519 0.153955 0.969519 0.153955 0.992543 0.147903 0.992543 0.892773 0.00293844 0.89808 0.00299416 0.826112 0.312414 0.846359 0.312548 0.853812 0.196986 0.834008 0.196751 0.0659876 0.987785 0.0659876 0.967672 0.0727799 0.968654 0.0727799 0.988767 0.507229 0.978132 0.507229 0.955194 0.512987 0.95518 0.512987 0.978117 0.52008 0.95518 0.52008 0.978117 0.525799 0.955195 0.525799 0.978132 0.27014 0.986375 0.27014 0.966066 0.276894 0.967071 0.276894 0.98738 0.283632 0.966041 0.283632 0.98635 0.820481 0.974828 0.820481 0.951891 0.82626 0.951915 0.82626 0.974853 0.833353 0.951915 0.833352 0.974852 0.106 0.94907 0.106 0.956084 0.102378 0.962056 0.0965188 0.964706 0.0906592 0.963021 0.0870378 0.957645 0.0870378 0.950631 0.0906592 0.944659 0.0965187 0.942009 0.102378 0.943694 0.83905 0.95189 0.83905 0.974827 0.0592912 0.988908 0.0592912 0.968796 0.00294051 0.951198 0.004822 0.944457 0.00983717 0.940291 0.0160704 0.940291 0.0211407 0.944457 0.0231115 0.951198 0.02123 0.957938 0.0162148 0.962104 0.00998166 0.962104 0.00491131 0.957938 0.236066 0.947276 0.227822 0.947261 0.227822 0.894053 0.236066 0.894069 0.808631 0.168406 0.808817 0.115204 0.903215 0.95255 0.88962 0.95255 0.891833 0.923783 0.901144 0.923783 0.985528 0.542223 0.971934 0.542223 0.974119 0.513633 0.983431 0.513633 0.47849 0.767625 0.478597 0.717541 0.500938 0.717669 0.50083 0.767753 0.456428 0.767442 0.456428 0.717362 0.468409 0.717412 0.468409 0.767492 0.368605 0.767448 0.368696 0.717362 0.391238 0.717461 0.391147 0.767547 0.748813 0.829369 0.748813 0.879458 0.736787 0.87945 0.736787 0.829361 0.738886 0.826608 0.746714 0.826614 0.00294052 0.967981 0.015197 0.967981 0.015197 0.991006 0.00294051 0.991006 0.738886 0.782317 0.746714 0.782322 0.466318 0.770237 0.45852 0.770204 0.501348 0.770478 0.479007 0.770351 0.391585 0.770276 0.369043 0.770177 0.45852 0.814488 0.466318 0.81452 0.469063 0.817744 0.455774 0.817689 0.391505 0.814564 0.368962 0.814465 0.501253 0.814766 0.478912 0.814638 0.368376 0.81771 0.390918 0.817809 0.390834 0.864163 0.368291 0.864064 0.500559 0.818015 0.478218 0.817888 0.73613 0.779102 0.749469 0.779112 0.749469 0.732755 0.73613 0.732745 0.73983 0.716913 0.745769 0.716917 0.500459 0.864367 0.478119 0.86424 0.469063 0.864093 0.455774 0.864038 0.990581 0.327669 0.996634 0.327669 0.996634 0.350692 0.990581 0.350692 0.465377 0.879909 0.459461 0.879885 0.391585 0.879953 0.369043 0.879854 0.501348 0.880151 0.479007 0.880024 0.97879 0.8241 0.97879 0.846522 0.972002 0.846088 0.972002 0.823666 0.316763 0.9579 0.316763 0.980838 0.311001 0.980847 0.311001 0.957909 0.303908 0.980847 0.303908 0.957909 0.298193 0.980838 0.298193 0.9579 0.985494 0.795217 0.985494 0.817724 0.97874 0.817305 0.97874 0.794799 0.972002 0.817733 0.972002 0.795227 0.536258 0.980222 0.536258 0.957284 0.542042 0.957296 0.542042 0.980234 0.549135 0.957296 0.549135 0.980233 0.759652 0.953684 0.755594 0.947887 0.755594 0.940827 0.759652 0.935201 0.766219 0.933157 0.772785 0.935476 0.776843 0.941273 0.776843 0.948333 0.772785 0.953959 0.766219 0.956003 0.554827 0.957284 0.554827 0.980221 0.985492 0.82361 0.985492 0.846032 0.382656 0.50758 0.375911 0.505455 0.371742 0.499855 0.371742 0.49292 0.375911 0.487299 0.382656 0.485139 0.389402 0.487264 0.393571 0.492864 0.393571 0.499799 0.389402 0.50542 0.181922 0.846359 0.181922 0.896448 0.162062 0.89649 0.162062 0.846401 0.902968 0.652234 0.902968 0.702319 0.89209 0.702398 0.89209 0.652314 0.0801153 0.855811 0.0802897 0.905891 0.0602218 0.906178 0.0600474 0.856098 0.902728 0.846882 0.902728 0.896967 0.892077 0.897041 0.892077 0.846956 0.893936 0.844189 0.900869 0.844141 0.991091 0.488688 0.978835 0.488689 0.978835 0.465664 0.991091 0.465664 0.893936 0.7999 0.900869 0.799852 0.893988 0.649547 0.901069 0.649495 0.163147 0.843653 0.183006 0.843612 0.0610888 0.853377 0.0811568 0.85309 0.901069 0.605207 0.893988 0.605259 0.891496 0.602065 0.903562 0.601977 0.0609347 0.809093 0.0810026 0.808807 0.163147 0.799362 0.183006 0.79932 0.0796117 0.805552 0.0595437 0.805839 0.0592912 0.733311 0.0793592 0.733024 0.112347 0.885853 0.112347 0.908877 0.109557 0.908884 0.109557 0.885859 0.891496 0.796705 0.90331 0.796623 0.90331 0.724086 0.891496 0.724168 0.894773 0.708312 0.900033 0.708275 0.249245 0.887706 0.229391 0.888176 0.227822 0.815652 0.247675 0.815181 0.892898 0.788089 0.901908 0.788026 0.891496 0.52953 0.903562 0.529442 0.175396 0.902366 0.181449 0.902367 0.181449 0.925391 0.175396 0.925391 0.894843 0.513672 0.900215 0.513633 0.0610888 0.717535 0.0811568 0.717249 0.229391 0.799791 0.249245 0.79932 0.979926 0.358649 0.979926 0.379007 0.973146 0.379967 0.973146 0.359608 0.641163 0.975087 0.641163 0.95215 0.646911 0.952127 0.646911 0.975064 0.654004 0.952127 0.654004 0.975064 0.659733 0.95215 0.659733 0.975087 0.922681 0.974272 0.922681 0.994205 0.915905 0.995242 0.915905 0.975309 0.909191 0.994112 0.909191 0.974178 0.453532 0.970377 0.453532 0.94744 0.459292 0.947483 0.459292 0.970419 0.466385 0.947482 0.466385 0.970419 0.202478 0.947924 0.202478 0.954921 0.198837 0.960907 0.192947 0.963595 0.187056 0.961959 0.183416 0.956623 0.183416 0.949627 0.187056 0.943641 0.192947 0.940953 0.198837 0.942589 0.472102 0.947439 0.472102 0.970376 0.986636 0.359707 0.986636 0.380065 0.0505705 0.954225 0.0468861 0.960207 0.0409246 0.962902 0.0349631 0.96128 0.0312787 0.955961 0.0312787 0.948976 0.0349631 0.942993 0.0409246 0.940298 0.0468861 0.941921 0.0505705 0.94724 0.169515 0.902366 0.169515 0.957694 0.162062 0.957709 0.162062 0.902382 0.901908 0.732702 0.892898 0.732765 0.455774 0.885849 0.464785 0.885786 0.464785 0.94111 0.455774 0.941172 0.820481 0.991091 0.820481 0.98073 0.829127 0.98073 0.829127 0.99109 0.940999 0.492214 0.940999 0.436896 0.948531 0.436815 0.948531 0.492132 0.94642 0.987495 0.94642 0.977134 0.955067 0.977134 0.955067 0.987495 0.112342 0.829891 0.112342 0.879976 0.0963349 0.879742 0.0963349 0.829658 0.0875191 0.879862 0.087519 0.829778 0.0870378 0.935938 0.0870378 0.885853 0.103676 0.886047 0.103676 0.936132 0.93223 0.318463 0.93223 0.268374 0.941199 0.268403 0.941199 0.318492 0.939634 0.321241 0.933795 0.321222 0.989851 0.0837661 0.977594 0.0837663 0.977594 0.0607419 0.989851 0.0607416 0.939634 0.365533 0.933795 0.365513 0.0890577 0.827003 0.0947962 0.826925 0.585089 0.909108 0.585089 0.886084 0.587251 0.886062 0.587251 0.909086 0.813781 0.886457 0.813781 0.909481 0.811665 0.909459 0.811665 0.886435 0.0947962 0.782638 0.0890577 0.782716 0.0870378 0.779531 0.0968161 0.779397 0.610102 0.930448 0.593465 0.930254 0.593465 0.885966 0.610102 0.88616 0.110803 0.827159 0.110803 0.782871 0.341059 0.885826 0.357674 0.886716 0.35573 0.933029 0.339115 0.932139 0.811665 0.880546 0.811665 0.857522 0.814488 0.857533 0.814488 0.880558 0.896727 0.246857 0.896727 0.223833 0.89952 0.223821 0.89952 0.246846 0.941689 0.368752 0.93174 0.368719 0.93174 0.415076 0.941689 0.415109 0.938929 0.430935 0.9345 0.43092 0.112823 0.779631 0.0968161 0.733045 0.112823 0.733279 0.0870378 0.733178 0.207606 0.992496 0.201554 0.992495 0.201554 0.969472 0.207606 0.969472 0.0897501 0.717308 0.0941037 0.717249 0.357674 0.948925 0.341059 0.948035 0.110111 0.717482 0.933642 0.990721 0.933642 0.97422 0.940444 0.975616 0.940444 0.992117 0.236066 0.953153 0.236066 0.976091 0.230312 0.97611 0.230312 0.953173 0.223219 0.97611 0.223219 0.953173 0.217496 0.97609 0.217496 0.953153 0.344188 0.330577 0.344188 0.313791 0.350944 0.315262 0.350944 0.332047 0.357679 0.313747 0.357679 0.330532 0.972981 0.436849 0.972981 0.459786 0.96721 0.459752 0.96721 0.436815 0.960117 0.459752 0.960117 0.436815 0.497782 0.897692 0.492372 0.90203 0.485663 0.903615 0.480219 0.901841 0.478119 0.897386 0.480164 0.891951 0.485575 0.887613 0.492283 0.886028 0.497727 0.887802 0.499828 0.892257 0.954412 0.459787 0.954412 0.43685 0.493119 0.918337 0.499828 0.916752 0.749713 0.975093 0.746639 0.981278 0.741666 0.984344 0.736692 0.98312 0.733618 0.978073 0.733618 0.971131 0.736692 0.964946 0.741666 0.96188 0.746639 0.963104 0.749713 0.968151 0.70898 0.767002 0.709149 0.716913 0.729409 0.717021 0.72924 0.767109 0.0528396 0.855524 0.0528396 0.905608 0.042386 0.905518 0.042386 0.855434 0.680141 0.766993 0.680316 0.716913 0.700372 0.7172 0.700197 0.76728 0.0248139 0.855515 0.0248139 0.9056 0.01412 0.905527 0.01412 0.855442 0.0159865 0.852701 0.0229475 0.852748 0.989851 0.0259631 0.977594 0.0259629 0.977594 0.00293844 0.989851 0.00293865 0.0159865 0.808412 0.0229475 0.80846 0.0442105 0.852696 0.0510151 0.852755 0.730249 0.76986 0.709989 0.769752 0.70124 0.770002 0.681184 0.769714 0.0510151 0.808467 0.0442105 0.808409 0.0418154 0.805175 0.0534102 0.805276 0.701085 0.814285 0.681029 0.813998 0.730099 0.814151 0.709839 0.814044 0.699691 0.817539 0.699439 0.889654 0.69111 0.877148 0.691274 0.830241 0.679635 0.817252 0.728751 0.817368 0.708491 0.817261 0.0135363 0.805183 0.0253976 0.805264 0.0253977 0.733141 0.0135363 0.73306 0.0168265 0.717249 0.0221075 0.717285 0.728507 0.889496 0.720299 0.876886 0.720458 0.829971 0.0418154 0.733054 0.0534102 0.733154 0.933642 0.945319 0.939694 0.945318 0.939694 0.968342 0.933642 0.968343 0.0450316 0.717249 0.050194 0.717293 0.679383 0.889367 0.70124 0.905429 0.681184 0.905142 0.708247 0.889388 0.730249 0.905325 0.709989 0.905217 0.460313 0.977497 0.460313 0.997062 0.453532 0.995977 0.453532 0.976412 0.357685 0.954802 0.357685 0.97774 0.351962 0.977759 0.351962 0.954822 0.344869 0.977759 0.344869 0.954822 0.339115 0.97774 0.339115 0.954802 0.100528 0.971607 0.100528 0.991621 0.0937525 0.990597 0.0937525 0.970583 0.0870378 0.991713 0.0870378 0.971699 0.386861 0.947626 0.386861 0.970562 0.381148 0.970521 0.381148 0.947585 0.374055 0.970521 0.374055 0.947584 0.696308 0.944287 0.698248 0.951028 0.696334 0.957769 0.691296 0.961935 0.685059 0.961935 0.680005 0.957769 0.678065 0.951028 0.679979 0.944287 0.685017 0.940121 0.691254 0.940121 0.368291 0.970561 0.368291 0.947625 0.467022 0.976296 0.467022 0.99586 0.0761387 0.943694 0.0801158 0.949438 0.0801158 0.955905 0.0761387 0.960625 0.0697035 0.961795 0.0632683 0.958969 0.0592912 0.953225 0.0592912 0.946758 0.0632683 0.942038 0.0697035 0.940868 0.678229 0.830054 0.678065 0.876961 0.70728 0.829901 0.707121 0.876816 0.00294051 0.792561 0.00294052 0.745649 0.0312787 0.792546 0.0312787 0.745635 0.339427 0.767451 0.339518 0.717362 0.362066 0.71742 0.361975 0.767509 0.921933 0.626105 0.921934 0.67619 0.910089 0.676145 0.910089 0.626061 0.426963 0.767442 0.427061 0.717362 0.449519 0.717505 0.449421 0.767585 0.919878 0.115405 0.919878 0.165491 0.90792 0.165458 0.90792 0.115372 0.910007 0.112624 0.917791 0.112646 0.991119 0.459787 0.978862 0.459787 0.978862 0.436762 0.991119 0.436762 0.910007 0.0683359 0.917791 0.0683573 0.912156 0.623315 0.919866 0.623344 0.36241 0.770256 0.339862 0.770198 0.449893 0.770299 0.427436 0.770157 0.919866 0.579057 0.912156 0.579028 0.909443 0.575805 0.92258 0.575854 0.449807 0.814583 0.427349 0.81444 0.36233 0.814547 0.339782 0.81449 0.426715 0.817704 0.449172 0.817846 0.449082 0.864195 0.426624 0.864052 0.361747 0.817769 0.339199 0.817711 0.907268 0.0651158 0.920531 0.0651522 0.920531 0.0187984 0.907268 0.018762 0.910946 0.00293844 0.916852 0.00295462 0.361663 0.864126 0.339115 0.864068 0.909443 0.529452 0.92258 0.529502 0.665614 0.952127 0.671667 0.952127 0.671667 0.975152 0.665614 0.975152 0.913087 0.513633 0.918936 0.513655 0.449893 0.879958 0.427436 0.879815 0.36241 0.879949 0.339862 0.879891 0.979124 0.218441 0.979124 0.196275 0.985901 0.196813 0.985901 0.218979 0.86192 0.975558 0.86192 0.95262 0.86765 0.952597 0.86765 0.975534 0.874743 0.952597 0.874743 0.975534 0.88049 0.95262 0.88049 0.975557 0.972002 0.961306 0.972002 0.938928 0.978775 0.93939 0.978775 0.961768 0.985493 0.938891 0.985493 0.961269 0.429081 0.970376 0.429081 0.947439 0.434807 0.947486 0.434807 0.970422 0.4419 0.947486 0.4419 0.970422 0.355024 0.485139 0.361722 0.487434 0.365861 0.49317 0.365861 0.500157 0.361722 0.505725 0.355024 0.507748 0.348327 0.505453 0.344188 0.499717 0.344188 0.49273 0.348327 0.487162 0.447651 0.94744 0.447651 0.970376 0.97241 0.21903 0.97241 0.196863 0.783597 0.947723 0.783597 0.940662 0.787675 0.935025 0.794275 0.932965 0.800874 0.935269 0.804953 0.941057 0.804953 0.948118 0.800874 0.953755 0.794275 0.955815 0.787675 0.953511 0.420279 0.829769 0.420376 0.879854 0.397895 0.879959 0.397799 0.829873 0.921761 0.820722 0.921761 0.870811 0.909841 0.870822 0.909841 0.820733 0.141639 0.829646 0.141718 0.87973 0.119059 0.879825 0.118979 0.82974 0.606088 0.829958 0.606088 0.880038 0.594118 0.880089 0.594118 0.830009 0.596207 0.827247 0.603999 0.827214 0.183416 0.969472 0.195673 0.969472 0.195673 0.992496 0.183416 0.992496 0.596207 0.782963 0.603999 0.78293 0.911922 0.817977 0.919681 0.81797 0.398262 0.827144 0.420743 0.82704 0.119362 0.827016 0.142022 0.826921 0.919681 0.773679 0.911922 0.773686 0.909191 0.770475 0.922412 0.770464 0.119292 0.782729 0.141951 0.782634 0.398177 0.782856 0.420658 0.782751 0.141438 0.779383 0.118778 0.779478 0.118704 0.733125 0.141364 0.733031 0.397555 0.779611 0.420036 0.779506 0.593465 0.779762 0.606741 0.779706 0.606741 0.733358 0.593465 0.733414 0.597147 0.717566 0.603058 0.717541 0.397466 0.733257 0.419947 0.733153 0.909191 0.724118 0.922412 0.724107 0.990621 0.296655 0.996674 0.296655 0.996674 0.319678 0.990621 0.319678 0.912858 0.70828 0.918744 0.708275 0.119362 0.717343 0.142022 0.717249 0.398262 0.717467 0.420743 0.717362 0.979148 0.190398 0.979148 0.168091 0.985902 0.167587 0.985902 0.189894 0.802167 0.961692 0.802167 0.98463 0.796453 0.984632 0.796453 0.961694 0.78936 0.984632 0.78936 0.961694 0.783597 0.98463 0.783597 0.961692 0.985492 0.91017 0.985492 0.932571 0.978704 0.933014 0.978704 0.910613 0.972002 0.932514 0.972002 0.910114 0.565158 0.982296 0.565158 0.959358 0.570849 0.959367 0.570849 0.982304 0.577942 0.959367 0.577942 0.982305 0.410258 0.507742 0.403579 0.505422 0.399452 0.499672 0.399452 0.492687 0.403579 0.487136 0.410258 0.485139 0.416937 0.487458 0.421065 0.493209 0.421065 0.500194 0.416937 0.505745 0.583727 0.959359 0.583727 0.982296 0.97241 0.189882 0.97241 0.167575 0.582694 0.933044 0.586833 0.938792 0.586833 0.945812 0.582694 0.951423 0.575996 0.953481 0.569297 0.951201 0.565158 0.945453 0.565158 0.938433 0.569297 0.932822 0.575996 0.930764 0.216085 0.639585 0.194467 0.666638 0.682833 0.338306 0.682833 0.50771 0.22935 0.551641 0.216085 0.559294 0.194467 0.532156 0.216685 0.519337 0.199021 0.584304 0.165886 0.574046 0.640714 0.172412 0.620595 0.172469 0.620595 0.00303486 0.640714 0.00297805 0.240581 0.141832 0.233019 0.117334 0.29251 0.0886901 0.305894 0.13205 0.22935 0.647238 0.216685 0.679456 0.563655 0.507363 0.538041 0.507342 0.538041 0.337924 0.563655 0.337945 0.205667 0.570514 0.177017 0.550949 0.338307 0.507756 0.338307 0.338334 0.298935 0.591787 0.333234 0.586579 0.271608 0.507347 0.271608 0.337924 0.513137 0.507429 0.513137 0.338011 0.805531 0.883398 0.783597 0.883439 0.273816 0.643909 0.285791 0.634365 0.31122 0.657895 0.291162 0.67388 0.292185 0.920145 0.292312 0.93155 0.270376 0.931555 0.270249 0.92015 0.77753 0.884007 0.77753 0.899289 0.755594 0.899306 0.755594 0.884024 0.666563 0.876573 0.644625 0.876568 0.491155 0.507616 0.491155 0.338198 0.608047 0.50771 0.587703 0.507489 0.587703 0.338071 0.608047 0.338291 0.292312 0.85127 0.270376 0.851275 0.883856 0.435718 0.883904 0.391519 0.90705 0.391525 0.907002 0.435724 0.0843661 0.1062 0.0732349 0.129298 0.00970797 0.109865 0.0294091 0.0689839 0.149045 0.0688838 0.124033 0.0745883 0.0996164 0.0130348 0.143884 0.00293844 0.218567 0.0961512 0.198509 0.0801665 0.231432 0.0229078 0.266932 0.0511991 0.174628 0.0707999 0.189164 0.00632985 0.101816 0.0874065 0.0602933 0.0357219 0.218567 0.213149 0.233019 0.191967 0.29251 0.220784 0.266932 0.258274 0.124034 0.23471 0.149045 0.240415 0.143885 0.306532 0.0996166 0.296434 0.198509 0.229133 0.231432 0.286565 0.174628 0.238499 0.189164 0.303142 0.240581 0.167469 0.305894 0.177425 0.073235 0.179999 0.0843662 0.203097 0.0294092 0.240484 0.00970802 0.199602 0.0694113 0.154648 0.00294051 0.154734 0.101816 0.221891 0.0602934 0.273746 0.408446 0.296434 0.369125 0.273746 0.338242 0.240483 0.318542 0.199601 0.311775 0.154732 0.318542 0.109864 0.338242 0.0689829 0.369125 0.0357212 0.408446 0.0130345 0.452712 0.00293844 0.497989 0.00633026 0.540255 0.0229086 0.575754 0.0512002 0.601331 0.0886915 0.614714 0.132051 0.614714 0.177426 0.601331 0.220785 0.575754 0.258275 0.540255 0.286566 0.49799 0.303142 0.452712 0.306532 0.877267 0.431323 0.877507 0.472551 0.854362 0.472556 0.854122 0.431328 0.885253 0.681497 0.885615 0.720376 0.862471 0.720394 0.862109 0.681515 0.883904 0.346258 0.883856 0.303957 0.907002 0.303963 0.90705 0.346264 0.883764 0.474928 0.906911 0.474933 0.883093 0.0377838 0.882836 0.0796477 0.859693 0.0796908 0.859951 0.0378268 0.885064 0.592147 0.885064 0.637449 0.86192 0.637468 0.86192 0.592165 0.877883 0.268374 0.877507 0.301078 0.854362 0.301083 0.854739 0.268379 0.877267 0.3416 0.854122 0.341605 0.882836 0.124811 0.859693 0.124854 0.885253 0.549615 0.862109 0.549633 0.877184 0.38634 0.854039 0.386345 0.883093 0.169259 0.883586 0.209045 0.860444 0.209088 0.859951 0.169302 0.883764 0.268374 0.906911 0.268379 0.877883 0.50636 0.854739 0.506366 0.885615 0.513633 0.862471 0.513651 0.883586 0.00293844 0.860444 0.00298148 </float_array>
          <technique_common>
            <accessor count="2836" offset="0" source="#meshId0-tex0-array" stride="2">
              <param name="S" type="float" />
              <param name="T" type="float" />
            </accessor>
          </technique_common>
        </source>
        <vertices id="meshId0-vertices">
          <input semantic="POSITION" source="#meshId0-positions" />
          <input semantic="NORMAL" source="#meshId0-normals" />
          <input semantic="TANGENT" source="#meshId0-tangents" />
          <input semantic="BINORMAL" source="#meshId0-bitangents" />
          <input semantic="TEXCOORD" source="#meshId0-tex0"  />
        </vertices>
        <polylist count="2438" material="defaultMaterial">
          <input offset="0" semantic="VERTEX" source="#meshId0-vertices" />
          <vcount>3 3 3 3 3 3 3 3 3 3 3 3 3 3 3 3 3 3 3 3 3 3 3 3 3 3 3 3 3 3 3 3 3 3 3 3 3 3 3 3 3 3 3 3 3 3 3 3 3 3 3 3 3 3 3 3 3 3 3 3 3 3 3 3 3 3 3 3 3 3 3 3 3 3 3 3 3 3 3 3 3 3 3 3 3 3 3 3 3 3 3 3 3 3 3 3 3 3 3 3 3 3 3 3 3 3 3 3 3 3 3 3 3 3 3 3 3 3 3 3 3 3 3 3 3 3 3 3 3 3 3 3 3 3 3 3 3 3 3 3 3 3 3 3 3 3 3 3 3 3 3 3 3 3 3 3 3 3 3 3 3 3 3 3 3 3 3 3 3 3 3 3 3 3 3 3 3 3 3 3 3 3 3 3 3 3 3 3 3 3 3 3 3 3 3 3 3 3 3 3 3 3 3 3 3 3 3 3 3 3 3 3 3 3 3 3 3 3 3 3 3 3 3 3 3 3 3 3 3 3 3 3 3 3 3 3 3 3 3 3 3 3 3 3 3 3 3 3 3 3 3 3 3 3 3 3 3 3 3 3 3 3 3 3 3 3 3 3 3 3 3 3 3 3 3 3 3 3 3 3 3 3 3 3 3 3 3 3 3 3 3 3 3 3 3 3 3 3 3 3 3 3 3 3 3 3 3 3 3 3 3 3 3 3 3 3 3 3 3 3 3 3 3 3 3 3 3 3 3 3 3 3 3 3 3 3 3 3 3 3 3 3 3 3 3 3 3 3 3 3 3 3 3 3 3 3 3 3 3 3 3 3 3 3 3 3 3 3 3 3 3 3 3 3 3 3 3 3 3 3 3 3 3 3 3 3 3 3 3 3 3 3 3 3 3 3 3 3 3 3 3 3 3 3 3 3 3 3 3 3 3 3 3 3 3 3 3 3 3 3 3 3 3 3 3 3 3 3 3 3 3 3 3 3 3 3 3 3 3 3 3 3 3 3 3 3 3 3 3 3 3 3 3 3 3 3 3 3 3 3 3 3 3 3 3 3 3 3 3 3 3 3 3 3 3 3 3 3 3 3 3 3 3 3 3 3 3 3 3 3 3 3 3 3 3 3 3 3 3 3 3 3 3 3 3 3 3 3 3 3 3 3 3 3 3 3 3 3 3 3 3 3 3 3 3 3 3 3 3 3 3 3 3 3 3 3 3 3 3 3 3 3 3 3 3 3 3 3 3 3 3 3 3 3 3 3 3 3 3 3 3 3 3 3 3 3 3 3 3 3 3 3 3 3 3 3 3 3 3 3 3 3 3 3 3 3 3 3 3 3 3 3 3 3 3 3 3 3 3 3 3 3 3 3 3 3 3 3 3 3 3 3 3 3 3 3 3 3 3 3 3 3 3 3 3 3 3 3 3 3 3 3 3 3 3 3 3 3 3 3 3 3 3 3 3 3 3 3 3 3 3 3 3 3 3 3 3 3 3 3 3 3 3 3 3 3 3 3 3 3 3 3 3 3 3 3 3 3 3 3 3 3 3 3 3 3 3 3 3 3 3 3 3 3 3 3 3 3 3 3 3 3 3 3 3 3 3 3 3 3 3 3 3 3 3 3 3 3 3 3 3 3 3 3 3 3 3 3 3 3 3 3 3 3 3 3 3 3 3 3 3 3 3 3 3 3 3 3 3 3 3 3 3 3 3 3 3 3 3 3 3 3 3 3 3 3 3 3 3 3 3 3 3 3 3 3 3 3 3 3 3 3 3 3 3 3 3 3 3 3 3 3 3 3 3 3 3 3 3 3 3 3 3 3 3 3 3 3 3 3 3 3 3 3 3 3 3 3 3 3 3 3 3 3 3 3 3 3 3 3 3 3 3 3 3 3 3 3 3 3 3 3 3 3 3 3 3 3 3 3 3 3 3 3 3 3 3 3 3 3 3 3 3 3 3 3 3 3 3 3 3 3 3 3 3 3 3 3 3 3 3 3 3 3 3 3 3 3 3 3 3 3 3 3 3 3 3 3 3 3 3 3 3 3 3 3 3 3 3 3 3 3 3 3 3 3 3 3 3 3 3 3 3 3 3 3 3 3 3 3 3 3 3 3 3 3 3 3 3 3 3 3 3 3 3 3 3 3 3 3 3 3 3 3 3 3 3 3 3 3 3 3 3 3 3 3 3 3 3 3 3 3 3 3 3 3 3 3 3 3 3 3 3 3 3 3 3 3 3 3 3 3 3 3 3 3 3 3 3 3 3 3 3 3 3 3 3 3 3 3 3 3 3 3 3 3 3 3 3 3 3 3 3 3 3 3 3 3 3 3 3 3 3 3 3 3 3 3 3 3 3 3 3 3 3 3 3 3 3 3 3 3 3 3 3 3 3 3 3 3 3 3 3 3 3 3 3 3 3 3 3 3 3 3 3 3 3 3 3 3 3 3 3 3 3 3 3 3 3 3 3 3 3 3 3 3 3 3 3 3 3 3 3 3 3 3 3 3 3 3 3 3 3 3 3 3 3 3 3 3 3 3 3 3 3 3 3 3 3 3 3 3 3 3 3 3 3 3 3 3 3 3 3 3 3 3 3 3 3 3 3 3 3 3 3 3 3 3 3 3 3 3 3 3 3 3 3 3 3 3 3 3 3 3 3 3 3 3 3 3 3 3 3 3 3 3 3 3 3 3 3 3 3 3 3 3 3 3 3 3 3 3 3 3 3 3 3 3 3 3 3 3 3 3 3 3 3 3 3 3 3 3 3 3 3 3 3 3 3 3 3 3 3 3 3 3 3 3 3 3 3 3 3 3 3 3 3 3 3 3 3 3 3 3 3 3 3 3 3 3 3 3 3 3 3 3 3 3 3 3 3 3 3 3 3 3 3 3 3 3 3 3 3 3 3 3 3 3 3 3 3 3 3 3 3 3 3 3 3 3 3 3 3 3 3 3 3 3 3 3 3 3 3 3 3 3 3 3 3 3 3 3 3 3 3 3 3 3 3 3 3 3 3 3 3 3 3 3 3 3 3 3 3 3 3 3 3 3 3 3 3 3 3 3 3 3 3 3 3 3 3 3 3 3 3 3 3 3 3 3 3 3 3 3 3 3 3 3 3 3 3 3 3 3 3 3 3 3 3 3 3 3 3 3 3 3 3 3 3 3 3 3 3 3 3 3 3 3 3 3 3 3 3 3 3 3 3 3 3 3 3 3 3 3 3 3 3 3 3 3 3 3 3 3 3 3 3 3 3 3 3 3 3 3 3 3 3 3 3 3 3 3 3 3 3 3 3 3 3 3 3 3 3 3 3 3 3 3 3 3 3 3 3 3 3 3 3 3 3 3 3 3 3 3 3 3 3 3 3 3 3 3 3 3 3 3 3 3 3 3 3 3 3 3 3 3 3 3 3 3 3 3 3 3 3 3 3 3 3 3 3 3 3 3 3 3 3 3 3 3 3 3 3 3 3 3 3 3 3 3 3 3 3 3 3 3 3 3 3 3 3 3 3 3 3 3 3 3 3 3 3 3 3 3 3 3 3 3 3 3 3 3 3 3 3 3 3 3 3 3 3 3 3 3 3 3 3 3 3 3 3 3 3 3 3 3 3 3 3 3 3 3 3 3 3 3 3 3 3 3 3 3 3 3 3 3 3 3 3 3 3 3 3 3 3 3 3 3 3 3 3 3 3 3 3 3 3 3 3 3 3 3 3 3 3 3 3 3 3 3 3 3 3 3 3 3 3 3 3 3 3 3 3 3 3 3 3 3 3 3 3 3 3 3 3 3 3 3 3 3 3 3 3 3 3 3 3 3 3 3 3 3 3 3 3 3 3 3 3 3 3 3 3 3 3 3 3 3 3 3 3 3 3 3 3 3 3 3 3 3 3 3 3 3 3 3 3 3 3 3 3 3 3 3 3 3 3 3 3 3 3 3 3 3 3 3 3 3 3 3 3 3 3 3 3 3 3 3 3 3 3 3 3 3 3 3 3 3 3 3 3 3 3 3 3 3 3 3 3 3 3 3 3 3 3 3 3 3 3 3 3 3 3 3 3 3 3 3 3 3 3 3 3 3 3 3 3 3 3 3 3 3 3 3 3 3 3 3 3 3 3 3 3 3 3 3 3 3 3 3 3 3 3 3 3 3 3 3 3 3 3 3 3 3 3 3 3 3 3 3 3 3 3 3 3 3 3 3 3 3 3 3 3 3 3 3 3 3 3 3 3 3 3 3 3 3 3 3 3 3 3 3 3 3 3 3 3 3 3 3 3 3 3 3 3 3 3 3 3 3 3 3 3 3 3 3 3 3 3 3 3 3 3 3 3 3 3 3 3 3 3 3 3 3 3 3 3 3 3 3 3 3 3 3 3 3 3 3 3 3 3 3 3 3 3 3 3 3 3 3 3 3 3 3 3 3 3 3 3 3 3 3 3 3 3 3 3 3 3 3 3 3 3 3 3 3 3 3 3 3 3 3 3 3 3 3 3 3 3 3 3 3 3 3 3 3 3 3 3 3 3 3 3 3 3 3 3 3 3 3 3 3 3 3 3 3 3 3 3 3 3 3 3 3 3 3 3 3 3 3 3 3 3 3 3 3 3 3 3 3 3 3 3 3 3 3 3 3 3 3 3 3 3 3 3 3 3 3 3 3 3 3 3 3 3 3 3 3 3 3 3 3 3 3 3 3 3 3 3 3 3 3 3 3 3 3 3 3 3 3 3 3 3 3 3 3 3 3 3 3 3 3 3 3 3 3 3 3 3 3 3 3 3 3 3 3 3 3 3 3 3 3 3 3 3 3 3 3 3 3 3 3 3 3 3 3 3 3 3 3 3 3 3 3 3 3 3 3 3 3 3 3 3 3 3 3 3 3 3 3 3 3 3 3 3 3 3 3 3 3 3 3 3 3 3 3 3 3 3 3 3 3 3 3 3 3 3 3 3 3 3 3 3 3 3 3 3 3 3 3 3 3 3 3 3 3 3 3 3 3 3 3 3 3 3 3 3 3 3 3 3 3 3 3 3 3 3 3 3 3 3 3 3 3 3 3 3 3 3 3 3 3 3 3 3 3 3 3 3 3 3 3 3 3 3 3 3 3 3 3 3 3 3 3 3 3 3 3 3 3 3 3 3 3 3 3 3 3 3 3 3 3 3 3 3 3 3 3 3 3 3 3 3 3 3 3 3 3 3 3 3 3 3 3 3 3 3 3 3 3 3 3 3 3 3 3 3 3 3 3 3 3 3 3 3 3 3 3 3 3 3 3 3 3 3 3 3 3 3 3 3 3 3 3 3 3 3 3 3 3 3 3 3 3 3 3 3 3 3 3 3 3 3 3 3 3 3 3 3 3 3 3 3 3 3 3 3 3 3 3 3 3 3 3 3 3 3 3 3 3 3 3 3 3 3 3 3 3 3 3 3 3 3 3 3 3 3 3 3 3 3 3 3 3 3 3 3 3 3 3 3 3 3 3 3 3 3 3 3 3 3 3 3 3 3 3 3 3 </vcount>
          <p>3 0 1 1 2 3 5 3 2 2 4 5 7 5 4 4 6 7 11 8 9 9 10 11 13 11 10 10 12 13 17 14 15 15 16 17 19 17 16 16 18 19 21 19 18 18 20 21 31 22 23 31 23 24 31 24 25 31 25 26 31 26 27 31 27 28 31 28 29 29 30 31 35 32 33 33 34 35 37 35 34 34 36 37 47 38 39 47 39 40 47 40 41 47 41 42 47 42 43 47 43 44 47 44 45 45 46 47 51 48 49 49 50 51 55 52 53 53 54 55 59 56 57 57 58 59 63 60 61 61 62 63 67 64 65 65 66 67 71 68 69 69 70 71 75 72 73 73 74 75 77 76 72 72 75 77 79 78 76 76 77 79 80 81 82 84 83 80 80 82 84 86 85 83 83 84 86 88 87 85 85 86 88 90 89 87 87 88 90 94 91 92 92 93 94 96 95 91 91 94 96 98 97 95 95 96 98 100 99 97 97 98 100 82 81 101 102 84 82 82 101 102 103 86 84 84 102 103 104 88 86 86 103 104 101 81 105 106 102 101 101 105 106 107 103 102 102 106 107 108 104 103 103 107 108 110 94 93 93 109 110 111 96 94 94 110 111 112 98 96 96 111 112 113 100 98 98 112 113 115 110 109 109 114 115 116 111 110 110 115 116 117 112 111 111 116 117 118 113 112 112 117 118 105 81 119 120 106 105 105 119 120 121 107 106 106 120 121 122 108 107 107 121 122 124 120 119 119 123 124 125 121 120 120 124 125 126 122 121 121 125 126 128 115 114 114 127 128 129 116 115 115 128 129 130 117 116 116 129 130 131 118 117 117 130 131 119 81 123 133 129 128 128 132 133 134 130 129 129 133 134 135 131 130 130 134 135 123 81 136 137 124 123 123 136 137 138 125 124 124 137 138 139 126 125 125 138 139 141 140 126 126 139 141 143 137 136 136 142 143 144 138 137 137 143 144 145 139 138 138 144 145 146 141 139 139 145 146 150 147 148 148 149 150 152 151 147 147 150 152 154 153 151 151 152 154 136 81 142 156 150 149 149 155 156 157 152 150 150 156 157 158 154 152 152 157 158 142 81 159 160 143 142 142 159 160 161 144 143 143 160 161 162 145 144 144 161 162 155 149 163 163 164 155 166 161 160 160 165 166 167 162 161 161 166 167 169 155 164 164 168 169 170 156 155 155 169 170 171 157 156 156 170 171 172 158 157 157 171 172 159 81 173 165 160 159 159 173 165 175 171 170 170 174 175 176 172 171 171 175 176 173 81 177 178 165 173 173 177 178 179 166 165 165 178 179 180 167 166 166 179 180 182 169 168 168 181 182 174 170 169 169 182 174 184 180 179 179 183 184 186 182 181 181 185 186 187 174 182 182 186 187 188 175 174 174 187 188 189 176 175 175 188 189 177 81 190 191 178 177 177 190 191 183 179 178 178 191 183 195 192 193 193 194 195 190 81 196 197 191 190 190 196 197 198 183 191 191 197 198 199 184 183 183 198 199 201 200 184 184 199 201 205 202 203 203 204 205 194 193 202 202 205 194 207 199 198 198 206 207 210 204 208 208 209 210 211 205 204 204 210 211 212 194 205 205 211 212 213 195 194 194 212 213 196 81 214 215 197 196 196 214 215 206 198 197 197 215 206 217 213 212 212 216 217 214 81 218 219 215 214 214 218 219 220 206 215 215 219 220 221 207 206 206 220 221 223 210 209 209 222 223 224 211 210 210 223 224 216 212 211 211 224 216 226 223 222 222 225 226 227 224 223 223 226 227 228 216 224 224 227 228 229 217 216 216 228 229 218 81 230 231 219 218 218 230 231 232 220 219 219 231 232 233 221 220 220 232 233 230 81 234 235 231 230 230 234 235 236 232 231 231 235 236 237 233 232 232 236 237 239 226 225 225 238 239 240 227 226 226 239 240 241 228 227 227 240 241 242 229 228 228 241 242 245 243 237 237 244 245 249 246 247 247 248 249 251 250 246 246 249 251 253 252 250 250 251 253 234 81 254 255 235 234 234 254 255 256 236 235 235 255 256 244 237 236 236 256 244 258 255 254 254 257 258 259 256 255 255 258 259 261 131 135 135 260 261 262 244 256 256 259 262 264 195 213 213 263 264 267 248 265 265 266 267 268 192 195 195 264 268 269 249 248 248 267 269 272 270 78 78 271 272 273 251 249 249 269 273 275 153 154 154 274 275 276 253 251 251 273 276 254 81 257 278 217 229 229 277 278 280 269 267 267 279 280 282 158 172 172 281 282 283 273 269 269 280 283 263 213 217 217 278 263 284 276 273 273 283 284 257 81 285 286 284 270 270 272 286 287 258 257 257 285 287 277 229 242 242 288 277 289 259 258 258 287 289 274 154 158 158 282 274 290 262 259 259 289 290 292 100 113 113 291 292 279 267 266 266 293 279 281 172 176 176 294 281 296 289 287 287 295 296 298 252 253 253 297 298 299 290 289 289 296 299 297 253 276 276 300 297 302 279 293 293 301 302 291 113 118 118 303 291 304 280 279 279 302 304 303 118 131 131 261 303 305 283 280 280 304 305 271 78 79 79 306 271 270 284 283 283 305 270 285 81 307 308 99 100 100 292 308 295 287 285 285 307 295 294 176 189 189 309 294 76 305 304 304 72 76 300 276 284 284 286 300 78 270 305 305 76 78 307 81 80 83 295 307 307 80 83 85 296 295 295 83 85 87 299 296 296 85 87 73 302 301 301 310 73 72 304 302 302 73 72 314 311 312 312 313 314 318 315 316 316 317 318 322 319 320 320 321 322 324 323 319 319 322 324 328 325 326 326 327 328 330 329 315 315 318 330 334 331 332 332 333 334 336 335 323 323 324 336 313 312 329 329 330 313 340 337 338 338 339 340 339 338 335 335 336 339 342 341 311 311 314 342 346 343 344 344 345 346 348 347 325 325 328 348 350 349 331 331 334 350 345 344 337 337 340 345 321 320 347 347 348 321 352 351 349 349 350 352 327 326 341 341 342 327 317 316 351 351 352 317 333 332 343 343 346 333 356 353 354 354 355 356 360 357 358 358 359 360 362 361 353 353 356 362 366 363 364 364 365 366 370 367 368 368 369 370 374 371 372 372 373 374 359 358 375 375 376 359 380 377 378 378 379 380 384 381 382 382 383 384 388 385 386 386 387 388 390 389 357 357 360 390 394 391 392 392 393 394 398 395 396 396 397 398 402 399 400 400 401 402 406 403 404 404 405 406 410 407 408 408 409 410 414 411 412 412 413 414 416 415 403 403 406 416 401 400 417 417 418 401 420 419 371 371 374 420 409 408 421 421 422 409 426 423 424 424 425 426 430 427 428 428 429 430 434 431 432 432 433 434 438 435 436 436 437 438 442 439 440 440 441 442 446 443 444 444 445 446 450 447 448 448 449 450 454 451 452 452 453 454 458 455 456 456 457 458 462 459 460 460 461 462 466 463 464 464 465 466 453 452 455 455 458 453 470 467 468 468 469 470 474 471 472 472 473 474 429 428 463 463 466 429 437 436 443 443 446 437 449 448 427 427 430 449 478 475 476 476 477 478 482 479 480 480 481 482 484 483 451 451 454 484 486 485 447 447 450 486 490 487 488 488 489 490 494 491 492 492 493 494 498 495 496 496 497 498 502 499 500 500 501 502 506 503 504 504 505 506 493 492 507 507 508 493 512 509 510 510 511 512 516 513 514 514 515 516 505 504 517 517 518 505 520 519 513 513 516 520 522 521 503 503 506 522 524 523 491 491 494 524 501 500 487 487 490 501 526 525 519 519 520 526 530 527 528 528 529 530 518 517 495 495 498 518 511 510 525 525 526 511 489 488 527 527 530 489 534 531 532 532 533 534 533 532 523 523 524 533 536 535 499 499 502 536 540 537 538 538 539 540 544 541 542 542 543 544 461 460 423 423 426 461 457 456 545 545 546 457 550 547 548 548 549 550 441 440 551 551 552 441 549 548 553 553 554 549 469 468 485 485 486 469 558 555 556 556 557 558 425 424 467 467 470 425 552 551 555 555 558 552 477 476 559 559 560 477 564 561 562 562 563 564 568 565 566 566 567 568 570 569 565 565 568 570 574 571 572 572 573 574 578 575 576 576 577 578 580 579 541 541 544 580 560 559 581 581 582 560 567 566 583 583 584 567 588 585 586 586 587 588 577 576 589 589 590 577 563 562 591 591 592 563 592 591 547 547 550 592 584 583 593 593 594 584 594 593 595 595 596 594 557 556 579 579 580 557 481 480 439 439 442 481 473 472 435 435 438 473 433 432 459 459 462 433 543 542 597 597 598 543 600 599 571 571 574 600 602 601 569 569 570 602 598 597 475 475 478 598 465 464 471 471 474 465 582 581 483 483 484 582 604 603 585 585 588 604 573 572 605 605 606 573 590 589 603 603 604 590 445 444 431 431 434 445 606 605 537 537 540 606 546 545 479 479 482 546 610 607 608 608 609 610 614 611 612 612 613 614 618 615 616 616 617 618 622 619 620 620 621 622 626 623 624 624 625 626 630 627 628 628 629 630 634 631 632 632 633 634 638 635 636 636 637 638 640 639 391 391 394 640 644 641 642 642 643 644 648 645 646 646 647 648 652 649 650 650 651 652 656 653 654 654 655 656 660 657 658 658 659 660 662 660 659 659 661 662 664 662 661 661 663 664 668 665 666 666 667 668 670 668 667 667 669 670 672 670 669 669 671 672 676 673 674 674 675 676 686 677 678 686 678 679 686 679 680 686 680 681 686 681 682 686 682 683 686 683 684 684 685 686 688 676 675 675 687 688 653 689 690 690 654 653 700 691 692 700 692 693 700 693 694 700 694 695 700 695 696 700 696 697 700 697 698 698 699 700 704 701 702 702 703 704 708 705 706 706 707 708 710 708 707 707 709 710 712 710 709 709 711 712 716 713 714 714 715 716 718 716 715 715 717 718 722 719 720 720 721 722 724 722 721 721 723 724 734 725 726 734 726 727 734 727 728 734 728 729 734 729 730 734 730 731 734 731 732 732 733 734 736 724 723 723 735 736 701 737 738 738 702 701 748 739 740 748 740 741 748 741 742 748 742 743 748 743 744 748 744 745 748 745 746 746 747 748 752 749 750 750 751 752 756 753 754 754 755 756 758 756 755 755 757 758 760 758 757 757 759 760 764 761 762 762 763 764 766 764 763 763 765 766 770 767 768 768 769 770 772 770 769 769 771 772 776 773 774 774 775 776 778 772 771 771 777 778 749 779 780 780 750 749 790 781 782 790 782 783 790 783 784 790 784 785 790 785 786 790 786 787 790 787 788 788 789 790 794 791 792 792 793 794 796 751 750 750 795 796 775 774 797 797 798 775 798 797 799 799 800 798 795 750 780 780 801 795 805 802 803 803 804 805 804 803 806 806 807 804 807 806 808 808 809 807 809 808 810 810 811 809 811 810 773 773 776 811 821 812 813 821 813 814 821 814 815 821 815 816 821 816 817 821 817 818 821 818 819 819 820 821 825 822 823 823 824 825 829 826 827 827 828 829 833 830 831 831 832 833 835 834 822 822 825 835 837 836 826 826 829 837 839 838 830 830 833 839 793 792 840 840 841 793 824 823 842 842 843 824 845 844 838 838 839 845 849 846 847 847 848 849 853 850 851 851 852 853 855 853 852 852 854 855 857 855 854 854 856 857 861 858 859 859 860 861 863 861 860 860 862 863 867 864 865 865 866 867 869 867 866 866 868 869 873 870 871 871 872 873 875 869 868 868 874 875 846 876 877 877 847 846 887 878 879 887 879 880 887 880 881 887 881 882 887 882 883 887 883 884 887 884 885 885 886 887 891 888 889 889 890 891 893 848 847 847 892 893 872 871 894 894 895 872 895 894 896 896 897 895 892 847 877 877 898 892 902 899 900 900 901 902 901 900 903 903 904 901 904 903 905 905 906 904 906 905 907 907 908 906 908 907 870 870 873 908 918 909 910 918 910 911 918 911 912 918 912 913 918 913 914 918 914 915 918 915 916 916 917 918 922 919 920 920 921 922 926 923 924 924 925 926 930 927 928 928 929 930 932 931 919 919 922 932 934 933 923 923 926 934 936 935 927 927 930 936 890 889 937 937 938 890 921 920 939 939 940 921 942 941 935 935 936 942 946 943 944 944 945 946 950 947 948 948 949 950 952 950 949 949 951 952 956 953 954 954 955 956 958 956 955 955 957 958 960 958 957 957 959 960 964 961 962 962 963 964 966 964 963 963 965 966 976 967 968 976 968 969 976 969 970 976 970 971 976 971 972 976 972 973 976 973 974 974 975 976 980 977 978 978 979 980 943 980 979 979 944 943 990 981 982 990 982 983 990 983 984 990 984 985 990 985 986 990 986 987 990 987 988 988 989 990 994 991 992 992 993 994 998 995 996 996 997 998 1000 998 997 997 999 1000 1004 1001 1002 1002 1003 1004 1006 1004 1003 1003 1005 1006 1008 1006 1005 1005 1007 1008 1012 1009 1010 1010 1011 1012 1014 1012 1011 1011 1013 1014 1024 1015 1016 1024 1016 1017 1024 1017 1018 1024 1018 1019 1024 1019 1020 1024 1020 1021 1024 1021 1022 1022 1023 1024 1028 1025 1026 1026 1027 1028 991 1028 1027 1027 992 991 1038 1029 1030 1038 1030 1031 1038 1031 1032 1038 1032 1033 1038 1033 1034 1038 1034 1035 1038 1035 1036 1036 1037 1038 1042 1039 1040 1040 1041 1042 1046 1043 1044 1044 1045 1046 1048 1046 1045 1045 1047 1048 1052 1049 1050 1050 1051 1052 1054 1052 1051 1051 1053 1054 1056 1054 1053 1053 1055 1056 1060 1057 1058 1058 1059 1060 1062 1060 1059 1059 1061 1062 1072 1063 1064 1072 1064 1065 1072 1065 1066 1072 1066 1067 1072 1067 1068 1072 1068 1069 1072 1069 1070 1070 1071 1072 1076 1073 1074 1074 1075 1076 1039 1076 1075 1075 1040 1039 1080 1077 1078 1078 1079 1080 1082 1080 1079 1079 1081 1082 1084 1083 1077 1077 1080 1084 1086 1085 1083 1083 1084 1086 1088 1087 1085 1085 1086 1088 1092 1089 1090 1090 1091 1092 1094 1093 1087 1087 1088 1094 1091 1090 1093 1093 1094 1091 1096 1095 1089 1089 1092 1096 1098 1097 1095 1095 1096 1098 1079 1078 1097 1097 1098 1079 1102 1099 1100 1100 1101 1102 1104 1088 1086 1086 1103 1104 1106 1092 1091 1091 1105 1106 1081 1079 1098 1098 1107 1081 1103 1086 1084 1084 1108 1103 1105 1091 1094 1094 1109 1105 1107 1098 1096 1096 1110 1107 1108 1084 1080 1080 1082 1108 1109 1094 1088 1088 1104 1109 1110 1096 1092 1092 1106 1110 1114 1111 1112 1112 1113 1114 1118 1115 1116 1116 1117 1118 1122 1119 1120 1120 1121 1122 1101 1100 1123 1123 1124 1101 1128 1125 1126 1126 1127 1128 1132 1129 1130 1130 1131 1132 1124 1123 1133 1133 1134 1124 1127 1126 1135 1135 1136 1127 1131 1130 1115 1115 1118 1131 1138 1137 1119 1119 1122 1138 1142 1139 1140 1140 1141 1142 1146 1143 1144 1144 1145 1146 1150 1147 1148 1148 1149 1150 1113 1112 1151 1151 1152 1113 1145 1144 1153 1153 1154 1145 1149 1148 1155 1155 1156 1149 1152 1151 1157 1157 1158 1152 1154 1153 1111 1111 1114 1154 1156 1155 1143 1143 1146 1156 1158 1157 1147 1147 1150 1158 1162 1159 1160 1160 1161 1162 1166 1163 1164 1164 1165 1166 1170 1167 1168 1168 1169 1170 1174 1171 1172 1172 1173 1174 1165 1164 1175 1175 1176 1165 1169 1168 1177 1177 1178 1169 1173 1172 1179 1179 1180 1173 1182 1181 1139 1139 1142 1182 1184 1183 1163 1163 1166 1184 1180 1179 1185 1185 1186 1180 1190 1187 1188 1188 1189 1190 1192 1190 1189 1189 1191 1192 1196 1193 1194 1194 1195 1196 1198 1196 1195 1195 1197 1198 1202 1199 1200 1200 1201 1202 1204 1202 1201 1201 1203 1204 1206 1204 1203 1203 1205 1206 1210 1207 1208 1208 1209 1210 1214 1211 1212 1212 1213 1214 1216 1210 1209 1209 1215 1216 1187 1217 1218 1218 1188 1187 1222 1219 1220 1220 1221 1222 1226 1223 1224 1224 1225 1226 1223 1227 1228 1228 1224 1223 1224 1228 1229 1229 1230 1224 1230 1229 1231 1231 1232 1230 1232 1231 1233 1233 1234 1232 1234 1233 1235 1235 1236 1234 1236 1235 1237 1237 1238 1236 1238 1237 1239 1239 1240 1238 1213 1212 1227 1227 1223 1213 1240 1239 1211 1211 1214 1240 1244 1241 1242 1242 1243 1244 1246 1232 1234 1234 1245 1246 1248 1238 1240 1240 1247 1248 1249 1213 1223 1223 1226 1249 1250 1230 1232 1232 1246 1250 1251 1236 1238 1238 1248 1251 1252 1214 1213 1213 1249 1252 1225 1224 1230 1230 1250 1225 1245 1234 1236 1236 1251 1245 1247 1240 1214 1214 1252 1247 1256 1253 1254 1254 1255 1256 1260 1257 1258 1258 1259 1260 1264 1261 1262 1262 1263 1264 1268 1265 1266 1266 1267 1268 1272 1269 1270 1270 1271 1272 1274 1273 1261 1261 1264 1274 1276 1275 1265 1265 1268 1276 1243 1242 1269 1269 1272 1243 1259 1258 1277 1277 1278 1259 1263 1262 1279 1279 1280 1263 1284 1281 1282 1282 1283 1284 1281 1285 1286 1286 1282 1281 1290 1287 1288 1288 1289 1290 1294 1291 1292 1292 1293 1294 1298 1295 1296 1296 1297 1298 1300 1299 1287 1287 1290 1300 1302 1301 1291 1291 1294 1302 1306 1303 1304 1304 1305 1306 1282 1286 1307 1307 1308 1282 1289 1288 1309 1309 1310 1289 1320 1311 1312 1320 1312 1313 1320 1313 1314 1320 1314 1315 1320 1315 1316 1320 1316 1317 1320 1317 1318 1318 1319 1320 1322 1290 1289 1289 1321 1322 1324 1294 1293 1293 1323 1324 1326 1325 1281 1281 1284 1326 1327 1300 1290 1290 1322 1327 1328 1302 1294 1294 1324 1328 1330 1306 1305 1305 1329 1330 1283 1282 1308 1308 1331 1283 1333 1332 1302 1302 1328 1333 1335 1334 1306 1306 1330 1335 1339 1336 1337 1337 1338 1339 1343 1340 1341 1341 1342 1343 1347 1344 1345 1345 1346 1347 1351 1348 1349 1349 1350 1351 1353 1348 1351 1351 1352 1353 1357 1354 1355 1355 1356 1357 1359 1353 1352 1352 1358 1359 1361 1340 1343 1343 1360 1361 1363 1336 1339 1339 1362 1363 1365 1344 1347 1347 1364 1365 1369 1366 1367 1367 1368 1369 1366 1361 1360 1360 1367 1366 1371 1365 1364 1364 1370 1371 1373 1363 1362 1362 1372 1373 1377 1374 1375 1375 1376 1377 1374 1371 1370 1370 1375 1374 1379 1373 1372 1372 1378 1379 1381 1359 1358 1358 1380 1381 1385 1382 1383 1383 1384 1385 1387 1379 1378 1378 1386 1387 1382 1381 1380 1380 1383 1382 1389 1369 1368 1368 1388 1389 1393 1390 1391 1391 1392 1393 1395 1389 1388 1388 1394 1395 1397 1377 1376 1376 1396 1397 1399 1387 1386 1386 1398 1399 1403 1400 1401 1401 1402 1403 1407 1404 1405 1405 1406 1407 1409 1407 1406 1406 1408 1409 1411 1409 1408 1408 1410 1411 1415 1412 1413 1413 1414 1415 1417 1415 1414 1414 1416 1417 1421 1418 1419 1419 1420 1421 1423 1421 1420 1420 1422 1423 1433 1424 1425 1433 1425 1426 1433 1426 1427 1433 1427 1428 1433 1428 1429 1433 1429 1430 1433 1430 1431 1431 1432 1433 1435 1423 1422 1422 1434 1435 1400 1436 1437 1437 1401 1400 1447 1438 1439 1447 1439 1440 1447 1440 1441 1447 1441 1442 1447 1442 1443 1447 1443 1444 1447 1444 1445 1445 1446 1447 1451 1448 1449 1449 1450 1451 1455 1452 1453 1453 1454 1455 1459 1456 1457 1457 1458 1459 1463 1460 1461 1461 1462 1463 1465 1460 1463 1463 1464 1465 1469 1466 1467 1467 1468 1469 1471 1465 1464 1464 1470 1471 1473 1452 1455 1455 1472 1473 1475 1448 1451 1451 1474 1475 1477 1456 1459 1459 1476 1477 1481 1478 1479 1479 1480 1481 1478 1473 1472 1472 1479 1478 1483 1477 1476 1476 1482 1483 1485 1475 1474 1474 1484 1485 1489 1486 1487 1487 1488 1489 1486 1483 1482 1482 1487 1486 1491 1485 1484 1484 1490 1491 1493 1471 1470 1470 1492 1493 1497 1494 1495 1495 1496 1497 1500 1481 1498 1498 1499 1500 1504 1501 1502 1502 1503 1504 1498 1481 1480 1480 1505 1498 1509 1506 1507 1507 1508 1509 1511 1498 1505 1505 1510 1511 1513 1489 1488 1488 1512 1513 1517 1514 1515 1515 1516 1517 1521 1518 1519 1519 1520 1521 1525 1522 1523 1523 1524 1525 1527 1525 1524 1524 1526 1527 1529 1527 1526 1526 1528 1529 1533 1530 1531 1531 1532 1533 1535 1533 1532 1532 1534 1535 1539 1536 1537 1537 1538 1539 1541 1539 1538 1538 1540 1541 1551 1542 1543 1551 1543 1544 1551 1544 1545 1551 1545 1546 1551 1546 1547 1551 1547 1548 1551 1548 1549 1549 1550 1551 1553 1541 1540 1540 1552 1553 1518 1554 1555 1555 1519 1518 1565 1556 1557 1565 1557 1558 1565 1558 1559 1565 1559 1560 1565 1560 1561 1565 1561 1562 1565 1562 1563 1563 1564 1565 1569 1566 1567 1567 1568 1569 1573 1570 1571 1571 1572 1573 1577 1574 1575 1575 1576 1577 1581 1578 1579 1579 1580 1581 1585 1582 1583 1583 1584 1585 1587 1488 1487 1487 1586 1587 1591 1588 1589 1589 1590 1591 1595 1592 1593 1593 1594 1595 1599 1596 1597 1597 1598 1599 1603 1600 1601 1601 1602 1603 1607 1604 1605 1605 1606 1607 1611 1608 1609 1609 1610 1611 1613 1608 1611 1611 1612 1613 1617 1614 1615 1615 1616 1617 1619 1613 1612 1612 1618 1619 1621 1600 1603 1603 1620 1621 1623 1596 1599 1599 1622 1623 1625 1604 1607 1607 1624 1625 1629 1626 1627 1627 1628 1629 1626 1621 1620 1620 1627 1626 1631 1625 1624 1624 1630 1631 1633 1623 1622 1622 1632 1633 1637 1634 1635 1635 1636 1637 1634 1631 1630 1630 1635 1634 1639 1633 1632 1632 1638 1639 1641 1619 1618 1618 1640 1641 1645 1642 1643 1643 1644 1645 1647 1639 1638 1638 1646 1647 1642 1641 1640 1640 1643 1642 1649 1629 1628 1628 1648 1649 1653 1650 1651 1651 1652 1653 1655 1649 1648 1648 1654 1655 1657 1637 1636 1636 1656 1657 1659 1647 1646 1646 1658 1659 1663 1660 1661 1661 1662 1663 1667 1664 1665 1665 1666 1667 1669 1667 1666 1666 1668 1669 1671 1669 1668 1668 1670 1671 1675 1672 1673 1673 1674 1675 1677 1675 1674 1674 1676 1677 1681 1678 1679 1679 1680 1681 1683 1681 1680 1680 1682 1683 1693 1684 1685 1693 1685 1686 1693 1686 1687 1693 1687 1688 1693 1688 1689 1693 1689 1690 1693 1690 1691 1691 1692 1693 1695 1683 1682 1682 1694 1695 1660 1696 1697 1697 1661 1660 1707 1698 1699 1707 1699 1700 1707 1700 1701 1707 1701 1702 1707 1702 1703 1707 1703 1704 1707 1704 1705 1705 1706 1707 1711 1708 1709 1709 1710 1711 1715 1712 1713 1713 1714 1715 1719 1716 1717 1717 1718 1719 1723 1720 1721 1721 1722 1723 1725 1720 1723 1723 1724 1725 1729 1726 1727 1727 1728 1729 1731 1725 1724 1724 1730 1731 1733 1712 1715 1715 1732 1733 1735 1708 1711 1711 1734 1735 1737 1716 1719 1719 1736 1737 1741 1738 1739 1739 1740 1741 1738 1733 1732 1732 1739 1738 1743 1737 1736 1736 1742 1743 1745 1735 1734 1734 1744 1745 1749 1746 1747 1747 1748 1749 1746 1743 1742 1742 1747 1746 1751 1745 1744 1744 1750 1751 1753 1731 1730 1730 1752 1753 1757 1754 1755 1755 1756 1757 1759 1751 1750 1750 1758 1759 1754 1753 1752 1752 1755 1754 1761 1741 1740 1740 1760 1761 1765 1762 1763 1763 1764 1765 1767 1761 1760 1760 1766 1767 1769 1749 1748 1748 1768 1769 1771 1759 1758 1758 1770 1771 1775 1772 1773 1773 1774 1775 1779 1776 1777 1777 1778 1779 1781 1779 1778 1778 1780 1781 1783 1781 1780 1780 1782 1783 1787 1784 1785 1785 1786 1787 1789 1787 1786 1786 1788 1789 1793 1790 1791 1791 1792 1793 1795 1793 1792 1792 1794 1795 1805 1796 1797 1805 1797 1798 1805 1798 1799 1805 1799 1800 1805 1800 1801 1805 1801 1802 1805 1802 1803 1803 1804 1805 1807 1795 1794 1794 1806 1807 1772 1808 1809 1809 1773 1772 1819 1810 1811 1819 1811 1812 1819 1812 1813 1819 1813 1814 1819 1814 1815 1819 1815 1816 1819 1816 1817 1817 1818 1819 1823 1820 1821 1821 1822 1823 1827 1824 1825 1825 1826 1827 1831 1828 1829 1829 1830 1831 1835 1832 1833 1833 1834 1835 1837 1832 1835 1835 1836 1837 1841 1838 1839 1839 1840 1841 1843 1837 1836 1836 1842 1843 1845 1824 1827 1827 1844 1845 1847 1820 1823 1823 1846 1847 1849 1828 1831 1831 1848 1849 1853 1850 1851 1851 1852 1853 1850 1845 1844 1844 1851 1850 1855 1849 1848 1848 1854 1855 1857 1847 1846 1846 1856 1857 1861 1858 1859 1859 1860 1861 1858 1855 1854 1854 1859 1858 1863 1857 1856 1856 1862 1863 1865 1843 1842 1842 1864 1865 1869 1866 1867 1867 1868 1869 1871 1863 1862 1862 1870 1871 1873 1860 1859 1859 1872 1873 1875 1853 1852 1852 1874 1875 1879 1876 1877 1877 1878 1879 1881 1875 1874 1874 1880 1881 1883 1861 1860 1860 1882 1883 1885 1871 1870 1870 1884 1885 1889 1886 1887 1887 1888 1889 1893 1890 1891 1891 1892 1893 1895 1893 1892 1892 1894 1895 1897 1895 1894 1894 1896 1897 1901 1898 1899 1899 1900 1901 1903 1901 1900 1900 1902 1903 1907 1904 1905 1905 1906 1907 1909 1907 1906 1906 1908 1909 1919 1910 1911 1919 1911 1912 1919 1912 1913 1919 1913 1914 1919 1914 1915 1919 1915 1916 1919 1916 1917 1917 1918 1919 1921 1909 1908 1908 1920 1921 1886 1922 1923 1923 1887 1886 1933 1924 1925 1933 1925 1926 1933 1926 1927 1933 1927 1928 1933 1928 1929 1933 1929 1930 1933 1930 1931 1931 1932 1933 1937 1934 1935 1935 1936 1937 1939 1863 1871 1871 1938 1939 1943 1940 1941 1941 1942 1943 1947 1944 1945 1945 1946 1947 1951 1948 1949 1949 1950 1951 1955 1952 1953 1953 1954 1955 1959 1956 1957 1957 1958 1959 1963 1960 1961 1961 1962 1963 1965 1960 1963 1963 1964 1965 1969 1966 1967 1967 1968 1969 1971 1965 1964 1964 1970 1971 1973 1952 1955 1955 1972 1973 1975 1948 1951 1951 1974 1975 1977 1956 1959 1959 1976 1977 1981 1978 1979 1979 1980 1981 1978 1973 1972 1972 1979 1978 1983 1977 1976 1976 1982 1983 1985 1975 1974 1974 1984 1985 1989 1986 1987 1987 1988 1989 1986 1983 1982 1982 1987 1986 1991 1985 1984 1984 1990 1991 1993 1971 1970 1970 1992 1993 1997 1994 1995 1995 1996 1997 1999 1991 1990 1990 1998 1999 1994 1993 1992 1992 1995 1994 2001 1981 1980 1980 2000 2001 2005 2002 2003 2003 2004 2005 2007 2001 2000 2000 2006 2007 2009 1989 1988 1988 2008 2009 2011 1999 1998 1998 2010 2011 2015 2012 2013 2013 2014 2015 2019 2016 2017 2017 2018 2019 2021 2019 2018 2018 2020 2021 2023 2021 2020 2020 2022 2023 2027 2024 2025 2025 2026 2027 2029 2027 2026 2026 2028 2029 2033 2030 2031 2031 2032 2033 2035 2033 2032 2032 2034 2035 2045 2036 2037 2045 2037 2038 2045 2038 2039 2045 2039 2040 2045 2040 2041 2045 2041 2042 2045 2042 2043 2043 2044 2045 2047 2035 2034 2034 2046 2047 2012 2048 2049 2049 2013 2012 2059 2050 2051 2059 2051 2052 2059 2052 2053 2059 2053 2054 2059 2054 2055 2059 2055 2056 2059 2056 2057 2057 2058 2059 2063 2060 2061 2061 2062 2063 2067 2064 2065 2065 2066 2067 2071 2068 2069 2069 2070 2071 2075 2072 2073 2073 2074 2075 2077 2072 2075 2075 2076 2077 2081 2078 2079 2079 2080 2081 2083 2077 2076 2076 2082 2083 2085 2064 2067 2067 2084 2085 2087 2060 2063 2063 2086 2087 2089 2068 2071 2071 2088 2089 2093 2090 2091 2091 2092 2093 2090 2085 2084 2084 2091 2090 2095 2089 2088 2088 2094 2095 2097 2087 2086 2086 2096 2097 2101 2098 2099 2099 2100 2101 2098 2095 2094 2094 2099 2098 2105 2102 2103 2103 2104 2105 2107 2083 2082 2082 2106 2107 2111 2108 2109 2109 2110 2111 2115 2112 2113 2113 2114 2115 2117 2107 2106 2106 2116 2117 2119 2093 2092 2092 2118 2119 2123 2120 2121 2121 2122 2123 2125 2119 2118 2118 2124 2125 2127 2101 2100 2100 2126 2127 2129 2115 2114 2114 2128 2129 2133 2130 2131 2131 2132 2133 2137 2134 2135 2135 2136 2137 2139 2137 2136 2136 2138 2139 2141 2139 2138 2138 2140 2141 2145 2142 2143 2143 2144 2145 2147 2145 2144 2144 2146 2147 2151 2148 2149 2149 2150 2151 2153 2151 2150 2150 2152 2153 2163 2154 2155 2163 2155 2156 2163 2156 2157 2163 2157 2158 2163 2158 2159 2163 2159 2160 2163 2160 2161 2161 2162 2163 2165 2153 2152 2152 2164 2165 2130 2166 2167 2167 2131 2130 2177 2168 2169 2177 2169 2170 2177 2170 2171 2177 2171 2172 2177 2172 2173 2177 2173 2174 2177 2174 2175 2175 2176 2177 2181 2178 2179 2179 2180 2181 2182 2108 2107 2107 2117 2182 2116 2106 2109 2109 2183 2116 2183 2109 2108 2108 2182 2183 2187 2184 2185 2185 2186 2187 2191 2188 2189 2189 2190 2191 2195 2192 2193 2193 2194 2195 2199 2196 2197 2197 2198 2199 2203 2200 2201 2201 2202 2203 2205 2203 2202 2202 2204 2205 2209 2206 2207 2207 2208 2209 2213 2210 2211 2211 2212 2213 2215 2210 2213 2213 2214 2215 2219 2216 2217 2217 2218 2219 2221 2215 2214 2214 2220 2221 2223 2203 2205 2205 2222 2223 2227 2224 2225 2225 2226 2227 2231 2228 2229 2229 2230 2231 2235 2232 2233 2233 2234 2235 2232 2223 2222 2222 2233 2232 2239 2236 2237 2237 2238 2239 2241 2240 2223 2223 2232 2241 2245 2242 2243 2243 2244 2245 2249 2246 2247 2247 2248 2249 2253 2250 2251 2251 2252 2253 2255 2221 2220 2220 2254 2255 2259 2256 2257 2257 2258 2259 2262 2260 2235 2235 2261 2262 2256 2255 2254 2254 2257 2256 2261 2235 2234 2234 2263 2261 2267 2264 2265 2265 2266 2267 2269 2261 2263 2263 2268 2269 2271 2245 2244 2244 2270 2271 2272 2262 2261 2261 2269 2272 2276 2273 2274 2274 2275 2276 2280 2277 2278 2278 2279 2280 2282 2280 2279 2279 2281 2282 2284 2282 2281 2281 2283 2284 2288 2285 2286 2286 2287 2288 2290 2288 2287 2287 2289 2290 2294 2291 2292 2292 2293 2294 2296 2294 2293 2293 2295 2296 2306 2297 2298 2306 2298 2299 2306 2299 2300 2306 2300 2301 2306 2301 2302 2306 2302 2303 2306 2303 2304 2304 2305 2306 2308 2296 2295 2295 2307 2308 2310 2309 2299 2299 2298 2310 2320 2311 2312 2320 2312 2313 2320 2313 2314 2320 2314 2315 2320 2315 2316 2320 2316 2317 2320 2317 2318 2318 2319 2320 2324 2321 2322 2322 2323 2324 2328 2325 2326 2326 2327 2328 2332 2329 2330 2330 2331 2332 2336 2333 2334 2334 2335 2336 2338 2333 2336 2336 2337 2338 2342 2339 2340 2340 2341 2342 2344 2338 2337 2337 2343 2344 2346 2325 2328 2328 2345 2346 2348 2321 2324 2324 2347 2348 2350 2329 2332 2332 2349 2350 2354 2351 2352 2352 2353 2354 2351 2346 2345 2345 2352 2351 2356 2350 2349 2349 2355 2356 2358 2348 2347 2347 2357 2358 2362 2359 2360 2360 2361 2362 2363 2356 2355 2355 2359 2363 2365 2358 2357 2357 2364 2365 2367 2344 2343 2343 2366 2367 2371 2368 2369 2369 2370 2371 2374 2364 2372 2372 2373 2374 2368 2367 2366 2366 2369 2368 2376 2354 2353 2353 2375 2376 2380 2377 2378 2378 2379 2380 2382 2376 2375 2375 2381 2382 2385 2383 2360 2360 2384 2385 2388 2386 2372 2372 2387 2388 2392 2389 2390 2390 2391 2392 2396 2393 2394 2394 2395 2396 2398 2396 2395 2395 2397 2398 2400 2398 2397 2397 2399 2400 2404 2401 2402 2402 2403 2404 2406 2404 2403 2403 2405 2406 2410 2407 2408 2408 2409 2410 2412 2410 2409 2409 2411 2412 2422 2413 2414 2422 2414 2415 2422 2415 2416 2422 2416 2417 2422 2417 2418 2422 2418 2419 2422 2419 2420 2420 2421 2422 2424 2412 2411 2411 2423 2424 2389 2425 2426 2426 2390 2389 2436 2427 2428 2436 2428 2429 2436 2429 2430 2436 2430 2431 2436 2431 2432 2436 2432 2433 2436 2433 2434 2434 2435 2436 2438 2437 2362 2362 2361 2438 2440 2439 2374 2374 2373 2440 2361 2360 2383 2383 2438 2361 2373 2372 2386 2386 2440 2373 2442 2369 2366 2366 2441 2442 2444 2375 2353 2353 2443 2444 2437 2363 2359 2359 2362 2437 2439 2365 2364 2364 2374 2439 2448 2445 2446 2446 2447 2448 2452 2449 2450 2450 2451 2452 2456 2453 2454 2454 2455 2456 2460 2457 2458 2458 2459 2460 2462 2457 2460 2460 2461 2462 2466 2463 2464 2464 2465 2466 2468 2462 2461 2461 2467 2468 2470 2449 2452 2452 2469 2470 2472 2445 2448 2448 2471 2472 2474 2453 2456 2456 2473 2474 2478 2475 2476 2476 2477 2478 2475 2470 2469 2469 2476 2475 2480 2474 2473 2473 2479 2480 2482 2472 2471 2471 2481 2482 2486 2483 2484 2484 2485 2486 2483 2480 2479 2479 2484 2483 2488 2482 2481 2481 2487 2488 2490 2468 2467 2467 2489 2490 2494 2491 2492 2492 2493 2494 2496 2488 2487 2487 2495 2496 2491 2490 2489 2489 2492 2491 2498 2478 2477 2477 2497 2498 2502 2499 2500 2500 2501 2502 2504 2498 2497 2497 2503 2504 2506 2486 2485 2485 2505 2506 2508 2496 2495 2495 2507 2508 2512 2509 2510 2510 2511 2512 2516 2513 2514 2514 2515 2516 2518 2516 2515 2515 2517 2518 2520 2518 2517 2517 2519 2520 2524 2521 2522 2522 2523 2524 2526 2524 2523 2523 2525 2526 2530 2527 2528 2528 2529 2530 2532 2530 2529 2529 2531 2532 2542 2533 2534 2542 2534 2535 2542 2535 2536 2542 2536 2537 2542 2537 2538 2542 2538 2539 2542 2539 2540 2540 2541 2542 2544 2532 2531 2531 2543 2544 2509 2545 2546 2546 2510 2509 2556 2547 2548 2556 2548 2549 2556 2549 2550 2556 2550 2551 2556 2551 2552 2556 2552 2553 2556 2553 2554 2554 2555 2556 2560 2557 2558 2558 2559 2560 2564 2561 2562 2562 2563 2564 2568 2565 2566 2566 2567 2568 2572 2569 2570 2570 2571 2572 2574 2569 2572 2572 2573 2574 2578 2575 2576 2576 2577 2578 2580 2574 2573 2573 2579 2580 2582 2561 2564 2564 2581 2582 2584 2557 2560 2560 2583 2584 2586 2565 2568 2568 2585 2586 2590 2587 2588 2588 2589 2590 2587 2582 2581 2581 2588 2587 2592 2586 2585 2585 2591 2592 2594 2584 2583 2583 2593 2594 2598 2595 2596 2596 2597 2598 2595 2592 2591 2591 2596 2595 2600 2594 2593 2593 2599 2600 2602 2580 2579 2579 2601 2602 2606 2603 2604 2604 2605 2606 2608 2600 2599 2599 2607 2608 2603 2602 2601 2601 2604 2603 2610 2590 2589 2589 2609 2610 2614 2611 2612 2612 2613 2614 2616 2610 2609 2609 2615 2616 2618 2598 2597 2597 2617 2618 2620 2608 2607 2607 2619 2620 2624 2621 2622 2622 2623 2624 2628 2625 2626 2626 2627 2628 2630 2628 2627 2627 2629 2630 2632 2630 2629 2629 2631 2632 2636 2633 2634 2634 2635 2636 2638 2636 2635 2635 2637 2638 2642 2639 2640 2640 2641 2642 2644 2642 2641 2641 2643 2644 2654 2645 2646 2654 2646 2647 2654 2647 2648 2654 2648 2649 2654 2649 2650 2654 2650 2651 2654 2651 2652 2652 2653 2654 2656 2644 2643 2643 2655 2656 2621 2657 2658 2658 2622 2621 2668 2659 2660 2668 2660 2661 2668 2661 2662 2668 2662 2663 2668 2663 2664 2668 2664 2665 2668 2665 2666 2666 2667 2668 405 404 385 385 388 405 393 392 2669 2669 2670 393 379 378 1159 1159 1162 379 373 372 2671 2671 2672 373 2676 2673 2674 2674 2675 2676 2672 2671 363 363 366 2672 2678 2677 639 639 640 2678 2682 2679 2680 2680 2681 2682 2686 2683 2684 2684 2685 2686 2688 2687 615 615 618 2688 2692 2689 2690 2690 2691 2692 2694 2693 2677 2677 2678 2694 422 421 381 381 384 422 2696 2695 56 56 59 2696 1221 1220 2697 2697 2698 1221 58 57 2699 2699 2700 58 2691 2690 2701 2701 2702 2691 413 412 2703 2703 2704 413 2708 2705 2706 2706 2707 2708 2712 2709 2710 2710 2711 2712 1161 1160 2679 2679 2682 1161 2716 2713 2714 2714 2715 2716 2698 2697 415 415 416 2698 2718 2717 407 407 410 2718 2702 2701 2719 2719 2720 2702 2715 2714 395 395 398 2715 2700 2699 361 361 362 2700 369 368 2713 2713 2716 369 2724 2721 2722 2722 2723 2724 2707 2706 1219 1219 1222 2707 2670 2669 2687 2687 2688 2670 376 375 2709 2709 2712 376 2675 2674 2693 2693 2694 2675 2726 2725 389 389 390 2726 617 616 2705 2705 2708 617 2704 2703 399 399 402 2704 387 386 2673 2673 2676 387 2723 2722 2689 2689 2692 2723 2730 2727 2728 2728 2729 2730 2734 2731 2732 2732 2733 2734 2738 2735 2736 2736 2737 2738 2742 2739 2740 2740 2741 2742 2741 2740 2743 2743 2744 2741 2746 2745 2731 2731 2734 2746 2750 2747 2748 2748 2749 2750 2754 2751 2752 2752 2753 2754 2756 2755 2747 2747 2750 2756 2753 2752 2757 2757 2758 2753 2760 2759 2683 2683 2686 2760 2749 2748 2759 2759 2760 2749 2764 2761 2762 2762 2763 2764 2685 2684 2739 2739 2742 2685 2733 2732 2765 2765 2766 2733 2744 2743 2735 2735 2738 2744 2766 2765 2761 2761 2764 2766 2768 2767 2751 2751 2754 2768 2758 2757 2755 2755 2756 2758 2737 2736 2745 2745 2746 2737 2763 2762 2767 2767 2768 2763 2789 2769 2770 2789 2770 2771 2789 2771 2772 2789 2772 2773 2789 2773 2774 2789 2774 2775 2789 2775 2776 2789 2776 2777 2789 2777 2778 2789 2778 2779 2789 2779 2780 2789 2780 2781 2789 2781 2782 2789 2782 2783 2789 2783 2784 2789 2784 2785 2789 2785 2786 2789 2786 2787 2787 2788 2789 2793 2790 2791 2791 2792 2793 2797 2794 2795 2795 2796 2797 2801 2798 2799 2799 2800 2801 2803 2802 2727 2727 2730 2803 2807 2804 2805 2805 2806 2807 2811 2808 2809 2809 2810 2811 2815 2812 2813 2813 2814 2815 2814 2813 2816 2816 2817 2814 2806 2805 2818 2818 2819 2806 2810 2809 2794 2794 2797 2810 2821 2820 2808 2808 2811 2821 2823 2822 2790 2790 2793 2823 2729 2728 2798 2798 2801 2729 2827 2824 2825 2825 2826 2827 2817 2816 2822 2822 2823 2817 2800 2799 2828 2828 2829 2800 2819 2818 2824 2824 2827 2819 2792 2791 2830 2830 2831 2792 2833 2832 2820 2820 2821 2833 2835 2834 2804 2804 2807 2835 </p>
        </polylist>
      </mesh>
    </geometry>
  </library_geometries>
  <library_visual_scenes>
    <visual_scene id="root" name="root">
      <node id="Droid1_low" name="Droid1_low">
        <matrix>1 0 0 0 0 1 0 0 0 0 1 0 0 0 0 1</matrix>
        <instance_geometry url="#meshId0">
          <bind_material>
            <technique_common>
              <instance_material symbol="defaultMaterial" target="#DefaultMaterial" />
            </technique_common>
          </bind_material>
        </instance_geometry>
      </node>
    </visual_scene>
  </library_visual_scenes>
  <scene>
    <instance_visual_scene url="#root" />
  </scene>
</COLLADA>
