<?xml version="1.0"?>
<COLLADA xmlns="http://www.collada.org/2005/11/COLLADASchema" version="1.4.1">
  <asset>
    <contributor>
      <author>Assimp</author>
      <authoring_tool>Assimp Exporter</authoring_tool>
    </contributor>
    <created>2019-05-16T22:22:31</created>
    <modified>2019-05-16T22:22:31</modified>
    <unit name="meter" meter="0.01" />
    <up_axis>Y_UP</up_axis>
  </asset>
  <library_effects>
    <effect id="DefaultMaterial-fx" name="DefaultMaterial">
      <profile_COMMON>
        <technique sid="standard">
          <phong>
          </phong>
        </technique>
      </profile_COMMON>
    </effect>
  </library_effects>
  <library_materials>
    <material id="DefaultMaterial" name="DefaultMaterial">
      <instance_effect url="#DefaultMaterial-fx"/>
    </material>
  </library_materials>
  <library_geometries>
    <geometry id="meshId0" name="meshId0_name" >
      <mesh>
        <source id="meshId0-positions" name="meshId0-positions">
          <float_array id="meshId0-positions-array" count="20268"> 0.180399 0.896939 0.153932 0.18055 0.891438 0.167057 0.191144 0.885685 0.16271 0.191029 0.889893 0.15267 0.179064 0.887416 0.121686 0.189141 0.901576 0.127504 0.197439 0.900397 0.116002 0.187363 0.886237 0.110184 0.204768 0.866964 0.18468 0.2127 0.860111 0.187619 0.225671 0.878338 0.195107 0.217738 0.88519 0.192168 0.189848 0.875922 0.188718 0.19836 0.866964 0.195778 0.204768 0.866964 0.18468 0.198256 0.873816 0.17928 0.207658 0.896939 0.106718 0.197581 0.882779 0.100901 0.238538 0.873816 0.10951 0.229725 0.880202 0.109232 0.242696 0.898428 0.116721 0.251509 0.892043 0.116998 0.220251 0.849658 0.199983 0.232138 0.842489 0.196842 0.230606 0.848243 0.185493 0.221513 0.853726 0.187896 0.2191 0.891438 0.100287 0.209024 0.877278 0.0944692 0.257629 0.853726 0.125342 0.252982 0.860111 0.117849 0.265952 0.878338 0.125337 0.270599 0.871952 0.132831 0.253799 0.833531 0.181127 0.262097 0.832352 0.169625 0.253522 0.840488 0.164674 0.247175 0.84139 0.173473 0.230987 0.88427 0.0971458 0.22091 0.87011 0.0913279 0.257968 0.84139 0.154778 0.26021 0.844035 0.144458 0.27318 0.862261 0.151947 0.270939 0.859616 0.162267 0.270839 0.836989 0.143196 0.270688 0.842489 0.130071 0.260094 0.848243 0.134418 0.26021 0.844035 0.144458 0.242508 0.875922 0.0975084 0.232431 0.861762 0.0916906 0.26139 0.858006 0.10841 0.252878 0.866964 0.101351 0.246471 0.866964 0.112449 0.252982 0.860111 0.117849 0.232431 0.861762 0.0916906 0.242508 0.875922 0.0975084 0.252878 0.866964 0.101351 0.242801 0.852804 0.0955327 0.230987 0.88427 0.0971458 0.2191 0.891438 0.100287 0.220633 0.885685 0.111635 0.229725 0.880202 0.109232 0.26139 0.858006 0.10841 0.251314 0.843846 0.102592 0.19361 0.880202 0.171786 0.198256 0.873816 0.17928 0.211227 0.892043 0.186768 0.20658 0.898428 0.179275 0.197439 0.900397 0.116002 0.189141 0.901576 0.127504 0.197716 0.89344 0.132454 0.204063 0.892538 0.123656 0.267465 0.849658 0.118206 0.257388 0.835498 0.112388 0.19327 0.892538 0.142351 0.191029 0.889893 0.15267 0.203999 0.908119 0.160159 0.20624 0.910764 0.149839 0.183329 0.900397 0.140441 0.19327 0.892538 0.142351 0.270688 0.842489 0.130071 0.260611 0.82833 0.124253 0.204063 0.892538 0.123656 0.197716 0.89344 0.132454 0.210686 0.911666 0.139943 0.217034 0.910764 0.131144 0.183773 0.88427 0.178922 0.19361 0.880202 0.171786 0.270839 0.836989 0.143196 0.260763 0.822829 0.137379 0.220633 0.885685 0.111635 0.233603 0.903912 0.119124 0.20873 0.858006 0.19962 0.2127 0.860111 0.187619 0.267909 0.833531 0.156687 0.257832 0.819371 0.15087 0.246471 0.866964 0.112449 0.259441 0.88519 0.119937 0.243581 0.836989 0.19041 0.239358 0.844035 0.180574 0.257832 0.819371 0.15087 0.267909 0.833531 0.156687 0.262097 0.832352 0.169625 0.25202 0.818192 0.163807 0.260094 0.848243 0.134418 0.273064 0.866469 0.141907 0.267909 0.833531 0.156687 0.257968 0.84139 0.154778 0.25202 0.818192 0.163807 0.262097 0.832352 0.169625 0.253799 0.833531 0.181127 0.243722 0.819371 0.175309 0.247175 0.84139 0.173473 0.253522 0.840488 0.164674 0.266493 0.858714 0.172163 0.260146 0.859616 0.180961 0.267465 0.849658 0.118206 0.257629 0.853726 0.125342 0.243581 0.836989 0.19041 0.233504 0.822829 0.184592 0.221513 0.853726 0.187896 0.230606 0.848243 0.185493 0.243576 0.866469 0.192982 0.234484 0.871952 0.195385 0.232138 0.842489 0.196842 0.222061 0.82833 0.191024 0.19327 0.892538 0.142351 0.20624 0.910764 0.149839 0.207658 0.896939 0.106718 0.21188 0.889893 0.116555 0.220251 0.849658 0.199983 0.210174 0.835498 0.194165 0.20873 0.858006 0.19962 0.198654 0.843846 0.193802 0.191144 0.885685 0.16271 0.204115 0.903912 0.170199 0.198654 0.843846 0.193802 0.20873 0.858006 0.19962 0.19836 0.866964 0.195778 0.188283 0.852804 0.18996 0.21188 0.889893 0.116555 0.22485 0.908119 0.124043 0.189848 0.875922 0.188718 0.179771 0.861762 0.182901 0.238538 0.873816 0.10951 0.251509 0.892043 0.116998 0.183773 0.88427 0.178922 0.173697 0.87011 0.173105 0.18055 0.891438 0.167057 0.170474 0.877278 0.16124 0.253522 0.840488 0.164674 0.257968 0.84139 0.154778 0.270939 0.859616 0.162267 0.266493 0.858714 0.172163 0.242508 0.875922 0.0975084 0.238538 0.873816 0.10951 0.180399 0.896939 0.153932 0.170322 0.882779 0.148114 0.183329 0.900397 0.140441 0.173252 0.886237 0.134623 0.276253 0.874261 0.145427 0.276364 0.870261 0.154972 0.173252 0.886237 0.134623 0.183329 0.900397 0.140441 0.239358 0.844035 0.180574 0.252329 0.862261 0.188062 0.210703 0.909858 0.172324 0.213047 0.904645 0.180952 0.220526 0.907809 0.180009 0.218493 0.91233 0.172525 0.222985 0.916373 0.135195 0.230416 0.913858 0.128444 0.210686 0.911666 0.139943 0.212724 0.916373 0.152968 0.216951 0.91723 0.143559 0.248219 0.874261 0.193984 0.239575 0.879474 0.196268 0.216951 0.91723 0.143559 0.210593 0.913858 0.162779 0.25654 0.870261 0.189307 0.263302 0.89206 0.12454 0.269492 0.885545 0.129674 0.263971 0.867747 0.182556 0.25576 0.898574 0.121746 0.270006 0.866889 0.174191 0.217464 0.898574 0.188076 0.242696 0.898428 0.116721 0.247382 0.904645 0.121482 0.270939 0.859616 0.162267 0.274233 0.867747 0.164783 0.223655 0.89206 0.19321 0.238738 0.909858 0.123767 0.247382 0.904645 0.121482 0.274233 0.867747 0.164783 0.231196 0.885545 0.196004 0.275439 0.877988 0.157476 0.275344 0.881457 0.149198 0.268083 0.88928 0.154144 0.268147 0.88694 0.159728 0.263302 0.89206 0.12454 0.25576 0.898574 0.121746 0.25757 0.902544 0.12866 0.264111 0.896894 0.131083 0.269925 0.875063 0.174144 0.264692 0.875807 0.181399 0.224357 0.902544 0.186187 0.247382 0.904645 0.121482 0.250304 0.907809 0.128431 0.273591 0.875807 0.165985 0.229726 0.896894 0.19064 0.238738 0.909858 0.123767 0.242807 0.91233 0.130413 0.275439 0.877988 0.157476 0.273591 0.875807 0.165985 0.223655 0.89206 0.19321 0.231196 0.885545 0.196004 0.236266 0.891244 0.193063 0.229726 0.896894 0.19064 0.230416 0.913858 0.128444 0.23559 0.915799 0.134469 0.275344 0.881457 0.149198 0.243533 0.885979 0.193292 0.222985 0.916373 0.135195 0.229145 0.91798 0.140324 0.216951 0.91723 0.143559 0.212724 0.916373 0.152968 0.220246 0.91798 0.155738 0.223911 0.918724 0.147578 0.25103 0.881457 0.19131 0.210593 0.913858 0.162779 0.218397 0.915799 0.164247 0.258247 0.877988 0.187254 0.218397 0.915799 0.164247 0.264111 0.896894 0.131083 0.26948 0.891244 0.135536 0.236922 0.913915 0.148158 0.233391 0.914417 0.153052 0.230919 0.913915 0.158555 0.229672 0.912444 0.164295 0.229737 0.910104 0.169879 0.231108 0.907055 0.174926 0.233692 0.903503 0.179094 0.237313 0.899692 0.182097 0.241725 0.895881 0.183731 0.246626 0.89233 0.183886 0.251683 0.88928 0.182549 0.256551 0.88694 0.179813 0.260898 0.885469 0.175864 0.264428 0.884968 0.170971 0.266901 0.885469 0.165467 0.266712 0.89233 0.149096 0.264128 0.895881 0.144929 0.260506 0.899692 0.141926 0.256095 0.903503 0.140291 0.251193 0.907055 0.140137 0.246137 0.910104 0.141473 0.241269 0.912444 0.144209 0.236266 0.891244 0.193063 0.243533 0.885979 0.193292 0.273311 0.885979 0.141714 0.25103 0.881457 0.19131 0.258247 0.877988 0.187254 0.218493 0.91233 0.172525 0.264692 0.875807 0.181399 0.220526 0.907809 0.180009 0.269925 0.875063 0.174144 0.224357 0.902544 0.186187 0.273591 0.875807 0.165985 0.229726 0.896894 0.19064 0.260093 0.885266 0.17634 0.269532 0.900289 0.180787 0.261574 0.90358 0.186561 0.252135 0.888558 0.182114 0.255667 0.960122 0.218208 0.262988 0.952418 0.22428 0.265816 0.952418 0.219382 0.259378 0.959193 0.214043 0.239324 0.907062 0.156477 0.237913 0.906776 0.159616 0.25006 0.981171 0.176688 0.255059 0.982186 0.165561 0.259114 0.892722 0.1571 0.258332 0.894462 0.15422 0.322421 0.937534 0.157565 0.325192 0.931369 0.167769 0.246874 0.894462 0.174067 0.249759 0.892722 0.173304 0.292038 0.931369 0.225195 0.281815 0.937534 0.227896 0.241337 0.906776 0.153685 0.262196 0.981171 0.155669 0.237913 0.906776 0.159616 0.237202 0.905936 0.162891 0.24754 0.978197 0.188291 0.25006 0.981171 0.176688 0.256858 0.896488 0.151843 0.317196 0.944713 0.14914 0.252536 0.891387 0.171743 0.301879 0.926638 0.219663 0.237239 0.904601 0.166076 0.247671 0.973467 0.199579 0.254792 0.898662 0.150129 0.309875 0.952418 0.143069 0.255016 0.890548 0.169491 0.310667 0.923664 0.211679 0.238021 0.902862 0.168955 0.250442 0.967302 0.209783 0.254792 0.898662 0.150129 0.252275 0.900836 0.149197 0.300957 0.960122 0.139764 0.309875 0.952418 0.143069 0.257029 0.890262 0.166699 0.317804 0.92265 0.201787 0.239495 0.900836 0.171333 0.255667 0.960122 0.218208 0.249479 0.902862 0.149109 0.291048 0.967302 0.139452 0.25844 0.890548 0.163559 0.322802 0.923664 0.19066 0.241561 0.898662 0.173046 0.262988 0.952418 0.22428 0.246594 0.904601 0.149871 0.280825 0.973467 0.142154 0.259151 0.891387 0.160285 0.325323 0.926638 0.179058 0.243817 0.905936 0.151432 0.270984 0.978197 0.147685 0.259114 0.892722 0.1571 0.325192 0.931369 0.167769 0.291362 0.933908 0.220186 0.300016 0.929748 0.215322 0.249654 0.900738 0.162441 0.291048 0.967302 0.139452 0.280825 0.973467 0.142154 0.281501 0.970928 0.147162 0.290491 0.965506 0.144786 0.322802 0.923664 0.19066 0.325323 0.926638 0.179058 0.320632 0.929748 0.179615 0.318415 0.927133 0.189818 0.271906 0.944713 0.227584 0.273658 0.945643 0.222288 0.270984 0.978197 0.147685 0.272847 0.975088 0.152026 0.325192 0.931369 0.167769 0.320517 0.933908 0.169688 0.281815 0.937534 0.227896 0.282372 0.939329 0.222562 0.262196 0.981171 0.155669 0.265119 0.977703 0.159047 0.255059 0.982186 0.165561 0.25006 0.981171 0.176688 0.254447 0.977703 0.177531 0.258843 0.978595 0.167746 0.322421 0.937534 0.157565 0.318079 0.939329 0.160715 0.292038 0.931369 0.225195 0.24754 0.978197 0.188291 0.252231 0.975088 0.187734 0.317196 0.944713 0.14914 0.313485 0.945643 0.153306 0.301879 0.926638 0.219663 0.247671 0.973467 0.199579 0.252346 0.970928 0.197661 0.309875 0.952418 0.143069 0.307047 0.952418 0.147967 0.310667 0.923664 0.211679 0.307744 0.927133 0.208301 0.250442 0.967302 0.209783 0.254783 0.965506 0.206634 0.300957 0.960122 0.139764 0.299204 0.959193 0.145061 0.317804 0.92265 0.201787 0.31402 0.926241 0.199602 0.252231 0.975088 0.187734 0.252346 0.970928 0.197661 0.249654 0.900738 0.162441 0.313485 0.945643 0.153306 0.307047 0.952418 0.147967 0.249654 0.900738 0.162441 0.307047 0.952418 0.147967 0.299204 0.959193 0.145061 0.249654 0.900738 0.162441 0.290491 0.965506 0.144786 0.259378 0.959193 0.214043 0.265816 0.952418 0.219382 0.281501 0.970928 0.147162 0.318415 0.927133 0.189818 0.320632 0.929748 0.179615 0.273658 0.945643 0.222288 0.272847 0.975088 0.152026 0.320517 0.933908 0.169688 0.282372 0.939329 0.222562 0.265119 0.977703 0.159047 0.258843 0.978595 0.167746 0.254447 0.977703 0.177531 0.318079 0.939329 0.160715 0.254447 0.977703 0.177531 0.238843 0.903872 0.167864 0.229395 0.910135 0.168985 0.240847 0.923247 0.174594 0.252135 0.888558 0.182114 0.261574 0.90358 0.186561 0.248382 0.894821 0.173372 0.26344 0.896055 0.144287 0.272582 0.910122 0.151571 0.257745 0.896055 0.154151 0.256502 0.902638 0.140281 0.265645 0.916705 0.147565 0.272582 0.910122 0.151571 0.26344 0.896055 0.144287 0.250807 0.902638 0.150146 0.265645 0.916705 0.147565 0.256502 0.902638 0.140281 0.256341 0.891529 0.167598 0.269532 0.900289 0.180787 0.260093 0.885266 0.17634 0.181814 0.979515 0.0812294 0.190438 0.979515 0.0456836 0.162747 1 0.0417023 0.155378 1 0.0720796 0.186973 0.979515 -0.0270562 0.17501 0.979515 -0.0616213 0.149562 1 -0.05 0.159786 1 -0.0204608 0.0542042 0.979515 0.202905 0.088161 0.979515 0.189311 0.075342 1 0.164446 0.0463227 1 0.176063 0.190438 0.90906 0.0456836 0.181814 0.90906 0.0812294 0.372363 0.744812 0.147179 0.390024 0.744812 0.0743798 0.156721 0.90906 -0.0932977 0.156721 0.979515 -0.0932977 0.17501 0.979515 -0.0616213 0.17501 0.90906 -0.0616213 0.186973 0.979515 -0.0270562 0.186973 0.90906 -0.0270562 0.192178 0.979515 0.00914827 0.192178 0.90906 0.00914828 0.17501 0.90906 -0.0616213 0.186973 0.90906 -0.0270562 0.382927 0.744812 -0.0745942 0.358426 0.744812 -0.145385 0.145403 0.979515 0.144295 0.16662 0.979515 0.114501 0.142393 1 0.100513 0.124261 1 0.125976 0.190438 0.979515 0.0456836 0.190438 0.90906 0.0456836 0.088161 0.90906 0.189311 0.0542042 0.90906 0.202905 0.111012 0.744812 0.396376 0.180557 0.744812 0.368535 0.190438 0.90906 0.0456836 0.190438 0.979515 0.0456836 0.181814 0.979515 0.0812294 0.181814 0.90906 0.0812294 0.16662 0.979515 0.114501 0.16662 0.90906 0.114501 0.192178 0.979515 0.00914827 0.164235 1 0.0104794 0.145403 0.979515 0.144295 0.145403 0.90906 0.144295 0.118931 0.979515 0.169536 0.118931 0.90906 0.169536 0.16662 0.90906 0.114501 0.145403 0.90906 0.144295 0.297791 0.744812 0.276341 0.341244 0.744812 0.21532 0.088161 0.979515 0.189311 0.088161 0.90906 0.189311 0.0542042 0.979515 0.202905 0.0542042 0.90906 0.202905 0.156721 0.979515 -0.0932977 0.133933 1 -0.0770705 0.0182884 0.979515 0.209828 0.0182884 0.90906 0.209828 0.192178 0.90906 0.00914828 0.393588 0.744812 -0.000446004 0.118931 0.979515 0.169536 0.101638 1 0.147546 0.156721 0.90906 -0.0932977 0.320971 0.744812 -0.210259 0.118931 0.90906 0.169536 0.243576 0.744812 0.328035 0.0182884 0.979515 0.209828 0.0156292 1 0.181979 0.393588 0.744812 -0.000446004 0.390024 0.744812 0.0743798 0.43645 0.35543 0.081055 0.440438 0.35543 -0.00267769 0.0182884 0.90906 0.209828 0.0374553 0.744812 0.410553 0.416687 0.35543 0.16252 0.43645 0.35543 0.081055 0.372363 0.744812 0.147179 0.341244 0.744812 0.21532 0.381864 0.35543 0.238772 0.416687 0.35543 0.16252 0.297791 0.744812 0.276341 0.333239 0.35543 0.307056 0.243576 0.744812 0.328035 0.27257 0.35543 0.364904 0.180557 0.744812 0.368535 0.202049 0.35543 0.410224 0.111012 0.744812 0.396376 0.124227 0.35543 0.44138 0.0374553 0.744812 0.410553 0.0419137 0.35543 0.457244 0.320971 0.744812 -0.210259 0.358426 0.744812 -0.145385 0.401091 0.35543 -0.164869 0.359177 0.35543 -0.237466 0.382927 0.744812 -0.0745942 0.428509 0.35543 -0.085652 0.202049 0.35543 0.410224 0.124227 0.35543 0.44138 0.128504 0.35543 0.455949 0.209007 0.35543 0.42372 0.0419137 0.35543 0.457244 0.043357 0.35543 0.472359 0.359177 0.35543 -0.237466 0.401091 0.35543 -0.164869 0.414903 0.35543 -0.171177 0.371546 0.35543 -0.246274 0.428509 0.35543 -0.085652 0.443264 0.35543 -0.0892318 0.440438 0.35543 -0.00267769 0.455605 0.35543 -0.00340016 0.451479 0.35543 0.0832159 0.431035 0.35543 0.167486 0.381864 0.35543 0.238772 0.395013 0.35543 0.246364 0.333239 0.35543 0.307056 0.344714 0.35543 0.316999 0.27257 0.35543 0.364904 0.281956 0.35543 0.376839 0.128504 0.35543 0.455949 0.043357 0.35543 0.472359 0.043357 0.338359 0.472359 0.128504 0.338359 0.455949 0.371546 0.35543 -0.246274 0.414903 0.35543 -0.171177 0.414903 0.338359 -0.171177 0.371546 0.338359 -0.246274 0.443264 0.35543 -0.0892318 0.443264 0.338359 -0.0892318 0.455605 0.35543 -0.00340016 0.455605 0.338359 -0.00340016 0.451479 0.35543 0.0832159 0.451479 0.338359 0.0832159 0.451479 0.35543 0.0832159 0.431035 0.35543 0.167486 0.431035 0.338359 0.167486 0.451479 0.338359 0.0832159 0.395013 0.35543 0.246364 0.395013 0.338359 0.246364 0.344714 0.35543 0.316999 0.344714 0.338359 0.316999 0.281956 0.35543 0.376839 0.281956 0.338359 0.376839 0.209007 0.35543 0.42372 0.209007 0.338359 0.42372 0.371546 0.338359 -0.246274 0.414903 0.338359 -0.171177 0.38547 0.338359 -0.157735 0.345189 0.338359 -0.227505 0.443264 0.338359 -0.0892318 0.41182 0.338359 -0.0816034 0.455605 0.338359 -0.00340016 0.423285 0.338359 -0.00186057 0.451479 0.338359 0.0832159 0.419452 0.338359 0.078611 0.431035 0.338359 0.167486 0.400458 0.338359 0.156903 0.395013 0.338359 0.246364 0.366991 0.338359 0.230185 0.344714 0.338359 0.316999 0.32026 0.338359 0.29581 0.281956 0.338359 0.376839 0.261954 0.338359 0.351405 0.209007 0.338359 0.42372 0.19418 0.338359 0.39496 0.128504 0.338359 0.455949 0.119388 0.338359 0.424902 0.043357 0.338359 0.472359 0.0402813 0.338359 0.440149 0.345189 0.338359 -0.227505 0.38547 0.338359 -0.157735 0.38547 0.274855 -0.157735 0.345189 0.274855 -0.227505 0.41182 0.338359 -0.0816034 0.41182 0.274855 -0.0816033 0.423285 0.338359 -0.00186057 0.423285 0.274855 -0.00186055 0.419452 0.338359 0.078611 0.419452 0.274855 0.078611 0.419452 0.338359 0.078611 0.400458 0.338359 0.156903 0.400458 0.274855 0.156903 0.419452 0.274855 0.078611 0.366991 0.338359 0.230185 0.366991 0.274855 0.230185 0.32026 0.338359 0.29581 0.32026 0.274855 0.29581 0.261954 0.338359 0.351405 0.261954 0.274855 0.351405 0.19418 0.338359 0.39496 0.19418 0.274855 0.39496 0.119388 0.338359 0.424902 0.119388 0.274855 0.424902 0.0402813 0.338359 0.440149 0.0402813 0.274855 0.440149 0.373483 0.274855 -0.247653 0.417067 0.274855 -0.172165 0.417067 0.257784 -0.172165 0.373483 0.257784 -0.247653 0.345189 0.274855 -0.227505 0.38547 0.274855 -0.157735 0.417067 0.274855 -0.172165 0.373483 0.274855 -0.247653 0.41182 0.274855 -0.0816033 0.445576 0.274855 -0.0897925 0.423285 0.274855 -0.00186055 0.457981 0.274855 -0.00351332 0.419452 0.274855 0.078611 0.453833 0.274855 0.0835544 0.400458 0.274855 0.156903 0.433283 0.274855 0.168264 0.366991 0.274855 0.230185 0.397073 0.274855 0.247553 0.32026 0.274855 0.29581 0.346512 0.274855 0.318557 0.261954 0.274855 0.351405 0.283426 0.274855 0.378709 0.19418 0.274855 0.39496 0.210097 0.274855 0.425834 0.119388 0.274855 0.424902 0.129174 0.274855 0.458231 0.0402813 0.274855 0.440149 0.0435831 0.274855 0.474727 0.417067 0.257784 -0.172165 0.445576 0.257784 -0.0897925 0.429687 0.257784 -0.0859379 0.402194 0.257784 -0.165373 0.445576 0.274855 -0.0897925 0.445576 0.257784 -0.0897925 0.457981 0.274855 -0.00351332 0.457981 0.257784 -0.00351332 0.453833 0.274855 0.0835544 0.453833 0.257784 0.0835544 0.453833 0.274855 0.0835544 0.433283 0.274855 0.168264 0.433283 0.257784 0.168264 0.453833 0.257784 0.0835544 0.397073 0.274855 0.247553 0.397073 0.257784 0.247553 0.346512 0.274855 0.318557 0.346512 0.257784 0.318557 0.283426 0.274855 0.378709 0.283426 0.257784 0.378709 0.210097 0.274855 0.425834 0.210097 0.257784 0.425834 0.129174 0.274855 0.458231 0.129174 0.257784 0.458231 0.0435831 0.274855 0.474727 0.0435831 0.257784 0.474727 0.429687 0.257784 -0.0859379 0.44165 0.257784 -0.00273537 0.335521 -0.581075 0.00232027 0.326433 -0.581075 -0.0608887 0.457981 0.257784 -0.00351332 0.44165 0.257784 -0.00273537 0.453833 0.257784 0.0835544 0.43765 0.257784 0.0812276 0.433283 0.257784 0.168264 0.417833 0.257784 0.162916 0.397073 0.257784 0.247553 0.382914 0.257784 0.239378 0.346512 0.257784 0.318557 0.334155 0.257784 0.30785 0.283426 0.257784 0.378709 0.273319 0.257784 0.365857 0.210097 0.257784 0.425834 0.202605 0.257784 0.411302 0.129174 0.257784 0.458231 0.124568 0.257784 0.442543 0.0435831 0.257784 0.474727 0.042029 0.257784 0.458452 0.373483 0.257784 -0.247653 0.360165 0.257784 -0.238169 0.335521 -0.581075 0.00232027 0.332483 -0.581075 0.0661069 0.344103 -0.581075 0.0677776 0.347248 -0.581075 0.00176168 0.43765 0.257784 0.0812276 0.332483 -0.581075 0.0661069 0.43765 0.257784 0.0812276 0.417833 0.257784 0.162916 0.317427 -0.581075 0.128166 0.332483 -0.581075 0.0661069 0.382914 0.257784 0.239378 0.290899 -0.581075 0.186254 0.334155 0.257784 0.30785 0.253858 -0.581075 0.238272 0.273319 0.257784 0.365857 0.207641 -0.581075 0.28234 0.202605 0.257784 0.411302 0.153919 -0.581075 0.316864 0.124568 0.257784 0.442543 0.0946344 -0.581075 0.340598 0.042029 0.257784 0.458452 0.0319294 -0.581075 0.352684 0.360165 0.257784 -0.238169 0.402194 0.257784 -0.165373 0.305547 -0.581075 -0.121235 0.273617 -0.581075 -0.176539 0.344103 -0.581075 0.0677776 0.328521 -0.581075 0.132005 0.241333 -0.676673 0.101829 0.252779 -0.676673 0.0546472 0.317427 -0.581075 0.128166 0.328521 -0.581075 0.132005 0.290899 -0.581075 0.186254 0.301066 -0.581075 0.192124 0.253858 -0.581075 0.238272 0.26273 -0.581075 0.24596 0.207641 -0.581075 0.28234 0.214898 -0.581075 0.291568 0.153919 -0.581075 0.316864 0.159299 -0.581075 0.327299 0.0946344 -0.581075 0.340598 0.0979419 -0.581075 0.351863 0.0319294 -0.581075 0.352684 0.0330454 -0.581075 0.36437 0.273617 -0.581075 -0.176539 0.305547 -0.581075 -0.121235 0.316226 -0.581075 -0.126112 0.28318 -0.581075 -0.183349 0.326433 -0.581075 -0.0608887 0.337842 -0.581075 -0.0636564 0.117021 -0.676673 0.245292 0.0719483 -0.676673 0.263337 1.00926e-07 -0.676673 0.0183031 0.301066 -0.581075 0.192124 0.221164 -0.676673 0.145992 0.26273 -0.581075 0.24596 0.193002 -0.676673 0.18554 0.26273 -0.581075 0.24596 0.214898 -0.581075 0.291568 0.157864 -0.676673 0.219044 0.193002 -0.676673 0.18554 0.159299 -0.581075 0.327299 0.117021 -0.676673 0.245292 0.0979419 -0.581075 0.351863 0.0719483 -0.676673 0.263337 0.0330454 -0.581075 0.36437 0.0242752 -0.676673 0.272525 0.28318 -0.581075 -0.183349 0.316226 -0.581075 -0.126112 0.2323 -0.676673 -0.0877848 0.208025 -0.676673 -0.129831 0.337842 -0.581075 -0.0636564 0.248179 -0.676673 -0.0419045 0.337842 -0.581075 -0.0636564 0.347248 -0.581075 0.00176168 0.255089 -0.676673 0.00615173 0.248179 -0.676673 -0.0419045 0.157864 -0.676673 0.219044 0.2323 -0.676673 -0.0877848 0.208025 -0.676673 -0.129831 0.0242752 -0.676673 0.272525 9.76222e-08 1 0.0183028 0.0940996 -0.784192 -0.0947689 0.0882311 -0.784192 -0.0806011 0.0936376 -0.752184 -0.0791523 0.0989469 -0.752184 -0.0919703 0.198891 -0.784192 -0.0114788 0.211009 -0.784192 -0.0272711 0.195847 -0.784192 -0.0360251 0.186511 -0.784192 -0.0238589 0.0355589 -1 -0.00222664 0.0789371 -0.784192 -0.0272711 0.0713195 -0.784192 -0.0456616 0.0229375 -1 -0.0326976 0.0882311 -0.784192 -0.050193 0.0940996 -0.784192 -0.0360251 0.0989469 -0.752184 -0.0388237 0.0936376 -0.752184 -0.0516416 0.221225 -0.784192 -0.0653971 0.218627 -0.784192 -0.0851325 0.201715 -0.784192 -0.0806011 0.203717 -0.784192 -0.0653971 0.0687213 -0.784192 -0.065397 0.0186325 -1 -0.065397 0.174345 -0.784192 -0.116271 0.160177 -0.784192 -0.122139 0.158729 -0.752184 -0.116733 0.171547 -0.752184 -0.111423 0.198891 -0.784192 -0.119315 0.183099 -0.784192 -0.131433 0.174345 -0.784192 -0.116271 0.186511 -0.784192 -0.106935 0.0713195 -0.784192 -0.0851325 0.0229374 -1 -0.0980964 0.201715 -0.784192 -0.0806011 0.195847 -0.784192 -0.0947689 0.191 -0.752184 -0.0919703 0.196309 -0.752184 -0.0791523 0.144973 -0.784192 -0.141649 0.125238 -0.784192 -0.139051 0.129769 -0.784192 -0.122139 0.144973 -0.784192 -0.124141 0.0229374 -1 -0.0980964 0.0713195 -0.784192 -0.0851325 0.0789372 -0.784192 -0.103523 0.0355589 -1 -0.128567 0.195847 -0.784192 -0.0360251 0.201715 -0.784192 -0.0501931 0.196309 -0.752184 -0.0516416 0.191 -0.752184 -0.0388237 0.091055 -0.784192 -0.119315 0.0789372 -0.784192 -0.103523 0.0940996 -0.784192 -0.0947689 0.103435 -0.784192 -0.106935 0.091055 -0.784192 -0.119315 0.0556368 -1 -0.154733 0.103435 -0.784192 -0.0238589 0.107393 -0.752184 -0.0278166 0.106847 -0.784192 -0.131433 0.0818028 -1 -0.174811 0.160177 -0.784192 -0.00865493 0.174345 -0.784192 -0.0145235 0.171547 -0.752184 -0.0193707 0.158729 -0.752184 -0.0140613 0.125238 -0.784192 0.00825667 0.144973 -0.784192 0.0108549 0.144973 -0.784192 -0.00665326 0.129769 -0.784192 -0.0086549 0.125238 -0.784192 -0.139051 0.112274 -1 -0.187433 0.115601 -0.784192 -0.0145234 0.129769 -0.784192 -0.0086549 0.131218 -0.752184 -0.0140613 0.1184 -0.752184 -0.0193707 0.183099 -0.784192 0.000639036 0.174345 -0.784192 -0.0145235 0.144973 -0.784192 -0.141649 0.144973 -1 -0.191738 0.0882311 -0.784192 -0.0806011 0.0862294 -0.784192 -0.065397 0.0918266 -0.752184 -0.065397 0.0936376 -0.752184 -0.0791523 0.218627 -0.784192 -0.0456616 0.201715 -0.784192 -0.0501931 0.164709 -0.784192 -0.139051 0.177673 -1 -0.187433 0.115601 -0.784192 -0.116271 0.103435 -0.784192 -0.106935 0.107393 -0.752184 -0.102977 0.1184 -0.752184 -0.111423 0.211009 -0.784192 -0.103523 0.195847 -0.784192 -0.0947689 0.177673 -1 -0.187433 0.164709 -0.784192 -0.139051 0.183099 -0.784192 -0.131433 0.208144 -1 -0.174811 0.160177 -0.784192 -0.122139 0.144973 -0.784192 -0.124141 0.144973 -0.752184 -0.118544 0.158729 -0.752184 -0.116733 0.164709 -0.784192 -0.139051 0.160177 -0.784192 -0.122139 0.198891 -0.784192 -0.119315 0.234309 -1 -0.154733 0.186511 -0.784192 -0.106935 0.182554 -0.752184 -0.102977 0.106847 -0.784192 -0.131433 0.115601 -0.784192 -0.116271 0.211009 -0.784192 -0.103523 0.254387 -1 -0.128567 0.201715 -0.784192 -0.0501931 0.203717 -0.784192 -0.0653971 0.19812 -0.752184 -0.065397 0.196309 -0.752184 -0.0516416 0.0713195 -0.784192 -0.0851325 0.0687213 -0.784192 -0.065397 0.0862294 -0.784192 -0.065397 0.0882311 -0.784192 -0.0806011 0.218627 -0.784192 -0.0851325 0.267009 -1 -0.0980964 0.186511 -0.784192 -0.0238589 0.182554 -0.752184 -0.0278167 0.0789371 -0.784192 -0.0272711 0.091055 -0.784192 -0.0114788 0.103435 -0.784192 -0.0238589 0.0940996 -0.784192 -0.0360251 0.221225 -0.784192 -0.0653971 0.271314 -1 -0.065397 0.129769 -0.784192 -0.0086549 0.144973 -0.784192 -0.00665326 0.144973 -0.752184 -0.0122504 0.131218 -0.752184 -0.0140613 0.106847 -0.784192 0.000639085 0.115601 -0.784192 -0.0145234 0.271314 -1 -0.065397 0.267009 -1 -0.0326976 0.164709 -0.784192 0.00825663 0.160177 -0.784192 -0.00865493 0.267009 -1 -0.0326976 0.218627 -0.784192 -0.0456616 0.211009 -0.784192 -0.0272711 0.254387 -1 -0.00222666 0.198891 -0.784192 -0.0114788 0.23431 -1 0.0239394 0.129769 -0.784192 -0.122139 0.131218 -0.752184 -0.116733 0.183099 -0.784192 0.000639036 0.208144 -1 0.0440172 0.164709 -0.784192 0.00825663 0.177673 -1 0.0566387 0.144973 -0.784192 0.0108549 0.144973 -1 0.0609437 0.125238 -0.784192 0.00825667 0.112274 -1 0.0566388 0.196309 -0.752184 -0.0791523 0.191 -0.752184 -0.0919703 0.198187 -0.752184 -0.0961201 0.204326 -0.752184 -0.0813004 0.0713195 -0.784192 -0.0456616 0.0882311 -0.784192 -0.050193 0.112274 -1 0.0566388 0.125238 -0.784192 0.00825667 0.106847 -0.784192 0.000639085 0.0818029 -1 0.0440173 0.091055 -0.784192 -0.0114788 0.0556369 -1 0.0239394 0.0556368 -1 -0.154733 0.0818028 -1 -0.174811 0.0882571 -1 -0.163632 0.0647646 -1 -0.145606 0.204326 -0.752184 -0.0494936 0.206419 -0.752184 -0.065397 0.206419 -0.742274 -0.065397 0.204326 -0.742274 -0.0494935 0.144973 -0.752184 -0.0122504 0.158729 -0.752184 -0.0140613 0.160877 -0.752184 -0.00604455 0.144973 -0.752184 -0.00395079 0.107393 -0.752184 -0.102977 0.0989469 -0.752184 -0.0919703 0.0917593 -0.752184 -0.0961201 0.101524 -0.752184 -0.108846 0.182554 -0.752184 -0.102977 0.188422 -0.752184 -0.108846 0.171547 -0.752184 -0.0193707 0.175696 -0.752184 -0.012183 0.171547 -0.752184 -0.111423 0.175696 -0.752184 -0.118611 0.182554 -0.752184 -0.0278167 0.188422 -0.752184 -0.021948 0.0936376 -0.752184 -0.0791523 0.0918266 -0.752184 -0.065397 0.0835271 -0.752184 -0.065397 0.0856208 -0.752184 -0.0813004 0.158729 -0.752184 -0.116733 0.160877 -0.752184 -0.124749 0.191 -0.752184 -0.0388237 0.198187 -0.752184 -0.0346739 0.0936376 -0.752184 -0.0516416 0.0856208 -0.752184 -0.0494935 0.0989469 -0.752184 -0.0388237 0.107393 -0.752184 -0.0278166 0.101524 -0.752184 -0.0219479 0.0917593 -0.752184 -0.0346739 0.144973 -0.752184 -0.118544 0.144973 -0.752184 -0.126843 0.196309 -0.752184 -0.0516416 0.204326 -0.752184 -0.0494936 0.1184 -0.752184 -0.0193707 0.11425 -0.752184 -0.012183 0.131218 -0.752184 -0.116733 0.12907 -0.752184 -0.124749 0.19812 -0.752184 -0.065397 0.206419 -0.752184 -0.065397 0.131218 -0.752184 -0.0140613 0.12907 -0.752184 -0.00604452 0.1184 -0.752184 -0.111423 0.11425 -0.752184 -0.118611 0.188422 -0.742274 -0.108846 0.175696 -0.742274 -0.118611 0.169396 -0.742274 -0.107699 0.179512 -0.742274 -0.0999361 0.11425 -0.752184 -0.012183 0.12907 -0.752184 -0.00604452 0.12907 -0.742274 -0.0060445 0.11425 -0.742274 -0.012183 0.12907 -0.752184 -0.124749 0.11425 -0.752184 -0.118611 0.11425 -0.742274 -0.118611 0.12907 -0.742274 -0.124749 0.204326 -0.752184 -0.0813004 0.204326 -0.742274 -0.0813004 0.12907 -0.752184 -0.00604452 0.144973 -0.752184 -0.00395079 0.144973 -0.742274 -0.00395078 0.12907 -0.742274 -0.0060445 0.198187 -0.752184 -0.0961201 0.198187 -0.742274 -0.0961201 0.160877 -0.752184 -0.00604455 0.160877 -0.742274 -0.00604453 0.101524 -0.752184 -0.108846 0.0917593 -0.752184 -0.0961201 0.0917593 -0.742274 -0.0961201 0.101524 -0.742274 -0.108846 0.188422 -0.752184 -0.108846 0.188422 -0.742274 -0.108846 0.175696 -0.752184 -0.012183 0.175696 -0.742274 -0.012183 0.0856208 -0.752184 -0.0813004 0.0856208 -0.742274 -0.0813004 0.175696 -0.752184 -0.118611 0.175696 -0.742274 -0.118611 0.188422 -0.752184 -0.021948 0.188422 -0.742274 -0.021948 0.160877 -0.752184 -0.124749 0.160877 -0.742274 -0.124749 0.198187 -0.752184 -0.0346739 0.198187 -0.742274 -0.0346739 0.0917593 -0.752184 -0.0346739 0.101524 -0.752184 -0.0219479 0.101524 -0.742274 -0.0219479 0.0917593 -0.742274 -0.0346739 0.160877 -0.752184 -0.124749 0.144973 -0.752184 -0.126843 0.144973 -0.742274 -0.126843 0.160877 -0.742274 -0.124749 0.204326 -0.752184 -0.0494936 0.204326 -0.742274 -0.0494935 0.0856208 -0.752184 -0.0494935 0.0856208 -0.742274 -0.0494935 0.12055 -0.742274 -0.0230953 0.132331 -0.742274 -0.0182156 0.134078 -0.695376 -0.0247342 0.123925 -0.695376 -0.0289398 0.175696 -0.742274 -0.012183 0.188422 -0.742274 -0.021948 0.179512 -0.742274 -0.0308579 0.169396 -0.742274 -0.0230953 0.0856208 -0.742274 -0.0813004 0.0835271 -0.742274 -0.065397 0.0961276 -0.742274 -0.065397 0.0977919 -0.742274 -0.0780392 0.160877 -0.742274 -0.124749 0.157615 -0.742274 -0.112578 0.198187 -0.742274 -0.0346739 0.187275 -0.742274 -0.0409741 0.0856208 -0.742274 -0.0494935 0.0977919 -0.742274 -0.0527548 0.0917593 -0.742274 -0.0346739 0.101524 -0.742274 -0.0219479 0.110434 -0.742274 -0.0308578 0.102672 -0.742274 -0.0409741 0.144973 -0.742274 -0.126843 0.144973 -0.742274 -0.114243 0.204326 -0.742274 -0.0494935 0.192155 -0.742274 -0.0527548 0.11425 -0.742274 -0.012183 0.12055 -0.742274 -0.0230953 0.12907 -0.742274 -0.124749 0.132331 -0.742274 -0.112578 0.206419 -0.742274 -0.065397 0.193819 -0.742274 -0.065397 0.12907 -0.742274 -0.0060445 0.132331 -0.742274 -0.0182156 0.11425 -0.742274 -0.118611 0.12055 -0.742274 -0.107699 0.204326 -0.742274 -0.0813004 0.192155 -0.742274 -0.0780392 0.144973 -0.742274 -0.00395078 0.144973 -0.742274 -0.0165512 0.101524 -0.742274 -0.108846 0.110434 -0.742274 -0.0999362 0.198187 -0.742274 -0.0961201 0.187275 -0.742274 -0.0898199 0.160877 -0.742274 -0.00604453 0.157616 -0.742274 -0.0182156 0.0917593 -0.742274 -0.0961201 0.102672 -0.742274 -0.0898199 0.0315411 -1 -0.065397 0.0354062 -1 -0.0947554 0.144973 -0.67992 -0.0653969 0.132331 -0.742274 -0.112578 0.12055 -0.742274 -0.107699 0.123925 -0.695376 -0.101854 0.134078 -0.695376 -0.10606 0.193819 -0.742274 -0.065397 0.192155 -0.742274 -0.0780392 0.185636 -0.695376 -0.0762924 0.18707 -0.695376 -0.0653969 0.132331 -0.742274 -0.0182156 0.144973 -0.742274 -0.0165512 0.144973 -0.695376 -0.0232998 0.134078 -0.695376 -0.0247342 0.110434 -0.742274 -0.0999362 0.115206 -0.695376 -0.095164 0.187275 -0.742274 -0.0898199 0.18143 -0.695376 -0.0864454 0.157616 -0.742274 -0.0182156 0.155869 -0.695376 -0.0247343 0.102672 -0.742274 -0.0898199 0.108516 -0.695376 -0.0864454 0.179512 -0.742274 -0.0999361 0.17474 -0.695376 -0.095164 0.169396 -0.742274 -0.0230953 0.166022 -0.695376 -0.0289398 0.0977919 -0.742274 -0.0780392 0.104311 -0.695376 -0.0762924 0.169396 -0.742274 -0.107699 0.166022 -0.695376 -0.101854 0.179512 -0.742274 -0.0308579 0.17474 -0.695376 -0.0356298 0.0977919 -0.742274 -0.0780392 0.0961276 -0.742274 -0.065397 0.102876 -0.695376 -0.0653969 0.104311 -0.695376 -0.0762924 0.157615 -0.742274 -0.112578 0.155869 -0.695376 -0.106059 0.187275 -0.742274 -0.0409741 0.18143 -0.695376 -0.0443484 0.0977919 -0.742274 -0.0527548 0.104311 -0.695376 -0.0545014 0.102672 -0.742274 -0.0409741 0.110434 -0.742274 -0.0308578 0.115206 -0.695376 -0.0356298 0.108516 -0.695376 -0.0443484 0.157615 -0.742274 -0.112578 0.144973 -0.742274 -0.114243 0.144973 -0.695376 -0.107494 0.155869 -0.695376 -0.106059 0.192155 -0.742274 -0.0527548 0.185636 -0.695376 -0.0545014 0.192155 -0.742274 -0.0527548 0.185636 -0.695376 -0.0545014 0.144973 -1 -0.191738 0.177673 -1 -0.187433 0.174332 -1 -0.174964 0.144973 -1 -0.178829 0.234309 -1 -0.154733 0.254387 -1 -0.128567 0.243208 -1 -0.122113 0.225182 -1 -0.145606 0.23431 -1 0.0239394 0.208144 -1 0.0440172 0.201689 -1 0.0328381 0.225182 -1 0.0148116 0.144973 -1 0.0609437 0.112274 -1 0.0566388 0.115615 -1 0.04417 0.144973 -1 0.0480351 0.0229375 -1 -0.0326976 0.0186325 -1 -0.065397 0.0315411 -1 -0.065397 0.0354062 -1 -0.0360386 0.0355589 -1 -0.128567 0.0467381 -1 -0.122113 0.0355589 -1 -0.00222664 0.0467381 -1 -0.00868093 0.112274 -1 -0.187433 0.115615 -1 -0.174964 0.208144 -1 -0.174811 0.201689 -1 -0.163632 0.254387 -1 -0.00222666 0.243208 -1 -0.00868096 0.177673 -1 0.0566387 0.174332 -1 0.04417 0.0818029 -1 0.0440173 0.0556369 -1 0.0239394 0.0647646 -1 0.0148117 0.0882572 -1 0.0328381 0.0229374 -1 -0.0980964 0.0354062 -1 -0.0947554 0.267009 -1 -0.0980964 0.25454 -1 -0.0947554 0.267009 -1 -0.0326976 0.25454 -1 -0.0360386 0.18143 -0.695376 -0.0864454 0.17474 -0.695376 -0.095164 0.18076 -0.695376 -0.101183 0.188803 -0.695376 -0.0907018 0.225182 -1 0.0148116 0.201689 -1 0.0328381 0.144973 -0.67992 -0.0653969 0.201689 -1 -0.163632 0.225182 -1 -0.145606 0.144973 -0.67992 -0.0653969 0.0354062 -1 -0.0947554 0.0467381 -1 -0.122113 0.144973 -0.67992 -0.0653969 0.174332 -1 0.04417 0.243208 -1 -0.122113 0.0647646 -1 -0.145606 0.25454 -1 -0.0947554 0.0882571 -1 -0.163632 0.144973 -1 0.0480351 0.115615 -1 0.04417 0.115615 -1 0.04417 0.0882572 -1 0.0328381 0.25454 -1 -0.0360386 0.243208 -1 -0.00868096 0.0354062 -1 -0.0360386 0.115206 -0.695376 -0.095164 0.108516 -0.695376 -0.0864454 0.101144 -0.695376 -0.0907018 0.109187 -0.695376 -0.101183 0.144973 -0.695376 -0.0232998 0.155869 -0.695376 -0.0247343 0.158072 -0.695376 -0.0165116 0.144973 -0.695376 -0.0147871 0.185636 -0.695376 -0.0762924 0.193859 -0.695376 -0.0784957 0.123925 -0.695376 -0.101854 0.119668 -0.695376 -0.109226 0.134078 -0.695376 -0.0247342 0.131875 -0.695376 -0.0165116 0.18707 -0.695376 -0.0653969 0.195583 -0.695376 -0.0653969 0.134078 -0.695376 -0.10606 0.131875 -0.695376 -0.114282 0.123925 -0.695376 -0.0289398 0.119668 -0.695376 -0.0215675 0.185636 -0.695376 -0.0545014 0.193859 -0.695376 -0.0522981 0.144973 -0.695376 -0.107494 0.144973 -0.695376 -0.116007 0.115206 -0.695376 -0.0356298 0.109187 -0.695376 -0.0296103 0.104311 -0.695376 -0.0545014 0.108516 -0.695376 -0.0443484 0.101144 -0.695376 -0.040092 0.096088 -0.695376 -0.0522981 0.18143 -0.695376 -0.0443484 0.188803 -0.695376 -0.040092 0.102876 -0.695376 -0.0653969 0.0943635 -0.695376 -0.0653969 0.17474 -0.695376 -0.0356298 0.18076 -0.695376 -0.0296103 0.166022 -0.695376 -0.101854 0.155869 -0.695376 -0.106059 0.158072 -0.695376 -0.114282 0.170278 -0.695376 -0.109226 0.104311 -0.695376 -0.0762924 0.096088 -0.695376 -0.0784957 0.166022 -0.695376 -0.0289398 0.170278 -0.695376 -0.0215675 0.144973 -0.690436 -0.00793214 0.1301 -0.690436 -0.00989019 0.20048 -0.690436 -0.0802699 0.202438 -0.690436 -0.0653969 0.116241 -0.690436 -0.115163 0.1301 -0.690436 -0.120904 0.116241 -0.690436 -0.0156309 0.0952074 -0.690436 -0.0366645 0.0894667 -0.690436 -0.0505239 0.20048 -0.690436 -0.0505239 0.144973 -0.690436 -0.122862 0.10434 -0.690436 -0.0247631 0.194739 -0.690436 -0.0366645 0.159846 -0.690436 -0.120904 0.0875086 -0.690436 -0.0653969 0.185607 -0.690436 -0.0247632 0.173706 -0.690436 -0.115163 0.0894667 -0.690436 -0.0802699 0.185607 -0.690436 -0.106031 0.0952074 -0.690436 -0.0941293 0.194739 -0.690436 -0.0941293 0.10434 -0.690436 -0.106031 0.159846 -0.690436 -0.00989024 0.202438 -0.690436 -0.0653969 0.20048 -0.690436 -0.0802699 0.20048 -0.673642 -0.0802699 0.202438 -0.673642 -0.0653969 0.0952074 -0.690436 -0.0366645 0.10434 -0.690436 -0.0247631 0.10434 -0.673642 -0.0247632 0.0952074 -0.673642 -0.0366645 0.116241 -0.690436 -0.115163 0.10434 -0.690436 -0.106031 0.10434 -0.673642 -0.106031 0.116241 -0.673642 -0.115163 0.194739 -0.690436 -0.0941293 0.194739 -0.673642 -0.0941293 0.144973 -0.690436 -0.00793214 0.159846 -0.690436 -0.00989024 0.159846 -0.673642 -0.00989024 0.144973 -0.673642 -0.00793215 0.0952074 -0.690436 -0.0941293 0.0952074 -0.673642 -0.0941293 0.185607 -0.690436 -0.106031 0.185607 -0.673642 -0.106031 0.173706 -0.690436 -0.015631 0.173706 -0.673642 -0.015631 0.0894667 -0.690436 -0.0802699 0.0894667 -0.673642 -0.0802699 0.173706 -0.690436 -0.115163 0.173706 -0.673642 -0.115163 0.0894667 -0.690436 -0.0802699 0.0875086 -0.690436 -0.0653969 0.0875086 -0.673642 -0.0653969 0.0894667 -0.673642 -0.0802699 0.159846 -0.690436 -0.120904 0.159846 -0.673642 -0.120904 0.1301 -0.690436 -0.00989019 0.1301 -0.673642 -0.00989019 0.0894667 -0.690436 -0.0505239 0.0894667 -0.673642 -0.0505239 0.159846 -0.690436 -0.120904 0.144973 -0.690436 -0.122862 0.144973 -0.673642 -0.122862 0.159846 -0.673642 -0.120904 0.194739 -0.690436 -0.0366645 0.20048 -0.690436 -0.0505239 0.20048 -0.673642 -0.0505239 0.194739 -0.673642 -0.0366645 0.116241 -0.690436 -0.0156309 0.1301 -0.690436 -0.00989019 0.1301 -0.673642 -0.00989019 0.116241 -0.673642 -0.0156309 0.1301 -0.690436 -0.120904 0.1301 -0.673642 -0.120904 0.20048 -0.690436 -0.0505239 0.20048 -0.673642 -0.0505239 0.383664 0.235717 0.321668 0.394045 0.219785 0.303686 0.389877 0.238066 0.289093 0.381681 0.250644 0.303288 0.338402 0.431906 0.358363 0.324322 0.395207 0.382751 0.315471 0.35247 0.398082 0.312452 0.306607 0.403311 0.489652 0.306607 0.0963906 0.486633 0.35247 0.10162 0.477782 0.395207 0.11695 0.463702 0.431906 0.141338 0.445352 0.460067 0.173121 0.423983 0.477769 0.210132 0.401052 0.483807 0.249851 0.378121 0.477769 0.289569 0.356752 0.460067 0.326581 0.419108 0.201988 0.260275 0.386334 0.201988 0.241353 0.399873 0.205552 0.217904 0.432647 0.205552 0.236826 0.375697 0.25648 0.335465 0.375393 0.267035 0.31418 0.38212 0.23263 0.324341 0.392954 0.216004 0.305577 0.394045 0.219785 0.303686 0.383664 0.235717 0.321668 0.412489 0.216004 0.196052 0.445263 0.216004 0.214974 0.366799 0.306607 0.350878 0.368581 0.279529 0.347791 0.37069 0.280659 0.344139 0.368982 0.306607 0.347097 0.423323 0.23263 0.177287 0.456097 0.23263 0.19621 0.394045 0.393429 0.303686 0.383664 0.377497 0.321668 0.381682 0.36257 0.303288 0.389877 0.375147 0.289092 0.38212 0.380584 0.324341 0.373807 0.358916 0.33874 0.375698 0.356733 0.335465 0.383664 0.377497 0.321668 0.456097 0.23263 0.19621 0.423323 0.23263 0.177287 0.431636 0.254297 0.162889 0.46441 0.254297 0.181811 0.375698 0.356733 0.335465 0.37069 0.332554 0.344139 0.37144 0.327091 0.321027 0.375393 0.346179 0.31418 0.419108 0.411226 0.260275 0.40557 0.407661 0.283725 0.406135 0.403444 0.282747 0.419108 0.40686 0.260275 0.419108 0.206354 0.260275 0.432082 0.20977 0.237804 0.419905 0.23016 0.237083 0.409663 0.227463 0.254822 0.315471 0.35247 0.398082 0.29894 0.35247 0.388538 0.295921 0.306607 0.393767 0.312452 0.306607 0.403311 0.419905 0.383054 0.237083 0.409663 0.385751 0.254822 0.403914 0.349374 0.251503 0.409448 0.347917 0.241917 0.324322 0.395207 0.382751 0.307791 0.395207 0.373207 0.445263 0.39721 0.214974 0.432647 0.407661 0.236826 0.432082 0.403444 0.237804 0.444172 0.393429 0.216865 0.338402 0.431906 0.358363 0.321872 0.431906 0.348819 0.419108 0.201988 0.260275 0.432647 0.205552 0.236826 0.432082 0.20977 0.237804 0.419108 0.206354 0.260275 0.356752 0.460067 0.326581 0.340221 0.460067 0.317037 0.46441 0.358916 0.181811 0.431636 0.358916 0.162889 0.423323 0.380584 0.177287 0.456097 0.380584 0.19621 0.469636 0.333684 0.17276 0.46441 0.358916 0.181811 0.462519 0.356733 0.185086 0.467527 0.332554 0.176412 0.378121 0.477769 0.289569 0.36159 0.477769 0.280025 0.340221 0.460067 0.317037 0.356752 0.460067 0.326581 0.456097 0.380584 0.19621 0.423323 0.380584 0.177287 0.412489 0.39721 0.196052 0.445263 0.39721 0.214974 0.401052 0.483807 0.249851 0.384521 0.483807 0.240307 0.399873 0.407661 0.217904 0.432647 0.407661 0.236826 0.445263 0.216004 0.214974 0.444172 0.219785 0.216865 0.423983 0.477769 0.210132 0.407453 0.477769 0.200588 0.386334 0.411226 0.241353 0.419108 0.411226 0.260275 0.373807 0.254297 0.33874 0.375697 0.25648 0.335465 0.445352 0.460067 0.173121 0.428822 0.460067 0.163577 0.372796 0.407661 0.264803 0.40557 0.407661 0.283725 0.368581 0.333684 0.347791 0.37069 0.332554 0.344139 0.463702 0.431906 0.141338 0.447171 0.431906 0.131794 0.36018 0.39721 0.286655 0.392954 0.39721 0.305577 0.392954 0.39721 0.305577 0.394045 0.393429 0.303686 0.477782 0.395207 0.11695 0.461251 0.395207 0.107406 0.447171 0.431906 0.131794 0.463702 0.431906 0.141338 0.392954 0.39721 0.305577 0.36018 0.39721 0.286655 0.349346 0.380584 0.305419 0.38212 0.380584 0.324341 0.486633 0.35247 0.10162 0.470103 0.35247 0.0920757 0.341033 0.358916 0.319818 0.373807 0.358916 0.33874 0.456097 0.380584 0.19621 0.454553 0.377496 0.198883 0.489652 0.306607 0.0963906 0.473122 0.306607 0.0868467 0.335807 0.333684 0.328869 0.368581 0.333684 0.347791 0.334025 0.306607 0.331956 0.366799 0.306607 0.350878 0.469636 0.279529 0.17276 0.471418 0.306607 0.169673 0.469235 0.306607 0.173454 0.467527 0.280659 0.176412 0.335807 0.279529 0.328869 0.368581 0.279529 0.347791 0.456097 0.23263 0.19621 0.454553 0.235717 0.198883 0.46441 0.254297 0.181811 0.462519 0.25648 0.185086 0.341033 0.254297 0.319818 0.373807 0.254297 0.33874 0.307791 0.395207 0.373207 0.321872 0.431906 0.348819 0.340221 0.460067 0.317037 0.36159 0.477769 0.280025 0.384521 0.483807 0.240307 0.407453 0.477769 0.200588 0.428822 0.460067 0.163577 0.447171 0.431906 0.131794 0.461251 0.395207 0.107406 0.470103 0.35247 0.0920757 0.473122 0.306607 0.0868467 0.295921 0.306607 0.393767 0.29894 0.35247 0.388538 0.40557 0.205552 0.283725 0.406135 0.20977 0.282747 0.373807 0.254297 0.33874 0.341033 0.254297 0.319818 0.349346 0.23263 0.305419 0.38212 0.23263 0.324341 0.36018 0.216004 0.286655 0.392954 0.216004 0.305577 0.399873 0.205552 0.217904 0.386334 0.201988 0.241353 0.372796 0.205552 0.264803 0.36018 0.216004 0.286655 0.349346 0.23263 0.305419 0.341033 0.254297 0.319818 0.335807 0.279529 0.328869 0.334025 0.306607 0.331956 0.335807 0.333684 0.328869 0.341033 0.358916 0.319818 0.349346 0.380584 0.305419 0.36018 0.39721 0.286655 0.372796 0.407661 0.264803 0.386334 0.411226 0.241353 0.399873 0.407661 0.217904 0.412489 0.39721 0.196052 0.423323 0.380584 0.177287 0.431636 0.358916 0.162889 0.436862 0.333684 0.153838 0.438644 0.306607 0.150751 0.436862 0.279529 0.153838 0.431636 0.254297 0.162889 0.423323 0.23263 0.177287 0.412489 0.216004 0.196052 0.399421 0.383054 0.272562 0.372796 0.205552 0.264803 0.40557 0.205552 0.283725 0.437645 0.250644 0.206357 0.429449 0.238066 0.220552 0.489652 0.306607 0.0963906 0.312452 0.306607 0.403311 0.295921 0.306607 0.393767 0.473122 0.306607 0.0868467 0.37069 0.280659 0.344139 0.375697 0.25648 0.335465 0.375393 0.267035 0.31418 0.37144 0.286123 0.321027 0.368982 0.306607 0.347097 0.370091 0.306607 0.323363 0.389877 0.375147 0.289092 0.429449 0.375147 0.220552 0.437645 0.36257 0.206357 0.443933 0.346179 0.195464 0.419905 0.23016 0.237083 0.447887 0.327091 0.188617 0.449235 0.306607 0.186282 0.447887 0.286123 0.188617 0.443933 0.267035 0.195464 0.403914 0.263839 0.251503 0.409448 0.265297 0.241917 0.414606 0.269569 0.232984 0.419034 0.276366 0.225313 0.422433 0.285223 0.219427 0.424569 0.295538 0.215727 0.425297 0.306607 0.214465 0.424569 0.317676 0.215727 0.422433 0.32799 0.219427 0.419034 0.336848 0.225313 0.414606 0.343644 0.232984 0.398379 0.347917 0.261089 0.393222 0.343644 0.270022 0.388793 0.336848 0.277692 0.385395 0.327991 0.283578 0.383259 0.317676 0.287279 0.38253 0.306607 0.288541 0.383259 0.295538 0.287279 0.385395 0.285223 0.283578 0.388793 0.276366 0.277692 0.393222 0.269569 0.270022 0.398379 0.265297 0.261089 0.381682 0.36257 0.303288 0.370091 0.306607 0.323363 0.37144 0.286123 0.321027 0.381681 0.250644 0.303288 0.389877 0.238066 0.289093 0.37144 0.327091 0.321027 0.375393 0.267035 0.31418 0.375393 0.346179 0.31418 0.409663 0.227463 0.254822 0.409539 0.406646 0.270765 0.398607 0.480213 0.264453 0.389794 0.480213 0.259365 0.389794 0.406646 0.259365 0.4462 0.308102 0.161666 0.482581 0.308101 0.0986521 0.491394 0.308101 0.10374 0.465945 0.308102 0.173066 0.403663 0.406646 0.235343 0.403663 0.480213 0.235343 0.412476 0.480213 0.240431 0.423408 0.406646 0.246743 0.465945 0.33584 0.173066 0.491394 0.33584 0.10374 0.482581 0.33584 0.0986521 0.4462 0.33584 0.161666 0.403663 0.480213 0.235343 0.389794 0.480213 0.259365 0.398607 0.480213 0.264453 0.412476 0.480213 0.240431 0.465945 0.308102 0.173066 0.491394 0.308101 0.10374 0.491394 0.33584 0.10374 0.465945 0.33584 0.173066 0.482581 0.308101 0.0986521 0.482581 0.33584 0.0986521 0.491394 0.33584 0.10374 0.491394 0.308101 0.10374 0.347256 0.33584 0.333043 0.310875 0.33584 0.396056 0.319688 0.33584 0.401145 0.367001 0.33584 0.344442 0.367001 0.308102 0.344442 0.319688 0.308102 0.401145 0.310875 0.308102 0.396056 0.347256 0.308102 0.333043 0.367001 0.33584 0.344442 0.319688 0.33584 0.401145 0.319688 0.308102 0.401145 0.367001 0.308102 0.344442 0.310875 0.33584 0.396056 0.310875 0.308102 0.396056 0.319688 0.308102 0.401145 0.319688 0.33584 0.401145 0.410457 0.240419 0.273052 0.410457 0.277374 0.273052 0.396912 0.273965 0.289841 0.396912 0.243828 0.289841 0.425847 0.240419 0.246395 0.425847 0.277374 0.246395 0.395024 0.240419 0.264142 0.410414 0.240419 0.237484 0.425847 0.240419 0.246395 0.410457 0.240419 0.273052 0.408085 0.306427 0.241518 0.397352 0.306427 0.260108 0.412785 0.306427 0.269019 0.423519 0.306427 0.250428 0.425847 0.277374 0.246395 0.410414 0.277374 0.237484 0.408085 0.306427 0.241518 0.423519 0.306427 0.250428 0.395024 0.277374 0.264142 0.410457 0.277374 0.273052 0.412785 0.306427 0.269019 0.397352 0.306427 0.260108 0.423519 0.306427 0.250428 0.412785 0.306427 0.269019 0.396912 0.243828 0.289841 0.396912 0.273965 0.289841 0.384368 0.273965 0.282598 0.384368 0.243828 0.282598 0.42107 0.243828 0.219028 0.42107 0.273965 0.219028 0.433614 0.273965 0.22627 0.433614 0.243828 0.22627 0.410414 0.277374 0.237484 0.425847 0.277374 0.246395 0.433614 0.273965 0.22627 0.42107 0.273965 0.219028 0.410457 0.277374 0.273052 0.395024 0.277374 0.264142 0.384368 0.273965 0.282598 0.396912 0.273965 0.289841 0.396912 0.243828 0.289841 0.384368 0.243828 0.282598 0.42107 0.243828 0.219028 0.433614 0.243828 0.22627 0.4203 0.375766 0.260963 0.415092 0.373694 0.269983 0.422504 0.370142 0.272564 0.426977 0.371922 0.264818 0.4203 0.310744 0.260963 0.391974 0.310744 0.244609 0.399208 0.313622 0.232081 0.427533 0.313622 0.248434 0.432872 0.358964 0.239186 0.429922 0.367794 0.244296 0.43524 0.365076 0.250505 0.437774 0.357493 0.246117 0.413066 0.383474 0.273492 0.406934 0.37528 0.284113 0.410677 0.367794 0.277631 0.415092 0.373694 0.269983 0.40534 0.321816 0.221459 0.433665 0.321817 0.237813 0.410677 0.329302 0.277631 0.415092 0.323402 0.269983 0.422504 0.326954 0.272564 0.418713 0.33202 0.279131 0.433665 0.37528 0.237813 0.427533 0.383474 0.248434 0.425507 0.373694 0.251943 0.429922 0.367794 0.244296 0.433665 0.321817 0.237813 0.40534 0.321816 0.221459 0.409437 0.334081 0.214362 0.437763 0.334081 0.230716 0.425507 0.323402 0.251943 0.429922 0.329302 0.244296 0.43524 0.332021 0.250505 0.431449 0.326954 0.257072 0.437763 0.334081 0.230716 0.439202 0.348548 0.228224 0.433908 0.348548 0.237392 0.432872 0.338132 0.239186 0.410876 0.348548 0.21187 0.439202 0.348548 0.228224 0.433908 0.348548 0.237392 0.438663 0.348548 0.244576 0.413066 0.313622 0.273492 0.4203 0.310744 0.260963 0.4203 0.32133 0.260963 0.415092 0.323402 0.269983 0.409437 0.363015 0.214362 0.437763 0.363015 0.230716 0.425507 0.373694 0.251943 0.431449 0.370142 0.257072 0.40534 0.37528 0.221459 0.433665 0.37528 0.237813 0.4203 0.32133 0.260963 0.426977 0.325175 0.264818 0.402836 0.363015 0.29121 0.407727 0.358964 0.28274 0.433665 0.37528 0.237813 0.40534 0.37528 0.221459 0.399208 0.383474 0.232081 0.427533 0.383474 0.248434 0.416179 0.357493 0.283519 0.418713 0.365076 0.279131 0.4203 0.386352 0.260963 0.4203 0.375766 0.260963 0.391974 0.386352 0.244609 0.4203 0.386352 0.260963 0.407727 0.338132 0.28274 0.410677 0.329302 0.277631 0.418713 0.33202 0.279131 0.416179 0.339603 0.283519 0.427533 0.313622 0.248434 0.425507 0.323402 0.251943 0.384741 0.383474 0.257138 0.413066 0.383474 0.273492 0.437763 0.363015 0.230716 0.432872 0.358964 0.239186 0.413066 0.383474 0.273492 0.384741 0.383474 0.257138 0.378608 0.37528 0.26776 0.406934 0.37528 0.284113 0.432872 0.338132 0.239186 0.437774 0.339603 0.246117 0.433665 0.321817 0.237813 0.429922 0.329302 0.244296 0.374511 0.363015 0.274857 0.402836 0.363015 0.29121 0.429922 0.367794 0.244296 0.43524 0.365076 0.250505 0.406934 0.321816 0.284113 0.373072 0.348548 0.277349 0.401397 0.348548 0.293702 0.410677 0.367794 0.277631 0.418713 0.365076 0.279131 0.401397 0.348548 0.293702 0.406691 0.348548 0.284534 0.374511 0.334081 0.274857 0.402836 0.334081 0.29121 0.378608 0.321816 0.26776 0.406934 0.321816 0.284113 0.429922 0.329302 0.244296 0.43524 0.332021 0.250505 0.406934 0.321816 0.284113 0.378608 0.321816 0.26776 0.384741 0.313622 0.257138 0.413066 0.313622 0.273492 0.41529 0.348548 0.28506 0.426977 0.325175 0.264818 0.431449 0.326954 0.257072 0.43524 0.332021 0.250505 0.437774 0.339603 0.246117 0.438663 0.348548 0.244576 0.437774 0.357493 0.246117 0.43524 0.365076 0.250505 0.431449 0.370142 0.257072 0.426977 0.371922 0.264818 0.422504 0.370142 0.272564 0.422504 0.326954 0.272564 0.373403 -0.119359 0.229484 0.417905 0.205081 0.255177 0.391679 0.209878 0.240036 0.347177 -0.114563 0.214343 0.347177 -0.114563 0.214343 0.391679 0.209878 0.240036 0.401405 0.209878 0.223191 0.356903 -0.114563 0.197498 0.356903 -0.114563 0.197498 0.401405 0.209878 0.223191 0.42763 0.205081 0.238333 0.383129 -0.119359 0.21264 0.383129 -0.119359 0.21264 0.42763 0.205081 0.238333 0.417905 0.205081 0.255177 0.373403 -0.119359 0.229484 0.29369 -0.530762 0.19452 0.350113 -0.119412 0.227095 0.355876 -0.119412 0.217114 0.299453 -0.530762 0.184538 0.36959 -0.119359 0.236089 0.343364 -0.114563 0.220948 0.387866 0.209878 0.246641 0.414092 0.205081 0.261783 0.343364 -0.114563 0.220948 0.333639 -0.114563 0.237793 0.378141 0.209878 0.263486 0.387866 0.209878 0.246641 0.333639 -0.114563 0.237793 0.359865 -0.119359 0.252934 0.404366 0.205081 0.278627 0.378141 0.209878 0.263486 0.359865 -0.119359 0.252934 0.36959 -0.119359 0.236089 0.414092 0.205081 0.261783 0.404366 0.205081 0.278627 0.303549 -0.532565 0.200212 0.359972 -0.121215 0.232787 0.350113 -0.119412 0.227095 0.29369 -0.530762 0.19452 0.360076 -0.125588 0.2559 0.361672 -0.11395 0.256821 0.330965 -0.108334 0.239092 0.329369 -0.119972 0.238171 0.329369 -0.119972 0.238171 0.330965 -0.108334 0.239092 0.356692 -0.108334 0.194532 0.355095 -0.119972 0.193611 0.329369 -0.119972 0.238171 0.355095 -0.119972 0.193611 0.385803 -0.125588 0.21134 0.360076 -0.125588 0.2559 0.299453 -0.530762 0.184538 0.355876 -0.119412 0.217114 0.365734 -0.121215 0.222806 0.309312 -0.532565 0.19023 0.309312 -0.532565 0.19023 0.365734 -0.121215 0.222806 0.359972 -0.121215 0.232787 0.303549 -0.532565 0.200212 0.29369 -0.530762 0.19452 0.299453 -0.530762 0.184538 0.309312 -0.532565 0.19023 0.303549 -0.532565 0.200212 0.347904 -0.204498 0.234941 0.348751 -0.198317 0.235431 0.332444 -0.195335 0.226016 0.331596 -0.201515 0.225526 0.331596 -0.201515 0.225526 0.332444 -0.195335 0.226016 0.346106 -0.195335 0.202352 0.345259 -0.201515 0.201862 0.345259 -0.201515 0.201862 0.346106 -0.195335 0.202352 0.362414 -0.198317 0.211767 0.361566 -0.204498 0.211278 0.331596 -0.201515 0.225526 0.345259 -0.201515 0.201862 0.361566 -0.204498 0.211278 0.347904 -0.204498 0.234941 0.346106 -0.195335 0.202352 0.332444 -0.195335 0.226016 0.348751 -0.198317 0.235431 0.362414 -0.198317 0.211767 0.341891 -0.248336 0.23147 0.342738 -0.242156 0.231959 0.326431 -0.239173 0.222544 0.325583 -0.245353 0.222055 0.325583 -0.245353 0.222055 0.326431 -0.239173 0.222544 0.340093 -0.239173 0.19888 0.339246 -0.245353 0.198391 0.339246 -0.245353 0.198391 0.340093 -0.239173 0.19888 0.356401 -0.242156 0.208295 0.355553 -0.248336 0.207806 0.355553 -0.248336 0.207806 0.356401 -0.242156 0.208295 0.342738 -0.242156 0.231959 0.341891 -0.248336 0.23147 0.325583 -0.245353 0.222055 0.339246 -0.245353 0.198391 0.355553 -0.248336 0.207806 0.341891 -0.248336 0.23147 0.340093 -0.239173 0.19888 0.326431 -0.239173 0.222544 0.342738 -0.242156 0.231959 0.356401 -0.242156 0.208295 0.321509 -0.396927 0.219703 0.322357 -0.390747 0.220192 0.306049 -0.387764 0.210777 0.305202 -0.393944 0.210288 0.305202 -0.393944 0.210288 0.306049 -0.387764 0.210777 0.319712 -0.387764 0.187113 0.318864 -0.393944 0.186624 0.318864 -0.393944 0.186624 0.319712 -0.387764 0.187113 0.336019 -0.390747 0.196528 0.335172 -0.396927 0.196039 0.335172 -0.396927 0.196039 0.336019 -0.390747 0.196528 0.322357 -0.390747 0.220192 0.321509 -0.396927 0.219703 0.305202 -0.393944 0.210288 0.318864 -0.393944 0.186624 0.335172 -0.396927 0.196039 0.321509 -0.396927 0.219703 0.319712 -0.387764 0.187113 0.306049 -0.387764 0.210777 0.322357 -0.390747 0.220192 0.336019 -0.390747 0.196528 0.317513 -0.426062 0.217395 0.318361 -0.419882 0.217885 0.302053 -0.4169 0.20847 0.301205 -0.42308 0.20798 0.301205 -0.42308 0.20798 0.302053 -0.4169 0.20847 0.315716 -0.4169 0.184806 0.314868 -0.42308 0.184316 0.314868 -0.42308 0.184316 0.315716 -0.4169 0.184806 0.332023 -0.419882 0.194221 0.331175 -0.426062 0.193731 0.331175 -0.426062 0.193731 0.332023 -0.419882 0.194221 0.318361 -0.419882 0.217885 0.317513 -0.426062 0.217395 0.301205 -0.42308 0.20798 0.314868 -0.42308 0.184316 0.331175 -0.426062 0.193731 0.317513 -0.426062 0.217395 0.315716 -0.4169 0.184806 0.302053 -0.4169 0.20847 0.318361 -0.419882 0.217885 0.332023 -0.419882 0.194221 0.360195 -0.214605 0.179138 0.370342 -0.216461 0.184997 0.370281 -0.256128 0.172536 0.360134 -0.254272 0.166677 0.355299 -0.217021 0.186852 0.360195 -0.214605 0.179138 0.360134 -0.254272 0.166677 0.355239 -0.256688 0.174392 0.349951 -0.287271 0.172874 0.362093 -0.248559 0.164105 0.373076 -0.250568 0.170445 0.360934 -0.289279 0.179214 0.374588 -0.20986 0.179732 0.364441 -0.208005 0.173874 0.366901 -0.198989 0.172469 0.377048 -0.200844 0.178328 0.356558 -0.244349 0.175026 0.344416 -0.28306 0.183795 0.355398 -0.285069 0.190136 0.367541 -0.246358 0.181367 0.366915 -0.189973 0.175302 0.377062 -0.191828 0.18116 0.355398 -0.285069 0.190136 0.360934 -0.289279 0.179214 0.373076 -0.250568 0.170445 0.367541 -0.246358 0.181367 0.377062 -0.191828 0.18116 0.366915 -0.189973 0.175302 0.364479 -0.183372 0.181612 0.374626 -0.185228 0.18747 0.344416 -0.28306 0.183795 0.349951 -0.287271 0.172874 0.360934 -0.289279 0.179214 0.355398 -0.285069 0.190136 0.360246 -0.180957 0.189708 0.370393 -0.182812 0.195567 0.356558 -0.244349 0.175026 0.362093 -0.248559 0.164105 0.349951 -0.287271 0.172874 0.344416 -0.28306 0.183795 0.35535 -0.183372 0.197422 0.365497 -0.185228 0.203281 0.370342 -0.216461 0.184997 0.365446 -0.218876 0.192711 0.365386 -0.258544 0.18025 0.370281 -0.256128 0.172536 0.365497 -0.185228 0.203281 0.35535 -0.183372 0.197422 0.351104 -0.189973 0.202687 0.361251 -0.191828 0.208545 0.365446 -0.218876 0.192711 0.355299 -0.217021 0.186852 0.355239 -0.256688 0.174392 0.365386 -0.258544 0.18025 0.348644 -0.198989 0.204091 0.358791 -0.200844 0.20995 0.365386 -0.258544 0.18025 0.355239 -0.256688 0.174392 0.360134 -0.254272 0.166677 0.370281 -0.256128 0.172536 0.34863 -0.208005 0.201259 0.358777 -0.20986 0.207117 0.351066 -0.214605 0.194949 0.34863 -0.208005 0.201259 0.348644 -0.198989 0.204091 0.351104 -0.189973 0.202687 0.35535 -0.183372 0.197422 0.360246 -0.180957 0.189708 0.364479 -0.183372 0.181612 0.366915 -0.189973 0.175302 0.366901 -0.198989 0.172469 0.364441 -0.208005 0.173874 0.367541 -0.246358 0.181367 0.373076 -0.250568 0.170445 0.362093 -0.248559 0.164105 0.356558 -0.244349 0.175026 0.358777 -0.20986 0.207117 0.34863 -0.208005 0.201259 0.351066 -0.214605 0.194949 0.361213 -0.216461 0.200807 0.355299 -0.217021 0.186852 0.365446 -0.218876 0.192711 0.374588 -0.20986 0.179732 0.377048 -0.200844 0.178328 0.377062 -0.191828 0.18116 0.374626 -0.185228 0.18747 0.370393 -0.182812 0.195567 0.365497 -0.185228 0.203281 0.361251 -0.191828 0.208545 0.358791 -0.200844 0.20995 0.358777 -0.20986 0.207117 0.361213 -0.216461 0.200807 0.321014 -0.382561 0.198017 0.351359 -0.285821 0.176103 0.357941 -0.287025 0.179904 0.327597 -0.383765 0.201817 0.348041 -0.283298 0.182649 0.317697 -0.380038 0.204562 0.324279 -0.381242 0.208362 0.354623 -0.284501 0.186449 0.324279 -0.381242 0.208362 0.327597 -0.383765 0.201817 0.357941 -0.287025 0.179904 0.354623 -0.284501 0.186449 0.348041 -0.283298 0.182649 0.351359 -0.285821 0.176103 0.321014 -0.382561 0.198017 0.317697 -0.380038 0.204562 0.324441 -0.386724 0.215074 0.329392 -0.350629 0.217933 0.315435 -0.348077 0.209875 0.310484 -0.384172 0.207017 0.310484 -0.384172 0.207017 0.315435 -0.348077 0.209875 0.323624 -0.348077 0.195692 0.318673 -0.384172 0.192834 0.318673 -0.384172 0.192834 0.323624 -0.348077 0.195692 0.33758 -0.350629 0.20375 0.332629 -0.386724 0.200891 0.332629 -0.386724 0.200891 0.33758 -0.350629 0.20375 0.329392 -0.350629 0.217933 0.324441 -0.386724 0.215074 0.310484 -0.384172 0.207017 0.318673 -0.384172 0.192834 0.332629 -0.386724 0.200891 0.324441 -0.386724 0.215074 0.323624 -0.348077 0.195692 0.315435 -0.348077 0.209875 0.329392 -0.350629 0.217933 0.33758 -0.350629 0.20375 0.319385 -0.214605 0.249823 0.308563 -0.254272 0.256002 0.31871 -0.256128 0.26186 0.329532 -0.216461 0.255682 0.323617 -0.217021 0.241727 0.312796 -0.256688 0.247905 0.308563 -0.254272 0.256002 0.319385 -0.214605 0.249823 0.327096 -0.20986 0.261992 0.327109 -0.200844 0.264824 0.316962 -0.198989 0.258966 0.316949 -0.208005 0.256133 0.314005 -0.244349 0.24873 0.324987 -0.246358 0.255071 0.32651 -0.285069 0.240171 0.315528 -0.28306 0.23383 0.32651 -0.285069 0.240171 0.324987 -0.246358 0.255071 0.318297 -0.250568 0.265325 0.31982 -0.289279 0.250425 0.329569 -0.191828 0.26342 0.333816 -0.185228 0.258155 0.323669 -0.183372 0.252297 0.319422 -0.189973 0.257561 0.315528 -0.28306 0.23383 0.32651 -0.285069 0.240171 0.31982 -0.289279 0.250425 0.308837 -0.287271 0.244085 0.333816 -0.185228 0.258155 0.338711 -0.182812 0.250441 0.328564 -0.180957 0.244583 0.323669 -0.183372 0.252297 0.314005 -0.244349 0.24873 0.315528 -0.28306 0.23383 0.308837 -0.287271 0.244085 0.307314 -0.248559 0.258985 0.342944 -0.185228 0.242344 0.332797 -0.183372 0.236486 0.329532 -0.216461 0.255682 0.31871 -0.256128 0.26186 0.322943 -0.258544 0.253763 0.333764 -0.218876 0.247585 0.34538 -0.191828 0.236035 0.335233 -0.189973 0.230176 0.333764 -0.218876 0.247585 0.322943 -0.258544 0.253763 0.312796 -0.256688 0.247905 0.323617 -0.217021 0.241727 0.34538 -0.191828 0.236035 0.345366 -0.200844 0.233202 0.335219 -0.198989 0.227344 0.335233 -0.189973 0.230176 0.322943 -0.258544 0.253763 0.31871 -0.256128 0.26186 0.308563 -0.254272 0.256002 0.312796 -0.256688 0.247905 0.342907 -0.20986 0.234607 0.332759 -0.208005 0.228748 0.316949 -0.208005 0.256133 0.316962 -0.198989 0.258966 0.319422 -0.189973 0.257561 0.323669 -0.183372 0.252297 0.328564 -0.180957 0.244583 0.332797 -0.183372 0.236486 0.335233 -0.189973 0.230176 0.335219 -0.198989 0.227344 0.332759 -0.208005 0.228748 0.328513 -0.214605 0.234013 0.342907 -0.20986 0.234607 0.33866 -0.216461 0.239871 0.328513 -0.214605 0.234013 0.332759 -0.208005 0.228748 0.333764 -0.218876 0.247585 0.323617 -0.217021 0.241727 0.33866 -0.216461 0.239871 0.342907 -0.20986 0.234607 0.345366 -0.200844 0.233202 0.34538 -0.191828 0.236035 0.342944 -0.185228 0.242344 0.338711 -0.182812 0.250441 0.333816 -0.185228 0.258155 0.329569 -0.191828 0.26342 0.327109 -0.200844 0.264824 0.327096 -0.20986 0.261992 0.316143 -0.382561 0.206453 0.322726 -0.383765 0.210253 0.31892 -0.287025 0.247489 0.312338 -0.285821 0.243689 0.326735 -0.381242 0.204108 0.32293 -0.284501 0.241343 0.31892 -0.287025 0.247489 0.322726 -0.383765 0.210253 0.2127 0.860111 0.187619 0.225671 0.878338 0.195107 0.27391 0.879474 0.136798 0.273311 0.885979 0.141714 0.26948 0.891244 0.135536 0.244078 0.896488 0.173979 0.246874 0.894462 0.174067 0.281815 0.937534 0.227896 0.271906 0.944713 0.227584 0.254783 0.965506 0.206634 0.230416 0.913426 0.159206 0.239864 0.907164 0.158084 0.241868 0.926539 0.164815 0.229395 0.910135 0.168985 0.230416 0.913426 0.159206 0.241868 0.926539 0.164815 0.240847 0.923247 0.174594 0.0856208 -0.752184 -0.0813004 0.0835271 -0.752184 -0.065397 0.0835271 -0.742274 -0.065397 0.0856208 -0.742274 -0.0813004 0.271314 -1 -0.065397 0.258405 -1 -0.065397 0.258405 -1 -0.065397 0.115615 -1 -0.174964 0.25454 -1 -0.0360386 0.144973 -1 -0.178829 0.0647646 -1 0.0148117 0.0467381 -1 -0.00868093 0.174332 -1 -0.174964 0.174332 -1 -0.174964 0.173706 -0.690436 -0.015631 0.185607 -0.690436 -0.0247632 0.185607 -0.673642 -0.0247632 0.406135 0.20977 0.282747 0.399421 0.23016 0.272562 0.436862 0.279529 0.153838 0.469636 0.279529 0.17276 0.438644 0.306607 0.150751 0.471418 0.306607 0.169673 0.436862 0.333684 0.153838 0.469636 0.333684 0.17276 0.399421 0.23016 0.272562 0.423408 0.406646 0.246743 0.412476 0.480213 0.240431 0.398607 0.480213 0.264453 0.409539 0.406646 0.270765 0.433614 0.243828 0.22627 0.433614 0.273965 0.22627 0.402836 0.334081 0.29121 0.355095 -0.119972 0.193611 0.356692 -0.108334 0.194532 0.387399 -0.11395 0.212261 0.385803 -0.125588 0.21134 0.385803 -0.125588 0.21134 0.387399 -0.11395 0.212261 0.361672 -0.11395 0.256821 0.360076 -0.125588 0.2559 0.356692 -0.108334 0.194532 0.330965 -0.108334 0.239092 0.361672 -0.11395 0.256821 0.387399 -0.11395 0.212261 0.361566 -0.204498 0.211278 0.362414 -0.198317 0.211767 0.348751 -0.198317 0.235431 0.347904 -0.204498 0.234941 0.308837 -0.287271 0.244085 0.31982 -0.289279 0.250425 0.318297 -0.250568 0.265325 0.307314 -0.248559 0.258985 0.324987 -0.246358 0.255071 0.314005 -0.244349 0.24873 0.307314 -0.248559 0.258985 0.318297 -0.250568 0.265325 0.316348 -0.283298 0.237543 0.32293 -0.284501 0.241343 0.326735 -0.381242 0.204108 0.320153 -0.380038 0.200307 0.316348 -0.283298 0.237543 0.320153 -0.380038 0.200307 0.316143 -0.382561 0.206453 0.312338 -0.285821 0.243689 -0.207658 0.896939 0.106718 -0.2191 0.891438 0.100287 -0.220633 0.885685 0.111635 -0.21188 0.889893 0.116554 -0.179064 0.887416 0.121686 -0.189141 0.901576 0.127503 -0.183329 0.900397 0.140441 -0.173252 0.886237 0.134623 -0.246471 0.866964 0.112448 -0.252982 0.860111 0.117848 -0.265952 0.878338 0.125337 -0.259441 0.88519 0.119937 -0.242508 0.875922 0.097508 -0.252878 0.866964 0.10135 -0.246471 0.866964 0.112448 -0.238538 0.873816 0.109509 -0.180399 0.896939 0.153932 -0.170322 0.882779 0.148114 -0.198256 0.873816 0.179279 -0.19361 0.880202 0.171786 -0.20658 0.898428 0.179274 -0.211227 0.892043 0.186768 -0.267465 0.849658 0.118206 -0.270688 0.842489 0.130071 -0.260094 0.848243 0.134418 -0.257629 0.853726 0.125342 -0.18055 0.891438 0.167057 -0.170474 0.877279 0.161239 -0.221513 0.853726 0.187896 -0.2127 0.860111 0.187618 -0.225671 0.878338 0.195107 -0.234484 0.871952 0.195384 -0.267909 0.833531 0.156687 -0.262097 0.832352 0.169624 -0.253523 0.840488 0.164674 -0.257968 0.84139 0.154778 -0.183773 0.88427 0.178922 -0.173697 0.87011 0.173104 -0.247175 0.84139 0.173472 -0.239359 0.844035 0.180573 -0.252329 0.862261 0.188062 -0.260146 0.859616 0.180961 -0.243581 0.836989 0.19041 -0.232138 0.842489 0.196841 -0.230606 0.848243 0.185493 -0.239359 0.844035 0.180573 -0.189848 0.875922 0.188718 -0.179771 0.861762 0.1829 -0.20873 0.858006 0.19962 -0.19836 0.866964 0.195778 -0.204768 0.866964 0.184679 -0.2127 0.860111 0.187618 -0.179771 0.861762 0.1829 -0.189848 0.875922 0.188718 -0.19836 0.866964 0.195778 -0.188284 0.852804 0.18996 -0.183773 0.88427 0.178922 -0.18055 0.891438 0.167057 -0.191144 0.885685 0.16271 -0.19361 0.880202 0.171786 -0.20873 0.858006 0.19962 -0.198654 0.843846 0.193802 -0.229725 0.880202 0.109232 -0.238538 0.873816 0.109509 -0.251509 0.892043 0.116998 -0.242696 0.898428 0.11672 -0.183329 0.900397 0.140441 -0.189141 0.901576 0.127503 -0.197716 0.89344 0.132454 -0.19327 0.892538 0.14235 -0.220251 0.849658 0.199982 -0.210175 0.835498 0.194165 -0.204063 0.892538 0.123655 -0.21188 0.889893 0.116554 -0.224851 0.908119 0.124043 -0.217034 0.910764 0.131144 -0.197439 0.900397 0.116001 -0.204063 0.892538 0.123655 -0.232138 0.842489 0.196841 -0.222061 0.82833 0.191023 -0.19327 0.892538 0.14235 -0.197716 0.89344 0.132454 -0.210686 0.911666 0.139942 -0.206241 0.910764 0.149839 -0.230987 0.88427 0.0971453 -0.229725 0.880202 0.109232 -0.243581 0.836989 0.19041 -0.233504 0.822829 0.184592 -0.191144 0.885685 0.16271 -0.204115 0.903912 0.170199 -0.261391 0.858006 0.10841 -0.252982 0.860111 0.117848 -0.253799 0.833531 0.181127 -0.243722 0.819371 0.175309 -0.204768 0.866964 0.184679 -0.217738 0.88519 0.192168 -0.27084 0.836989 0.143196 -0.26021 0.844035 0.144458 -0.243722 0.819371 0.175309 -0.253799 0.833531 0.181127 -0.262097 0.832352 0.169624 -0.25202 0.818192 0.163807 -0.230606 0.848243 0.185493 -0.243576 0.866469 0.192981 -0.253799 0.833531 0.181127 -0.247175 0.84139 0.173472 -0.25202 0.818192 0.163807 -0.262097 0.832352 0.169624 -0.267909 0.833531 0.156687 -0.257833 0.819371 0.150869 -0.257968 0.84139 0.154778 -0.253523 0.840488 0.164674 -0.266493 0.858714 0.172162 -0.270939 0.859616 0.162266 -0.220251 0.849658 0.199982 -0.221513 0.853726 0.187896 -0.27084 0.836989 0.143196 -0.260763 0.822829 0.137378 -0.257629 0.853726 0.125342 -0.260094 0.848243 0.134418 -0.273065 0.866469 0.141906 -0.270599 0.871952 0.13283 -0.270688 0.842489 0.130071 -0.260611 0.82833 0.124253 -0.204063 0.892538 0.123655 -0.217034 0.910764 0.131144 -0.180399 0.896939 0.153932 -0.191029 0.889893 0.15267 -0.267465 0.849658 0.118206 -0.257388 0.835498 0.112388 -0.261391 0.858006 0.10841 -0.251314 0.843846 0.102592 -0.220633 0.885685 0.111635 -0.233603 0.903912 0.119123 -0.251314 0.843846 0.102592 -0.261391 0.858006 0.10841 -0.252878 0.866964 0.10135 -0.242801 0.852804 0.0955323 -0.191029 0.889893 0.15267 -0.203999 0.908119 0.160159 -0.242508 0.875922 0.097508 -0.232431 0.861762 0.0916902 -0.198256 0.873816 0.179279 -0.211227 0.892043 0.186768 -0.230987 0.88427 0.0971453 -0.22091 0.87011 0.0913274 -0.2191 0.891438 0.100287 -0.209024 0.877278 0.0944688 -0.253523 0.840488 0.164674 -0.247175 0.84139 0.173472 -0.260146 0.859616 0.180961 -0.266493 0.858714 0.172162 -0.189848 0.875922 0.188718 -0.198256 0.873816 0.179279 -0.207658 0.896939 0.106718 -0.197581 0.882779 0.1009 -0.197439 0.900397 0.116001 -0.187363 0.886237 0.110183 -0.248219 0.874261 0.193983 -0.25654 0.870261 0.189306 -0.187363 0.886237 0.110183 -0.197439 0.900397 0.116001 -0.26021 0.844035 0.144458 -0.27318 0.862261 0.151946 -0.238738 0.909858 0.123766 -0.247382 0.904645 0.121482 -0.250304 0.907809 0.128431 -0.242807 0.91233 0.130412 -0.212724 0.916373 0.152968 -0.210593 0.913858 0.162778 -0.210686 0.911666 0.139942 -0.222985 0.916373 0.135194 -0.216951 0.91723 0.143559 -0.276253 0.874261 0.145426 -0.27391 0.879474 0.136798 -0.216951 0.91723 0.143559 -0.230416 0.913858 0.128443 -0.276364 0.870261 0.154971 -0.223655 0.89206 0.19321 -0.231196 0.885545 0.196004 -0.274233 0.867747 0.164782 -0.217465 0.898574 0.188076 -0.270006 0.866889 0.174191 -0.25576 0.898574 0.121746 -0.20658 0.898428 0.179274 -0.213047 0.904645 0.180952 -0.260146 0.859616 0.180961 -0.263971 0.867747 0.182555 -0.263302 0.89206 0.12454 -0.210703 0.909858 0.172323 -0.213047 0.904645 0.180952 -0.263971 0.867747 0.182555 -0.269492 0.885545 0.129674 -0.258247 0.877988 0.187254 -0.25103 0.881457 0.19131 -0.251683 0.88928 0.182549 -0.256551 0.88694 0.179813 -0.223655 0.89206 0.19321 -0.217465 0.898574 0.188076 -0.224357 0.902544 0.186187 -0.229726 0.896894 0.190639 -0.269925 0.875064 0.174144 -0.273591 0.875807 0.165984 -0.25757 0.902544 0.12866 -0.213047 0.904645 0.180952 -0.220526 0.907809 0.180008 -0.264692 0.875807 0.181399 -0.264111 0.896894 0.131083 -0.210703 0.909858 0.172323 -0.218493 0.91233 0.172525 -0.258247 0.877988 0.187254 -0.264692 0.875807 0.181399 -0.263302 0.89206 0.12454 -0.269492 0.885545 0.129674 -0.26948 0.891244 0.135535 -0.264111 0.896894 0.131083 -0.210593 0.913858 0.162778 -0.218398 0.915799 0.164247 -0.25103 0.881457 0.19131 -0.273311 0.885979 0.141714 -0.212724 0.916373 0.152968 -0.220246 0.91798 0.155738 -0.216951 0.91723 0.143559 -0.222985 0.916373 0.135194 -0.229145 0.91798 0.140323 -0.223911 0.918724 0.147578 -0.275344 0.881457 0.149197 -0.230416 0.913858 0.128443 -0.23559 0.915799 0.134468 -0.275439 0.877988 0.157475 -0.23559 0.915799 0.134468 -0.229726 0.896894 0.190639 -0.236266 0.891244 0.193062 -0.230919 0.913915 0.158555 -0.233392 0.914417 0.153051 -0.236922 0.913915 0.148158 -0.241269 0.912444 0.144209 -0.246137 0.910104 0.141473 -0.251194 0.907055 0.140136 -0.256095 0.903503 0.140291 -0.260506 0.899692 0.141925 -0.264128 0.895881 0.144928 -0.266712 0.89233 0.149096 -0.268083 0.88928 0.154143 -0.268147 0.88694 0.159727 -0.266901 0.885469 0.165467 -0.264428 0.884968 0.17097 -0.260898 0.885469 0.175864 -0.246626 0.89233 0.183885 -0.241725 0.895881 0.183731 -0.237314 0.899692 0.182096 -0.233692 0.903503 0.179093 -0.231108 0.907055 0.174926 -0.229737 0.910104 0.169878 -0.229672 0.912444 0.164294 -0.26948 0.891244 0.135535 -0.273311 0.885979 0.141714 -0.243533 0.885979 0.193291 -0.275344 0.881457 0.149197 -0.275439 0.877988 0.157475 -0.242807 0.91233 0.130412 -0.273591 0.875807 0.165984 -0.250304 0.907809 0.128431 -0.269925 0.875064 0.174144 -0.25757 0.902544 0.12866 -0.264692 0.875807 0.181399 -0.264111 0.896894 0.131083 -0.266911 0.885266 0.164531 -0.275481 0.900289 0.170482 -0.276502 0.90358 0.160703 -0.267932 0.888558 0.154752 -0.300957 0.960122 0.139764 -0.309875 0.952418 0.143068 -0.307047 0.952418 0.147966 -0.299205 0.959193 0.14506 -0.239324 0.907062 0.156476 -0.241337 0.906776 0.153685 -0.262196 0.981171 0.155669 -0.255059 0.982186 0.165561 -0.249759 0.892722 0.173304 -0.246874 0.894462 0.174066 -0.281815 0.937534 0.227896 -0.292038 0.931369 0.225194 -0.258332 0.894462 0.15422 -0.259114 0.892722 0.157099 -0.325192 0.931369 0.167769 -0.322421 0.937534 0.157565 -0.237913 0.906776 0.159616 -0.25006 0.981171 0.176688 -0.241337 0.906776 0.153685 -0.243817 0.905936 0.151432 -0.270984 0.978197 0.147685 -0.262196 0.981171 0.155669 -0.244078 0.896488 0.173978 -0.271906 0.944713 0.227584 -0.259151 0.891387 0.160285 -0.325323 0.926638 0.179057 -0.246595 0.904601 0.149871 -0.280825 0.973467 0.142153 -0.241561 0.898662 0.173046 -0.262988 0.952418 0.224279 -0.25844 0.890548 0.163559 -0.322802 0.923664 0.19066 -0.249479 0.902862 0.149108 -0.291048 0.967302 0.139452 -0.241561 0.898662 0.173046 -0.239495 0.900836 0.171332 -0.255667 0.960122 0.218208 -0.262988 0.952418 0.224279 -0.257029 0.890262 0.166699 -0.317804 0.92265 0.201787 -0.252275 0.900836 0.149196 -0.300957 0.960122 0.139764 -0.238021 0.902862 0.168955 -0.250443 0.967302 0.209783 -0.255016 0.890548 0.16949 -0.310667 0.923664 0.211679 -0.254792 0.898662 0.150129 -0.309875 0.952418 0.143068 -0.237239 0.904601 0.166076 -0.247671 0.973467 0.199579 -0.252536 0.891387 0.171743 -0.301879 0.926638 0.219663 -0.237202 0.905936 0.16289 -0.24754 0.978197 0.18829 -0.249759 0.892722 0.173304 -0.292038 0.931369 0.225194 -0.320517 0.933908 0.169687 -0.320632 0.929748 0.179614 -0.249654 0.900738 0.162441 -0.250443 0.967302 0.209783 -0.247671 0.973467 0.199579 -0.252346 0.970928 0.19766 -0.254784 0.965506 0.206634 -0.310667 0.923664 0.211679 -0.301879 0.926638 0.219663 -0.300016 0.929748 0.215322 -0.307744 0.927133 0.208301 -0.317196 0.944713 0.14914 -0.313485 0.945643 0.153305 -0.24754 0.978197 0.18829 -0.252232 0.975088 0.187734 -0.292038 0.931369 0.225194 -0.291362 0.933908 0.220186 -0.322421 0.937534 0.157565 -0.31808 0.939329 0.160714 -0.25006 0.981171 0.176688 -0.254448 0.977703 0.17753 -0.255059 0.982186 0.165561 -0.262196 0.981171 0.155669 -0.265119 0.977703 0.159047 -0.258843 0.978595 0.167746 -0.281815 0.937534 0.227896 -0.282372 0.939329 0.222562 -0.325192 0.931369 0.167769 -0.270984 0.978197 0.147685 -0.272847 0.975088 0.152026 -0.271906 0.944713 0.227584 -0.273658 0.945643 0.222287 -0.325323 0.926638 0.179057 -0.280825 0.973467 0.142153 -0.281501 0.970928 0.147162 -0.262988 0.952418 0.224279 -0.265816 0.952418 0.219382 -0.322802 0.923664 0.19066 -0.318415 0.927133 0.189817 -0.291048 0.967302 0.139452 -0.290491 0.965506 0.144786 -0.255667 0.960122 0.218208 -0.259378 0.959193 0.214042 -0.317804 0.92265 0.201787 -0.31402 0.926241 0.199602 -0.272847 0.975088 0.152026 -0.281501 0.970928 0.147162 -0.249654 0.900738 0.162441 -0.273658 0.945643 0.222287 -0.265816 0.952418 0.219382 -0.249654 0.900738 0.162441 -0.265816 0.952418 0.219382 -0.259378 0.959193 0.214042 -0.249654 0.900738 0.162441 -0.254784 0.965506 0.206634 -0.299205 0.959193 0.14506 -0.307047 0.952418 0.147966 -0.252346 0.970928 0.19766 -0.307744 0.927133 0.208301 -0.300016 0.929748 0.215322 -0.313485 0.945643 0.153305 -0.252232 0.975088 0.187734 -0.291362 0.933908 0.220186 -0.31808 0.939329 0.160714 -0.254448 0.977703 0.17753 -0.258843 0.978595 0.167746 -0.265119 0.977703 0.159047 -0.282372 0.939329 0.222562 -0.265119 0.977703 0.159047 -0.248945 0.903872 0.150366 -0.245192 0.910135 0.141623 -0.255775 0.923247 0.148736 -0.267932 0.888558 0.154752 -0.276502 0.90358 0.160703 -0.258484 0.894821 0.155874 -0.240825 0.896055 0.183456 -0.251705 0.910122 0.187732 -0.24652 0.896055 0.173592 -0.233887 0.902638 0.179451 -0.244767 0.916705 0.183727 -0.251705 0.910122 0.187732 -0.240825 0.896055 0.183456 -0.239582 0.902638 0.169587 -0.244767 0.916705 0.183727 -0.233887 0.902638 0.179451 -0.257464 0.891529 0.165653 -0.275481 0.900289 0.170482 -0.266911 0.885266 0.164531 -0.145403 0.979515 0.144295 -0.118931 0.979515 0.169536 -0.101638 1 0.147546 -0.124261 1 0.125975 -0.0542041 0.979515 0.202905 -0.0182883 0.979515 0.209827 -0.0156291 1 0.181979 -0.0463226 1 0.176063 -0.186972 0.979515 -0.0270563 -0.192178 0.979515 0.00914818 -0.164234 1 0.0104793 -0.159786 1 -0.0204609 -0.118931 0.90906 0.169536 -0.145403 0.90906 0.144295 -0.297791 0.744812 0.27634 -0.243576 0.744812 0.328035 0.0182884 0.90906 0.209828 0.0182884 0.979515 0.209828 -0.0182883 0.979515 0.209827 -0.0182883 0.90906 0.209827 -0.0542041 0.979515 0.202905 -0.0542041 0.90906 0.202905 -0.0881608 0.979515 0.189311 -0.0881608 0.90906 0.189311 -0.0182883 0.90906 0.209827 -0.0542041 0.90906 0.202905 -0.111012 0.744812 0.396376 -0.0374553 0.744812 0.410553 -0.181814 0.979515 0.0812293 -0.16662 0.979515 0.114501 -0.142392 1 0.100513 -0.155378 1 0.0720795 -0.118931 0.979515 0.169536 -0.118931 0.90906 0.169536 -0.192178 0.90906 0.00914819 -0.186972 0.90906 -0.0270563 -0.382927 0.744812 -0.0745945 -0.393588 0.744812 -0.000446194 -0.118931 0.90906 0.169536 -0.118931 0.979515 0.169536 -0.145403 0.979515 0.144295 -0.145403 0.90906 0.144295 -0.16662 0.979515 0.114501 -0.16662 0.90906 0.114501 -0.0881608 0.979515 0.189311 -0.0753419 1 0.164446 -0.181814 0.979515 0.0812293 -0.181814 0.90906 0.0812293 -0.190438 0.979515 0.0456835 -0.190438 0.90906 0.0456836 -0.16662 0.90906 0.114501 -0.181814 0.90906 0.0812293 -0.372363 0.744812 0.147179 -0.341244 0.744812 0.21532 -0.192178 0.979515 0.00914818 -0.192178 0.90906 0.00914819 -0.186972 0.979515 -0.0270563 -0.186972 0.90906 -0.0270563 0.0182884 0.979515 0.209828 0.0156292 1 0.181979 -0.175009 0.979515 -0.0616214 -0.175009 0.90906 -0.0616214 -0.0881608 0.90906 0.189311 -0.180557 0.744812 0.368534 -0.190438 0.979515 0.0456835 -0.162747 1 0.0417023 0.0182884 0.90906 0.209828 0.0374553 0.744812 0.410553 -0.190438 0.90906 0.0456836 -0.390024 0.744812 0.0743797 -0.175009 0.979515 -0.0616214 -0.149562 1 -0.0500001 -0.180557 0.744812 0.368534 -0.243576 0.744812 0.328035 -0.27257 0.35543 0.364903 -0.202049 0.35543 0.410224 -0.175009 0.90906 -0.0616214 -0.358426 0.744812 -0.145385 -0.333239 0.35543 0.307056 -0.27257 0.35543 0.364903 -0.297791 0.744812 0.27634 -0.341244 0.744812 0.21532 -0.381863 0.35543 0.238772 -0.333239 0.35543 0.307056 -0.372363 0.744812 0.147179 -0.416687 0.35543 0.162519 -0.390024 0.744812 0.0743797 -0.43645 0.35543 0.0810548 -0.393588 0.744812 -0.000446194 -0.440438 0.35543 -0.0026779 -0.382927 0.744812 -0.0745945 -0.428508 0.35543 -0.0856523 -0.358426 0.744812 -0.145385 -0.401091 0.35543 -0.16487 0.0374553 0.744812 0.410553 -0.0374553 0.744812 0.410553 -0.0419137 0.35543 0.457244 0.0419137 0.35543 0.457244 -0.111012 0.744812 0.396376 -0.124226 0.35543 0.44138 -0.440438 0.35543 -0.0026779 -0.428508 0.35543 -0.0856523 -0.443264 0.35543 -0.0892321 -0.455605 0.35543 -0.0034004 -0.401091 0.35543 -0.16487 -0.414903 0.35543 -0.171177 0.0419137 0.35543 0.457244 -0.0419137 0.35543 0.457244 -0.0433571 0.35543 0.472359 0.043357 0.35543 0.472359 -0.124226 0.35543 0.44138 -0.128504 0.35543 0.455948 -0.202049 0.35543 0.410224 -0.209007 0.35543 0.42372 -0.281956 0.35543 0.376839 -0.344714 0.35543 0.316999 -0.381863 0.35543 0.238772 -0.395013 0.35543 0.246364 -0.416687 0.35543 0.162519 -0.431035 0.35543 0.167486 -0.43645 0.35543 0.0810548 -0.451479 0.35543 0.0832157 -0.443264 0.35543 -0.0892321 -0.414903 0.35543 -0.171177 -0.414903 0.338359 -0.171177 -0.443264 0.338359 -0.0892321 0.043357 0.35543 0.472359 -0.0433571 0.35543 0.472359 -0.0433571 0.338359 0.472359 0.043357 0.338359 0.472359 -0.128504 0.35543 0.455948 -0.128504 0.338359 0.455948 -0.209007 0.35543 0.42372 -0.209007 0.338359 0.42372 -0.281956 0.35543 0.376839 -0.281956 0.338359 0.376839 -0.281956 0.35543 0.376839 -0.344714 0.35543 0.316999 -0.344714 0.338359 0.316999 -0.281956 0.338359 0.376839 -0.395013 0.35543 0.246364 -0.395013 0.338359 0.246364 -0.431035 0.35543 0.167486 -0.431035 0.338359 0.167486 -0.451479 0.35543 0.0832157 -0.451479 0.338359 0.0832157 -0.455605 0.35543 -0.0034004 -0.455605 0.338359 -0.0034004 0.043357 0.338359 0.472359 -0.0433571 0.338359 0.472359 -0.0402813 0.338359 0.440149 0.0402813 0.338359 0.440149 -0.128504 0.338359 0.455948 -0.119388 0.338359 0.424902 -0.209007 0.338359 0.42372 -0.19418 0.338359 0.39496 -0.281956 0.338359 0.376839 -0.261954 0.338359 0.351404 -0.344714 0.338359 0.316999 -0.32026 0.338359 0.29581 -0.395013 0.338359 0.246364 -0.366991 0.338359 0.230185 -0.431035 0.338359 0.167486 -0.400458 0.338359 0.156903 -0.451479 0.338359 0.0832157 -0.419452 0.338359 0.0786109 -0.455605 0.338359 -0.0034004 -0.423285 0.338359 -0.00186076 -0.443264 0.338359 -0.0892321 -0.41182 0.338359 -0.0816036 -0.414903 0.338359 -0.171177 -0.38547 0.338359 -0.157736 0.0402813 0.338359 0.440149 -0.0402813 0.338359 0.440149 -0.0402813 0.274855 0.440149 0.0402813 0.274855 0.440149 -0.119388 0.338359 0.424902 -0.119388 0.274855 0.424902 -0.19418 0.338359 0.39496 -0.19418 0.274855 0.39496 -0.261954 0.338359 0.351404 -0.261954 0.274855 0.351404 -0.261954 0.338359 0.351404 -0.32026 0.338359 0.29581 -0.32026 0.274855 0.29581 -0.261954 0.274855 0.351404 -0.366991 0.338359 0.230185 -0.366991 0.274855 0.230185 -0.400458 0.338359 0.156903 -0.400458 0.274855 0.156903 -0.419452 0.338359 0.0786109 -0.419452 0.274855 0.0786109 -0.423285 0.338359 -0.00186076 -0.423285 0.274855 -0.00186075 -0.41182 0.338359 -0.0816036 -0.411819 0.274855 -0.0816036 -0.38547 0.338359 -0.157736 -0.38547 0.274855 -0.157736 0.0435831 0.274855 0.474727 -0.0435832 0.274855 0.474727 -0.0435832 0.257784 0.474727 0.0435831 0.257784 0.474727 0.0402813 0.274855 0.440149 -0.0402813 0.274855 0.440149 -0.0435832 0.274855 0.474727 0.0435831 0.274855 0.474727 -0.119388 0.274855 0.424902 -0.129174 0.274855 0.458231 -0.19418 0.274855 0.39496 -0.210097 0.274855 0.425834 -0.261954 0.274855 0.351404 -0.283426 0.274855 0.378708 -0.32026 0.274855 0.29581 -0.346511 0.274855 0.318557 -0.366991 0.274855 0.230185 -0.397073 0.274855 0.247553 -0.400458 0.274855 0.156903 -0.433283 0.274855 0.168264 -0.419452 0.274855 0.0786109 -0.453833 0.274855 0.0835542 -0.423285 0.274855 -0.00186075 -0.457981 0.274855 -0.00351354 -0.411819 0.274855 -0.0816036 -0.445576 0.274855 -0.0897929 -0.38547 0.274855 -0.157736 -0.417066 0.274855 -0.172165 -0.0435832 0.257784 0.474727 -0.129174 0.257784 0.458231 -0.124568 0.257784 0.442543 -0.042029 0.257784 0.458451 -0.129174 0.274855 0.458231 -0.129174 0.257784 0.458231 -0.210097 0.274855 0.425834 -0.210097 0.257784 0.425834 -0.283426 0.274855 0.378708 -0.283426 0.257784 0.378708 -0.283426 0.274855 0.378708 -0.346511 0.274855 0.318557 -0.346511 0.257784 0.318557 -0.283426 0.257784 0.378708 -0.397073 0.274855 0.247553 -0.397073 0.257784 0.247553 -0.433283 0.274855 0.168264 -0.433283 0.257784 0.168264 -0.453833 0.274855 0.0835542 -0.453833 0.257784 0.0835542 -0.457981 0.274855 -0.00351354 -0.457981 0.257784 -0.00351354 -0.445576 0.274855 -0.0897929 -0.445576 0.257784 -0.0897929 -0.417066 0.274855 -0.172165 -0.417066 0.257784 -0.172165 -0.124568 0.257784 0.442543 -0.202605 0.257784 0.411302 -0.153919 -0.581075 0.316864 -0.0946344 -0.581075 0.340598 -0.210097 0.257784 0.425834 -0.202605 0.257784 0.411302 -0.283426 0.257784 0.378708 -0.273319 0.257784 0.365857 -0.346511 0.257784 0.318557 -0.334155 0.257784 0.30785 -0.397073 0.257784 0.247553 -0.382914 0.257784 0.239378 -0.433283 0.257784 0.168264 -0.417833 0.257784 0.162916 -0.453833 0.257784 0.0835542 -0.43765 0.257784 0.0812274 -0.457981 0.257784 -0.00351354 -0.44165 0.257784 -0.00273559 -0.445576 0.257784 -0.0897929 -0.429687 0.257784 -0.0859382 -0.417066 0.257784 -0.172165 -0.402194 0.257784 -0.165373 0.0435831 0.257784 0.474727 0.042029 0.257784 0.458452 -0.153919 -0.581075 0.316864 -0.207641 -0.581075 0.28234 -0.214897 -0.581075 0.291567 -0.159298 -0.581075 0.327299 -0.273319 0.257784 0.365857 -0.207641 -0.581075 0.28234 -0.273319 0.257784 0.365857 -0.334155 0.257784 0.30785 -0.253857 -0.581075 0.238272 -0.207641 -0.581075 0.28234 -0.382914 0.257784 0.239378 -0.290899 -0.581075 0.186254 -0.417833 0.257784 0.162916 -0.317427 -0.581075 0.128166 -0.43765 0.257784 0.0812274 -0.332483 -0.581075 0.0661068 -0.44165 0.257784 -0.00273559 -0.335521 -0.581075 0.00232013 -0.429687 0.257784 -0.0859382 -0.326433 -0.581075 -0.0608889 -0.402194 0.257784 -0.165373 -0.305547 -0.581075 -0.121236 0.042029 0.257784 0.458452 -0.042029 0.257784 0.458451 -0.0319294 -0.581075 0.352684 0.0319294 -0.581075 0.352684 -0.214897 -0.581075 0.291567 -0.26273 -0.581075 0.24596 -0.193002 -0.676673 0.18554 -0.157864 -0.676673 0.219044 -0.253857 -0.581075 0.238272 -0.26273 -0.581075 0.24596 -0.290899 -0.581075 0.186254 -0.301066 -0.581075 0.192124 -0.317427 -0.581075 0.128166 -0.328521 -0.581075 0.132005 -0.332483 -0.581075 0.0661068 -0.344103 -0.581075 0.0677775 -0.335521 -0.581075 0.00232013 -0.347247 -0.581075 0.00176154 -0.326433 -0.581075 -0.0608889 -0.337842 -0.581075 -0.0636566 -0.305547 -0.581075 -0.121236 -0.316226 -0.581075 -0.126113 0.0319294 -0.581075 0.352684 -0.0319294 -0.581075 0.352684 -0.0330453 -0.581075 0.36437 0.0330454 -0.581075 0.36437 -0.0946344 -0.581075 0.340598 -0.0979418 -0.581075 0.351862 -0.255089 -0.676673 0.00615164 -0.248179 -0.676673 -0.0419047 1.00926e-07 -0.676673 0.0183031 -0.301066 -0.581075 0.192124 -0.221164 -0.676673 0.145992 -0.328521 -0.581075 0.132005 -0.241332 -0.676673 0.101829 -0.328521 -0.581075 0.132005 -0.344103 -0.581075 0.0677775 -0.252779 -0.676673 0.0546471 -0.241332 -0.676673 0.101829 -0.347247 -0.581075 0.00176154 -0.255089 -0.676673 0.00615164 -0.337842 -0.581075 -0.0636566 -0.248179 -0.676673 -0.0419047 -0.316226 -0.581075 -0.126113 -0.2323 -0.676673 -0.087785 0.0330454 -0.581075 0.36437 -0.0330453 -0.581075 0.36437 -0.0242752 -0.676673 0.272525 0.0242752 -0.676673 0.272525 -0.0979418 -0.581075 0.351862 -0.0719482 -0.676673 0.263336 -0.0979418 -0.581075 0.351862 -0.159298 -0.581075 0.327299 -0.117021 -0.676673 0.245292 -0.0719482 -0.676673 0.263336 -0.252779 -0.676673 0.0546471 -0.0242752 -0.676673 0.272525 0.0242752 -0.676673 0.272525 -0.2323 -0.676673 -0.087785 9.76222e-08 1 0.0183028 0.0508736 -0.784192 0.156332 0.0415381 -0.784192 0.144165 0.0375802 -0.752184 0.148123 0.0460262 -0.752184 0.15913 -0.0736537 -0.784192 0.205439 -0.0660361 -0.784192 0.22383 -0.0508736 -0.784192 0.215075 -0.0567422 -0.784192 0.200908 -2.71858e-08 -1 0.0593629 -3.37e-08 -0.784192 0.109452 0.0197354 -0.784192 0.11205 0.0326993 -1 0.0636678 0.015204 -0.784192 0.128961 -2.50144e-08 -0.784192 0.12696 -1.03184e-07 -0.752184 0.132557 0.0137553 -0.752184 0.134368 -0.038126 -0.784192 0.25174 -0.0197355 -0.784192 0.259357 -0.015204 -0.784192 0.242446 -0.0293719 -0.784192 0.236577 0.0381259 -0.784192 0.119667 0.0631703 -1 0.0762893 0.0293719 -0.784192 0.236577 0.0415381 -0.784192 0.227242 0.0375802 -0.752184 0.223284 0.0265732 -0.752184 0.23173 0.0197354 -0.784192 0.259357 0.0381259 -0.784192 0.25174 0.0293719 -0.784192 0.236577 0.015204 -0.784192 0.242446 0.0539182 -0.784192 0.131785 0.0893363 -1 0.0963672 -0.015204 -0.784192 0.242446 -7.64329e-09 -0.784192 0.244447 -7.71277e-08 -0.752184 0.23885 -0.0137555 -0.752184 0.237039 0.0660361 -0.784192 0.22383 0.0736536 -0.784192 0.205439 0.0567421 -0.784192 0.200908 0.0508735 -0.784192 0.215075 0.0893363 -1 0.0963672 0.0539182 -0.784192 0.131785 0.0660361 -0.784192 0.147578 0.109414 -1 0.122533 -0.0508736 -0.784192 0.215075 -0.0415382 -0.784192 0.227242 -0.0375804 -0.752184 0.223284 -0.0460264 -0.752184 0.212277 0.0736537 -0.784192 0.165968 0.0660361 -0.784192 0.147578 0.0508736 -0.784192 0.156332 0.0567421 -0.784192 0.1705 0.0736537 -0.784192 0.165968 0.122036 -1 0.153004 -0.0152041 -0.784192 0.128961 -0.0137555 -0.752184 0.134368 0.0762518 -0.784192 0.185704 0.126341 -1 0.185704 -0.0567422 -0.784192 0.1705 -0.0587438 -0.784192 0.185704 -0.0531467 -0.752184 0.185704 -0.0513358 -0.752184 0.171948 -0.0539183 -0.784192 0.131785 -0.0660361 -0.784192 0.147578 -0.0508736 -0.784192 0.156332 -0.0415382 -0.784192 0.144165 0.0736536 -0.784192 0.205439 0.122036 -1 0.218403 -0.0293719 -0.784192 0.13483 -0.0415382 -0.784192 0.144165 -0.0375805 -0.752184 0.148123 -0.0265734 -0.752184 0.139677 -0.0762519 -0.784192 0.185704 -0.0587438 -0.784192 0.185704 0.0660361 -0.784192 0.22383 0.109414 -1 0.248874 0.0415381 -0.784192 0.144165 0.0293719 -0.784192 0.13483 0.0265732 -0.752184 0.139677 0.0375802 -0.752184 0.148123 -0.0539183 -0.784192 0.239622 -0.0415382 -0.784192 0.227242 0.0539182 -0.784192 0.239622 0.0893363 -1 0.27504 0.0587437 -0.784192 0.185704 0.0567421 -0.784192 0.1705 0.0513356 -0.752184 0.171948 0.0531465 -0.752184 0.185704 -7.64329e-09 -0.784192 0.261955 -7.64329e-09 -0.784192 0.244447 0.0893363 -1 0.27504 0.0539182 -0.784192 0.239622 0.0381259 -0.784192 0.25174 0.0631703 -1 0.295118 0.0415381 -0.784192 0.227242 0.0508735 -0.784192 0.215075 0.0460262 -0.752184 0.212277 0.0375802 -0.752184 0.223284 0.0539182 -0.784192 0.239622 0.0415381 -0.784192 0.227242 0.0197354 -0.784192 0.259357 0.0326994 -1 0.307739 0.015204 -0.784192 0.242446 0.0137553 -0.752184 0.237039 0.0762518 -0.784192 0.185704 0.0587437 -0.784192 0.185704 -7.64329e-09 -0.784192 0.261955 -7.64329e-09 -1 0.312044 -0.0415382 -0.784192 0.227242 -0.0293719 -0.784192 0.236577 -0.0265734 -0.752184 0.23173 -0.0375804 -0.752184 0.223284 0.0539182 -0.784192 0.131785 0.0381259 -0.784192 0.119667 0.0293719 -0.784192 0.13483 0.0415381 -0.784192 0.144165 -0.0197355 -0.784192 0.259357 -0.0326994 -1 0.307739 -0.0567422 -0.784192 0.200908 -0.0513358 -0.752184 0.199459 -3.37e-08 -0.784192 0.109452 -0.0197355 -0.784192 0.11205 -0.0152041 -0.784192 0.128961 -2.50144e-08 -0.784192 0.12696 -0.038126 -0.784192 0.25174 -0.0631703 -1 0.295118 -0.0415382 -0.784192 0.144165 -0.0508736 -0.784192 0.156332 -0.0460264 -0.752184 0.15913 -0.0375805 -0.752184 0.148123 -0.038126 -0.784192 0.119667 -0.0293719 -0.784192 0.13483 -0.0631703 -1 0.295118 -0.0893364 -1 0.27504 -0.0736537 -0.784192 0.165968 -0.0567422 -0.784192 0.1705 -0.0893364 -1 0.27504 -0.0539183 -0.784192 0.239622 -0.0660361 -0.784192 0.22383 -0.109414 -1 0.248874 -0.0736537 -0.784192 0.205439 -0.122036 -1 0.218403 0.0567421 -0.784192 0.200908 0.0513356 -0.752184 0.199459 -0.0762519 -0.784192 0.185704 -0.126341 -1 0.185704 -0.0736537 -0.784192 0.165968 -0.122036 -1 0.153004 -0.0660361 -0.784192 0.147578 -0.109414 -1 0.122533 -0.0539183 -0.784192 0.131785 -0.0893364 -1 0.0963672 -0.0137555 -0.752184 0.237039 -7.71277e-08 -0.752184 0.23885 -1.1187e-07 -0.752184 0.24715 -0.0159035 -0.752184 0.245056 0.0197354 -0.784192 0.11205 0.015204 -0.784192 0.128961 -0.0893364 -1 0.0963672 -0.0539183 -0.784192 0.131785 -0.038126 -0.784192 0.119667 -0.0631705 -1 0.0762893 -0.0197355 -0.784192 0.11205 -0.0326995 -1 0.0636679 0.122036 -1 0.153004 0.126341 -1 0.185704 0.113432 -1 0.185704 0.109567 -1 0.156345 -0.0434491 -0.752184 0.229153 -0.0307232 -0.752184 0.238917 -0.0307232 -0.742274 0.238917 -0.0434491 -0.742274 0.229153 -0.0460264 -0.752184 0.15913 -0.0513358 -0.752184 0.171948 -0.0593526 -0.752184 0.1698 -0.0532141 -0.752184 0.154981 0.0513356 -0.752184 0.171948 0.0460262 -0.752184 0.15913 0.0532139 -0.752184 0.154981 0.0593523 -0.752184 0.1698 0.0137553 -0.752184 0.237039 0.0159033 -0.752184 0.245056 -0.0531467 -0.752184 0.185704 -0.0614463 -0.752184 0.185704 0.0265732 -0.752184 0.23173 0.030723 -0.752184 0.238918 -0.0513358 -0.752184 0.199459 -0.0593526 -0.752184 0.201607 0.0375802 -0.752184 0.148123 0.0265732 -0.752184 0.139677 0.030723 -0.752184 0.13249 0.0434489 -0.752184 0.142255 0.0375802 -0.752184 0.223284 0.0434489 -0.752184 0.229153 -0.0460264 -0.752184 0.212277 -0.0532141 -0.752184 0.216427 0.0137553 -0.752184 0.134368 0.0159033 -0.752184 0.126351 -1.03184e-07 -0.752184 0.132557 -0.0137555 -0.752184 0.134368 -0.0159036 -0.752184 0.126351 -8.58133e-08 -0.752184 0.124257 0.0460262 -0.752184 0.212277 0.0532139 -0.752184 0.216427 -0.0375804 -0.752184 0.223284 -0.0434491 -0.752184 0.229153 -0.0265734 -0.752184 0.139677 -0.0307232 -0.752184 0.13249 0.0513356 -0.752184 0.199459 0.0593524 -0.752184 0.201607 -0.0265734 -0.752184 0.23173 -0.0307232 -0.752184 0.238917 -0.0375805 -0.752184 0.148123 -0.0434491 -0.752184 0.142255 0.0531465 -0.752184 0.185704 0.0614461 -0.752184 0.185704 0.0159033 -0.742274 0.245056 0.030723 -0.742274 0.238918 0.0244227 -0.742274 0.228005 0.0126421 -0.742274 0.232885 -0.0307232 -0.752184 0.13249 -0.0434491 -0.752184 0.142255 -0.0434492 -0.742274 0.142255 -0.0307232 -0.742274 0.13249 0.0593524 -0.752184 0.201607 0.0614461 -0.752184 0.185704 0.0614461 -0.742274 0.185704 0.0593524 -0.742274 0.201607 -0.0159035 -0.752184 0.245056 -0.0159035 -0.742274 0.245056 -0.0434491 -0.752184 0.142255 -0.0532141 -0.752184 0.154981 -0.0532141 -0.742274 0.15498 -0.0434492 -0.742274 0.142255 -1.1187e-07 -0.752184 0.24715 -1.1187e-07 -0.742274 0.24715 -0.0593526 -0.752184 0.1698 -0.0593526 -0.742274 0.1698 0.0593523 -0.752184 0.1698 0.0532139 -0.752184 0.154981 0.0532139 -0.742274 0.154981 0.0593524 -0.742274 0.1698 0.0159033 -0.752184 0.245056 0.0159033 -0.742274 0.245056 -0.0614463 -0.752184 0.185704 -0.0614463 -0.742274 0.185704 0.0434489 -0.752184 0.142255 0.0434489 -0.742274 0.142255 0.030723 -0.752184 0.238918 0.030723 -0.742274 0.238918 -0.0593526 -0.752184 0.201607 -0.0593526 -0.742274 0.201607 0.0434489 -0.752184 0.229153 0.0434489 -0.742274 0.229153 -0.0532141 -0.752184 0.216427 -0.0532141 -0.742274 0.216427 -8.58133e-08 -0.752184 0.124257 -0.0159036 -0.752184 0.126351 -0.0159036 -0.742274 0.126351 -1.03184e-07 -0.742274 0.124257 0.0434489 -0.752184 0.229153 0.0532139 -0.752184 0.216427 0.0532139 -0.742274 0.216427 0.0434489 -0.742274 0.229153 -0.0434491 -0.752184 0.229153 -0.0434491 -0.742274 0.229153 0.0159033 -0.752184 0.126351 0.0159033 -0.742274 0.126351 -0.024423 -0.742274 0.143402 -0.0345393 -0.742274 0.151164 -0.0297674 -0.695376 0.155936 -0.0210488 -0.695376 0.149246 -0.0614463 -0.742274 0.185704 -0.0593526 -0.742274 0.201607 -0.0471814 -0.742274 0.198346 -0.0488458 -0.742274 0.185704 0.0434489 -0.742274 0.142255 0.030723 -0.742274 0.13249 0.0244227 -0.742274 0.143402 0.034539 -0.742274 0.151164 0.0434489 -0.742274 0.229153 0.034539 -0.742274 0.220243 -0.0532141 -0.742274 0.216427 -0.0423018 -0.742274 0.210126 0.0159033 -0.742274 0.126351 0.0126421 -0.742274 0.138522 -1.03184e-07 -0.742274 0.124257 -0.0159036 -0.742274 0.126351 -0.0126423 -0.742274 0.138522 -1.03184e-07 -0.742274 0.136858 0.0532139 -0.742274 0.216427 0.0423015 -0.742274 0.210127 -0.0434491 -0.742274 0.229153 -0.0345392 -0.742274 0.220243 -0.0307232 -0.742274 0.13249 -0.024423 -0.742274 0.143402 0.0593524 -0.742274 0.201607 0.0471812 -0.742274 0.198346 -0.0307232 -0.742274 0.238917 -0.024423 -0.742274 0.228005 -0.0434492 -0.742274 0.142255 -0.0345393 -0.742274 0.151164 0.0614461 -0.742274 0.185704 0.0488456 -0.742274 0.185704 -0.0159035 -0.742274 0.245056 -0.0126423 -0.742274 0.232885 -0.0532141 -0.742274 0.15498 -0.0423018 -0.742274 0.161281 0.0593524 -0.742274 0.1698 0.0471812 -0.742274 0.173061 -1.1187e-07 -0.742274 0.24715 -9.44988e-08 -0.742274 0.234549 -0.0593526 -0.742274 0.1698 -0.0471815 -0.742274 0.173061 0.0532139 -0.742274 0.154981 0.0423015 -0.742274 0.161281 0.056716 -1 0.0874685 0.0802086 -1 0.105495 -1.81354e-07 -0.679919 0.185704 0.0471812 -0.742274 0.198346 0.0488456 -0.742274 0.185704 0.0420968 -0.695376 0.185704 0.0406624 -0.695376 0.196599 -0.024423 -0.742274 0.228005 -0.0126423 -0.742274 0.232885 -0.0108957 -0.695376 0.226366 -0.0210487 -0.695376 0.222161 -0.0345393 -0.742274 0.151164 -0.0423018 -0.742274 0.161281 -0.0364574 -0.695376 0.164655 -0.0297674 -0.695376 0.155936 0.0471812 -0.742274 0.173061 0.0406624 -0.695376 0.174808 -9.44988e-08 -0.742274 0.234549 -2.33468e-07 -0.695376 0.227801 -0.0471815 -0.742274 0.173061 -0.0406629 -0.695376 0.174808 0.0423015 -0.742274 0.161281 0.0364569 -0.695376 0.164655 0.0126421 -0.742274 0.232885 0.0108953 -0.695376 0.226366 -0.0488458 -0.742274 0.185704 -0.0420973 -0.695376 0.185704 0.034539 -0.742274 0.151164 0.0297669 -0.695376 0.155936 0.0244227 -0.742274 0.228005 0.0210483 -0.695376 0.222161 -0.0471814 -0.742274 0.198346 -0.0406629 -0.695376 0.196599 0.034539 -0.742274 0.151164 0.0244227 -0.742274 0.143402 0.0210483 -0.695376 0.149246 0.0297669 -0.695376 0.155936 0.034539 -0.742274 0.220243 0.0297669 -0.695376 0.215471 -0.0423018 -0.742274 0.210126 -0.0364573 -0.695376 0.206752 0.0126421 -0.742274 0.138522 0.0108953 -0.695376 0.145041 -1.03184e-07 -0.742274 0.136858 -0.0126423 -0.742274 0.138522 -0.0108958 -0.695376 0.145041 -2.24782e-07 -0.695376 0.143607 0.034539 -0.742274 0.220243 0.0423015 -0.742274 0.210127 0.0364569 -0.695376 0.206752 0.0297669 -0.695376 0.215471 -0.0345392 -0.742274 0.220243 -0.0297673 -0.695376 0.215471 -0.0345392 -0.742274 0.220243 -0.0297673 -0.695376 0.215471 0.109414 -1 0.248874 0.0893363 -1 0.27504 0.0802086 -1 0.265912 0.098235 -1 0.24242 0.0326994 -1 0.307739 -7.64329e-09 -1 0.312044 -2.50144e-08 -1 0.299136 0.0293583 -1 0.295271 -0.122036 -1 0.218403 -0.126341 -1 0.185704 -0.113432 -1 0.185704 -0.109567 -1 0.215062 -0.109414 -1 0.122533 -0.0893364 -1 0.0963672 -0.0802087 -1 0.105495 -0.0982351 -1 0.128988 0.0326993 -1 0.0636678 0.0631703 -1 0.0762893 0.056716 -1 0.0874685 0.0293584 -1 0.0761366 0.109414 -1 0.122533 0.0982351 -1 0.128988 -2.71858e-08 -1 0.0593629 -2.06716e-08 -1 0.0722714 0.122036 -1 0.218403 0.109567 -1 0.215062 0.0631703 -1 0.295118 0.056716 -1 0.283939 -0.109414 -1 0.248874 -0.0982351 -1 0.24242 -0.122036 -1 0.153004 -0.109567 -1 0.156345 -0.0631705 -1 0.0762893 -0.0326995 -1 0.0636679 -0.0293585 -1 0.0761366 -0.0567162 -1 0.0874685 0.0893363 -1 0.0963672 0.0802086 -1 0.105495 -0.0326994 -1 0.307739 -0.0293584 -1 0.295271 -0.0893364 -1 0.27504 -0.0802086 -1 0.265912 -2.33468e-07 -0.695376 0.227801 0.0108953 -0.695376 0.226366 0.0130986 -0.695376 0.234589 -2.16097e-07 -0.695376 0.236313 -0.109567 -1 0.215062 -0.113432 -1 0.185704 -1.81354e-07 -0.679919 0.185704 0.056716 -1 0.283939 0.0293583 -1 0.295271 -1.81354e-07 -0.679919 0.185704 0.0802086 -1 0.105495 0.0982351 -1 0.128988 -1.81354e-07 -0.679919 0.185704 -0.109567 -1 0.156345 -2.50144e-08 -1 0.299136 0.109567 -1 0.156345 -0.0293584 -1 0.295271 0.113432 -1 0.185704 -0.0982351 -1 0.128988 -0.0802087 -1 0.105495 -0.0802087 -1 0.105495 -0.0567162 -1 0.0874685 -0.0802086 -1 0.265912 -0.0982351 -1 0.24242 0.0293584 -1 0.0761366 0.0406624 -0.695376 0.174808 0.0364569 -0.695376 0.164655 0.0438292 -0.695376 0.160399 0.0488851 -0.695376 0.172605 -0.0364574 -0.695376 0.164655 -0.0406629 -0.695376 0.174808 -0.0488856 -0.695376 0.172605 -0.0438296 -0.695376 0.160399 -0.0108957 -0.695376 0.226366 -0.013099 -0.695376 0.234589 0.0420968 -0.695376 0.185704 0.0506096 -0.695376 0.185704 -0.0297674 -0.695376 0.155936 -0.0357868 -0.695376 0.149917 -0.0210487 -0.695376 0.222161 -0.0253051 -0.695376 0.229533 0.0406624 -0.695376 0.196599 0.0488851 -0.695376 0.198802 -0.0210488 -0.695376 0.149246 -0.0253052 -0.695376 0.141874 -0.0297673 -0.695376 0.215471 -0.0357868 -0.695376 0.22149 0.0364569 -0.695376 0.206752 0.0438291 -0.695376 0.211008 -0.0108958 -0.695376 0.145041 -0.013099 -0.695376 0.136818 0.0108953 -0.695376 0.145041 -2.24782e-07 -0.695376 0.143607 -2.24782e-07 -0.695376 0.135094 0.0130986 -0.695376 0.136818 -0.0364573 -0.695376 0.206752 -0.0438296 -0.695376 0.211009 0.0210483 -0.695376 0.149246 0.0253047 -0.695376 0.141874 -0.0406629 -0.695376 0.196599 -0.0488855 -0.695376 0.198802 0.0210483 -0.695376 0.222161 0.0297669 -0.695376 0.215471 0.0357863 -0.695376 0.22149 0.0253047 -0.695376 0.229533 0.0297669 -0.695376 0.155936 0.0357863 -0.695376 0.149917 -0.0420973 -0.695376 0.185704 -0.05061 -0.695376 0.185704 -0.0497662 -0.690436 0.156971 -0.040634 -0.690436 0.14507 -0.0148732 -0.690436 0.24121 -0.0287326 -0.690436 0.235469 0.0574645 -0.690436 0.185704 0.0555064 -0.690436 0.200577 -0.0287326 -0.690436 0.135938 -2.33468e-07 -0.690436 0.128239 0.0148727 -0.690436 0.130197 -0.0406339 -0.690436 0.226337 0.0497657 -0.690436 0.214436 -0.0148732 -0.690436 0.130197 -0.0497661 -0.690436 0.214436 0.0406335 -0.690436 0.226337 0.0287322 -0.690436 0.135938 -0.0555069 -0.690436 0.200576 0.0287321 -0.690436 0.235469 0.0406335 -0.690436 0.14507 0.0148727 -0.690436 0.24121 0.0497657 -0.690436 0.156971 -2.16097e-07 -0.690436 0.243168 0.0555065 -0.690436 0.170831 -0.0555069 -0.690436 0.170831 -0.0287326 -0.690436 0.235469 -0.0148732 -0.690436 0.24121 -0.0148732 -0.673642 0.24121 -0.0287326 -0.673642 0.235469 -2.33468e-07 -0.690436 0.128239 -0.0148732 -0.690436 0.130197 -0.0148732 -0.673642 0.130197 -2.33468e-07 -0.673642 0.128239 0.0574645 -0.690436 0.185704 0.0555065 -0.690436 0.170831 0.0555065 -0.673642 0.170831 0.0574645 -0.673642 0.185704 -2.16097e-07 -0.690436 0.243168 -2.16097e-07 -0.673642 0.243168 -0.0497662 -0.690436 0.156971 -0.0555069 -0.690436 0.170831 -0.0555069 -0.673642 0.170831 -0.0497662 -0.673642 0.156971 0.0497657 -0.690436 0.156971 0.0497657 -0.673642 0.156971 0.0148727 -0.690436 0.24121 0.0148727 -0.673642 0.24121 -0.057465 -0.690436 0.185704 -0.057465 -0.673642 0.185704 0.0406335 -0.690436 0.14507 0.0406335 -0.673642 0.14507 0.0287321 -0.690436 0.235469 0.0287321 -0.673642 0.235469 0.0406335 -0.690436 0.14507 0.0287322 -0.690436 0.135938 0.0287322 -0.673642 0.135938 0.0406335 -0.673642 0.14507 0.0406335 -0.690436 0.226337 0.0406335 -0.673642 0.226337 -0.040634 -0.690436 0.14507 -0.040634 -0.673642 0.14507 0.0148727 -0.690436 0.130197 0.0148727 -0.673642 0.130197 0.0406335 -0.690436 0.226337 0.0497657 -0.690436 0.214436 0.0497657 -0.673642 0.214436 0.0406335 -0.673642 0.226337 -0.0497661 -0.690436 0.214436 -0.0406339 -0.690436 0.226337 -0.0406339 -0.673642 0.226337 -0.0497661 -0.673642 0.214436 -0.0287326 -0.690436 0.135938 -0.040634 -0.690436 0.14507 -0.040634 -0.673642 0.14507 -0.0287326 -0.673642 0.135938 0.0555064 -0.690436 0.200577 0.0555064 -0.673642 0.200577 -0.0406339 -0.690436 0.226337 -0.0406339 -0.673642 0.226337 -0.454553 0.235717 0.198883 -0.444172 0.219785 0.216864 -0.429449 0.238066 0.220551 -0.437645 0.250644 0.206356 -0.463702 0.431906 0.141338 -0.477782 0.395207 0.11695 -0.486633 0.35247 0.101619 -0.489652 0.306607 0.0963901 -0.312452 0.306607 0.40331 -0.315471 0.35247 0.398081 -0.324322 0.395207 0.38275 -0.338402 0.431906 0.358363 -0.356752 0.460067 0.32658 -0.378121 0.477769 0.289569 -0.401052 0.483807 0.24985 -0.423983 0.477769 0.210132 -0.445352 0.460067 0.17312 -0.419108 0.201988 0.260275 -0.386335 0.201988 0.241353 -0.372796 0.205552 0.264803 -0.40557 0.205552 0.283725 -0.462519 0.25648 0.185085 -0.443933 0.267035 0.195464 -0.456097 0.23263 0.196209 -0.445263 0.216004 0.214974 -0.444172 0.219785 0.216864 -0.454553 0.235717 0.198883 -0.36018 0.216004 0.286654 -0.392954 0.216004 0.305576 -0.471418 0.306607 0.169672 -0.469636 0.279529 0.172759 -0.467527 0.28066 0.176412 -0.469235 0.306607 0.173453 -0.349346 0.23263 0.305419 -0.38212 0.23263 0.324341 -0.444172 0.393429 0.216864 -0.454553 0.377497 0.198883 -0.437645 0.36257 0.206356 -0.429449 0.375148 0.220552 -0.456097 0.380584 0.196209 -0.46441 0.358917 0.181811 -0.462519 0.356733 0.185085 -0.454553 0.377497 0.198883 -0.38212 0.23263 0.324341 -0.349346 0.23263 0.305419 -0.341033 0.254297 0.319817 -0.373807 0.254297 0.338739 -0.462519 0.356733 0.185085 -0.467527 0.332554 0.176412 -0.447887 0.327091 0.188617 -0.443933 0.346179 0.195464 -0.419108 0.411226 0.260275 -0.432647 0.407661 0.236825 -0.432082 0.403444 0.237804 -0.419108 0.40686 0.260275 -0.419108 0.206354 0.260275 -0.406135 0.20977 0.282746 -0.399421 0.23016 0.272561 -0.409663 0.227463 0.254822 -0.486633 0.35247 0.101619 -0.470103 0.35247 0.0920751 -0.473122 0.306607 0.0868462 -0.489652 0.306607 0.0963901 -0.399421 0.383054 0.272561 -0.409663 0.385751 0.254822 -0.403914 0.349374 0.251502 -0.398379 0.347917 0.261088 -0.477782 0.395207 0.11695 -0.461251 0.395207 0.107406 -0.392954 0.39721 0.305576 -0.40557 0.407661 0.283725 -0.406135 0.403444 0.282746 -0.394045 0.393429 0.303686 -0.463702 0.431906 0.141338 -0.447171 0.431906 0.131794 -0.419108 0.201988 0.260275 -0.40557 0.205552 0.283725 -0.406135 0.20977 0.282746 -0.419108 0.206354 0.260275 -0.445352 0.460067 0.17312 -0.428821 0.460067 0.163576 -0.373807 0.358916 0.338739 -0.341033 0.358916 0.319817 -0.349346 0.380584 0.305419 -0.38212 0.380584 0.324341 -0.368581 0.333684 0.347791 -0.373807 0.358916 0.338739 -0.375698 0.356733 0.335465 -0.37069 0.332554 0.344138 -0.423983 0.477769 0.210132 -0.407453 0.477769 0.200588 -0.428821 0.460067 0.163576 -0.445352 0.460067 0.17312 -0.38212 0.380584 0.324341 -0.349346 0.380584 0.305419 -0.36018 0.39721 0.286654 -0.392954 0.39721 0.305576 -0.401052 0.483807 0.24985 -0.384521 0.483807 0.240306 -0.372796 0.407661 0.264803 -0.40557 0.407661 0.283725 -0.392954 0.216004 0.305576 -0.394045 0.219785 0.303686 -0.378121 0.477769 0.289569 -0.36159 0.477769 0.280025 -0.386334 0.411226 0.241353 -0.419108 0.411226 0.260275 -0.46441 0.254297 0.181811 -0.462519 0.25648 0.185085 -0.356752 0.460067 0.32658 -0.340221 0.460067 0.317036 -0.399873 0.407661 0.217903 -0.432647 0.407661 0.236825 -0.469636 0.333684 0.172759 -0.467527 0.332554 0.176412 -0.338402 0.431906 0.358363 -0.321872 0.431906 0.348819 -0.412489 0.39721 0.196051 -0.445263 0.39721 0.214974 -0.445263 0.39721 0.214974 -0.444172 0.393429 0.216864 -0.324322 0.395207 0.38275 -0.307791 0.395207 0.373207 -0.321872 0.431906 0.348819 -0.338402 0.431906 0.358363 -0.445263 0.39721 0.214974 -0.412489 0.39721 0.196051 -0.423323 0.380584 0.177287 -0.456097 0.380584 0.196209 -0.315471 0.35247 0.398081 -0.29894 0.35247 0.388537 -0.431636 0.358917 0.162889 -0.46441 0.358917 0.181811 -0.38212 0.380584 0.324341 -0.383664 0.377497 0.321667 -0.312452 0.306607 0.40331 -0.295921 0.306607 0.393766 -0.436862 0.333684 0.153837 -0.469636 0.333684 0.172759 -0.438644 0.306607 0.15075 -0.471418 0.306607 0.169672 -0.368581 0.279529 0.347791 -0.366799 0.306607 0.350878 -0.368982 0.306607 0.347097 -0.37069 0.280659 0.344138 -0.436862 0.279529 0.153837 -0.469636 0.279529 0.172759 -0.38212 0.23263 0.324341 -0.383664 0.235717 0.321667 -0.373807 0.254297 0.338739 -0.375698 0.25648 0.335465 -0.431636 0.254297 0.162889 -0.46441 0.254297 0.181811 -0.461251 0.395207 0.107406 -0.447171 0.431906 0.131794 -0.428821 0.460067 0.163576 -0.407453 0.477769 0.200588 -0.384521 0.483807 0.240306 -0.36159 0.477769 0.280025 -0.340221 0.460067 0.317036 -0.321872 0.431906 0.348819 -0.307791 0.395207 0.373207 -0.29894 0.35247 0.388537 -0.295921 0.306607 0.393766 -0.473122 0.306607 0.0868462 -0.470103 0.35247 0.0920751 -0.432647 0.205552 0.236825 -0.432082 0.20977 0.237804 -0.46441 0.254297 0.181811 -0.431636 0.254297 0.162889 -0.423323 0.23263 0.177287 -0.456097 0.23263 0.196209 -0.412489 0.216004 0.196051 -0.445263 0.216004 0.214974 -0.372796 0.205552 0.264803 -0.386335 0.201988 0.241353 -0.399873 0.205552 0.217903 -0.412489 0.216004 0.196051 -0.423323 0.23263 0.177287 -0.431636 0.254297 0.162889 -0.436862 0.279529 0.153837 -0.438644 0.306607 0.15075 -0.436862 0.333684 0.153837 -0.431636 0.358917 0.162889 -0.423323 0.380584 0.177287 -0.412489 0.39721 0.196051 -0.399873 0.407661 0.217903 -0.386334 0.411226 0.241353 -0.372796 0.407661 0.264803 -0.36018 0.39721 0.286654 -0.349346 0.380584 0.305419 -0.341033 0.358916 0.319817 -0.335807 0.333684 0.328869 -0.334025 0.306607 0.331956 -0.335807 0.279529 0.328869 -0.341033 0.254297 0.319817 -0.349346 0.23263 0.305419 -0.36018 0.216004 0.286654 -0.419905 0.383054 0.237082 -0.399873 0.205552 0.217903 -0.432647 0.205552 0.236825 -0.381682 0.250644 0.303287 -0.389877 0.238066 0.289092 -0.312452 0.306607 0.40331 -0.489652 0.306607 0.0963901 -0.473122 0.306607 0.0868462 -0.295921 0.306607 0.393766 -0.467527 0.28066 0.176412 -0.462519 0.25648 0.185085 -0.443933 0.267035 0.195464 -0.447887 0.286123 0.188617 -0.469235 0.306607 0.173453 -0.449235 0.306607 0.186281 -0.429449 0.375148 0.220552 -0.389877 0.375147 0.289092 -0.381682 0.36257 0.303287 -0.375393 0.346179 0.31418 -0.399421 0.23016 0.272561 -0.37144 0.327091 0.321027 -0.370091 0.306607 0.323362 -0.37144 0.286123 0.321027 -0.375393 0.267035 0.31418 -0.403914 0.263839 0.251502 -0.398379 0.265297 0.261088 -0.393222 0.269569 0.270021 -0.388793 0.276366 0.277692 -0.385395 0.285223 0.283578 -0.383259 0.295538 0.287278 -0.38253 0.306607 0.28854 -0.383259 0.317676 0.287278 -0.385395 0.327991 0.283578 -0.388793 0.336848 0.277692 -0.393222 0.343644 0.270021 -0.409448 0.347917 0.241916 -0.414606 0.343645 0.232984 -0.419034 0.336848 0.225313 -0.422433 0.327991 0.219427 -0.424569 0.317676 0.215727 -0.425298 0.306607 0.214465 -0.424569 0.295538 0.215727 -0.422433 0.285223 0.219427 -0.419034 0.276366 0.225313 -0.414606 0.269569 0.232984 -0.409448 0.265297 0.241916 -0.437645 0.36257 0.206356 -0.449235 0.306607 0.186281 -0.447887 0.286123 0.188617 -0.437645 0.250644 0.206356 -0.429449 0.238066 0.220551 -0.447887 0.327091 0.188617 -0.443933 0.267035 0.195464 -0.443933 0.346179 0.195464 -0.409663 0.227463 0.254822 -0.423408 0.406646 0.246743 -0.412476 0.480213 0.240431 -0.403663 0.480213 0.235343 -0.403663 0.406646 0.235343 -0.347256 0.308102 0.333042 -0.310875 0.308102 0.396056 -0.319688 0.308102 0.401144 -0.367001 0.308102 0.344442 -0.389794 0.406646 0.259365 -0.389794 0.480213 0.259365 -0.398607 0.480213 0.264453 -0.409539 0.406646 0.270765 -0.367001 0.33584 0.344442 -0.319688 0.33584 0.401144 -0.310875 0.33584 0.396056 -0.347256 0.33584 0.333042 -0.389794 0.480213 0.259365 -0.403663 0.480213 0.235343 -0.412476 0.480213 0.240431 -0.398607 0.480213 0.264453 -0.367001 0.308102 0.344442 -0.319688 0.308102 0.401144 -0.319688 0.33584 0.401144 -0.367001 0.33584 0.344442 -0.310875 0.308102 0.396056 -0.310875 0.33584 0.396056 -0.319688 0.33584 0.401144 -0.319688 0.308102 0.401144 -0.4462 0.33584 0.161665 -0.482581 0.33584 0.0986516 -0.491394 0.33584 0.10374 -0.465945 0.33584 0.173065 -0.465945 0.308102 0.173065 -0.491394 0.308102 0.10374 -0.482581 0.308102 0.0986517 -0.4462 0.308102 0.161665 -0.465945 0.33584 0.173065 -0.491394 0.33584 0.10374 -0.491394 0.308102 0.10374 -0.465945 0.308102 0.173065 -0.482581 0.33584 0.0986516 -0.482581 0.308102 0.0986517 -0.491394 0.308102 0.10374 -0.491394 0.33584 0.10374 -0.425847 0.240419 0.246394 -0.425847 0.277374 0.246394 -0.433614 0.273965 0.226269 -0.433614 0.243828 0.226269 -0.410457 0.240419 0.273052 -0.410457 0.277374 0.273052 -0.410414 0.240419 0.237484 -0.395024 0.240419 0.264141 -0.410457 0.240419 0.273052 -0.425847 0.240419 0.246394 -0.397352 0.306427 0.260108 -0.408085 0.306427 0.241517 -0.423519 0.306427 0.250428 -0.412785 0.306427 0.269018 -0.410457 0.277374 0.273052 -0.395024 0.277374 0.264141 -0.397352 0.306427 0.260108 -0.412785 0.306427 0.269018 -0.410414 0.277374 0.237484 -0.425847 0.277374 0.246394 -0.423519 0.306427 0.250428 -0.408085 0.306427 0.241517 -0.412785 0.306427 0.269018 -0.423519 0.306427 0.250428 -0.433614 0.243828 0.226269 -0.433614 0.273965 0.226269 -0.42107 0.273965 0.219027 -0.42107 0.243828 0.219027 -0.384368 0.243828 0.282598 -0.384368 0.273965 0.282598 -0.396912 0.273965 0.28984 -0.396912 0.243828 0.28984 -0.395024 0.277374 0.264141 -0.410457 0.277374 0.273052 -0.396912 0.273965 0.28984 -0.384368 0.273965 0.282598 -0.425847 0.277374 0.246394 -0.410414 0.277374 0.237484 -0.42107 0.273965 0.219027 -0.433614 0.273965 0.226269 -0.433614 0.243828 0.226269 -0.42107 0.243828 0.219027 -0.384368 0.243828 0.282598 -0.396912 0.243828 0.28984 -0.420299 0.375766 0.260963 -0.425507 0.373694 0.251942 -0.431449 0.370142 0.257071 -0.426977 0.371922 0.264818 -0.420299 0.310744 0.260963 -0.391974 0.310744 0.244609 -0.384741 0.313622 0.257138 -0.413066 0.313622 0.273492 -0.407727 0.358964 0.28274 -0.410677 0.367794 0.27763 -0.418713 0.365076 0.279131 -0.416179 0.357493 0.283519 -0.427533 0.383475 0.248434 -0.433665 0.37528 0.237813 -0.429922 0.367794 0.244295 -0.425507 0.373694 0.251942 -0.378608 0.321817 0.267759 -0.406934 0.321817 0.284113 -0.429922 0.329302 0.244295 -0.425507 0.323402 0.251942 -0.431449 0.326954 0.257071 -0.43524 0.33202 0.250504 -0.406934 0.37528 0.284113 -0.413066 0.383475 0.273492 -0.415092 0.373694 0.269983 -0.410677 0.367794 0.27763 -0.406934 0.321817 0.284113 -0.378608 0.321817 0.267759 -0.374511 0.334081 0.274856 -0.402836 0.334081 0.29121 -0.415092 0.323402 0.269983 -0.410677 0.329302 0.27763 -0.418713 0.332021 0.279131 -0.422504 0.326954 0.272564 -0.402836 0.334081 0.29121 -0.401397 0.348548 0.293702 -0.406691 0.348548 0.284534 -0.407727 0.338132 0.28274 -0.373072 0.348548 0.277348 -0.401397 0.348548 0.293702 -0.406691 0.348548 0.284534 -0.41529 0.348548 0.28506 -0.427533 0.313622 0.248434 -0.420299 0.310744 0.260963 -0.420299 0.32133 0.260963 -0.425507 0.323402 0.251942 -0.374511 0.363015 0.274856 -0.402836 0.363015 0.29121 -0.415092 0.373694 0.269983 -0.422504 0.370142 0.272564 -0.378608 0.37528 0.267759 -0.406934 0.37528 0.284113 -0.420299 0.32133 0.260963 -0.426977 0.325175 0.264818 -0.437763 0.363015 0.230716 -0.432873 0.358964 0.239186 -0.406934 0.37528 0.284113 -0.378608 0.37528 0.267759 -0.384741 0.383475 0.257138 -0.413066 0.383475 0.273492 -0.437774 0.357493 0.246116 -0.43524 0.365076 0.250504 -0.420299 0.386352 0.260963 -0.420299 0.375766 0.260963 -0.391974 0.386352 0.244609 -0.420299 0.386352 0.260963 -0.432873 0.338132 0.239186 -0.429922 0.329302 0.244295 -0.43524 0.33202 0.250504 -0.437774 0.339603 0.246116 -0.413066 0.313622 0.273492 -0.415092 0.323402 0.269983 -0.399208 0.383475 0.23208 -0.427533 0.383475 0.248434 -0.402836 0.363015 0.29121 -0.407727 0.358964 0.28274 -0.427533 0.383475 0.248434 -0.399208 0.383475 0.23208 -0.40534 0.37528 0.221459 -0.433665 0.37528 0.237813 -0.407727 0.338132 0.28274 -0.416179 0.339603 0.283519 -0.406934 0.321817 0.284113 -0.410677 0.329302 0.27763 -0.409437 0.363015 0.214362 -0.437763 0.363015 0.230716 -0.410677 0.367794 0.27763 -0.418713 0.365076 0.279131 -0.433665 0.321817 0.237813 -0.410876 0.348548 0.21187 -0.439202 0.348548 0.228223 -0.429922 0.367794 0.244295 -0.43524 0.365076 0.250504 -0.439202 0.348548 0.228223 -0.433908 0.348548 0.237391 -0.409437 0.334081 0.214362 -0.437763 0.334081 0.230716 -0.40534 0.321817 0.221459 -0.433665 0.321817 0.237813 -0.410677 0.329302 0.27763 -0.418713 0.332021 0.279131 -0.433665 0.321817 0.237813 -0.40534 0.321817 0.221459 -0.399208 0.313622 0.23208 -0.427533 0.313622 0.248434 -0.438663 0.348548 0.244576 -0.426977 0.325175 0.264818 -0.422504 0.326954 0.272564 -0.418713 0.332021 0.279131 -0.416179 0.339603 0.283519 -0.41529 0.348548 0.28506 -0.416179 0.357493 0.283519 -0.418713 0.365076 0.279131 -0.422504 0.370142 0.272564 -0.426977 0.371922 0.264818 -0.431449 0.370142 0.257071 -0.431449 0.326954 0.257071 -0.36959 -0.119359 0.236089 -0.414092 0.205082 0.261782 -0.387866 0.209878 0.246641 -0.343364 -0.114563 0.220948 -0.343364 -0.114563 0.220948 -0.387866 0.209878 0.246641 -0.378141 0.209878 0.263485 -0.333639 -0.114563 0.237792 -0.333639 -0.114563 0.237792 -0.378141 0.209878 0.263485 -0.404366 0.205082 0.278627 -0.359865 -0.119359 0.252934 -0.359865 -0.119359 0.252934 -0.404366 0.205082 0.278627 -0.414092 0.205082 0.261782 -0.36959 -0.119359 0.236089 -0.299453 -0.530762 0.184538 -0.355876 -0.119412 0.217114 -0.350113 -0.119412 0.227095 -0.29369 -0.530762 0.194519 -0.373403 -0.119359 0.229484 -0.347178 -0.114563 0.214342 -0.391679 0.209878 0.240035 -0.417905 0.205082 0.255177 -0.347178 -0.114563 0.214342 -0.356903 -0.114563 0.197498 -0.401405 0.209878 0.223191 -0.391679 0.209878 0.240035 -0.356903 -0.114563 0.197498 -0.383129 -0.119359 0.212639 -0.42763 0.205082 0.238332 -0.401405 0.209878 0.223191 -0.383129 -0.119359 0.212639 -0.373403 -0.119359 0.229484 -0.417905 0.205082 0.255177 -0.42763 0.205082 0.238332 -0.309312 -0.532565 0.19023 -0.365734 -0.121215 0.222805 -0.355876 -0.119412 0.217114 -0.299453 -0.530762 0.184538 -0.385803 -0.125588 0.211339 -0.387399 -0.11395 0.212261 -0.356692 -0.108334 0.194532 -0.355095 -0.119972 0.19361 -0.355095 -0.119972 0.19361 -0.356692 -0.108334 0.194532 -0.330965 -0.108334 0.239092 -0.329369 -0.119972 0.23817 -0.355095 -0.119972 0.19361 -0.329369 -0.119972 0.23817 -0.360076 -0.125588 0.255899 -0.385803 -0.125588 0.211339 -0.29369 -0.530762 0.194519 -0.350113 -0.119412 0.227095 -0.359972 -0.121215 0.232787 -0.303549 -0.532565 0.200211 -0.303549 -0.532565 0.200211 -0.359972 -0.121215 0.232787 -0.365734 -0.121215 0.222805 -0.309312 -0.532565 0.19023 -0.299453 -0.530762 0.184538 -0.29369 -0.530762 0.194519 -0.303549 -0.532565 0.200211 -0.309312 -0.532565 0.19023 -0.361566 -0.204497 0.211277 -0.362414 -0.198317 0.211766 -0.346106 -0.195335 0.202351 -0.345259 -0.201515 0.201862 -0.345259 -0.201515 0.201862 -0.346106 -0.195335 0.202351 -0.332444 -0.195335 0.226015 -0.331596 -0.201515 0.225526 -0.331596 -0.201515 0.225526 -0.332444 -0.195335 0.226015 -0.348751 -0.198317 0.23543 -0.347904 -0.204497 0.234941 -0.345259 -0.201515 0.201862 -0.331596 -0.201515 0.225526 -0.347904 -0.204497 0.234941 -0.361566 -0.204497 0.211277 -0.332444 -0.195335 0.226015 -0.346106 -0.195335 0.202351 -0.362414 -0.198317 0.211766 -0.348751 -0.198317 0.23543 -0.355553 -0.248336 0.207805 -0.356401 -0.242156 0.208295 -0.340093 -0.239173 0.19888 -0.339246 -0.245353 0.19839 -0.339246 -0.245353 0.19839 -0.340093 -0.239173 0.19888 -0.326431 -0.239173 0.222544 -0.325583 -0.245353 0.222054 -0.325583 -0.245353 0.222054 -0.326431 -0.239173 0.222544 -0.342738 -0.242156 0.231959 -0.341891 -0.248336 0.231469 -0.341891 -0.248336 0.231469 -0.342738 -0.242156 0.231959 -0.356401 -0.242156 0.208295 -0.355553 -0.248336 0.207805 -0.339246 -0.245353 0.19839 -0.325583 -0.245353 0.222054 -0.341891 -0.248336 0.231469 -0.355553 -0.248336 0.207805 -0.326431 -0.239173 0.222544 -0.340093 -0.239173 0.19888 -0.356401 -0.242156 0.208295 -0.342738 -0.242156 0.231959 -0.335172 -0.396927 0.196038 -0.336019 -0.390747 0.196528 -0.319712 -0.387764 0.187113 -0.318864 -0.393944 0.186623 -0.318864 -0.393944 0.186623 -0.319712 -0.387764 0.187113 -0.30605 -0.387764 0.210777 -0.305202 -0.393944 0.210287 -0.305202 -0.393944 0.210287 -0.30605 -0.387764 0.210777 -0.322357 -0.390747 0.220192 -0.321509 -0.396927 0.219702 -0.321509 -0.396927 0.219702 -0.322357 -0.390747 0.220192 -0.336019 -0.390747 0.196528 -0.335172 -0.396927 0.196038 -0.318864 -0.393944 0.186623 -0.305202 -0.393944 0.210287 -0.321509 -0.396927 0.219702 -0.335172 -0.396927 0.196038 -0.30605 -0.387764 0.210777 -0.319712 -0.387764 0.187113 -0.336019 -0.390747 0.196528 -0.322357 -0.390747 0.220192 -0.331175 -0.426062 0.193731 -0.332023 -0.419882 0.19422 -0.315716 -0.4169 0.184805 -0.314868 -0.42308 0.184316 -0.314868 -0.42308 0.184316 -0.315716 -0.4169 0.184805 -0.302053 -0.4169 0.208469 -0.301205 -0.42308 0.20798 -0.301205 -0.42308 0.20798 -0.302053 -0.4169 0.208469 -0.31836 -0.419882 0.217884 -0.317513 -0.426062 0.217395 -0.317513 -0.426062 0.217395 -0.31836 -0.419882 0.217884 -0.332023 -0.419882 0.19422 -0.331175 -0.426062 0.193731 -0.314868 -0.42308 0.184316 -0.301205 -0.42308 0.20798 -0.317513 -0.426062 0.217395 -0.331175 -0.426062 0.193731 -0.302053 -0.4169 0.208469 -0.315716 -0.4169 0.184805 -0.332023 -0.419882 0.19422 -0.31836 -0.419882 0.217884 -0.319385 -0.214605 0.249823 -0.329532 -0.21646 0.255681 -0.31871 -0.256128 0.26186 -0.308563 -0.254272 0.256001 -0.323617 -0.217021 0.241726 -0.319385 -0.214605 0.249823 -0.308563 -0.254272 0.256001 -0.312796 -0.256688 0.247904 -0.308837 -0.28727 0.244084 -0.307314 -0.248559 0.258984 -0.318297 -0.250568 0.265325 -0.31982 -0.289279 0.250425 -0.327096 -0.20986 0.261991 -0.316949 -0.208004 0.256133 -0.316962 -0.198988 0.258965 -0.327109 -0.200844 0.264824 -0.314005 -0.244349 0.24873 -0.315528 -0.28306 0.23383 -0.32651 -0.285069 0.24017 -0.324987 -0.246358 0.255071 -0.319422 -0.189972 0.257561 -0.329569 -0.191828 0.263419 -0.32651 -0.285069 0.24017 -0.31982 -0.289279 0.250425 -0.318297 -0.250568 0.265325 -0.324987 -0.246358 0.255071 -0.329569 -0.191828 0.263419 -0.319422 -0.189972 0.257561 -0.323669 -0.183372 0.252296 -0.333816 -0.185228 0.258155 -0.315528 -0.28306 0.23383 -0.308837 -0.28727 0.244084 -0.31982 -0.289279 0.250425 -0.32651 -0.285069 0.24017 -0.328564 -0.180957 0.244582 -0.338711 -0.182812 0.250441 -0.314005 -0.244349 0.24873 -0.307314 -0.248559 0.258984 -0.308837 -0.28727 0.244084 -0.315528 -0.28306 0.23383 -0.332797 -0.183372 0.236486 -0.342944 -0.185228 0.242344 -0.329532 -0.21646 0.255681 -0.333764 -0.218876 0.247585 -0.322943 -0.258544 0.253763 -0.31871 -0.256128 0.26186 -0.342944 -0.185228 0.242344 -0.332797 -0.183372 0.236486 -0.335233 -0.189972 0.230176 -0.34538 -0.191828 0.236034 -0.333764 -0.218876 0.247585 -0.323617 -0.217021 0.241726 -0.312796 -0.256688 0.247904 -0.322943 -0.258544 0.253763 -0.335219 -0.198988 0.227344 -0.345366 -0.200844 0.233202 -0.322943 -0.258544 0.253763 -0.312796 -0.256688 0.247904 -0.308563 -0.254272 0.256001 -0.31871 -0.256128 0.26186 -0.33276 -0.208004 0.228748 -0.342907 -0.20986 0.234606 -0.328513 -0.214605 0.234012 -0.33276 -0.208004 0.228748 -0.335219 -0.198988 0.227344 -0.335233 -0.189972 0.230176 -0.332797 -0.183372 0.236486 -0.328564 -0.180957 0.244582 -0.323669 -0.183372 0.252296 -0.319422 -0.189972 0.257561 -0.316962 -0.198988 0.258965 -0.316949 -0.208004 0.256133 -0.324987 -0.246358 0.255071 -0.318297 -0.250568 0.265325 -0.307314 -0.248559 0.258984 -0.314005 -0.244349 0.24873 -0.342907 -0.20986 0.234606 -0.33276 -0.208004 0.228748 -0.328513 -0.214605 0.234012 -0.33866 -0.21646 0.239871 -0.323617 -0.217021 0.241726 -0.333764 -0.218876 0.247585 -0.327096 -0.20986 0.261991 -0.327109 -0.200844 0.264824 -0.329569 -0.191828 0.263419 -0.333816 -0.185228 0.258155 -0.338711 -0.182812 0.250441 -0.342944 -0.185228 0.242344 -0.34538 -0.191828 0.236034 -0.345366 -0.200844 0.233202 -0.342907 -0.20986 0.234606 -0.33866 -0.21646 0.239871 -0.316143 -0.382561 0.206453 -0.312338 -0.285821 0.243688 -0.318921 -0.287025 0.247488 -0.322726 -0.383765 0.210253 -0.316348 -0.283297 0.237542 -0.320153 -0.380038 0.200307 -0.326735 -0.381242 0.204107 -0.32293 -0.284501 0.241343 -0.326735 -0.381242 0.204107 -0.322726 -0.383765 0.210253 -0.318921 -0.287025 0.247488 -0.32293 -0.284501 0.241343 -0.316348 -0.283297 0.237542 -0.312338 -0.285821 0.243688 -0.316143 -0.382561 0.206453 -0.320153 -0.380038 0.200307 -0.332629 -0.386724 0.200891 -0.33758 -0.350629 0.203749 -0.323624 -0.348077 0.195692 -0.318673 -0.384171 0.192833 -0.318673 -0.384171 0.192833 -0.323624 -0.348077 0.195692 -0.315435 -0.348077 0.209875 -0.310484 -0.384171 0.207016 -0.310484 -0.384171 0.207016 -0.315435 -0.348077 0.209875 -0.329391 -0.350629 0.217932 -0.324441 -0.386724 0.215074 -0.324441 -0.386724 0.215074 -0.329391 -0.350629 0.217932 -0.33758 -0.350629 0.203749 -0.332629 -0.386724 0.200891 -0.318673 -0.384171 0.192833 -0.310484 -0.384171 0.207016 -0.324441 -0.386724 0.215074 -0.332629 -0.386724 0.200891 -0.315435 -0.348077 0.209875 -0.323624 -0.348077 0.195692 -0.33758 -0.350629 0.203749 -0.329391 -0.350629 0.217932 -0.360195 -0.214605 0.179138 -0.360134 -0.254272 0.166677 -0.370281 -0.256128 0.172535 -0.370342 -0.21646 0.184996 -0.355299 -0.217021 0.186852 -0.355239 -0.256688 0.174391 -0.360134 -0.254272 0.166677 -0.360195 -0.214605 0.179138 -0.374588 -0.20986 0.179732 -0.377048 -0.200844 0.178327 -0.366901 -0.198988 0.172469 -0.364441 -0.208004 0.173873 -0.356558 -0.244349 0.175025 -0.367541 -0.246358 0.181366 -0.355398 -0.285069 0.190135 -0.344416 -0.28306 0.183794 -0.355398 -0.285069 0.190135 -0.367541 -0.246358 0.181366 -0.373076 -0.250568 0.170445 -0.360933 -0.289279 0.179214 -0.377062 -0.191828 0.18116 -0.374626 -0.185228 0.18747 -0.364479 -0.183372 0.181611 -0.366915 -0.189972 0.175301 -0.344416 -0.28306 0.183794 -0.355398 -0.285069 0.190135 -0.360933 -0.289279 0.179214 -0.349951 -0.28727 0.172873 -0.374626 -0.185228 0.18747 -0.370393 -0.182812 0.195566 -0.360246 -0.180957 0.189708 -0.364479 -0.183372 0.181611 -0.356558 -0.244349 0.175025 -0.344416 -0.28306 0.183794 -0.349951 -0.28727 0.172873 -0.362093 -0.248559 0.164104 -0.365497 -0.185228 0.20328 -0.35535 -0.183372 0.197422 -0.370342 -0.21646 0.184996 -0.370281 -0.256128 0.172535 -0.365386 -0.258544 0.180249 -0.365446 -0.218876 0.19271 -0.361251 -0.191828 0.208545 -0.351104 -0.189972 0.202686 -0.365446 -0.218876 0.19271 -0.365386 -0.258544 0.180249 -0.355239 -0.256688 0.174391 -0.355299 -0.217021 0.186852 -0.361251 -0.191828 0.208545 -0.358791 -0.200844 0.209949 -0.348644 -0.198988 0.204091 -0.351104 -0.189972 0.202686 -0.365386 -0.258544 0.180249 -0.370281 -0.256128 0.172535 -0.360134 -0.254272 0.166677 -0.355239 -0.256688 0.174391 -0.358778 -0.20986 0.207117 -0.34863 -0.208004 0.201258 -0.364441 -0.208004 0.173873 -0.366901 -0.198988 0.172469 -0.366915 -0.189972 0.175301 -0.364479 -0.183372 0.181611 -0.360246 -0.180957 0.189708 -0.35535 -0.183372 0.197422 -0.351104 -0.189972 0.202686 -0.348644 -0.198988 0.204091 -0.34863 -0.208004 0.201258 -0.351066 -0.214605 0.194949 -0.358778 -0.20986 0.207117 -0.361213 -0.21646 0.200807 -0.351066 -0.214605 0.194949 -0.34863 -0.208004 0.201258 -0.365446 -0.218876 0.19271 -0.355299 -0.217021 0.186852 -0.361213 -0.21646 0.200807 -0.358778 -0.20986 0.207117 -0.358791 -0.200844 0.209949 -0.361251 -0.191828 0.208545 -0.365497 -0.185228 0.20328 -0.370393 -0.182812 0.195566 -0.374626 -0.185228 0.18747 -0.377062 -0.191828 0.18116 -0.377048 -0.200844 0.178327 -0.374588 -0.20986 0.179732 -0.321014 -0.382561 0.198016 -0.327597 -0.383765 0.201816 -0.357941 -0.287025 0.179903 -0.351359 -0.285821 0.176103 -0.324279 -0.381242 0.208362 -0.354623 -0.284501 0.186449 -0.357941 -0.287025 0.179903 -0.327597 -0.383765 0.201816 -0.252982 0.860111 0.117848 -0.265952 0.878338 0.125337 -0.239575 0.879474 0.196268 -0.243533 0.885979 0.193291 -0.236266 0.891244 0.193062 -0.256858 0.896488 0.151842 -0.258332 0.894462 0.15422 -0.322421 0.937534 0.157565 -0.317196 0.944713 0.14914 -0.290491 0.965506 0.144786 -0.237234 0.913426 0.147397 -0.240986 0.907164 0.15614 -0.247817 0.926539 0.15451 -0.245192 0.910135 0.141623 -0.237234 0.913426 0.147397 -0.247817 0.926539 0.15451 -0.255775 0.923247 0.148736 0.0434489 -0.752184 0.142255 0.030723 -0.752184 0.13249 0.030723 -0.742274 0.13249 0.0434489 -0.742274 0.142255 -0.0631703 -1 0.295118 -0.0567161 -1 0.283939 -0.0567161 -1 0.283939 0.109567 -1 0.215062 -0.0802086 -1 0.265912 0.098235 -1 0.24242 -0.0293585 -1 0.0761366 -2.06716e-08 -1 0.0722714 0.0802086 -1 0.265912 0.0802086 -1 0.265912 -0.057465 -0.690436 0.185704 -0.0555069 -0.690436 0.200576 -0.0555069 -0.673642 0.200576 -0.432082 0.20977 0.237804 -0.419905 0.23016 0.237082 -0.335807 0.279529 0.328869 -0.368581 0.279529 0.347791 -0.334025 0.306607 0.331956 -0.366799 0.306607 0.350878 -0.335807 0.333684 0.328869 -0.368581 0.333684 0.347791 -0.419905 0.23016 0.237082 -0.409539 0.406646 0.270765 -0.398607 0.480213 0.264453 -0.412476 0.480213 0.240431 -0.423408 0.406646 0.246743 -0.396912 0.243828 0.28984 -0.396912 0.273965 0.28984 -0.437763 0.334081 0.230716 -0.329369 -0.119972 0.23817 -0.330965 -0.108334 0.239092 -0.361672 -0.11395 0.256821 -0.360076 -0.125588 0.255899 -0.360076 -0.125588 0.255899 -0.361672 -0.11395 0.256821 -0.387399 -0.11395 0.212261 -0.385803 -0.125588 0.211339 -0.330965 -0.108334 0.239092 -0.356692 -0.108334 0.194532 -0.387399 -0.11395 0.212261 -0.361672 -0.11395 0.256821 -0.347904 -0.204497 0.234941 -0.348751 -0.198317 0.23543 -0.362414 -0.198317 0.211766 -0.361566 -0.204497 0.211277 -0.349951 -0.28727 0.172873 -0.360933 -0.289279 0.179214 -0.373076 -0.250568 0.170445 -0.362093 -0.248559 0.164104 -0.367541 -0.246358 0.181366 -0.356558 -0.244349 0.175025 -0.362093 -0.248559 0.164104 -0.373076 -0.250568 0.170445 -0.348041 -0.283297 0.182648 -0.354623 -0.284501 0.186449 -0.324279 -0.381242 0.208362 -0.317697 -0.380038 0.204562 -0.348041 -0.283297 0.182648 -0.317697 -0.380038 0.204562 -0.321014 -0.382561 0.198016 -0.351359 -0.285821 0.176103 0.0272593 0.896939 -0.205742 0.0385503 0.891438 -0.212436 0.0294886 0.885685 -0.219437 0.0208517 0.889893 -0.214317 3.5715e-07 0.887416 -0.188463 3.74521e-07 0.901576 -0.200099 -0.0141099 0.900397 -0.201534 -0.0141099 0.886237 -0.189898 0.041703 0.866964 -0.24222 0.0402821 0.860111 -0.250559 0.040282 0.878338 -0.265536 0.041703 0.88519 -0.257197 0.0526605 0.875922 -0.231318 0.0545181 0.866964 -0.24222 0.041703 0.866964 -0.24222 0.0402821 0.873816 -0.233881 -0.0272585 0.896939 -0.205742 -0.0272585 0.882779 -0.194106 -0.0402813 0.873816 -0.233881 -0.0361152 0.880202 -0.22611 -0.0361152 0.898428 -0.241087 -0.0402813 0.892043 -0.248858 0.0472142 0.849658 -0.26328 0.0385503 0.842489 -0.272004 0.0294886 0.848242 -0.265003 0.036116 0.853726 -0.25833 -0.0385495 0.891438 -0.212436 -0.0385495 0.877278 -0.2008 -0.0361151 0.853726 -0.25833 -0.0402813 0.860111 -0.250559 -0.0402813 0.878338 -0.265536 -0.0361152 0.871952 -0.273307 0.0141106 0.833531 -0.282906 4.09263e-07 0.832352 -0.284341 3.74521e-07 0.840488 -0.27444 0.0107938 0.84139 -0.273342 -0.0472134 0.88427 -0.221159 -0.0472134 0.87011 -0.209524 -0.0107931 0.84139 -0.273342 -0.020851 0.844035 -0.270123 -0.0208509 0.862261 -0.2851 -0.010793 0.859616 -0.288319 -0.0272585 0.836989 -0.278698 -0.0385495 0.842489 -0.272004 -0.0294878 0.848243 -0.265003 -0.020851 0.844035 -0.270123 -0.0526598 0.875922 -0.231318 -0.0526597 0.861762 -0.219682 -0.0526597 0.858006 -0.253121 -0.0545174 0.866964 -0.24222 -0.0417023 0.866964 -0.24222 -0.0402813 0.860111 -0.250559 -0.0526597 0.861762 -0.219682 -0.0526598 0.875922 -0.231318 -0.0545174 0.866964 -0.24222 -0.0545174 0.852804 -0.230584 -0.0472134 0.88427 -0.221159 -0.0385495 0.891438 -0.212436 -0.0294878 0.885685 -0.219437 -0.0361152 0.880202 -0.22611 -0.0526597 0.858006 -0.253121 -0.0526598 0.843846 -0.241486 0.0361159 0.880202 -0.22611 0.0402821 0.873816 -0.233881 0.0402821 0.892043 -0.248858 0.036116 0.898428 -0.241087 -0.0141099 0.900397 -0.201534 3.74521e-07 0.901576 -0.200099 3.91892e-07 0.89344 -0.21 -0.0107931 0.892538 -0.211098 -0.0472134 0.849658 -0.26328 -0.0472134 0.835498 -0.251645 0.0107939 0.892538 -0.211098 0.0208517 0.889893 -0.214317 0.0208517 0.908119 -0.229294 0.0107938 0.910764 -0.226075 0.0141106 0.900397 -0.201534 0.0107939 0.892538 -0.211098 -0.0385495 0.842489 -0.272004 -0.0385495 0.828329 -0.260368 -0.0107931 0.892538 -0.211098 3.91892e-07 0.89344 -0.21 3.74521e-07 0.911666 -0.224977 -0.0107931 0.910764 -0.226075 0.0472142 0.88427 -0.221159 0.0361159 0.880202 -0.22611 -0.0272585 0.836989 -0.278698 -0.0272585 0.822829 -0.267062 -0.0294878 0.885685 -0.219437 -0.0294879 0.903912 -0.234414 0.0526605 0.858006 -0.253121 0.0402821 0.860111 -0.250559 -0.0141098 0.833531 -0.282906 -0.0141098 0.819371 -0.27127 -0.0417023 0.866964 -0.24222 -0.0417023 0.88519 -0.257197 0.0272593 0.836989 -0.278698 0.0208517 0.844035 -0.270123 -0.0141098 0.819371 -0.27127 -0.0141098 0.833531 -0.282906 4.09263e-07 0.832352 -0.284341 3.5715e-07 0.818192 -0.272705 -0.0294878 0.848243 -0.265003 -0.0294878 0.866469 -0.27998 -0.0141098 0.833531 -0.282906 -0.0107931 0.84139 -0.273342 3.5715e-07 0.818192 -0.272705 4.09263e-07 0.832352 -0.284341 0.0141106 0.833531 -0.282906 0.0141106 0.819371 -0.27127 0.0107938 0.84139 -0.273342 3.74521e-07 0.840488 -0.27444 3.91892e-07 0.858714 -0.289417 0.0107938 0.859616 -0.288319 -0.0472134 0.849658 -0.26328 -0.0361151 0.853726 -0.25833 0.0272593 0.836989 -0.278698 0.0272593 0.822829 -0.267062 0.036116 0.853726 -0.25833 0.0294886 0.848242 -0.265003 0.0294886 0.866469 -0.27998 0.036116 0.871952 -0.273307 0.0385503 0.842489 -0.272004 0.0385503 0.828329 -0.260368 0.0107939 0.892538 -0.211098 0.0107938 0.910764 -0.226075 -0.0272585 0.896939 -0.205742 -0.020851 0.889893 -0.214316 0.0472142 0.849658 -0.26328 0.0472142 0.835498 -0.251645 0.0526605 0.858006 -0.253121 0.0526605 0.843846 -0.241486 0.0294886 0.885685 -0.219437 0.0294887 0.903912 -0.234414 0.0526605 0.843846 -0.241486 0.0526605 0.858006 -0.253121 0.0545181 0.866964 -0.24222 0.0545182 0.852804 -0.230584 -0.020851 0.889893 -0.214316 -0.020851 0.908119 -0.229294 0.0526605 0.875922 -0.231318 0.0526605 0.861762 -0.219682 -0.0402813 0.873816 -0.233881 -0.0402813 0.892043 -0.248858 0.0472142 0.88427 -0.221159 0.0472142 0.87011 -0.209524 0.0385503 0.891438 -0.212436 0.0385503 0.877278 -0.2008 3.74521e-07 0.840488 -0.27444 -0.0107931 0.84139 -0.273342 -0.010793 0.859616 -0.288319 3.91892e-07 0.858714 -0.289417 -0.0526598 0.875922 -0.231318 -0.0402813 0.873816 -0.233881 0.0272593 0.896939 -0.205742 0.0272593 0.882779 -0.194106 0.0141106 0.900397 -0.201534 0.0141106 0.886237 -0.189898 -0.028034 0.874261 -0.284501 -0.0198229 0.870261 -0.289369 0.0141106 0.886237 -0.189898 0.0141106 0.900397 -0.201534 0.0208517 0.844035 -0.270123 0.0208517 0.862261 -0.2851 0.0280349 0.909858 -0.241182 0.0343354 0.904645 -0.247526 0.0297786 0.907809 -0.253531 0.0243142 0.91233 -0.248029 -0.010261 0.916373 -0.233254 -0.019823 0.913858 -0.236314 3.74521e-07 0.911666 -0.224977 0.0102617 0.916373 -0.233254 3.74521e-07 0.91723 -0.23221 0.0280348 0.874261 -0.284501 0.0343354 0.879474 -0.278157 3.74521e-07 0.91723 -0.23221 0.0198238 0.913858 -0.236314 0.0198237 0.870261 -0.289369 -0.0396463 0.89206 -0.262842 -0.0382954 0.885545 -0.27077 0.0102617 0.867746 -0.292429 -0.0382954 0.898574 -0.254914 4.09263e-07 0.866889 -0.293473 0.0382962 0.898574 -0.254914 -0.0361152 0.898428 -0.241087 -0.0343347 0.904645 -0.247526 -0.010793 0.859616 -0.288319 -0.0102609 0.867746 -0.292429 0.0396471 0.89206 -0.262842 -0.0280341 0.909858 -0.241182 -0.0343347 0.904645 -0.247526 -0.0102609 0.867746 -0.292429 0.0382962 0.885545 -0.27077 -0.017192 0.877988 -0.289821 -0.0243134 0.881457 -0.285599 -0.0163994 0.88928 -0.281784 -0.011596 0.88694 -0.284632 -0.0396463 0.89206 -0.262842 -0.0382954 0.898574 -0.254914 -0.0332128 0.902544 -0.259938 -0.0343845 0.896894 -0.266814 4.09263e-07 0.875063 -0.29338 0.00889985 0.875807 -0.292475 0.0332136 0.902544 -0.259938 -0.0343347 0.904645 -0.247526 -0.0297777 0.907809 -0.253531 -0.00889904 0.875807 -0.292475 0.0343852 0.896894 -0.266814 -0.0280341 0.909858 -0.241182 -0.0243134 0.91233 -0.248029 -0.017192 0.877988 -0.289821 -0.00889904 0.875807 -0.292475 0.0396471 0.89206 -0.262842 0.0382962 0.885545 -0.27077 0.0332136 0.891244 -0.27369 0.0343852 0.896894 -0.266814 -0.019823 0.913858 -0.236314 -0.017192 0.915799 -0.243807 -0.0243134 0.881457 -0.285599 0.0297785 0.885979 -0.280097 -0.010261 0.916373 -0.233254 -0.00889905 0.91798 -0.241153 3.74521e-07 0.91723 -0.23221 0.0102617 0.916373 -0.233254 0.00889987 0.91798 -0.241153 3.91892e-07 0.918724 -0.240248 0.0243142 0.881457 -0.285599 0.0198238 0.913858 -0.236314 0.0171928 0.915799 -0.243807 0.0171928 0.877988 -0.289821 0.0171928 0.915799 -0.243807 -0.0343845 0.896894 -0.266814 -0.0332128 0.891244 -0.27369 -0.00600237 0.913915 -0.251805 3.74521e-07 0.914417 -0.251195 0.00600315 0.913915 -0.251805 0.0115969 0.912444 -0.253595 0.0164003 0.910104 -0.256443 0.0200861 0.907055 -0.260154 0.022403 0.903503 -0.264476 0.0231933 0.899692 -0.269114 0.022403 0.895881 -0.273751 0.020086 0.89233 -0.278073 0.0164002 0.88928 -0.281784 0.0115968 0.88694 -0.284632 0.00600315 0.885469 -0.286422 3.91892e-07 0.884968 -0.287033 -0.00600237 0.885469 -0.286422 -0.0200853 0.89233 -0.278073 -0.0224022 0.895881 -0.273751 -0.0231925 0.899692 -0.269114 -0.0224022 0.903503 -0.264476 -0.0200852 0.907055 -0.260154 -0.0163994 0.910104 -0.256443 -0.0115961 0.912444 -0.253595 0.0332136 0.891244 -0.27369 0.0297785 0.885979 -0.280097 -0.0297778 0.885979 -0.280097 0.0243142 0.881457 -0.285599 0.0171928 0.877988 -0.289821 0.0243142 0.91233 -0.248029 0.00889985 0.875807 -0.292475 0.0297786 0.907809 -0.253531 4.09263e-07 0.875063 -0.29338 0.0332136 0.902544 -0.259938 -0.00889904 0.875807 -0.292475 0.0343852 0.896894 -0.266814 0.00681805 0.885266 -0.285963 0.00594963 0.900289 -0.296361 0.0149292 0.90358 -0.292356 0.0157977 0.888558 -0.281958 0.0452902 0.960122 -0.303064 0.0468878 0.952418 -0.31244 0.0412322 0.952418 -0.31244 0.0398272 0.959193 -0.304195 3.74521e-07 0.907062 -0.258044 0.00342483 0.906775 -0.258393 0.0121358 0.981171 -0.277448 4.44006e-07 0.982186 -0.276214 -0.00935538 0.892722 -0.275495 -0.011458 0.894462 -0.273378 -0.0406053 0.937534 -0.330553 -0.033154 0.931369 -0.338055 0.0114588 0.894462 -0.273378 0.00935614 0.892722 -0.275495 0.0331548 0.931369 -0.338055 0.0406061 0.937534 -0.330553 -0.00342406 0.906775 -0.258393 -0.0121349 0.981171 -0.277448 0.00342483 0.906775 -0.258393 0.00661592 0.905936 -0.259414 0.0234441 0.978197 -0.281067 0.0121358 0.981171 -0.277448 -0.0127798 0.896487 -0.270912 -0.0452893 0.944713 -0.321816 0.00661592 0.891387 -0.27712 0.0234441 0.926638 -0.343812 0.00935616 0.904601 -0.261038 0.0331548 0.973467 -0.286824 -0.0132307 0.898662 -0.268267 -0.0468869 0.952418 -0.31244 0.00342485 0.890548 -0.278141 0.0121357 0.923664 -0.347431 0.0114588 0.902862 -0.263155 0.0406061 0.967302 -0.294327 -0.0132307 0.898662 -0.268267 -0.0127798 0.900836 -0.265621 -0.0452893 0.960122 -0.303064 -0.0468869 0.952418 -0.31244 3.91892e-07 0.890262 -0.278489 4.61377e-07 0.92265 -0.348666 0.0127806 0.900836 -0.265621 0.0452902 0.960122 -0.303064 -0.011458 0.902862 -0.263155 -0.0406052 0.967302 -0.294327 -0.00342406 0.890548 -0.278141 -0.012135 0.923664 -0.347431 0.0132315 0.898662 -0.268267 0.0468878 0.952418 -0.31244 -0.00935538 0.904601 -0.261038 -0.0331539 0.973467 -0.286824 -0.00661513 0.891387 -0.27712 -0.0234432 0.926638 -0.343812 -0.00661513 0.905936 -0.259414 -0.0234433 0.978197 -0.281067 -0.00935538 0.892722 -0.275495 -0.033154 0.931369 -0.338055 0.0291557 0.933908 -0.334965 0.0206163 0.929748 -0.340028 3.91892e-07 0.900738 -0.269973 -0.0406052 0.967302 -0.294327 -0.0331539 0.973467 -0.286824 -0.0291548 0.970928 -0.289914 -0.0357073 0.965506 -0.296512 -0.012135 0.923664 -0.347431 -0.0234432 0.926638 -0.343812 -0.0206155 0.929748 -0.340028 -0.0106712 0.927133 -0.34321 0.0452901 0.944713 -0.321816 0.0398273 0.945643 -0.320685 -0.0234433 0.978197 -0.281067 -0.0206154 0.975088 -0.284852 -0.033154 0.931369 -0.338055 -0.0291548 0.933908 -0.334965 0.0406061 0.937534 -0.330553 0.0357082 0.939329 -0.328368 -0.0121349 0.981171 -0.277448 -0.0106711 0.977703 -0.281669 4.44006e-07 0.982186 -0.276214 0.0121358 0.981171 -0.277448 0.010672 0.977703 -0.281669 4.61377e-07 0.978595 -0.280584 -0.0406053 0.937534 -0.330553 -0.0357073 0.939329 -0.328368 0.0331548 0.931369 -0.338055 0.0234441 0.978197 -0.281067 0.0206163 0.975088 -0.284852 -0.0452893 0.944713 -0.321816 -0.0398264 0.945643 -0.320685 0.0234441 0.926638 -0.343812 0.0331548 0.973467 -0.286824 0.0291557 0.970928 -0.289914 -0.0468869 0.952418 -0.31244 -0.0412313 0.952418 -0.31244 0.0121357 0.923664 -0.347431 0.010672 0.927133 -0.34321 0.0406061 0.967302 -0.294327 0.0357082 0.965506 -0.296512 -0.0452893 0.960122 -0.303064 -0.0398264 0.959193 -0.304195 4.61377e-07 0.92265 -0.348666 4.26634e-07 0.926241 -0.344296 0.0206163 0.975088 -0.284852 0.0291557 0.970928 -0.289914 3.91892e-07 0.900738 -0.269973 -0.0398264 0.945643 -0.320685 -0.0412313 0.952418 -0.31244 3.91892e-07 0.900738 -0.269973 -0.0412313 0.952418 -0.31244 -0.0398264 0.959193 -0.304195 3.91892e-07 0.900738 -0.269973 -0.0357073 0.965506 -0.296512 0.0398272 0.959193 -0.304195 0.0412322 0.952418 -0.31244 -0.0291548 0.970928 -0.289914 -0.0106712 0.927133 -0.34321 -0.0206155 0.929748 -0.340028 0.0398273 0.945643 -0.320685 -0.0206154 0.975088 -0.284852 -0.0291548 0.933908 -0.334965 0.0357082 0.939329 -0.328368 -0.0106711 0.977703 -0.281669 4.61377e-07 0.978595 -0.280584 0.010672 0.977703 -0.281669 -0.0357073 0.939329 -0.328368 0.010672 0.977703 -0.281669 0.0101024 0.903872 -0.263321 0.0157975 0.910135 -0.2557 0.0149291 0.923247 -0.268422 0.0157977 0.888558 -0.281958 0.0149292 0.90358 -0.292356 0.0101026 0.89482 -0.274337 -0.0226143 0.896055 -0.272835 -0.0208775 0.910122 -0.284394 -0.0112242 0.896055 -0.272835 -0.0226143 0.902638 -0.264824 -0.0208775 0.916705 -0.276383 -0.0208775 0.910122 -0.284394 -0.0226143 0.896055 -0.272835 -0.0112242 0.902638 -0.264824 -0.0208775 0.916705 -0.276383 -0.0226143 0.902638 -0.264824 0.00112302 0.891529 -0.278342 0.00594963 0.900289 -0.296361 0.00681805 0.885266 -0.285963 -0.036411 0.979515 -0.170616 -0.0715062 0.979515 -0.160311 -0.0611089 1 -0.13434 -0.0311167 1 -0.143147 -0.132768 0.979515 -0.120941 -0.156721 0.979515 -0.0932978 -0.133933 1 -0.0770706 -0.113463 1 -0.100694 0.132769 0.979515 -0.120941 0.104017 0.979515 -0.143551 0.0888927 1 -0.120017 0.113463 1 -0.100694 -0.0715062 0.90906 -0.160311 -0.036411 0.90906 -0.170616 -0.0745713 0.744812 -0.368611 -0.146448 0.744812 -0.347506 -0.175009 0.90906 -0.0616214 -0.175009 0.979515 -0.0616214 -0.156721 0.979515 -0.0932978 -0.156721 0.90906 -0.0932978 -0.132768 0.979515 -0.120941 -0.132768 0.90906 -0.120941 -0.104017 0.979515 -0.143551 -0.104017 0.90906 -0.143551 -0.156721 0.90906 -0.0932978 -0.132768 0.90906 -0.120941 -0.271915 0.744812 -0.266873 -0.320971 0.744812 -0.21026 0.0364113 0.979515 -0.170616 1.31326e-07 0.979515 -0.174093 1.31326e-07 1 -0.146118 0.031117 1 -0.143147 -0.0715062 0.979515 -0.160311 -0.0715062 0.90906 -0.160311 0.104017 0.90906 -0.143551 0.132769 0.90906 -0.120941 0.271915 0.744812 -0.266873 0.213031 0.744812 -0.31318 -0.0715062 0.90906 -0.160311 -0.0715062 0.979515 -0.160311 -0.036411 0.979515 -0.170616 -0.036411 0.90906 -0.170616 1.31326e-07 0.979515 -0.174093 1.31326e-07 0.90906 -0.174093 -0.104017 0.979515 -0.143551 -0.0888924 1 -0.120017 0.0364113 0.979515 -0.170616 0.0364113 0.90906 -0.170616 0.0715065 0.979515 -0.160311 0.0715065 0.90906 -0.160311 1.31326e-07 0.90906 -0.174093 0.0364113 0.90906 -0.170616 0.0745717 0.744812 -0.368611 2.18181e-07 0.744812 -0.375732 0.104017 0.979515 -0.143551 0.104017 0.90906 -0.143551 0.132769 0.979515 -0.120941 0.132769 0.90906 -0.120941 -0.175009 0.979515 -0.0616214 -0.149562 1 -0.0500001 0.156721 0.979515 -0.0932977 0.156721 0.90906 -0.0932977 -0.104017 0.90906 -0.143551 -0.213031 0.744812 -0.31318 0.0715065 0.979515 -0.160311 0.0611092 1 -0.13434 -0.175009 0.90906 -0.0616214 -0.358426 0.744812 -0.145385 0.0715065 0.90906 -0.160311 0.146448 0.744812 -0.347506 0.156721 0.979515 -0.0932977 0.133933 1 -0.0770705 -0.213031 0.744812 -0.31318 -0.146448 0.744812 -0.347506 -0.16388 0.35543 -0.39105 -0.238389 0.35543 -0.352638 0.156721 0.90906 -0.0932977 0.320971 0.744812 -0.210259 -0.0834478 0.35543 -0.414667 -0.16388 0.35543 -0.39105 -0.0745713 0.744812 -0.368611 2.18181e-07 0.744812 -0.375732 1.83439e-07 0.35543 -0.422635 -0.0834478 0.35543 -0.414667 0.0745717 0.744812 -0.368611 0.0834483 0.35543 -0.414667 0.146448 0.744812 -0.347506 0.16388 0.35543 -0.39105 0.213031 0.744812 -0.31318 0.238389 0.35543 -0.352638 0.271915 0.744812 -0.266873 0.304282 0.35543 -0.300819 0.320971 0.744812 -0.210259 0.359177 0.35543 -0.237466 -0.358426 0.744812 -0.145385 -0.320971 0.744812 -0.21026 -0.359177 0.35543 -0.237466 -0.401091 0.35543 -0.16487 -0.271915 0.744812 -0.266873 -0.304282 0.35543 -0.300819 0.238389 0.35543 -0.352638 0.304282 0.35543 -0.300819 0.31476 0.35543 -0.311808 0.246598 0.35543 -0.365411 0.359177 0.35543 -0.237466 0.371546 0.35543 -0.246274 -0.401091 0.35543 -0.16487 -0.359177 0.35543 -0.237466 -0.371546 0.35543 -0.246274 -0.414903 0.35543 -0.171177 -0.304282 0.35543 -0.300819 -0.31476 0.35543 -0.311808 -0.238389 0.35543 -0.352638 -0.246598 0.35543 -0.365411 -0.169523 0.35543 -0.405146 -0.0863214 0.35543 -0.429576 1.83439e-07 0.35543 -0.422635 1.83439e-07 0.35543 -0.437819 0.0834483 0.35543 -0.414667 0.0863218 0.35543 -0.429576 0.16388 0.35543 -0.39105 0.169524 0.35543 -0.405146 0.31476 0.35543 -0.311808 0.371546 0.35543 -0.246274 0.371546 0.338359 -0.246274 0.31476 0.338359 -0.311808 -0.414903 0.35543 -0.171177 -0.371546 0.35543 -0.246274 -0.371546 0.338359 -0.246274 -0.414903 0.338359 -0.171177 -0.31476 0.35543 -0.311808 -0.31476 0.338359 -0.311808 -0.246598 0.35543 -0.365411 -0.246598 0.338359 -0.365411 -0.169523 0.35543 -0.405146 -0.169523 0.338359 -0.405146 -0.169523 0.35543 -0.405146 -0.0863214 0.35543 -0.429576 -0.0863214 0.338359 -0.429576 -0.169523 0.338359 -0.405146 1.83439e-07 0.35543 -0.437819 1.83439e-07 0.338359 -0.437819 0.0863218 0.35543 -0.429576 0.0863218 0.338359 -0.429576 0.169524 0.35543 -0.405146 0.169524 0.338359 -0.405146 0.246598 0.35543 -0.365411 0.246598 0.338359 -0.365411 -0.414903 0.338359 -0.171177 -0.371546 0.338359 -0.246274 -0.345188 0.338359 -0.227505 -0.38547 0.338359 -0.157736 -0.31476 0.338359 -0.311808 -0.292431 0.338359 -0.28839 -0.246598 0.338359 -0.365411 -0.229104 0.338359 -0.338191 -0.169523 0.338359 -0.405146 -0.157497 0.338359 -0.375107 -0.0863214 0.338359 -0.429576 -0.0801978 0.338359 -0.397804 1.83439e-07 0.338359 -0.437819 1.83439e-07 0.338359 -0.405462 0.0863218 0.338359 -0.429576 0.0801983 0.338359 -0.397804 0.169524 0.338359 -0.405146 0.157498 0.338359 -0.375107 0.246598 0.338359 -0.365411 0.229105 0.338359 -0.338191 0.31476 0.338359 -0.311808 0.292432 0.338359 -0.28839 0.371546 0.338359 -0.246274 0.345189 0.338359 -0.227505 -0.38547 0.338359 -0.157736 -0.345188 0.338359 -0.227505 -0.345188 0.274855 -0.227505 -0.38547 0.274855 -0.157736 -0.292431 0.338359 -0.28839 -0.292431 0.274855 -0.28839 -0.229104 0.338359 -0.338191 -0.229104 0.274855 -0.338191 -0.157497 0.338359 -0.375107 -0.157497 0.274855 -0.375107 -0.157497 0.338359 -0.375107 -0.0801978 0.338359 -0.397804 -0.0801978 0.274855 -0.397804 -0.157497 0.274855 -0.375107 1.83439e-07 0.338359 -0.405462 1.83439e-07 0.274855 -0.405462 0.0801983 0.338359 -0.397804 0.0801983 0.274855 -0.397804 0.157498 0.338359 -0.375107 0.157498 0.274855 -0.375107 0.229105 0.338359 -0.338191 0.229105 0.274855 -0.338191 0.292432 0.338359 -0.28839 0.292432 0.274855 -0.28839 0.345189 0.338359 -0.227505 0.345189 0.274855 -0.227505 -0.417066 0.274855 -0.172165 -0.373483 0.274855 -0.247653 -0.373483 0.257784 -0.247653 -0.417066 0.257784 -0.172165 -0.38547 0.274855 -0.157736 -0.345188 0.274855 -0.227505 -0.373483 0.274855 -0.247653 -0.417066 0.274855 -0.172165 -0.292431 0.274855 -0.28839 -0.316401 0.274855 -0.313529 -0.229104 0.274855 -0.338191 -0.247884 0.274855 -0.367412 -0.157497 0.274855 -0.375107 -0.170407 0.274855 -0.407354 -0.0801978 0.274855 -0.397804 -0.0867716 0.274855 -0.431912 1.83439e-07 0.274855 -0.405462 2.18181e-07 0.274855 -0.440197 0.0801983 0.274855 -0.397804 0.086772 0.274855 -0.431912 0.157498 0.274855 -0.375107 0.170408 0.274855 -0.407354 0.229105 0.274855 -0.338191 0.247884 0.274855 -0.367412 0.292432 0.274855 -0.28839 0.316402 0.274855 -0.313529 0.345189 0.274855 -0.227505 0.373483 0.274855 -0.247653 -0.373483 0.257784 -0.247653 -0.316401 0.257784 -0.313529 -0.305119 0.257784 -0.301697 -0.360165 0.257784 -0.23817 -0.316401 0.274855 -0.313529 -0.316401 0.257784 -0.313529 -0.247884 0.274855 -0.367412 -0.247884 0.257784 -0.367412 -0.170407 0.274855 -0.407354 -0.170407 0.257784 -0.407354 -0.170407 0.274855 -0.407354 -0.0867716 0.274855 -0.431912 -0.0867716 0.257784 -0.431912 -0.170407 0.257784 -0.407354 2.18181e-07 0.274855 -0.440197 2.18181e-07 0.257784 -0.440197 0.086772 0.274855 -0.431912 0.086772 0.257784 -0.431912 0.170408 0.274855 -0.407354 0.170408 0.257784 -0.407354 0.247884 0.274855 -0.367412 0.247884 0.257784 -0.367412 0.316402 0.274855 -0.313529 0.316402 0.257784 -0.313529 0.373483 0.274855 -0.247653 0.373483 0.257784 -0.247653 -0.305119 0.257784 -0.301697 -0.239044 0.257784 -0.353658 -0.181602 -0.581075 -0.264275 -0.231798 -0.581075 -0.2248 -0.247884 0.257784 -0.367412 -0.239044 0.257784 -0.353658 -0.170407 0.257784 -0.407354 -0.164331 0.257784 -0.392176 -0.0867716 0.257784 -0.431912 -0.0836774 0.257784 -0.415857 2.18181e-07 0.257784 -0.440197 2.18181e-07 0.257784 -0.423848 0.086772 0.257784 -0.431912 0.0836778 0.257784 -0.415857 0.170408 0.257784 -0.407354 0.164331 0.257784 -0.392176 0.247884 0.257784 -0.367412 0.239045 0.257784 -0.353658 0.316402 0.257784 -0.313529 0.305119 0.257784 -0.301696 0.373483 0.257784 -0.247653 0.360165 0.257784 -0.238169 -0.417066 0.257784 -0.172165 -0.402194 0.257784 -0.165373 -0.181602 -0.581075 -0.264275 -0.124842 -0.581075 -0.293537 -0.129205 -0.581075 -0.304436 -0.187949 -0.581075 -0.274151 -0.164331 0.257784 -0.392176 -0.124842 -0.581075 -0.293537 -0.164331 0.257784 -0.392176 -0.0836774 0.257784 -0.415857 -0.0635696 -0.581075 -0.311528 -0.124842 -0.581075 -0.293537 2.18181e-07 0.257784 -0.423848 1.83439e-07 -0.581075 -0.317599 0.0836778 0.257784 -0.415857 0.0635701 -0.581075 -0.311528 0.164331 0.257784 -0.392176 0.124842 -0.581075 -0.293537 0.239045 0.257784 -0.353658 0.181602 -0.581075 -0.264275 0.305119 0.257784 -0.301696 0.231799 -0.581075 -0.2248 0.360165 0.257784 -0.238169 0.273617 -0.581075 -0.176539 -0.402194 0.257784 -0.165373 -0.360165 0.257784 -0.23817 -0.273617 -0.581075 -0.176539 -0.305547 -0.581075 -0.121236 -0.129205 -0.581075 -0.304436 -0.0657914 -0.581075 -0.323056 -0.0483305 -0.676672 -0.23246 -0.0949143 -0.676672 -0.218782 -0.0635696 -0.581075 -0.311528 -0.0657914 -0.581075 -0.323056 1.83439e-07 -0.581075 -0.317599 2.18181e-07 -0.581075 -0.329338 0.0635701 -0.581075 -0.311528 0.0657918 -0.581075 -0.323056 0.124842 -0.581075 -0.293537 0.129205 -0.581075 -0.304436 0.181602 -0.581075 -0.264275 0.187949 -0.581075 -0.274151 0.231799 -0.581075 -0.2248 0.2399 -0.581075 -0.233297 0.273617 -0.581075 -0.176539 0.28318 -0.581075 -0.183349 -0.305547 -0.581075 -0.121236 -0.273617 -0.581075 -0.176539 -0.28318 -0.581075 -0.183349 -0.316226 -0.581075 -0.126113 -0.231798 -0.581075 -0.2248 -0.2399 -0.581075 -0.233297 0.138068 -0.676672 -0.196535 0.176231 -0.676672 -0.166523 1.00926e-07 -0.676673 0.0183031 2.18181e-07 -0.581075 -0.329338 1.66068e-07 -0.676672 -0.237075 0.0657918 -0.581075 -0.323056 0.0483308 -0.676672 -0.23246 0.0657918 -0.581075 -0.323056 0.129205 -0.581075 -0.304436 0.0949146 -0.676672 -0.218782 0.0483308 -0.676672 -0.23246 0.187949 -0.581075 -0.274151 0.138068 -0.676672 -0.196535 0.2399 -0.581075 -0.233297 0.176231 -0.676672 -0.166523 0.28318 -0.581075 -0.183349 0.208025 -0.676673 -0.129831 -0.316226 -0.581075 -0.126113 -0.28318 -0.581075 -0.183349 -0.208025 -0.676672 -0.129831 -0.2323 -0.676673 -0.087785 -0.2399 -0.581075 -0.233297 -0.176231 -0.676672 -0.166523 -0.2399 -0.581075 -0.233297 -0.187949 -0.581075 -0.274151 -0.138068 -0.676672 -0.196535 -0.176231 -0.676672 -0.166523 0.0949146 -0.676672 -0.218782 -0.208025 -0.676672 -0.129831 -0.2323 -0.676673 -0.087785 0.208025 -0.676673 -0.129831 9.76222e-08 1 0.0183028 -0.144973 -0.784192 -0.00665351 -0.129769 -0.784192 -0.00865516 -0.131218 -0.752184 -0.0140617 -0.144973 -0.752184 -0.0122507 -0.125237 -0.784192 -0.139051 -0.144973 -0.784192 -0.141649 -0.144973 -0.784192 -0.124141 -0.129769 -0.784192 -0.122139 -0.0355586 -1 -0.00222686 -0.0789368 -0.784192 -0.0272713 -0.0910547 -0.784192 -0.011479 -0.0556365 -1 0.0239391 -0.103435 -0.784192 -0.0238591 -0.0940993 -0.784192 -0.0360254 -0.0989466 -0.752184 -0.038824 -0.107393 -0.752184 -0.027817 -0.183099 -0.784192 -0.131433 -0.198891 -0.784192 -0.119316 -0.186511 -0.784192 -0.106935 -0.174345 -0.784192 -0.116271 -0.106847 -0.784192 0.000638819 -0.0818025 -1 0.0440171 -0.203717 -0.784192 -0.0653973 -0.201715 -0.784192 -0.0501932 -0.196308 -0.752184 -0.0516419 -0.198119 -0.752184 -0.0653973 -0.218627 -0.784192 -0.0851327 -0.221225 -0.784192 -0.0653973 -0.203717 -0.784192 -0.0653973 -0.201715 -0.784192 -0.0806013 -0.125237 -0.784192 0.00825642 -0.112273 -1 0.0566385 -0.186511 -0.784192 -0.106935 -0.195847 -0.784192 -0.0947692 -0.190999 -0.752184 -0.0919707 -0.182553 -0.752184 -0.102978 -0.211009 -0.784192 -0.0272713 -0.198891 -0.784192 -0.011479 -0.186511 -0.784192 -0.0238591 -0.195846 -0.784192 -0.0360254 -0.112273 -1 0.0566385 -0.125237 -0.784192 0.00825642 -0.144973 -0.784192 0.0108546 -0.144973 -1 0.0609435 -0.144973 -0.784192 -0.124141 -0.160177 -0.784192 -0.122139 -0.158728 -0.752184 -0.116733 -0.144973 -0.752184 -0.118544 -0.164708 -0.784192 0.00825643 -0.144973 -0.784192 0.0108546 -0.144973 -0.784192 -0.00665351 -0.160177 -0.784192 -0.00865515 -0.164708 -0.784192 0.00825643 -0.177672 -1 0.0566385 -0.0882308 -0.784192 -0.0501933 -0.0936372 -0.752184 -0.051642 -0.183099 -0.784192 0.000638794 -0.208143 -1 0.044017 -0.103435 -0.784192 -0.106935 -0.115601 -0.784192 -0.116271 -0.1184 -0.752184 -0.111424 -0.107393 -0.752184 -0.102978 -0.0713192 -0.784192 -0.0851327 -0.0789368 -0.784192 -0.103523 -0.0940993 -0.784192 -0.0947692 -0.0882308 -0.784192 -0.0806013 -0.198891 -0.784192 -0.011479 -0.234309 -1 0.0239391 -0.0862291 -0.784192 -0.0653973 -0.0882308 -0.784192 -0.0806013 -0.0936372 -0.752184 -0.0791527 -0.0918263 -0.752184 -0.0653974 -0.106847 -0.784192 -0.131433 -0.115601 -0.784192 -0.116271 -0.211009 -0.784192 -0.0272713 -0.254387 -1 -0.00222685 -0.129769 -0.784192 -0.00865516 -0.115601 -0.784192 -0.0145237 -0.1184 -0.752184 -0.019371 -0.131218 -0.752184 -0.0140617 -0.164708 -0.784192 -0.139051 -0.160177 -0.784192 -0.122139 -0.218627 -0.784192 -0.0456618 -0.267009 -1 -0.0326978 -0.174345 -0.784192 -0.0145237 -0.160177 -0.784192 -0.00865515 -0.158728 -0.752184 -0.0140617 -0.171546 -0.752184 -0.019371 -0.211009 -0.784192 -0.103523 -0.195847 -0.784192 -0.0947692 -0.267009 -1 -0.0326978 -0.218627 -0.784192 -0.0456618 -0.221225 -0.784192 -0.0653973 -0.271314 -1 -0.0653972 -0.201715 -0.784192 -0.0501932 -0.195846 -0.784192 -0.0360254 -0.190999 -0.752184 -0.038824 -0.196308 -0.752184 -0.0516419 -0.218627 -0.784192 -0.0456618 -0.201715 -0.784192 -0.0501932 -0.218627 -0.784192 -0.0851327 -0.267009 -1 -0.0980965 -0.201715 -0.784192 -0.0806013 -0.196309 -0.752184 -0.0791527 -0.183099 -0.784192 0.000638794 -0.174345 -0.784192 -0.0145237 -0.211009 -0.784192 -0.103523 -0.254387 -1 -0.128568 -0.160177 -0.784192 -0.122139 -0.174345 -0.784192 -0.116271 -0.171546 -0.752184 -0.111424 -0.158728 -0.752184 -0.116733 -0.125237 -0.784192 0.00825642 -0.106847 -0.784192 0.000638819 -0.115601 -0.784192 -0.0145237 -0.129769 -0.784192 -0.00865516 -0.198891 -0.784192 -0.119316 -0.234309 -1 -0.154734 -0.129769 -0.784192 -0.122139 -0.131218 -0.752184 -0.116733 -0.0789368 -0.784192 -0.0272713 -0.0713192 -0.784192 -0.0456619 -0.0882308 -0.784192 -0.0501933 -0.0940993 -0.784192 -0.0360254 -0.183099 -0.784192 -0.131433 -0.208143 -1 -0.174811 -0.0882308 -0.784192 -0.0806013 -0.0940993 -0.784192 -0.0947692 -0.0989466 -0.752184 -0.0919707 -0.0936372 -0.752184 -0.0791527 -0.068721 -0.784192 -0.0653973 -0.0862291 -0.784192 -0.0653973 -0.208143 -1 -0.174811 -0.177672 -1 -0.187433 -0.0910547 -0.784192 -0.119316 -0.103435 -0.784192 -0.106935 -0.177672 -1 -0.187433 -0.164708 -0.784192 -0.139051 -0.144973 -0.784192 -0.141649 -0.144973 -1 -0.191738 -0.125237 -0.784192 -0.139051 -0.112274 -1 -0.187433 -0.186511 -0.784192 -0.0238591 -0.182553 -0.752184 -0.027817 -0.106847 -0.784192 -0.131433 -0.0818026 -1 -0.174811 -0.0910547 -0.784192 -0.119316 -0.0556365 -1 -0.154734 -0.0789368 -0.784192 -0.103523 -0.0355586 -1 -0.128568 -0.0713192 -0.784192 -0.0851327 -0.0229371 -1 -0.0980966 -0.182553 -0.752184 -0.102978 -0.190999 -0.752184 -0.0919707 -0.198187 -0.752184 -0.0961205 -0.188422 -0.752184 -0.108846 -0.0910547 -0.784192 -0.011479 -0.103435 -0.784192 -0.0238591 -0.0229371 -1 -0.0980966 -0.0713192 -0.784192 -0.0851327 -0.068721 -0.784192 -0.0653973 -0.0186321 -1 -0.0653973 -0.0713192 -0.784192 -0.0456619 -0.0229371 -1 -0.0326979 -0.177672 -1 0.0566385 -0.208143 -1 0.044017 -0.201689 -1 0.0328379 -0.174331 -1 0.0441698 -0.160876 -0.752184 -0.12475 -0.175696 -0.752184 -0.118611 -0.175696 -0.742274 -0.118611 -0.160876 -0.742274 -0.12475 -0.0989466 -0.752184 -0.0919707 -0.107393 -0.752184 -0.102978 -0.101524 -0.752184 -0.108846 -0.0917589 -0.752184 -0.0961205 -0.158728 -0.752184 -0.0140617 -0.144973 -0.752184 -0.0122507 -0.144973 -0.752184 -0.00395117 -0.160876 -0.752184 -0.0060449 -0.196309 -0.752184 -0.0791527 -0.204325 -0.752184 -0.0813008 -0.1184 -0.752184 -0.111424 -0.11425 -0.752184 -0.118611 -0.198119 -0.752184 -0.0653973 -0.206419 -0.752184 -0.0653974 -0.131218 -0.752184 -0.116733 -0.129069 -0.752184 -0.12475 -0.131218 -0.752184 -0.0140617 -0.1184 -0.752184 -0.019371 -0.11425 -0.752184 -0.0121834 -0.129069 -0.752184 -0.00604487 -0.196308 -0.752184 -0.0516419 -0.204325 -0.752184 -0.0494939 -0.144973 -0.752184 -0.118544 -0.144973 -0.752184 -0.126844 -0.107393 -0.752184 -0.027817 -0.101524 -0.752184 -0.0219483 -0.0989466 -0.752184 -0.038824 -0.0936372 -0.752184 -0.051642 -0.0856204 -0.752184 -0.0494939 -0.0917589 -0.752184 -0.0346742 -0.190999 -0.752184 -0.038824 -0.198187 -0.752184 -0.0346743 -0.158728 -0.752184 -0.116733 -0.160876 -0.752184 -0.12475 -0.0918263 -0.752184 -0.0653974 -0.0835267 -0.752184 -0.0653974 -0.182553 -0.752184 -0.027817 -0.188422 -0.752184 -0.0219483 -0.171546 -0.752184 -0.111424 -0.175696 -0.752184 -0.118611 -0.0936372 -0.752184 -0.0791527 -0.0856204 -0.752184 -0.0813008 -0.171546 -0.752184 -0.019371 -0.175696 -0.752184 -0.0121834 -0.204325 -0.742274 -0.0813008 -0.206419 -0.742274 -0.0653974 -0.193819 -0.742274 -0.0653974 -0.192154 -0.742274 -0.0780395 -0.0835267 -0.752184 -0.0653974 -0.0856204 -0.752184 -0.0813008 -0.0856204 -0.742274 -0.0813008 -0.0835267 -0.742274 -0.0653974 -0.188422 -0.752184 -0.0219483 -0.175696 -0.752184 -0.0121834 -0.175696 -0.742274 -0.0121834 -0.188422 -0.742274 -0.0219483 -0.188422 -0.752184 -0.108846 -0.188422 -0.742274 -0.108846 -0.0856204 -0.752184 -0.0813008 -0.0917589 -0.752184 -0.0961205 -0.0917589 -0.742274 -0.0961205 -0.0856204 -0.742274 -0.0813008 -0.198187 -0.752184 -0.0961205 -0.198187 -0.742274 -0.0961205 -0.101524 -0.752184 -0.108846 -0.101524 -0.742274 -0.108846 -0.160876 -0.752184 -0.0060449 -0.144973 -0.752184 -0.00395117 -0.144973 -0.742274 -0.00395117 -0.160876 -0.742274 -0.00604489 -0.204325 -0.752184 -0.0813008 -0.204325 -0.742274 -0.0813008 -0.11425 -0.752184 -0.118611 -0.11425 -0.742274 -0.118611 -0.129069 -0.752184 -0.00604487 -0.129069 -0.742274 -0.0060449 -0.206419 -0.752184 -0.0653974 -0.206419 -0.742274 -0.0653974 -0.129069 -0.752184 -0.12475 -0.129069 -0.742274 -0.12475 -0.204325 -0.752184 -0.0494939 -0.204325 -0.742274 -0.0494939 -0.144973 -0.752184 -0.126844 -0.144973 -0.742274 -0.126843 -0.0917589 -0.752184 -0.0346742 -0.0856204 -0.752184 -0.0494939 -0.0856204 -0.742274 -0.0494939 -0.0917589 -0.742274 -0.0346742 -0.204325 -0.752184 -0.0494939 -0.198187 -0.752184 -0.0346743 -0.198187 -0.742274 -0.0346743 -0.204325 -0.742274 -0.0494939 -0.160876 -0.752184 -0.12475 -0.160876 -0.742274 -0.12475 -0.101524 -0.752184 -0.0219483 -0.101524 -0.742274 -0.0219483 -0.0961271 -0.742274 -0.0653974 -0.0977915 -0.742274 -0.0780396 -0.10431 -0.695375 -0.076293 -0.102876 -0.695375 -0.0653975 -0.11425 -0.742274 -0.118611 -0.129069 -0.742274 -0.12475 -0.132331 -0.742274 -0.112579 -0.12055 -0.742274 -0.107699 -0.129069 -0.742274 -0.0060449 -0.11425 -0.742274 -0.0121834 -0.12055 -0.742274 -0.0230957 -0.132331 -0.742274 -0.018216 -0.204325 -0.742274 -0.0494939 -0.192154 -0.742274 -0.0527551 -0.144973 -0.742274 -0.126843 -0.144973 -0.742274 -0.114243 -0.101524 -0.742274 -0.0219483 -0.110434 -0.742274 -0.0308582 -0.0917589 -0.742274 -0.0346742 -0.0856204 -0.742274 -0.0494939 -0.0977915 -0.742274 -0.0527552 -0.102671 -0.742274 -0.0409745 -0.198187 -0.742274 -0.0346743 -0.187275 -0.742274 -0.0409746 -0.160876 -0.742274 -0.12475 -0.157615 -0.742274 -0.112579 -0.0835267 -0.742274 -0.0653974 -0.0961271 -0.742274 -0.0653974 -0.188422 -0.742274 -0.0219483 -0.179512 -0.742274 -0.0308582 -0.175696 -0.742274 -0.118611 -0.169396 -0.742274 -0.107699 -0.0856204 -0.742274 -0.0813008 -0.0977915 -0.742274 -0.0780396 -0.175696 -0.742274 -0.0121834 -0.169396 -0.742274 -0.0230957 -0.188422 -0.742274 -0.108846 -0.179512 -0.742274 -0.0999365 -0.0917589 -0.742274 -0.0961205 -0.102671 -0.742274 -0.0898202 -0.160876 -0.742274 -0.00604489 -0.157615 -0.742274 -0.018216 -0.198187 -0.742274 -0.0961205 -0.187274 -0.742274 -0.0898202 -0.101524 -0.742274 -0.108846 -0.110434 -0.742274 -0.0999365 -0.144973 -0.742274 -0.00395117 -0.144973 -0.742274 -0.0165516 -0.0882568 -1 0.0328379 -0.115615 -1 0.0441698 -0.144973 -0.679919 -0.0653974 -0.179512 -0.742274 -0.0308582 -0.169396 -0.742274 -0.0230957 -0.166021 -0.695375 -0.0289403 -0.17474 -0.695375 -0.0356304 -0.169396 -0.742274 -0.107699 -0.179512 -0.742274 -0.0999365 -0.17474 -0.695375 -0.0951646 -0.166021 -0.695375 -0.101855 -0.0977915 -0.742274 -0.0780396 -0.102671 -0.742274 -0.0898202 -0.108516 -0.695375 -0.086446 -0.10431 -0.695375 -0.076293 -0.157615 -0.742274 -0.018216 -0.155868 -0.695375 -0.0247348 -0.187274 -0.742274 -0.0898202 -0.18143 -0.695375 -0.086446 -0.110434 -0.742274 -0.0999365 -0.115206 -0.695375 -0.0951646 -0.144973 -0.742274 -0.0165516 -0.144973 -0.695375 -0.0233004 -0.192154 -0.742274 -0.0780395 -0.185635 -0.695375 -0.076293 -0.12055 -0.742274 -0.107699 -0.123924 -0.695375 -0.101855 -0.132331 -0.742274 -0.018216 -0.134077 -0.695375 -0.0247348 -0.193819 -0.742274 -0.0653974 -0.18707 -0.695375 -0.0653974 -0.132331 -0.742274 -0.112579 -0.134077 -0.695375 -0.10606 -0.132331 -0.742274 -0.018216 -0.12055 -0.742274 -0.0230957 -0.123924 -0.695375 -0.0289404 -0.134077 -0.695375 -0.0247348 -0.192154 -0.742274 -0.0527551 -0.185635 -0.695375 -0.0545019 -0.144973 -0.742274 -0.114243 -0.144973 -0.695375 -0.107495 -0.110434 -0.742274 -0.0308582 -0.115206 -0.695375 -0.0356303 -0.102671 -0.742274 -0.0409745 -0.0977915 -0.742274 -0.0527552 -0.10431 -0.695375 -0.054502 -0.108516 -0.695375 -0.0443489 -0.192154 -0.742274 -0.0527551 -0.187275 -0.742274 -0.0409746 -0.18143 -0.695375 -0.044349 -0.185635 -0.695375 -0.0545019 -0.157615 -0.742274 -0.112579 -0.155868 -0.695375 -0.10606 -0.157615 -0.742274 -0.112579 -0.155868 -0.695375 -0.10606 -0.254387 -1 -0.00222685 -0.267009 -1 -0.0326978 -0.25454 -1 -0.0360388 -0.243208 -1 -0.00868121 -0.267009 -1 -0.0980965 -0.254387 -1 -0.128568 -0.243208 -1 -0.122113 -0.25454 -1 -0.0947556 -0.112274 -1 -0.187433 -0.0818026 -1 -0.174811 -0.0882568 -1 -0.163632 -0.115614 -1 -0.174964 -0.0355586 -1 -0.128568 -0.0229371 -1 -0.0980966 -0.0354059 -1 -0.0947556 -0.0467378 -1 -0.122113 -0.0556365 -1 0.0239391 -0.0818025 -1 0.0440171 -0.0882568 -1 0.0328379 -0.0647643 -1 0.0148114 -0.144973 -1 0.0609435 -0.144973 -1 0.0480349 -0.0355586 -1 -0.00222686 -0.0467378 -1 -0.00868114 -0.234309 -1 0.0239391 -0.225181 -1 0.0148114 -0.271314 -1 -0.0653972 -0.258405 -1 -0.0653972 -0.144973 -1 -0.191738 -0.144973 -1 -0.178829 -0.0556365 -1 -0.154734 -0.0647643 -1 -0.145606 -0.0186321 -1 -0.0653973 -0.0229371 -1 -0.0326979 -0.0354059 -1 -0.0360389 -0.0315408 -1 -0.0653973 -0.112273 -1 0.0566385 -0.115615 -1 0.0441698 -0.234309 -1 -0.154734 -0.225181 -1 -0.145606 -0.177672 -1 -0.187433 -0.174331 -1 -0.174964 -0.18143 -0.695375 -0.086446 -0.185635 -0.695375 -0.076293 -0.193858 -0.695375 -0.0784962 -0.188802 -0.695375 -0.0907024 -0.115614 -1 -0.174964 -0.0882568 -1 -0.163632 -0.144973 -0.679919 -0.0653974 -0.258405 -1 -0.0653972 -0.25454 -1 -0.0947556 -0.144973 -0.679919 -0.0653974 -0.115615 -1 0.0441698 -0.144973 -1 0.0480349 -0.144973 -0.679919 -0.0653974 -0.0647643 -1 -0.145606 -0.243208 -1 -0.122113 -0.174331 -1 0.0441698 -0.225181 -1 -0.145606 -0.201689 -1 0.0328379 -0.0467378 -1 -0.122113 -0.0354059 -1 -0.0947556 -0.0354059 -1 -0.0947556 -0.0315408 -1 -0.0653973 -0.174331 -1 -0.174964 -0.144973 -1 -0.178829 -0.0647643 -1 0.0148114 -0.155868 -0.695375 -0.0247348 -0.144973 -0.695375 -0.0233004 -0.144973 -0.695375 -0.0147877 -0.158072 -0.695375 -0.0165122 -0.108516 -0.695375 -0.086446 -0.115206 -0.695375 -0.0951646 -0.109186 -0.695375 -0.101184 -0.101143 -0.695375 -0.0907024 -0.17474 -0.695375 -0.0951646 -0.180759 -0.695375 -0.101184 -0.166021 -0.695375 -0.0289403 -0.170278 -0.695375 -0.0215681 -0.10431 -0.695375 -0.076293 -0.0960875 -0.695375 -0.0784963 -0.166021 -0.695375 -0.101855 -0.170278 -0.695375 -0.109227 -0.17474 -0.695375 -0.0356304 -0.180759 -0.695375 -0.0296109 -0.102876 -0.695375 -0.0653975 -0.094363 -0.695375 -0.0653975 -0.155868 -0.695375 -0.10606 -0.158072 -0.695375 -0.114283 -0.18143 -0.695375 -0.044349 -0.188802 -0.695375 -0.0400926 -0.10431 -0.695375 -0.054502 -0.0960875 -0.695375 -0.0522987 -0.115206 -0.695375 -0.0356303 -0.108516 -0.695375 -0.0443489 -0.101143 -0.695375 -0.0400926 -0.109186 -0.695375 -0.0296109 -0.144973 -0.695375 -0.107495 -0.144973 -0.695375 -0.116007 -0.123924 -0.695375 -0.0289404 -0.119668 -0.695375 -0.0215681 -0.134077 -0.695375 -0.10606 -0.131874 -0.695375 -0.114283 -0.18707 -0.695375 -0.0653974 -0.185635 -0.695375 -0.0545019 -0.193858 -0.695375 -0.0522987 -0.195583 -0.695375 -0.0653974 -0.134077 -0.695375 -0.0247348 -0.131874 -0.695375 -0.0165121 -0.123924 -0.695375 -0.101855 -0.119668 -0.695375 -0.109227 -0.0952069 -0.690436 -0.0941299 -0.0894661 -0.690436 -0.0802705 -0.185607 -0.690436 -0.106031 -0.173705 -0.690436 -0.115163 -0.173705 -0.690436 -0.0156316 -0.185607 -0.690436 -0.0247638 -0.0875081 -0.690436 -0.0653975 -0.0952069 -0.690436 -0.0366651 -0.104339 -0.690436 -0.0247638 -0.159846 -0.690436 -0.120904 -0.194739 -0.690436 -0.0366651 -0.0894661 -0.690436 -0.0505245 -0.144973 -0.690436 -0.122862 -0.200479 -0.690436 -0.0505245 -0.11624 -0.690436 -0.0156315 -0.1301 -0.690436 -0.120904 -0.202438 -0.690436 -0.0653974 -0.1301 -0.690436 -0.00989082 -0.200479 -0.690436 -0.0802705 -0.144973 -0.690436 -0.00793274 -0.194739 -0.690436 -0.0941298 -0.159846 -0.690436 -0.00989079 -0.104339 -0.690436 -0.106031 -0.173705 -0.690436 -0.115163 -0.185607 -0.690436 -0.106031 -0.185607 -0.673641 -0.106031 -0.173705 -0.673641 -0.115163 -0.0952069 -0.690436 -0.0366651 -0.0894661 -0.690436 -0.0505245 -0.0894661 -0.673641 -0.0505245 -0.0952069 -0.673641 -0.0366651 -0.173705 -0.690436 -0.0156316 -0.159846 -0.690436 -0.00989079 -0.159846 -0.673641 -0.00989079 -0.173705 -0.673641 -0.0156316 -0.194739 -0.690436 -0.0941298 -0.194739 -0.673641 -0.0941298 -0.0952069 -0.690436 -0.0941299 -0.104339 -0.690436 -0.106031 -0.104339 -0.673641 -0.106031 -0.0952069 -0.673641 -0.0941299 -0.144973 -0.690436 -0.00793274 -0.144973 -0.673641 -0.00793274 -0.200479 -0.690436 -0.0802705 -0.200479 -0.673641 -0.0802705 -0.11624 -0.690436 -0.115163 -0.11624 -0.673641 -0.115163 -0.1301 -0.690436 -0.00989082 -0.1301 -0.673641 -0.00989082 -0.202438 -0.690436 -0.0653974 -0.202438 -0.673641 -0.0653974 -0.1301 -0.690436 -0.00989082 -0.11624 -0.690436 -0.0156315 -0.11624 -0.673641 -0.0156315 -0.1301 -0.673641 -0.00989082 -0.200479 -0.690436 -0.0505245 -0.200479 -0.673641 -0.0505245 -0.0894661 -0.690436 -0.0802705 -0.0894661 -0.673641 -0.0802705 -0.104339 -0.690436 -0.0247638 -0.104339 -0.673641 -0.0247638 -0.200479 -0.690436 -0.0505245 -0.194739 -0.690436 -0.0366651 -0.194739 -0.673641 -0.0366651 -0.200479 -0.673641 -0.0505245 -0.144973 -0.690436 -0.122862 -0.159846 -0.690436 -0.120904 -0.159846 -0.673641 -0.120904 -0.144973 -0.673641 -0.122862 -0.0875081 -0.690436 -0.0653975 -0.0894661 -0.690436 -0.0802705 -0.0894661 -0.673641 -0.0802705 -0.0875081 -0.673641 -0.0653975 -0.185607 -0.690436 -0.0247638 -0.185607 -0.673641 -0.0247638 -0.159846 -0.690436 -0.120904 -0.159846 -0.673641 -0.120904 0.0708901 0.235717 -0.465642 0.0501271 0.219785 -0.465642 0.0395724 0.238066 -0.454735 0.0559637 0.250644 -0.454735 0.1253 0.431906 -0.444792 0.15346 0.395207 -0.444792 0.171163 0.35247 -0.444792 0.177201 0.306607 -0.444792 -0.1772 0.306607 -0.444792 -0.171162 0.35247 -0.444792 -0.15346 0.395207 -0.444792 -0.125299 0.431906 -0.444792 -0.0885998 0.460067 -0.444792 -0.0458625 0.477769 -0.444792 3.22408e-07 0.483807 -0.444792 0.0458631 0.477769 -0.444792 0.0886007 0.460067 -0.444792 3.5715e-07 0.201988 -0.465642 4.96119e-07 0.201988 -0.427798 -0.0270771 0.205552 -0.427798 -0.027077 0.205552 -0.465642 0.0868222 0.25648 -0.465642 0.0685411 0.267035 -0.454735 0.0739774 0.23263 -0.465642 0.0523101 0.216004 -0.465642 0.0501271 0.219785 -0.465642 0.0708901 0.235717 -0.465642 -0.0523092 0.216004 -0.427798 -0.0523092 0.216004 -0.465642 0.10462 0.306607 -0.465642 0.101055 0.279529 -0.465642 0.0968376 0.280659 -0.465642 0.100254 0.306607 -0.465642 -0.0739766 0.23263 -0.427798 -0.0739766 0.23263 -0.465642 0.0501269 0.393429 -0.465642 0.07089 0.377497 -0.465642 0.0559636 0.36257 -0.454735 0.0395723 0.375147 -0.454735 0.0739774 0.380584 -0.465642 0.0906033 0.358916 -0.465642 0.0868221 0.356733 -0.465642 0.07089 0.377497 -0.465642 -0.0739766 0.23263 -0.465642 -0.0739766 0.23263 -0.427798 -0.0906025 0.254297 -0.427798 -0.0906024 0.254297 -0.465642 0.0868221 0.356733 -0.465642 0.0968375 0.332554 -0.465642 0.0764475 0.327091 -0.454735 0.0685411 0.346179 -0.454735 3.91892e-07 0.411226 -0.465642 0.0270778 0.407661 -0.465642 0.0259478 0.403444 -0.465642 3.91892e-07 0.40686 -0.465642 3.5715e-07 0.206354 -0.465642 -0.025947 0.20977 -0.465642 -0.0204835 0.23016 -0.454735 3.5715e-07 0.227463 -0.454735 0.171163 0.35247 -0.444792 0.171163 0.35247 -0.425704 0.177201 0.306607 -0.425704 0.177201 0.306607 -0.444792 -0.0204836 0.383054 -0.454735 3.22408e-07 0.385751 -0.454735 3.5715e-07 0.349374 -0.448097 -0.0110687 0.347917 -0.448097 0.15346 0.395207 -0.444792 0.15346 0.395207 -0.425704 -0.0523092 0.39721 -0.465642 -0.0270771 0.407661 -0.465642 -0.025947 0.403444 -0.465642 -0.0501262 0.393429 -0.465642 0.1253 0.431906 -0.444792 0.1253 0.431906 -0.425704 3.5715e-07 0.201988 -0.465642 -0.027077 0.205552 -0.465642 -0.025947 0.20977 -0.465642 3.5715e-07 0.206354 -0.465642 0.0886007 0.460067 -0.444792 0.0886005 0.460067 -0.425704 -0.0906025 0.358916 -0.465642 -0.0906026 0.358916 -0.427798 -0.0739766 0.380584 -0.427798 -0.0739766 0.380584 -0.465642 -0.101054 0.333684 -0.465642 -0.0906025 0.358916 -0.465642 -0.0868214 0.356733 -0.465642 -0.0968366 0.332554 -0.465642 0.0458631 0.477769 -0.444792 0.0458631 0.477769 -0.425704 0.0886005 0.460067 -0.425704 0.0886007 0.460067 -0.444792 -0.0739766 0.380584 -0.465642 -0.0739766 0.380584 -0.427798 -0.0523092 0.39721 -0.427798 -0.0523092 0.39721 -0.465642 3.22408e-07 0.483807 -0.444792 3.22408e-07 0.483807 -0.425704 -0.0270771 0.407661 -0.427798 -0.0270771 0.407661 -0.465642 -0.0523092 0.216004 -0.465642 -0.0501261 0.219785 -0.465642 -0.0458625 0.477769 -0.444792 -0.0458625 0.477769 -0.425704 3.5715e-07 0.411226 -0.427798 3.91892e-07 0.411226 -0.465642 0.0906034 0.254297 -0.465642 0.0868222 0.25648 -0.465642 -0.0885998 0.460067 -0.444792 -0.0885998 0.460067 -0.425704 0.0270778 0.407661 -0.427798 0.0270778 0.407661 -0.465642 0.101055 0.333684 -0.465642 0.0968375 0.332554 -0.465642 -0.125299 0.431906 -0.444792 -0.125299 0.431906 -0.425704 0.05231 0.39721 -0.427798 0.05231 0.39721 -0.465642 0.05231 0.39721 -0.465642 0.0501269 0.393429 -0.465642 -0.15346 0.395207 -0.444792 -0.15346 0.395207 -0.425704 -0.125299 0.431906 -0.425704 -0.125299 0.431906 -0.444792 0.05231 0.39721 -0.465642 0.05231 0.39721 -0.427798 0.0739772 0.380584 -0.427798 0.0739774 0.380584 -0.465642 -0.171162 0.35247 -0.444792 -0.171162 0.35247 -0.425704 0.0906032 0.358916 -0.427798 0.0906033 0.358916 -0.465642 -0.0739766 0.380584 -0.465642 -0.0708892 0.377496 -0.465642 -0.1772 0.306607 -0.444792 -0.1772 0.306607 -0.425704 0.101055 0.333684 -0.427798 0.101055 0.333684 -0.465642 0.10462 0.306607 -0.427798 0.10462 0.306607 -0.465642 -0.101054 0.279529 -0.465642 -0.104619 0.306607 -0.465642 -0.100253 0.306607 -0.465642 -0.0968366 0.280659 -0.465642 0.101055 0.279529 -0.427798 0.101055 0.279529 -0.465642 -0.0739766 0.23263 -0.465642 -0.0708892 0.235717 -0.465642 -0.0906024 0.254297 -0.465642 -0.0868213 0.25648 -0.465642 0.0906033 0.254297 -0.427798 0.0906034 0.254297 -0.465642 0.15346 0.395207 -0.425704 0.1253 0.431906 -0.425704 0.0886005 0.460067 -0.425704 0.0458631 0.477769 -0.425704 3.22408e-07 0.483807 -0.425704 -0.0458625 0.477769 -0.425704 -0.0885998 0.460067 -0.425704 -0.125299 0.431906 -0.425704 -0.15346 0.395207 -0.425704 -0.171162 0.35247 -0.425704 -0.1772 0.306607 -0.425704 0.177201 0.306607 -0.425704 0.171163 0.35247 -0.425704 0.0270779 0.205552 -0.465642 0.0259479 0.20977 -0.465642 0.0906034 0.254297 -0.465642 0.0906033 0.254297 -0.427798 0.0739774 0.23263 -0.427798 0.0739774 0.23263 -0.465642 0.05231 0.216004 -0.427798 0.0523101 0.216004 -0.465642 -0.0270771 0.205552 -0.427798 4.96119e-07 0.201988 -0.427798 0.0270779 0.205552 -0.427798 0.05231 0.216004 -0.427798 0.0739774 0.23263 -0.427798 0.0906033 0.254297 -0.427798 0.101055 0.279529 -0.427798 0.10462 0.306607 -0.427798 0.101055 0.333684 -0.427798 0.0906032 0.358916 -0.427798 0.0739772 0.380584 -0.427798 0.05231 0.39721 -0.427798 0.0270778 0.407661 -0.427798 3.5715e-07 0.411226 -0.427798 -0.0270771 0.407661 -0.427798 -0.0523092 0.39721 -0.427798 -0.0739766 0.380584 -0.427798 -0.0906026 0.358916 -0.427798 -0.101054 0.333684 -0.427798 -0.104619 0.306607 -0.427798 -0.101054 0.279529 -0.427798 -0.0906025 0.254297 -0.427798 -0.0739766 0.23263 -0.427798 -0.0523092 0.216004 -0.427798 0.0204843 0.383054 -0.454735 0.0270779 0.205552 -0.427798 0.0270779 0.205552 -0.465642 -0.0559628 0.250644 -0.454735 -0.0395715 0.238066 -0.454735 -0.1772 0.306607 -0.444792 0.177201 0.306607 -0.444792 0.177201 0.306607 -0.425704 -0.1772 0.306607 -0.425704 0.0968376 0.280659 -0.465642 0.0868222 0.25648 -0.465642 0.0685411 0.267035 -0.454735 0.0764476 0.286123 -0.454735 0.100254 0.306607 -0.465642 0.0791443 0.306607 -0.454735 0.0395723 0.375147 -0.454735 -0.0395716 0.375147 -0.454735 -0.0559628 0.36257 -0.454735 -0.0685402 0.346179 -0.454735 -0.0204835 0.23016 -0.454735 -0.0764467 0.327091 -0.454735 -0.0791435 0.306607 -0.454735 -0.0764467 0.286123 -0.454735 -0.0685402 0.267035 -0.454735 3.91892e-07 0.263839 -0.448097 -0.0110686 0.265297 -0.448097 -0.0213833 0.269569 -0.448097 -0.0302407 0.276366 -0.448097 -0.0370372 0.285223 -0.448097 -0.0413097 0.295538 -0.448097 -0.042767 0.306607 -0.448097 -0.0413097 0.317676 -0.448097 -0.0370372 0.32799 -0.448097 -0.0302407 0.336848 -0.448097 -0.0213833 0.343644 -0.448097 0.0110694 0.347917 -0.448097 0.0213841 0.343645 -0.448097 0.0302415 0.336848 -0.448097 0.0370381 0.32799 -0.448097 0.0413105 0.317676 -0.448097 0.0427678 0.306607 -0.448097 0.0413105 0.295538 -0.448097 0.037038 0.285223 -0.448097 0.0302415 0.276366 -0.448097 0.0213842 0.269569 -0.448097 0.0110695 0.265297 -0.448097 0.0559636 0.36257 -0.454735 0.0791443 0.306607 -0.454735 0.0764476 0.286123 -0.454735 0.0559637 0.250644 -0.454735 0.0395724 0.238066 -0.454735 0.0764475 0.327091 -0.454735 0.0685411 0.267035 -0.454735 0.0685411 0.346179 -0.454735 3.5715e-07 0.227463 -0.454735 0.0138694 0.406646 -0.462599 0.0138694 0.480213 -0.449976 0.0138694 0.480213 -0.439799 0.0138694 0.406646 -0.439799 -0.0989439 0.308102 -0.439799 -0.171706 0.308102 -0.439799 -0.171706 0.308102 -0.449976 -0.0989439 0.308102 -0.462599 -0.0138687 0.406646 -0.439799 -0.0138687 0.480213 -0.439799 -0.0138687 0.480213 -0.449976 -0.0138687 0.406646 -0.462599 -0.0989439 0.33584 -0.462599 -0.171706 0.33584 -0.449976 -0.171706 0.33584 -0.439799 -0.0989439 0.33584 -0.439799 -0.0138687 0.480213 -0.439799 0.0138694 0.480213 -0.439799 0.0138694 0.480213 -0.449976 -0.0138687 0.480213 -0.449976 -0.0989439 0.308102 -0.462599 -0.171706 0.308102 -0.449976 -0.171706 0.33584 -0.449976 -0.0989439 0.33584 -0.462599 -0.171706 0.308102 -0.439799 -0.171706 0.33584 -0.439799 -0.171706 0.33584 -0.449976 -0.171706 0.308102 -0.449976 0.0989448 0.33584 -0.439799 0.171707 0.33584 -0.439799 0.171707 0.33584 -0.449976 0.0989448 0.33584 -0.462599 0.0989448 0.308102 -0.462599 0.171707 0.308102 -0.449976 0.171707 0.308102 -0.439799 0.0989448 0.308102 -0.439799 0.0989448 0.33584 -0.462599 0.171707 0.33584 -0.449976 0.171707 0.308102 -0.449976 0.0989448 0.308102 -0.462599 0.171707 0.33584 -0.439799 0.171707 0.308102 -0.439799 0.171707 0.308102 -0.449976 0.171707 0.33584 -0.449976 0.015391 0.240419 -0.464538 0.015391 0.277374 -0.464538 0.0367031 0.273965 -0.461202 0.0367031 0.243828 -0.461202 -0.0153902 0.240419 -0.464538 -0.0153902 0.277374 -0.464538 0.015391 0.240419 -0.446717 -0.0153902 0.240419 -0.446717 -0.0153902 0.240419 -0.464538 0.015391 0.240419 -0.464538 -0.0107327 0.306427 -0.446717 0.0107335 0.306427 -0.446717 0.0107336 0.306427 -0.464538 -0.0107327 0.306427 -0.464537 -0.0153902 0.277374 -0.464538 -0.0153902 0.277374 -0.446717 -0.0107327 0.306427 -0.446717 -0.0107327 0.306427 -0.464537 0.015391 0.277374 -0.446717 0.015391 0.277374 -0.464538 0.0107336 0.306427 -0.464538 0.0107335 0.306427 -0.446717 -0.0107327 0.306427 -0.464537 0.0107336 0.306427 -0.464538 0.0367031 0.243828 -0.461202 0.0367031 0.273965 -0.461202 0.0367031 0.273965 -0.446717 0.0367031 0.243828 -0.446717 -0.0367023 0.243828 -0.446717 -0.0367023 0.273965 -0.446717 -0.0367023 0.273965 -0.461202 -0.0367023 0.243828 -0.461202 -0.0153902 0.277374 -0.446717 -0.0153902 0.277374 -0.464538 -0.0367023 0.273965 -0.461202 -0.0367023 0.273965 -0.446717 0.015391 0.277374 -0.464538 0.015391 0.277374 -0.446717 0.0367031 0.273965 -0.446717 0.0367031 0.273965 -0.461202 0.0367031 0.243828 -0.461202 0.0367031 0.243828 -0.446717 -0.0367023 0.243828 -0.446717 -0.0367023 0.243828 -0.461202 3.5715e-07 0.375766 -0.467017 0.0104162 0.373694 -0.467017 0.00894502 0.370142 -0.474727 3.5715e-07 0.371922 -0.474727 3.5715e-07 0.310744 -0.467017 3.5715e-07 0.310744 -0.43431 -0.0144666 0.313622 -0.43431 -0.0144666 0.313622 -0.467017 -0.0251456 0.358964 -0.467017 -0.0192455 0.367794 -0.467017 -0.0165272 0.365076 -0.474727 -0.0215939 0.357493 -0.474727 0.0144674 0.383474 -0.467017 0.0267319 0.37528 -0.467017 0.0192463 0.367794 -0.467017 0.0104162 0.373694 -0.467017 -0.0267312 0.321816 -0.43431 -0.0267312 0.321817 -0.467017 0.0192462 0.329302 -0.467017 0.0104161 0.323402 -0.467017 0.00894502 0.326954 -0.474727 0.0165279 0.33202 -0.474727 -0.0267312 0.37528 -0.467017 -0.0144666 0.383474 -0.467017 -0.0104154 0.373694 -0.467017 -0.0192455 0.367794 -0.467017 -0.0267312 0.321817 -0.467017 -0.0267312 0.321816 -0.43431 -0.034926 0.334081 -0.43431 -0.0349261 0.334081 -0.467017 -0.0104154 0.323402 -0.467017 -0.0192455 0.329302 -0.467017 -0.0165272 0.332021 -0.474727 -0.00894424 0.326954 -0.474727 -0.0349261 0.334081 -0.467017 -0.0378037 0.348548 -0.467017 -0.0272174 0.348548 -0.467017 -0.0251456 0.338132 -0.467017 -0.0378037 0.348548 -0.43431 -0.0378037 0.348548 -0.467017 -0.0272174 0.348548 -0.467017 -0.0233731 0.348548 -0.474727 0.0144674 0.313622 -0.467017 3.5715e-07 0.310744 -0.467017 3.5715e-07 0.32133 -0.467017 0.0104161 0.323402 -0.467017 -0.034926 0.363015 -0.43431 -0.0349261 0.363015 -0.467017 -0.0104154 0.373694 -0.467017 -0.00894424 0.370142 -0.474727 -0.0267312 0.37528 -0.43431 -0.0267312 0.37528 -0.467017 3.5715e-07 0.32133 -0.467017 3.5715e-07 0.325175 -0.474727 0.0349269 0.363015 -0.467017 0.0251463 0.358964 -0.467017 -0.0267312 0.37528 -0.467017 -0.0267312 0.37528 -0.43431 -0.0144666 0.383474 -0.43431 -0.0144666 0.383474 -0.467017 0.0215948 0.357493 -0.474727 0.0165279 0.365076 -0.474727 3.5715e-07 0.386352 -0.467017 3.5715e-07 0.375766 -0.467017 3.5715e-07 0.386352 -0.43431 3.5715e-07 0.386352 -0.467017 0.0251463 0.338132 -0.467017 0.0192462 0.329302 -0.467017 0.0165279 0.33202 -0.474727 0.0215948 0.339603 -0.474727 -0.0144666 0.313622 -0.467017 -0.0104154 0.323402 -0.467017 0.0144674 0.383474 -0.43431 0.0144674 0.383474 -0.467017 -0.0349261 0.363015 -0.467017 -0.0251456 0.358964 -0.467017 0.0144674 0.383474 -0.467017 0.0144674 0.383474 -0.43431 0.0267319 0.37528 -0.43431 0.0267319 0.37528 -0.467017 -0.0251456 0.338132 -0.467017 -0.0215939 0.339603 -0.474727 -0.0267312 0.321817 -0.467017 -0.0192455 0.329302 -0.467017 0.0349268 0.363015 -0.43431 0.0349269 0.363015 -0.467017 -0.0192455 0.367794 -0.467017 -0.0165272 0.365076 -0.474727 0.0267319 0.321816 -0.467017 0.0378045 0.348548 -0.43431 0.0378045 0.348548 -0.467017 0.0192463 0.367794 -0.467017 0.0165279 0.365076 -0.474727 0.0378045 0.348548 -0.467017 0.0272182 0.348548 -0.467017 0.0349268 0.334081 -0.43431 0.0349269 0.334081 -0.467017 0.026732 0.321816 -0.43431 0.0267319 0.321816 -0.467017 -0.0192455 0.329302 -0.467017 -0.0165272 0.332021 -0.474727 0.0267319 0.321816 -0.467017 0.026732 0.321816 -0.43431 0.0144674 0.313622 -0.43431 0.0144674 0.313622 -0.467017 0.0233739 0.348548 -0.474727 3.5715e-07 0.325175 -0.474727 -0.00894424 0.326954 -0.474727 -0.0165272 0.332021 -0.474727 -0.0215939 0.339603 -0.474727 -0.0233731 0.348548 -0.474727 -0.0215939 0.357493 -0.474727 -0.0165272 0.365076 -0.474727 -0.00894424 0.370142 -0.474727 3.5715e-07 0.371922 -0.474727 0.00894502 0.370142 -0.474727 0.00894502 0.326954 -0.474727 -0.00381309 -0.119359 -0.410664 -0.00381309 0.205081 -0.462051 -0.00381309 0.209878 -0.431768 -0.00381312 -0.114563 -0.380381 -0.00381312 -0.114563 -0.380381 -0.00381309 0.209878 -0.431768 -0.0232636 0.209878 -0.431768 -0.0232636 -0.114563 -0.380381 -0.0232636 -0.114563 -0.380381 -0.0232636 0.209878 -0.431768 -0.0232636 0.205081 -0.462051 -0.0232636 -0.119359 -0.410664 -0.0232636 -0.119359 -0.410664 -0.0232636 0.205081 -0.462051 -0.00381309 0.205081 -0.462051 -0.00381309 -0.119359 -0.410664 0.00576308 -0.530762 -0.324149 0.00576308 -0.119412 -0.3893 -0.00576237 -0.119412 -0.3893 -0.00576239 -0.530762 -0.324149 0.00381387 -0.119359 -0.410664 0.00381387 -0.114563 -0.380381 0.00381387 0.209878 -0.431768 0.00381394 0.205081 -0.462051 0.00381387 -0.114563 -0.380381 0.0232644 -0.114563 -0.380381 0.0232644 0.209878 -0.431768 0.00381387 0.209878 -0.431768 0.0232644 -0.114563 -0.380381 0.0232644 -0.119359 -0.410664 0.0232644 0.205081 -0.462051 0.0232644 0.209878 -0.431768 0.0232644 -0.119359 -0.410664 0.00381387 -0.119359 -0.410664 0.00381394 0.205081 -0.462051 0.0232644 0.205081 -0.462051 0.00576312 -0.532565 -0.335532 0.00576308 -0.121215 -0.400684 0.00576308 -0.119412 -0.3893 0.00576308 -0.530762 -0.324149 0.0257272 -0.125588 -0.41233 0.0257271 -0.11395 -0.414173 0.0257271 -0.108334 -0.378716 0.0257271 -0.119972 -0.376872 0.0257271 -0.119972 -0.376872 0.0257271 -0.108334 -0.378716 -0.0257264 -0.108334 -0.378716 -0.0257264 -0.119972 -0.376872 0.0257271 -0.119972 -0.376872 -0.0257264 -0.119972 -0.376872 -0.0257264 -0.125588 -0.41233 0.0257272 -0.125588 -0.41233 -0.00576239 -0.530762 -0.324149 -0.00576237 -0.119412 -0.3893 -0.00576233 -0.121215 -0.400684 -0.00576237 -0.532565 -0.335532 -0.00576237 -0.532565 -0.335532 -0.00576233 -0.121215 -0.400684 0.00576308 -0.121215 -0.400684 0.00576312 -0.532565 -0.335532 0.00576308 -0.530762 -0.324149 -0.00576239 -0.530762 -0.324149 -0.00576237 -0.532565 -0.335532 0.00576312 -0.532565 -0.335532 0.0136628 -0.204497 -0.39131 0.0136628 -0.198317 -0.392289 0.0136628 -0.195335 -0.373458 0.0136628 -0.201515 -0.37248 0.0136628 -0.201515 -0.37248 0.0136628 -0.195335 -0.373458 -0.013662 -0.195335 -0.373458 -0.013662 -0.201515 -0.37248 -0.013662 -0.201515 -0.37248 -0.013662 -0.195335 -0.373458 -0.0136621 -0.198317 -0.392288 -0.0136621 -0.204497 -0.39131 0.0136628 -0.201515 -0.37248 -0.013662 -0.201515 -0.37248 -0.0136621 -0.204497 -0.39131 0.0136628 -0.204497 -0.39131 -0.013662 -0.195335 -0.373458 0.0136628 -0.195335 -0.373458 0.0136628 -0.198317 -0.392289 -0.0136621 -0.198317 -0.392288 0.0136628 -0.248336 -0.384366 0.0136628 -0.242156 -0.385345 0.0136628 -0.239173 -0.366515 0.0136628 -0.245353 -0.365536 0.0136628 -0.245353 -0.365536 0.0136628 -0.239173 -0.366515 -0.0136621 -0.239173 -0.366515 -0.013662 -0.245353 -0.365536 -0.013662 -0.245353 -0.365536 -0.0136621 -0.239173 -0.366515 -0.0136621 -0.242156 -0.385345 -0.0136621 -0.248336 -0.384366 -0.0136621 -0.248336 -0.384366 -0.0136621 -0.242156 -0.385345 0.0136628 -0.242156 -0.385345 0.0136628 -0.248336 -0.384366 0.0136628 -0.245353 -0.365536 -0.013662 -0.245353 -0.365536 -0.0136621 -0.248336 -0.384366 0.0136628 -0.248336 -0.384366 -0.0136621 -0.239173 -0.366515 0.0136628 -0.239173 -0.366515 0.0136628 -0.242156 -0.385345 -0.0136621 -0.242156 -0.385345 0.0136628 -0.396927 -0.360832 0.0136628 -0.390747 -0.361811 0.0136628 -0.387764 -0.342981 0.0136628 -0.393944 -0.342002 0.0136628 -0.393944 -0.342002 0.0136628 -0.387764 -0.342981 -0.013662 -0.387764 -0.342981 -0.013662 -0.393944 -0.342002 -0.013662 -0.393944 -0.342002 -0.013662 -0.387764 -0.342981 -0.0136621 -0.390747 -0.361811 -0.013662 -0.396927 -0.360832 -0.013662 -0.396927 -0.360832 -0.0136621 -0.390747 -0.361811 0.0136628 -0.390747 -0.361811 0.0136628 -0.396927 -0.360832 0.0136628 -0.393944 -0.342002 -0.013662 -0.393944 -0.342002 -0.013662 -0.396927 -0.360832 0.0136628 -0.396927 -0.360832 -0.013662 -0.387764 -0.342981 0.0136628 -0.387764 -0.342981 0.0136628 -0.390747 -0.361811 -0.0136621 -0.390747 -0.361811 0.0136628 -0.426062 -0.356217 0.0136628 -0.419882 -0.357196 0.0136628 -0.4169 -0.338366 0.0136628 -0.42308 -0.337387 0.0136628 -0.42308 -0.337387 0.0136628 -0.4169 -0.338366 -0.013662 -0.4169 -0.338366 -0.0136621 -0.42308 -0.337387 -0.0136621 -0.42308 -0.337387 -0.013662 -0.4169 -0.338366 -0.0136621 -0.419882 -0.357196 -0.013662 -0.426062 -0.356217 -0.013662 -0.426062 -0.356217 -0.0136621 -0.419882 -0.357196 0.0136628 -0.419882 -0.357196 0.0136628 -0.426062 -0.356217 0.0136628 -0.42308 -0.337387 -0.0136621 -0.42308 -0.337387 -0.013662 -0.426062 -0.356217 0.0136628 -0.426062 -0.356217 -0.013662 -0.4169 -0.338366 0.0136628 -0.4169 -0.338366 0.0136628 -0.419882 -0.357196 -0.0136621 -0.419882 -0.357196 -0.0408098 -0.214605 -0.374052 -0.0408098 -0.21646 -0.385769 -0.051571 -0.256128 -0.379486 -0.051571 -0.254272 -0.36777 -0.0316814 -0.21702 -0.37367 -0.0408098 -0.214605 -0.374052 -0.051571 -0.254272 -0.36777 -0.0424426 -0.256688 -0.367387 -0.0411133 -0.28727 -0.362049 -0.0547787 -0.248559 -0.36818 -0.0547787 -0.250568 -0.380861 -0.0411134 -0.289279 -0.37473 -0.0474922 -0.20986 -0.386815 -0.0474923 -0.208004 -0.375098 -0.0499382 -0.198988 -0.376526 -0.0499382 -0.200844 -0.388242 -0.0425528 -0.244349 -0.368847 -0.0288876 -0.28306 -0.362715 -0.0288874 -0.285069 -0.375397 -0.0425528 -0.246358 -0.381528 -0.0474922 -0.189972 -0.377954 -0.0474922 -0.191828 -0.389671 -0.0288874 -0.285069 -0.375397 -0.0411134 -0.289279 -0.37473 -0.0547787 -0.250568 -0.380861 -0.0425528 -0.246358 -0.381528 -0.0474922 -0.191828 -0.389671 -0.0474922 -0.189972 -0.377954 -0.0408098 -0.183372 -0.378999 -0.0408098 -0.185228 -0.390716 -0.0288876 -0.28306 -0.362715 -0.0411133 -0.28727 -0.362049 -0.0411134 -0.289279 -0.37473 -0.0288874 -0.285069 -0.375397 -0.0316814 -0.180956 -0.379382 -0.0316814 -0.182812 -0.391098 -0.0425528 -0.244349 -0.368847 -0.0547787 -0.248559 -0.36818 -0.0411133 -0.28727 -0.362049 -0.0288876 -0.28306 -0.362715 -0.022553 -0.183372 -0.378999 -0.022553 -0.185228 -0.390716 -0.0408098 -0.21646 -0.385769 -0.0316814 -0.218876 -0.385386 -0.0424426 -0.258544 -0.379104 -0.051571 -0.256128 -0.379486 -0.022553 -0.185228 -0.390716 -0.022553 -0.183372 -0.378999 -0.0158705 -0.189972 -0.377954 -0.0158706 -0.191828 -0.38967 -0.0316814 -0.218876 -0.385386 -0.0316814 -0.21702 -0.37367 -0.0424426 -0.256688 -0.367387 -0.0424426 -0.258544 -0.379104 -0.0134246 -0.198988 -0.376526 -0.0134246 -0.200844 -0.388242 -0.0424426 -0.258544 -0.379104 -0.0424426 -0.256688 -0.367387 -0.051571 -0.254272 -0.36777 -0.051571 -0.256128 -0.379486 -0.0158705 -0.208004 -0.375098 -0.0158705 -0.20986 -0.386814 -0.022553 -0.214605 -0.374052 -0.0158705 -0.208004 -0.375098 -0.0134246 -0.198988 -0.376526 -0.0158705 -0.189972 -0.377954 -0.022553 -0.183372 -0.378999 -0.0316814 -0.180956 -0.379382 -0.0408098 -0.183372 -0.378999 -0.0474922 -0.189972 -0.377954 -0.0499382 -0.198988 -0.376526 -0.0474923 -0.208004 -0.375098 -0.0425528 -0.246358 -0.381528 -0.0547787 -0.250568 -0.380861 -0.0547787 -0.248559 -0.36818 -0.0425528 -0.244349 -0.368847 -0.0158705 -0.20986 -0.386814 -0.0158705 -0.208004 -0.375098 -0.022553 -0.214605 -0.374052 -0.022553 -0.21646 -0.385769 -0.0316814 -0.21702 -0.37367 -0.0316814 -0.218876 -0.385386 -0.0474922 -0.20986 -0.386815 -0.0499382 -0.200844 -0.388242 -0.0474922 -0.191828 -0.389671 -0.0408098 -0.185228 -0.390716 -0.0316814 -0.182812 -0.391098 -0.022553 -0.185228 -0.390716 -0.0158706 -0.191828 -0.38967 -0.0134246 -0.200844 -0.388242 -0.0158705 -0.20986 -0.386814 -0.022553 -0.21646 -0.385769 -0.00487054 -0.382561 -0.34956 -0.0390199 -0.285821 -0.364883 -0.0390199 -0.287024 -0.372483 -0.00487054 -0.383765 -0.357161 -0.0316926 -0.283297 -0.365282 0.00245677 -0.380038 -0.34996 0.00245674 -0.381242 -0.35756 -0.0316926 -0.284501 -0.372883 0.00245674 -0.381242 -0.35756 -0.00487054 -0.383765 -0.357161 -0.0390199 -0.287024 -0.372483 -0.0316926 -0.284501 -0.372883 -0.0316926 -0.283297 -0.365282 -0.0390199 -0.285821 -0.364883 -0.00487054 -0.382561 -0.34956 0.00245677 -0.380038 -0.34996 0.00818892 -0.386724 -0.361057 0.00818899 -0.350629 -0.366773 0.00818896 -0.348077 -0.350658 0.00818896 -0.384171 -0.344941 0.00818896 -0.384171 -0.344941 0.00818896 -0.348077 -0.350658 -0.00818821 -0.348077 -0.350658 -0.00818821 -0.384171 -0.344941 -0.00818821 -0.384171 -0.344941 -0.00818821 -0.348077 -0.350658 -0.00818824 -0.350629 -0.366773 -0.00818818 -0.386724 -0.361057 -0.00818818 -0.386724 -0.361057 -0.00818824 -0.350629 -0.366773 0.00818899 -0.350629 -0.366773 0.00818892 -0.386724 -0.361057 0.00818896 -0.384171 -0.344941 -0.00818821 -0.384171 -0.344941 -0.00818818 -0.386724 -0.361057 0.00818892 -0.386724 -0.361057 -0.00818821 -0.348077 -0.350658 0.00818896 -0.348077 -0.350658 0.00818899 -0.350629 -0.366773 -0.00818824 -0.350629 -0.366773 0.0408105 -0.214605 -0.374052 0.0515718 -0.254272 -0.36777 0.0515717 -0.256128 -0.379486 0.0408105 -0.21646 -0.385769 0.0316822 -0.21702 -0.37367 0.0424434 -0.256688 -0.367387 0.0515718 -0.254272 -0.36777 0.0408105 -0.214605 -0.374052 0.047493 -0.20986 -0.386815 0.0499389 -0.200844 -0.388242 0.049939 -0.198988 -0.376526 0.047493 -0.208004 -0.375098 0.0425536 -0.244349 -0.368847 0.0425536 -0.246358 -0.381528 0.0288883 -0.285069 -0.375397 0.0288882 -0.28306 -0.362715 0.0288883 -0.285069 -0.375397 0.0425536 -0.246358 -0.381528 0.0547795 -0.250568 -0.380861 0.0411141 -0.289279 -0.37473 0.047493 -0.191828 -0.38967 0.0408105 -0.185228 -0.390716 0.0408105 -0.183372 -0.378999 0.047493 -0.189972 -0.377954 0.0288882 -0.28306 -0.362715 0.0288883 -0.285069 -0.375397 0.0411141 -0.289279 -0.37473 0.0411141 -0.28727 -0.362049 0.0408105 -0.185228 -0.390716 0.0316821 -0.182812 -0.391098 0.0316822 -0.180956 -0.379382 0.0408105 -0.183372 -0.378999 0.0425536 -0.244349 -0.368847 0.0288882 -0.28306 -0.362715 0.0411141 -0.28727 -0.362049 0.0547795 -0.248559 -0.36818 0.0225537 -0.185228 -0.390716 0.0225538 -0.183372 -0.378999 0.0408105 -0.21646 -0.385769 0.0515717 -0.256128 -0.379486 0.0424434 -0.258544 -0.379104 0.0316822 -0.218876 -0.385386 0.0158713 -0.191828 -0.38967 0.0158714 -0.189972 -0.377954 0.0316822 -0.218876 -0.385386 0.0424434 -0.258544 -0.379104 0.0424434 -0.256688 -0.367387 0.0316822 -0.21702 -0.37367 0.0158713 -0.191828 -0.38967 0.0134254 -0.200844 -0.388242 0.0134254 -0.198988 -0.376526 0.0158714 -0.189972 -0.377954 0.0424434 -0.258544 -0.379104 0.0515717 -0.256128 -0.379486 0.0515718 -0.254272 -0.36777 0.0424434 -0.256688 -0.367387 0.0158714 -0.20986 -0.386815 0.0158713 -0.208004 -0.375098 0.047493 -0.208004 -0.375098 0.049939 -0.198988 -0.376526 0.047493 -0.189972 -0.377954 0.0408105 -0.183372 -0.378999 0.0316822 -0.180956 -0.379382 0.0225538 -0.183372 -0.378999 0.0158714 -0.189972 -0.377954 0.0134254 -0.198988 -0.376526 0.0158713 -0.208004 -0.375098 0.0225538 -0.214605 -0.374052 0.0158714 -0.20986 -0.386815 0.0225538 -0.21646 -0.385769 0.0225538 -0.214605 -0.374052 0.0158713 -0.208004 -0.375098 0.0316822 -0.218876 -0.385386 0.0316822 -0.21702 -0.37367 0.0225538 -0.21646 -0.385769 0.0158714 -0.20986 -0.386815 0.0134254 -0.200844 -0.388242 0.0158713 -0.191828 -0.38967 0.0225537 -0.185228 -0.390716 0.0316821 -0.182812 -0.391098 0.0408105 -0.185228 -0.390716 0.047493 -0.191828 -0.38967 0.0499389 -0.200844 -0.388242 0.047493 -0.20986 -0.386815 0.00487125 -0.382561 -0.34956 0.00487132 -0.383765 -0.357161 0.0390207 -0.287024 -0.372483 0.0390207 -0.285821 -0.364883 -0.00245599 -0.381242 -0.35756 0.0316934 -0.284501 -0.372883 0.0390207 -0.287024 -0.372483 0.00487132 -0.383765 -0.357161 0.0402821 0.860111 -0.250559 0.040282 0.878338 -0.265536 -0.0343346 0.879474 -0.278157 -0.0297778 0.885979 -0.280097 -0.0332128 0.891244 -0.27369 0.0127806 0.896487 -0.270913 0.0114588 0.894462 -0.273378 0.0406061 0.937534 -0.330553 0.0452901 0.944713 -0.321816 0.0357082 0.965506 -0.296512 0.00681791 0.913426 -0.251695 0.00112281 0.907163 -0.259316 0.00594948 0.926539 -0.264417 0.0157975 0.910135 -0.2557 0.00681791 0.913426 -0.251695 0.00594948 0.926539 -0.264417 0.0149291 0.923247 -0.268422 -0.129069 -0.752184 -0.00604487 -0.11425 -0.752184 -0.0121834 -0.11425 -0.742274 -0.0121834 -0.129069 -0.742274 -0.0060449 -0.208143 -1 -0.174811 -0.201689 -1 -0.163632 -0.201689 -1 -0.163632 -0.225181 -1 0.0148114 -0.174331 -1 -0.174964 -0.243208 -1 -0.00868121 -0.0354059 -1 -0.0360389 -0.0467378 -1 -0.00868114 -0.25454 -1 -0.0360388 -0.25454 -1 -0.0360388 -0.11624 -0.690436 -0.115163 -0.1301 -0.690436 -0.120904 -0.1301 -0.673641 -0.120904 0.0259479 0.20977 -0.465642 0.0204844 0.23016 -0.454735 -0.101054 0.279529 -0.427798 -0.101054 0.279529 -0.465642 -0.104619 0.306607 -0.427798 -0.104619 0.306607 -0.465642 -0.101054 0.333684 -0.427798 -0.101054 0.333684 -0.465642 0.0204844 0.23016 -0.454735 -0.0138687 0.406646 -0.462599 -0.0138687 0.480213 -0.449976 0.0138694 0.480213 -0.449976 0.0138694 0.406646 -0.462599 -0.0367023 0.243828 -0.461202 -0.0367023 0.273965 -0.461202 0.0349269 0.334081 -0.467017 -0.0257264 -0.119972 -0.376872 -0.0257264 -0.108334 -0.378716 -0.0257264 -0.11395 -0.414173 -0.0257264 -0.125588 -0.41233 -0.0257264 -0.125588 -0.41233 -0.0257264 -0.11395 -0.414173 0.0257271 -0.11395 -0.414173 0.0257272 -0.125588 -0.41233 -0.0257264 -0.108334 -0.378716 0.0257271 -0.108334 -0.378716 0.0257271 -0.11395 -0.414173 -0.0257264 -0.11395 -0.414173 -0.0136621 -0.204497 -0.39131 -0.0136621 -0.198317 -0.392288 0.0136628 -0.198317 -0.392289 0.0136628 -0.204497 -0.39131 0.0411141 -0.28727 -0.362049 0.0411141 -0.289279 -0.37473 0.0547795 -0.250568 -0.380861 0.0547795 -0.248559 -0.36818 0.0425536 -0.246358 -0.381528 0.0425536 -0.244349 -0.368847 0.0547795 -0.248559 -0.36818 0.0547795 -0.250568 -0.380861 0.0316935 -0.283297 -0.365282 0.0316934 -0.284501 -0.372883 -0.00245599 -0.381242 -0.35756 -0.00245595 -0.380038 -0.34996 0.0316935 -0.283297 -0.365282 -0.00245595 -0.380038 -0.34996 0.00487125 -0.382561 -0.34956 0.0390207 -0.285821 -0.364883 </float_array>
          <technique_common>
            <accessor count="6756" offset="0" source="#meshId0-positions-array" stride="3">
              <param name="X" type="float" />
              <param name="Y" type="float" />
              <param name="Z" type="float" />
            </accessor>
          </technique_common>
        </source>
        <source id="meshId0-normals" name="meshId0-normals">
          <float_array id="meshId0-normals-array" count="20268"> -0.235763 0.928218 0.287798 -0.233716 0.854141 0.464563 -0.152505 0.873038 0.463193 -0.154368 0.94116 0.300647 -0.669096 0.634884 -0.386308 -0.118016 0.990673 -0.0681182 -0.00625648 0.97479 -0.223036 -0.516897 0.613245 -0.597284 0.0680273 0.569947 0.818861 0.196452 0.459009 0.86644 -0.246045 -0.0764808 0.966236 -0.435083 0.0867666 0.8962 -0.108497 0.645156 0.756308 0.0061038 0.5245 0.851389 0.0680273 0.569947 0.818861 -0.0373559 0.680891 0.731431 0.131356 0.928219 -0.348075 -0.329454 0.549833 -0.767557 0.614757 0.680893 -0.398068 0.472066 0.784275 -0.402575 0.159584 0.40221 -0.901532 0.36959 0.250045 -0.89492 0.300953 0.291431 0.908017 0.461055 0.194866 0.865711 0.48633 0.266864 0.832026 0.339129 0.35564 0.870926 0.285448 0.854146 -0.434688 -0.119572 0.44893 -0.885531 0.92381 0.355638 -0.141761 0.848588 0.45901 -0.263076 0.713755 -0.0764815 -0.696207 0.824474 -0.228619 -0.517665 0.752791 0.0742233 0.654061 0.864554 0.0583227 0.499145 0.857331 0.141332 0.494983 0.754579 0.155921 0.637417 0.445554 0.757585 -0.477019 0.0984541 0.317427 -0.943158 0.929312 0.155923 0.334766 0.965597 0.198741 0.167703 0.88597 -0.459557 -0.0621674 0.832565 -0.522581 0.183695 0.982295 0.120795 0.143197 0.980256 0.194867 -0.033541 0.963723 0.266856 0.00515763 0.965597 0.198741 0.167703 0.600718 0.645154 -0.472138 0.309768 0.164314 -0.936507 0.855028 0.403861 -0.325305 0.740395 0.524503 -0.420371 0.743179 0.569951 -0.350486 0.848588 0.45901 -0.263076 0.309768 0.164314 -0.936507 0.600718 0.645154 -0.472138 0.740395 0.524503 -0.420371 0.499989 -1.41094e-07 -0.866032 0.445554 0.757585 -0.477019 0.285448 0.854146 -0.434688 0.32488 0.873039 -0.36367 0.472066 0.784275 -0.402575 0.855028 0.403861 -0.325305 0.656142 -0.164318 -0.736531 -0.112585 0.784279 0.610107 -0.0373559 0.680891 0.731431 -0.59022 0.250048 0.767539 -0.700937 0.402214 0.588992 -0.00625648 0.97479 -0.223036 -0.118016 0.990673 -0.0681182 -0.0461142 0.998582 -0.0266127 0.0566138 0.983981 -0.169048 0.936845 0.291427 -0.193369 0.767561 -0.317431 -0.556855 -0.11808 0.983978 0.133584 -0.154368 0.94116 0.300647 -0.762458 0.633118 0.13349 -0.709053 0.696144 -0.112372 -0.1963 0.974788 0.106085 -0.11808 0.983978 0.133584 0.980256 0.194867 -0.033541 0.826683 -0.448912 -0.339225 0.0566138 0.983981 -0.169048 -0.0461142 0.998582 -0.0266127 -0.603093 0.717662 -0.348195 -0.451873 0.696152 -0.557837 -0.19032 0.757588 0.62437 -0.112585 0.784279 0.610107 0.982295 0.120795 0.143197 0.829465 -0.549813 -0.0984565 0.32488 0.873039 -0.36367 -0.05704 0.532862 -0.844278 0.145791 0.403863 0.903128 0.196452 0.459009 0.86644 0.942829 0.0742227 0.324907 0.775707 -0.613253 0.148995 0.743179 0.569951 -0.350486 0.558587 0.0867651 -0.824895 0.615169 0.120794 0.779086 0.628023 0.198741 0.752389 0.775707 -0.613253 0.148995 0.942829 0.0742227 0.324907 0.864554 0.0583227 0.499145 0.669096 -0.634884 0.386308 0.963723 0.266856 0.00515763 0.883211 -0.359297 -0.301403 0.942829 0.0742227 0.324907 0.929312 0.155923 0.334766 0.669096 -0.634884 0.386308 0.864554 0.0583227 0.499145 0.752791 0.0742233 0.654061 0.516897 -0.613245 0.597284 0.754579 0.155921 0.637417 0.857331 0.141332 0.494983 0.726633 -0.544067 0.419518 0.575383 -0.522584 0.629158 0.936845 0.291427 -0.193369 0.92381 0.355638 -0.141761 0.615169 0.120794 0.779086 0.32946 -0.549812 0.76757 0.339129 0.35564 0.870926 0.48633 0.266864 0.832026 0.180583 -0.359305 0.915582 -0.0360732 -0.228616 0.972848 0.461055 0.194866 0.865711 0.119574 -0.448905 0.885543 -0.11808 0.983978 0.133584 -0.709053 0.696144 -0.112372 0.131356 0.928219 -0.348075 0.183178 0.94116 -0.284014 0.300953 0.291431 0.908017 -0.0984541 -0.317427 0.943158 0.145791 0.403863 0.903128 -0.309768 -0.164314 0.936507 -0.152505 0.873038 0.463193 -0.759686 0.532867 0.372732 -0.309768 -0.164314 0.936507 0.145791 0.403863 0.903128 0.0061038 0.5245 0.851389 -0.499989 1.41094e-07 0.866032 0.183178 0.94116 -0.284014 -0.265608 0.633119 -0.727057 -0.108497 0.645156 0.756308 -0.656142 0.164318 0.736531 0.614757 0.680893 -0.398068 0.36959 0.250045 -0.89492 -0.19032 0.757588 0.62437 -0.767561 0.317431 0.556855 -0.233716 0.854141 0.464563 -0.826691 0.448917 0.339198 0.857331 0.141332 0.494983 0.929312 0.155923 0.334766 0.832565 -0.522581 0.183695 0.726633 -0.544067 0.419518 0.600718 0.645154 -0.472138 0.614757 0.680893 -0.398068 -0.235763 0.928218 0.287798 -0.829465 0.549813 0.0984565 -0.1963 0.974788 0.106085 -0.775707 0.613253 -0.148995 0.984172 -0.0639065 -0.16529 0.98667 -0.154547 0.0509663 -0.775707 0.613253 -0.148995 -0.1963 0.974788 0.106085 0.628023 0.198741 0.752389 0.389125 -0.459564 0.798362 -0.501148 0.742674 0.444169 -0.448028 0.624553 0.639691 0.0100103 0.814955 0.579438 -0.023866 0.890369 0.454615 -0.222819 0.890297 -0.397143 -0.0544458 0.833319 -0.550104 -0.603093 0.717662 -0.348195 -0.455343 0.890299 0.0055543 -0.359582 0.909728 -0.207594 0.34892 -0.063906 0.934971 0.153051 0.0542014 0.986731 -0.359582 0.909728 -0.207594 -0.503626 0.833324 0.227886 0.537476 -0.15455 0.828996 0.690693 0.33938 -0.638565 0.830964 0.191749 -0.522237 0.705869 -0.211526 0.676022 0.519804 0.486996 -0.701882 0.84261 -0.230971 0.486479 -0.347924 0.487002 0.80111 0.159584 0.40221 -0.901532 0.329972 0.624542 -0.70786 0.832565 -0.522581 0.183695 0.93839 -0.211532 0.273274 -0.207654 0.339376 0.917444 0.134069 0.742675 -0.656094 0.329972 0.624542 -0.70786 0.93839 -0.211532 0.273274 -0.0367752 0.19175 0.980755 0.926184 0.317426 0.20353 0.924593 0.3753 0.0654036 0.681251 0.685921 0.255752 0.681715 0.668927 0.296314 0.690693 0.33938 -0.638565 0.519804 0.486996 -0.701882 0.628055 0.72712 -0.277206 0.737184 0.63284 -0.236796 0.834189 0.268633 0.481628 0.746866 0.281051 0.602662 0.0739489 0.727098 0.682539 0.329972 0.624542 -0.70786 0.506832 0.814953 -0.281021 0.895358 0.281026 0.345483 0.163522 0.632845 0.756814 0.134069 0.742675 -0.656094 0.381767 0.890373 -0.24797 0.926184 0.317426 0.20353 0.895358 0.281026 0.345483 -0.207654 0.339376 0.917444 -0.0367752 0.19175 0.980755 0.272628 0.538573 0.797254 0.163522 0.632845 0.756814 -0.0544458 0.833319 -0.550104 0.261335 0.948258 -0.180307 0.924593 0.3753 0.0654036 0.393852 0.45074 0.801071 -0.222819 0.890297 -0.397143 0.153817 0.98464 -0.0826155 -0.359582 0.909728 -0.207594 -0.455343 0.890299 0.0055543 0.00534083 0.984636 0.174538 0.0665003 0.997047 0.0383924 0.518948 0.375294 0.768015 -0.503626 0.833324 0.227886 -0.0254529 0.948257 0.316482 0.639353 0.317433 0.700331 -0.0254529 0.948257 0.316482 0.737184 0.63284 -0.236796 0.826764 0.538572 -0.162484 0.454864 0.864895 0.212264 0.429219 0.868539 0.247814 0.411252 0.864895 0.2878 0.402213 0.854203 0.329486 0.402673 0.837209 0.370048 0.412623 0.815053 0.406733 0.43139 0.789259 0.437005 0.457695 0.761574 0.458824 0.489763 0.733882 0.470689 0.525367 0.708089 0.471805 0.56211 0.685929 0.462097 0.597477 0.668923 0.442225 0.629059 0.658236 0.413534 0.654695 0.654604 0.377979 0.672653 0.658248 0.338005 0.671298 0.708074 0.219066 0.6525 0.733895 0.188792 0.626195 0.761578 0.166971 0.59415 0.789259 0.155099 0.558542 0.81506 0.153972 0.52182 0.837207 0.163675 0.486448 0.854207 0.183574 0.272628 0.538573 0.797254 0.393852 0.45074 0.801071 0.890676 0.45074 -0.0594212 0.518948 0.375294 0.768015 0.639353 0.317433 0.700331 -0.023866 0.890369 0.454615 0.746866 0.281051 0.602662 0.0100103 0.814955 0.579438 0.834189 0.268633 0.481628 0.0739489 0.727098 0.682539 0.895358 0.281026 0.345483 0.163522 0.632845 0.756814 0.802652 -0.562772 0.197581 0.62338 -0.554774 0.55102 0.0895128 -0.334002 0.938312 -0.248457 -0.128089 0.960136 -0.291615 0.529851 0.796378 -0.156535 0.387722 0.908388 0.717181 0.687882 -0.111671 0.788273 0.613064 -0.0527063 -0.841752 0.23509 -0.485989 -0.937734 0.215588 -0.272354 -0.395037 0.918161 0.0304272 -0.302812 0.93688 -0.174814 0.504753 -0.740574 -0.443593 0.451539 -0.622205 -0.63951 0.939838 0.113135 -0.322344 0.990972 -0.000549358 -0.134069 -0.328056 -0.622204 0.710803 -0.13178 -0.740569 0.658932 0.379354 -0.000549195 0.925251 0.190747 0.113136 0.975098 -0.704749 0.215587 -0.675908 -0.171151 0.918167 -0.357318 -0.937734 0.215588 -0.272354 -0.98611 0.158517 -0.0495939 -0.441525 0.863304 0.244461 -0.395037 0.918161 0.0304272 0.351244 -0.484337 -0.801277 0.843468 0.24559 -0.477752 0.0571621 -0.831398 0.552729 0.560881 -0.087834 0.823224 -0.983609 0.067692 0.167124 -0.439113 0.776047 0.452694 0.210674 -0.336444 -0.917835 0.708419 0.38772 -0.589759 0.225869 -0.888491 0.399459 0.723007 -0.142679 0.675946 -0.930391 -0.0506609 0.36305 -0.387989 0.662294 0.640961 0.210674 -0.336444 -0.917835 0.0394306 -0.188516 -0.981278 0.543885 0.529846 -0.650733 0.708419 0.38772 -0.589759 0.362901 -0.907969 0.209513 0.854674 -0.161388 0.493443 -0.830086 -0.188516 0.524804 -0.291615 0.529851 0.796378 -0.150766 -0.0506623 -0.987271 0.36108 0.66231 -0.656481 0.458879 -0.88849 -0.00408936 0.946892 -0.142678 0.288163 -0.689528 -0.336448 0.641369 -0.156535 0.387722 0.908388 -0.347059 0.0676599 -0.935399 0.172495 0.776044 -0.606632 0.507258 -0.831402 -0.226848 0.993373 -0.0878346 0.0741314 -0.536004 0.158515 -0.8292 -0.00903374 0.863302 -0.504607 0.504753 -0.740574 -0.443593 0.990972 -0.000549358 -0.134069 0.43508 0.892286 -0.12055 0.339498 0.938229 -0.0668378 0.549826 0.772614 0.317426 0.36108 0.66231 -0.656481 0.172495 0.776044 -0.606632 0.543967 0.483479 0.685819 0.444702 0.543341 0.712054 0.946892 -0.142678 0.288163 0.993373 -0.0878346 0.0741314 0.111854 0.938227 0.327442 0.136331 0.967104 0.214766 0.00796544 0.245586 0.969342 0.630578 0.762693 -0.143774 -0.00903374 0.863302 -0.504607 0.639532 0.437525 0.632116 0.990972 -0.000549358 -0.134069 0.113104 0.89229 0.437065 0.190747 0.113136 0.975098 0.534361 0.832411 -0.146798 -0.171151 0.918167 -0.357318 0.724875 0.40866 0.554575 -0.302812 0.93688 -0.174814 -0.395037 0.918161 0.0304272 0.842726 0.408652 0.350452 0.794177 0.398797 0.458524 0.939838 0.113135 -0.322344 0.140023 0.832418 0.536166 0.379354 -0.000549195 0.925251 -0.441525 0.863304 0.244461 0.867201 0.437522 0.237774 0.843468 0.24559 -0.477752 0.190774 0.762699 0.617978 0.560881 -0.087834 0.823224 -0.439113 0.776047 0.452694 0.865918 0.483483 0.12818 0.708419 0.38772 -0.589759 0.261856 0.687875 0.676949 0.723007 -0.142679 0.675946 0.254166 0.967102 0.0106511 -0.387989 0.662294 0.640961 0.83901 0.543338 0.0290849 0.543885 0.529846 -0.650733 0.348469 0.613071 0.709023 0.854674 -0.161388 0.493443 0.184855 0.976953 0.106726 0.867201 0.437522 0.237774 0.865918 0.483483 0.12818 0.549826 0.772614 0.317426 0.190774 0.762699 0.617978 0.261856 0.687875 0.676949 0.549826 0.772614 0.317426 0.261856 0.687875 0.676949 0.348469 0.613071 0.709023 0.549826 0.772614 0.317426 0.444702 0.543341 0.712054 0.788273 0.613064 -0.0527063 0.717181 0.687882 -0.111671 0.543967 0.483479 0.685819 0.136331 0.967104 0.214766 0.111854 0.938227 0.327442 0.630578 0.762693 -0.143774 0.639532 0.437525 0.632116 0.113104 0.89229 0.437065 0.534361 0.832411 -0.146798 0.724875 0.40866 0.554575 0.794177 0.398797 0.458524 0.842726 0.408652 0.350452 0.140023 0.832418 0.536166 0.842726 0.408652 0.350452 0.0984541 0.317427 -0.943158 0.631171 -0.23503 -0.739178 0.759463 -0.471578 -0.44814 -0.248457 -0.128089 0.960136 0.0895128 -0.334002 0.938312 -0.767561 0.317431 0.556855 0.858963 -0.381215 -0.341845 0.74831 -0.151988 -0.645703 0.669109 -0.634866 0.386315 -0.0573154 0.488158 -0.870871 0.282943 0.289565 -0.914383 0.74831 -0.151988 -0.645703 0.858963 -0.381215 -0.341845 -0.669096 0.634884 -0.386308 0.282943 0.289565 -0.914383 -0.0573154 0.488158 -0.870871 0.767561 -0.317431 -0.556855 0.62338 -0.554774 0.55102 0.802652 -0.562772 0.197581 0.84786 0.441616 0.293444 0.888077 0.441612 0.127662 0.324268 0.944817 0.0466028 0.309588 0.944817 0.107123 0.871917 0.44162 -0.211502 0.816126 0.44162 -0.372706 0.297991 0.944818 -0.136086 0.318377 0.944814 -0.0772138 0.252762 0.441617 0.860863 0.411125 0.441613 0.797467 0.150094 0.944819 0.291185 0.0922907 0.94482 0.314319 0.889054 0.439598 0.127814 0.848802 0.4396 0.293748 0.832503 0.4732 0.288132 0.87199 0.473198 0.125372 0.731647 0.439604 -0.521 0.730849 0.441616 -0.520418 0.816126 0.44162 -0.372706 0.817026 0.439597 -0.373126 0.871917 0.44162 -0.211502 0.872879 0.439598 -0.211742 0.896192 0.441611 -0.0426657 0.897177 0.4396 -0.0427271 0.817026 0.439597 -0.373126 0.872879 0.439598 -0.211742 0.856125 0.4732 -0.207683 0.801346 0.473202 -0.365957 0.678061 0.441623 0.587539 0.776998 0.441618 0.448607 0.283708 0.944818 0.163797 0.247574 0.944822 0.214521 0.888077 0.441612 0.127662 0.889054 0.439598 0.127814 0.411579 0.439596 0.798347 0.253038 0.439604 0.861812 0.248185 0.473206 0.845269 0.403675 0.473198 0.783026 0.889054 0.439598 0.127814 0.888077 0.441612 0.127662 0.84786 0.441616 0.293444 0.848802 0.4396 0.293748 0.776998 0.441618 0.448607 0.777855 0.439606 0.449097 0.896192 0.441611 -0.0426657 0.327228 0.944817 -0.015565 0.678061 0.441623 0.587539 0.678807 0.439598 0.588196 0.554607 0.441622 0.705253 0.555211 0.439603 0.706038 0.777855 0.439606 0.449097 0.678807 0.439598 0.588196 0.665778 0.473201 0.576906 0.762923 0.473203 0.440486 0.411125 0.441613 0.797467 0.411579 0.439596 0.798347 0.252762 0.441617 0.860863 0.253038 0.439604 0.861812 0.730849 0.441616 -0.520418 0.266861 0.944817 -0.190013 0.0852707 0.441613 0.893144 0.0853628 0.439602 0.894127 0.897177 0.4396 -0.0427271 0.879958 0.473199 -0.0419029 0.554607 0.441622 0.705253 0.202496 0.944816 0.257522 0.731647 0.439604 -0.521 0.717609 0.473207 -0.510991 0.555211 0.439603 0.706038 0.544558 0.473203 0.692485 0.0852707 0.441613 0.893144 0.0311296 0.944813 0.326128 0.879958 0.473199 -0.0419029 0.87199 0.473198 0.125372 0.63325 0.768574 0.0910397 0.639044 0.768568 -0.0304279 0.0853628 0.439602 0.894127 0.0837141 0.4732 0.876969 0.604586 0.768566 0.20924 0.63325 0.768574 0.0910397 0.832503 0.4732 0.288132 0.762923 0.473203 0.440486 0.554052 0.768574 0.319875 0.604586 0.768566 0.20924 0.665778 0.473201 0.576906 0.483495 0.768581 0.418946 0.544558 0.473203 0.692485 0.39547 0.768569 0.502898 0.403675 0.473198 0.783026 0.293142 0.768578 0.568643 0.248185 0.473206 0.845269 0.180219 0.76858 0.613845 0.0837141 0.4732 0.876969 0.0607943 0.768566 0.636875 0.717609 0.473207 -0.510991 0.801346 0.473202 -0.365957 0.581947 0.768574 -0.265765 0.521149 0.76857 -0.371085 0.856125 0.4732 -0.207683 0.621738 0.768566 -0.150826 0.293142 0.768578 0.568643 0.180219 0.76858 0.613845 0.204909 0.686326 0.697832 0.333269 0.686314 0.646456 0.0607943 0.768566 0.636875 0.0691262 0.686318 0.724009 0.521149 0.76857 -0.371085 0.581947 0.768574 -0.265765 0.661575 0.686327 -0.302115 0.592443 0.686321 -0.42187 0.621738 0.768566 -0.150826 0.7068 0.686321 -0.171458 0.639044 0.768568 -0.0304279 0.72648 0.686317 -0.0345784 0.719895 0.686324 0.103492 0.687299 0.686322 0.237869 0.554052 0.768574 0.319875 0.629862 0.686323 0.36364 0.483495 0.768581 0.418946 0.549653 0.686319 0.476285 0.39547 0.768569 0.502898 0.449584 0.686325 0.571693 0.204909 0.686326 0.697832 0.0691262 0.686318 0.724009 0.0691262 -0.686318 0.724009 0.204909 -0.686326 0.697832 0.592443 0.686321 -0.42187 0.661575 0.686327 -0.302115 0.661575 -0.686327 -0.302114 0.592443 -0.686321 -0.42187 0.7068 0.686321 -0.171458 0.7068 -0.686321 -0.171458 0.72648 0.686317 -0.0345784 0.72648 -0.686317 -0.0345782 0.719895 0.686324 0.103492 0.719895 -0.686324 0.103492 0.719895 0.686324 0.103492 0.687299 0.686322 0.237869 0.687299 -0.686322 0.237869 0.719895 -0.686324 0.103492 0.629862 0.686323 0.36364 0.629862 -0.686323 0.36364 0.549653 0.686319 0.476285 0.549653 -0.686319 0.476285 0.449584 0.686325 0.571693 0.449584 -0.686324 0.571693 0.333269 0.686314 0.646456 0.333269 -0.686314 0.646456 0.592443 -0.686321 -0.42187 0.661575 -0.686327 -0.302114 0.622531 -0.729134 -0.284286 0.557469 -0.729141 -0.396967 0.7068 -0.686321 -0.171458 0.665079 -0.729139 -0.161325 0.72648 -0.686317 -0.0345782 0.683598 -0.729132 -0.0325638 0.719895 -0.686324 0.103492 0.677405 -0.729135 0.097387 0.687299 -0.686322 0.237869 0.646733 -0.729135 0.223828 0.629862 -0.686323 0.36364 0.592684 -0.729135 0.342182 0.549653 -0.686319 0.476285 0.517215 -0.729143 0.44815 0.449584 -0.686324 0.571693 0.423035 -0.729149 0.537943 0.333269 -0.686314 0.646456 0.313589 -0.729143 0.608286 0.204909 -0.686326 0.697832 0.19279 -0.729136 0.656653 0.0691262 -0.686318 0.724009 0.0650375 -0.729146 0.681261 0.557469 -0.729141 -0.396967 0.622531 -0.729134 -0.284286 0.622531 0.729134 -0.284286 0.557469 0.729141 -0.396967 0.665079 -0.729139 -0.161325 0.665079 0.729139 -0.161326 0.683598 -0.729132 -0.0325638 0.683598 0.729132 -0.032564 0.677405 -0.729135 0.097387 0.677405 0.729135 0.0973868 0.677405 -0.729135 0.097387 0.646733 -0.729135 0.223828 0.646733 0.729135 0.223828 0.677405 0.729135 0.0973868 0.592684 -0.729135 0.342182 0.592684 0.729135 0.342182 0.517215 -0.729143 0.44815 0.517215 0.729144 0.448149 0.423035 -0.729149 0.537943 0.423035 0.72915 0.537942 0.313589 -0.729143 0.608286 0.313589 0.729144 0.608286 0.19279 -0.729136 0.656653 0.19279 0.729136 0.656653 0.0650375 -0.729146 0.681261 0.0650375 0.729146 0.681261 0.592443 0.686321 -0.42187 0.661575 0.686327 -0.302115 0.661575 -0.686327 -0.302114 0.592443 -0.686321 -0.42187 0.557469 0.729141 -0.396967 0.622531 0.729134 -0.284286 0.661575 0.686327 -0.302115 0.592443 0.686321 -0.42187 0.665079 0.729139 -0.161326 0.7068 0.686321 -0.171458 0.683598 0.729132 -0.032564 0.72648 0.686317 -0.0345784 0.677405 0.729135 0.0973868 0.719895 0.686324 0.103492 0.646733 0.729135 0.223828 0.687299 0.686322 0.237869 0.592684 0.729135 0.342182 0.629862 0.686323 0.36364 0.517215 0.729144 0.448149 0.549653 0.686319 0.476285 0.423035 0.72915 0.537942 0.449584 0.686325 0.571693 0.313589 0.729144 0.608286 0.333269 0.686314 0.646456 0.19279 0.729136 0.656653 0.204909 0.686326 0.697832 0.0650375 0.729146 0.681261 0.0691262 0.686318 0.724009 0.661575 -0.686327 -0.302114 0.7068 -0.686321 -0.171458 0.619468 -0.770505 -0.150274 0.579829 -0.770512 -0.264782 0.7068 0.686321 -0.171458 0.7068 -0.686321 -0.171458 0.72648 0.686317 -0.0345784 0.72648 -0.686317 -0.0345782 0.719895 0.686324 0.103492 0.719895 -0.686324 0.103492 0.719895 0.686324 0.103492 0.687299 0.686322 0.237869 0.687299 -0.686322 0.237869 0.719895 -0.686324 0.103492 0.629862 0.686323 0.36364 0.629862 -0.686323 0.36364 0.549653 0.686319 0.476285 0.549653 -0.686319 0.476285 0.449584 0.686325 0.571693 0.449584 -0.686324 0.571693 0.333269 0.686314 0.646456 0.333269 -0.686314 0.646456 0.204909 0.686326 0.697832 0.204909 -0.686326 0.697832 0.0691262 0.686318 0.724009 0.0691262 -0.686318 0.724009 0.619468 -0.770505 -0.150274 0.636712 -0.770506 -0.030305 0.728121 0.684571 -0.0346697 0.708403 0.684567 -0.171852 0.72648 -0.686317 -0.0345782 0.636712 -0.770506 -0.030305 0.719895 -0.686324 0.103492 0.630945 -0.770507 0.0907019 0.687299 -0.686322 0.237869 0.602378 -0.770506 0.208473 0.629862 -0.686323 0.36364 0.552027 -0.770513 0.31871 0.549653 -0.686319 0.476285 0.481743 -0.770515 0.417409 0.449584 -0.686324 0.571693 0.394028 -0.770508 0.501058 0.333269 -0.686314 0.646456 0.29207 -0.770522 0.566561 0.204909 -0.686326 0.697832 0.179574 -0.770516 0.611603 0.0691262 -0.686318 0.724009 0.0605797 -0.770507 0.634546 0.592443 -0.686321 -0.42187 0.519224 -0.770519 -0.36974 0.728121 0.684571 -0.0346697 0.721528 0.68457 0.103734 0.918725 0.372153 0.132088 0.92712 0.372154 -0.0441617 0.630945 -0.770507 0.0907019 0.721528 0.68457 0.103734 0.630945 -0.770507 0.0907019 0.602378 -0.770506 0.208473 0.688849 0.684576 0.238416 0.721528 0.68457 0.103734 0.552027 -0.770513 0.31871 0.631289 0.684575 0.36446 0.481743 -0.770515 0.417409 0.550902 0.684576 0.47735 0.394028 -0.770508 0.501058 0.45061 0.684567 0.57299 0.29207 -0.770522 0.566561 0.334028 0.684567 0.647914 0.179574 -0.770516 0.611603 0.20536 0.684565 0.699427 0.0605797 -0.770507 0.634546 0.0692779 0.68457 0.725648 0.519224 -0.770519 -0.36974 0.579829 -0.770512 -0.264782 0.663081 0.684566 -0.302807 0.593784 0.684579 -0.422815 0.918725 0.372153 0.132088 0.877123 0.372152 0.303575 0.387993 -0.911827 0.134285 0.406396 -0.911828 0.0584143 0.688849 0.684576 0.238416 0.877123 0.372152 0.303575 0.631289 0.684575 0.36446 0.803823 0.372155 0.46408 0.550902 0.684576 0.47735 0.701461 0.372155 0.607827 0.45061 0.684567 0.57299 0.57376 0.372151 0.729591 0.334028 0.684567 0.647914 0.425314 0.37215 0.824992 0.20536 0.684565 0.699427 0.261488 0.37215 0.890578 0.0692779 0.68457 0.725648 0.0882008 0.372152 0.923971 0.593784 0.684579 -0.422815 0.663081 0.684566 -0.302807 0.844299 0.372145 -0.385573 0.756075 0.372147 -0.538384 0.708403 0.684567 -0.171852 0.902012 0.372146 -0.218819 0.188123 -0.911834 0.364923 0.115668 -0.911827 0.393944 0 -1 1.62921e-07 0.803823 0.372155 0.46408 0.355554 -0.911835 0.205275 0.701461 0.372155 0.607827 0.310292 -0.911833 0.268847 0.701461 0.372155 0.607827 0.57376 0.372151 0.729591 0.253801 -0.911834 0.322714 0.310292 -0.911833 0.268847 0.425314 0.37215 0.824992 0.188123 -0.911834 0.364923 0.261488 0.37215 0.890578 0.115668 -0.911827 0.393944 0.0882008 0.372152 0.923971 0.0390038 -0.911828 0.408716 0.756075 0.372147 -0.538384 0.844299 0.372145 -0.385573 0.373467 -0.911832 -0.170543 0.334424 -0.911839 -0.238138 0.902012 0.372146 -0.218819 0.398984 -0.911837 -0.0967778 0.902012 0.372146 -0.218819 0.92712 0.372154 -0.0441617 0.410092 -0.911835 -0.0195324 0.398984 -0.911837 -0.0967778 0.253801 -0.911834 0.322714 0.373467 -0.911832 -0.170543 0.334424 -0.911839 -0.238138 0.0390038 -0.911828 0.408716 0 1 -1.62921e-07 -0.528042 0.792612 -0.304856 -0.588958 0.792612 -0.157784 -0.711408 -0.676433 -0.190624 -0.637816 -0.676453 -0.368242 0.460932 0.758342 0.460932 0.56452 0.75835 0.325918 0.528042 0.792613 0.304856 0.431143 0.792611 0.431143 -0.697882 -0.592133 0.402914 -0.56452 0.75835 0.325918 -0.629644 0.758344 0.168711 -0.778386 -0.592128 0.208567 -0.588958 0.792612 0.157784 -0.528042 0.792613 0.304856 -0.637816 -0.676453 0.368242 -0.711393 -0.676449 0.190621 0.651859 0.75834 -1.23549e-07 0.629644 0.758344 -0.168711 0.588958 0.792612 -0.157784 0.609717 0.792619 -1.29134e-07 -0.651859 0.75834 -1.23549e-07 -0.805836 -0.592139 9.64716e-08 0.304856 0.792612 -0.528042 0.157784 0.792611 -0.588958 0.190595 -0.676437 -0.711412 0.368242 -0.676453 -0.637816 0.460932 0.758342 -0.460932 0.325918 0.75835 -0.56452 0.304856 0.792612 -0.528042 0.431143 0.792611 -0.431143 -0.629644 0.758344 -0.168711 -0.778385 -0.592128 -0.208566 0.588958 0.792612 -0.157784 0.528042 0.792612 -0.304856 0.637816 -0.676453 -0.368242 0.711393 -0.676449 -0.19062 0 0.75834 -0.651859 -0.168711 0.758344 -0.629644 -0.157784 0.792611 -0.588958 0 0.792619 -0.609717 -0.778385 -0.592128 -0.208566 -0.629644 0.758344 -0.168711 -0.56452 0.75835 -0.325918 -0.697882 -0.592133 -0.402914 0.528042 0.792613 0.304856 0.588958 0.792612 0.157784 0.711393 -0.676449 0.190621 0.637816 -0.676453 0.368242 -0.460932 0.758342 -0.460932 -0.56452 0.75835 -0.325918 -0.528042 0.792612 -0.304856 -0.431143 0.792611 -0.431143 -0.460932 0.758342 -0.460932 -0.569818 -0.592127 -0.569818 -0.431143 0.792611 0.431143 -0.520775 -0.676452 0.520775 -0.325918 0.75835 -0.56452 -0.402914 -0.592133 -0.697882 0.157784 0.792612 0.588957 0.304856 0.792613 0.528042 0.36825 -0.676436 0.637829 0.190591 -0.676453 0.711397 -0.168711 0.758344 0.629644 0 0.75834 0.651859 0 0.79262 0.609717 -0.157784 0.792612 0.588957 -0.168711 0.758344 -0.629644 -0.208566 -0.592129 -0.778385 -0.304856 0.792613 0.528042 -0.157784 0.792612 0.588957 -0.190591 -0.676453 0.711397 -0.368242 -0.676453 0.637816 0.325918 0.75835 0.56452 0.304856 0.792613 0.528042 0 0.75834 -0.651859 0 -0.592139 -0.805836 -0.588958 0.792612 -0.157784 -0.609717 0.792619 -1.29134e-07 -0.736485 -0.676454 1.10208e-07 -0.711408 -0.676433 -0.190624 0.629644 0.758344 0.168711 0.588958 0.792612 0.157784 0.168711 0.758344 -0.629644 0.208566 -0.592129 -0.778385 -0.304856 0.792612 -0.528042 -0.431143 0.792611 -0.431143 -0.520786 -0.676435 -0.520786 -0.36825 -0.676437 -0.637829 0.56452 0.75835 -0.325918 0.528042 0.792612 -0.304856 0.208566 -0.592129 -0.778385 0.168711 0.758344 -0.629644 0.325918 0.75835 -0.56452 0.402914 -0.592133 -0.697882 0.157784 0.792611 -0.588958 0 0.792619 -0.609717 0 -0.676454 -0.736485 0.190595 -0.676437 -0.711412 0.168711 0.758344 -0.629644 0.157784 0.792611 -0.588958 0.460932 0.758342 -0.460932 0.569818 -0.592127 -0.569818 0.431143 0.792611 -0.431143 0.520775 -0.676452 -0.520775 -0.325918 0.75835 -0.56452 -0.304856 0.792612 -0.528042 0.56452 0.75835 -0.325918 0.697882 -0.592133 -0.402914 0.588958 0.792612 0.157784 0.609717 0.792619 -1.29134e-07 0.736485 -0.676454 1.10208e-07 0.711393 -0.676449 0.190621 -0.629644 0.758344 -0.168711 -0.651859 0.75834 -1.23549e-07 -0.609717 0.792619 -1.29134e-07 -0.588958 0.792612 -0.157784 0.629644 0.758344 -0.168711 0.778385 -0.592128 -0.208566 0.431143 0.792611 0.431143 0.520775 -0.676452 0.520775 -0.56452 0.75835 0.325918 -0.460932 0.758342 0.460932 -0.431143 0.792611 0.431143 -0.528042 0.792613 0.304856 0.651859 0.75834 -1.23549e-07 0.805836 -0.592139 9.64716e-08 -0.157784 0.792612 0.588957 0 0.79262 0.609717 0 -0.676454 0.736485 -0.190591 -0.676453 0.711397 -0.325918 0.75835 0.56452 -0.304856 0.792613 0.528042 0.805836 -0.592139 9.64716e-08 0.778386 -0.592128 0.208567 0.168711 0.758344 0.629644 0.157784 0.792612 0.588957 0.778386 -0.592128 0.208567 0.629644 0.758344 0.168711 0.56452 0.75835 0.325918 0.697882 -0.592133 0.402914 0.460932 0.758342 0.460932 0.569818 -0.592127 0.569818 -0.157784 0.792611 -0.588958 -0.190591 -0.676453 -0.711397 0.325918 0.75835 0.56452 0.402914 -0.592133 0.697882 0.168711 0.758344 0.629644 0.208566 -0.592128 0.778386 0 0.75834 0.651859 0 -0.592139 0.805836 -0.168711 0.758344 0.629644 -0.208566 -0.592128 0.778386 0.711393 -0.676449 -0.19062 0.637816 -0.676453 -0.368242 0.635879 -0.678881 -0.367122 0.709242 -0.678875 -0.190014 -0.629644 0.758344 0.168711 -0.588958 0.792612 0.157784 -0.208566 -0.592128 0.778386 -0.168711 0.758344 0.629644 -0.325918 0.75835 0.56452 -0.402914 -0.592133 0.697882 -0.460932 0.758342 0.460932 -0.569818 -0.592127 0.569818 -0.569818 -0.592127 -0.569818 -0.402914 -0.592133 -0.697882 0.271589 -0.839609 0.470421 0.384107 -0.839597 0.384107 0.709242 -0.678875 0.190014 0.73426 -0.678868 1.10602e-07 0.73426 0.678868 -1.10602e-07 0.709242 0.678875 0.190014 0 -0.676454 0.736485 0.190591 -0.676453 0.711397 0.190014 -0.678875 0.709242 0 -0.678868 0.73426 -0.520786 -0.676435 -0.520786 -0.637816 -0.676453 -0.368242 -0.635879 -0.678881 -0.367122 -0.519197 -0.678874 -0.519196 0.520775 -0.676452 -0.520775 0.519197 -0.678874 -0.519196 0.36825 -0.676436 0.637829 0.367122 -0.678881 0.635879 0.368242 -0.676453 -0.637816 0.367115 -0.678868 -0.635897 0.520775 -0.676452 0.520775 0.519197 -0.678874 0.519197 -0.711408 -0.676433 -0.190624 -0.736485 -0.676454 1.10208e-07 -0.73426 -0.678868 1.10602e-07 -0.709238 -0.678871 -0.190043 0.190595 -0.676437 -0.711412 0.190044 -0.678871 -0.709237 0.637816 -0.676453 0.368242 0.635879 -0.678881 0.367122 -0.711393 -0.676449 0.190621 -0.709238 -0.678871 0.190044 -0.637816 -0.676453 0.368242 -0.520775 -0.676452 0.520775 -0.519197 -0.678874 0.519197 -0.635879 -0.678881 0.367122 0 -0.676454 -0.736485 0 -0.678868 -0.73426 0.711393 -0.676449 0.190621 0.709242 -0.678875 0.190014 -0.368242 -0.676453 0.637816 -0.367122 -0.678881 0.635879 -0.190591 -0.676453 -0.711397 -0.190014 -0.678875 -0.709242 0.736485 -0.676454 1.10208e-07 0.73426 -0.678868 1.10602e-07 -0.190591 -0.676453 0.711397 -0.190014 -0.678875 0.709242 -0.36825 -0.676437 -0.637829 -0.367122 -0.678881 -0.635879 0.519197 0.678874 -0.519197 0.367115 0.678868 -0.635897 0.310688 0.783496 -0.53815 0.439391 0.783499 -0.439391 -0.367122 -0.678881 0.635879 -0.190014 -0.678875 0.709242 -0.190044 0.678871 0.709237 -0.367122 0.678881 0.635879 -0.190014 -0.678875 -0.709242 -0.367122 -0.678881 -0.635879 -0.367122 0.678881 -0.635879 -0.190044 0.678871 -0.709238 0.709242 -0.678875 -0.190014 0.709238 0.678871 -0.190044 -0.190014 -0.678875 0.709242 0 -0.678868 0.73426 0 0.678868 0.73426 -0.190044 0.678871 0.709237 0.635879 -0.678881 -0.367122 0.635879 0.678881 -0.367122 0.190014 -0.678875 0.709242 0.190044 0.678871 0.709237 -0.519197 -0.678874 -0.519196 -0.635879 -0.678881 -0.367122 -0.635879 0.678881 -0.367122 -0.519197 0.678874 -0.519197 0.519197 -0.678874 -0.519196 0.519197 0.678874 -0.519197 0.367122 -0.678881 0.635879 0.367122 0.678881 0.635879 -0.709238 -0.678871 -0.190043 -0.709238 0.678871 -0.190044 0.367115 -0.678868 -0.635897 0.367115 0.678868 -0.635897 0.519197 -0.678874 0.519197 0.519197 0.678874 0.519196 0.190044 -0.678871 -0.709237 0.190014 0.678875 -0.709242 0.635879 -0.678881 0.367122 0.635879 0.678881 0.367122 -0.635879 -0.678881 0.367122 -0.519197 -0.678874 0.519197 -0.519197 0.678874 0.519196 -0.635879 0.678881 0.367122 0.190044 -0.678871 -0.709237 0 -0.678868 -0.73426 0 0.678868 -0.73426 0.190014 0.678875 -0.709242 0.709242 -0.678875 0.190014 0.709242 0.678875 0.190014 -0.709238 -0.678871 0.190044 -0.709238 0.678871 0.190043 -0.310688 0.783497 0.53815 -0.160807 0.783497 0.600227 -0.18791 -0.687579 0.701374 -0.363062 -0.687577 0.628827 0.367122 0.678881 0.635879 0.519197 0.678874 0.519196 0.439391 0.7835 0.439391 0.310688 0.783497 0.53815 -0.709238 0.678871 -0.190044 -0.73426 0.678868 -1.10602e-07 -0.621403 0.783491 -1.27647e-07 -0.600228 0.783497 -0.160808 0.190014 0.678875 -0.709242 0.160807 0.783497 -0.600228 0.635879 0.678881 0.367122 0.53815 0.783497 0.310688 -0.709238 0.678871 0.190043 -0.600228 0.783497 0.160807 -0.635879 0.678881 0.367122 -0.519197 0.678874 0.519196 -0.439391 0.7835 0.439391 -0.53815 0.783497 0.310688 0 0.678868 -0.73426 0 0.783491 -0.621403 0.709242 0.678875 0.190014 0.600228 0.783497 0.160807 -0.367122 0.678881 0.635879 -0.310688 0.783497 0.53815 -0.190044 0.678871 -0.709238 -0.160807 0.783497 -0.600228 0.73426 0.678868 -1.10602e-07 0.621403 0.783491 -1.27647e-07 -0.190044 0.678871 0.709237 -0.160807 0.783497 0.600227 -0.367122 0.678881 -0.635879 -0.310688 0.783496 -0.53815 0.709238 0.678871 -0.190044 0.600228 0.783497 -0.160808 0 0.678868 0.73426 0 0.783491 0.621403 -0.519197 0.678874 -0.519197 -0.439391 0.783499 -0.439391 0.635879 0.678881 -0.367122 0.53815 0.783496 -0.310689 0.190044 0.678871 0.709237 0.160807 0.783497 0.600227 -0.635879 0.678881 -0.367122 -0.53815 0.783496 -0.310689 0.543203 -0.839601 1.36788e-07 0.524684 -0.839611 0.140571 0 -1 1.62921e-07 -0.160807 0.783497 -0.600228 -0.310688 0.783496 -0.53815 -0.363062 -0.687577 -0.628827 -0.18791 -0.687579 -0.701374 0.621403 0.783491 -1.27647e-07 0.600228 0.783497 -0.160808 0.701374 -0.687579 -0.18791 0.726117 -0.687571 1.1202e-07 -0.160807 0.783497 0.600227 0 0.783491 0.621403 0 -0.687571 0.726117 -0.18791 -0.687579 0.701374 -0.439391 0.783499 -0.439391 -0.513435 -0.687582 -0.513435 0.53815 0.783496 -0.310689 0.628827 -0.687577 -0.363062 0.160807 0.783497 0.600227 0.18791 -0.687579 0.701374 -0.53815 0.783496 -0.310689 -0.628827 -0.687577 -0.363062 0.439391 0.783499 -0.439391 0.513435 -0.687582 -0.513435 0.310688 0.783497 0.53815 0.363062 -0.687577 0.628827 -0.600228 0.783497 -0.160808 -0.701374 -0.687579 -0.18791 0.310688 0.783496 -0.53815 0.363062 -0.687577 -0.628827 0.439391 0.7835 0.439391 0.513435 -0.687581 0.513435 -0.600228 0.783497 -0.160808 -0.621403 0.783491 -1.27647e-07 -0.726117 -0.687571 1.1202e-07 -0.701374 -0.687579 -0.18791 0.160807 0.783497 -0.600228 0.18791 -0.687579 -0.701374 0.53815 0.783497 0.310688 0.628827 -0.687577 0.363062 -0.600228 0.783497 0.160807 -0.701374 -0.687579 0.18791 -0.53815 0.783497 0.310688 -0.439391 0.7835 0.439391 -0.513435 -0.687581 0.513435 -0.628827 -0.687577 0.363062 0.160807 0.783497 -0.600228 0 0.783491 -0.621403 0 -0.687571 -0.726117 0.18791 -0.687579 -0.701374 0.600228 0.783497 0.160807 0.701359 -0.687595 0.187906 0.600228 0.783497 0.160807 0.701359 -0.687595 0.187906 0 -0.592139 -0.805836 0.208566 -0.592129 -0.778385 -0.140571 -0.839611 0.524684 0 -0.839601 0.543203 0.569818 -0.592127 -0.569818 0.697882 -0.592133 -0.402914 -0.470421 -0.839609 0.271589 -0.384081 -0.839607 0.384112 0.569818 -0.592127 0.569818 0.402914 -0.592133 0.697882 -0.271589 -0.839609 -0.47042 -0.384112 -0.839607 -0.384081 0 -0.592139 0.805836 -0.208566 -0.592128 0.778386 0.140571 -0.839611 -0.524684 0 -0.839601 -0.543203 -0.778386 -0.592128 0.208567 -0.805836 -0.592139 9.64716e-08 0.543203 -0.839601 1.36788e-07 0.524684 -0.839611 -0.140571 -0.697882 -0.592133 -0.402914 0.470421 -0.839609 0.271589 -0.697882 -0.592133 0.402914 0.470421 -0.839609 -0.271589 -0.208566 -0.592129 -0.778385 0.140571 -0.839611 0.524684 0.402914 -0.592133 -0.697882 -0.271589 -0.839609 0.470421 0.697882 -0.592133 0.402914 -0.470421 -0.839609 -0.271589 0.208566 -0.592128 0.778386 -0.140571 -0.839611 -0.524684 -0.402914 -0.592133 0.697882 -0.569818 -0.592127 0.569818 0.384107 -0.839597 -0.384107 0.271589 -0.839609 -0.47042 -0.778385 -0.592128 -0.208566 0.524684 -0.839611 0.140571 0.778385 -0.592128 -0.208566 -0.524684 -0.839611 0.140571 0.778386 -0.592128 0.208567 -0.524684 -0.839611 -0.140571 0.628827 -0.687577 -0.363062 0.513435 -0.687582 -0.513435 0.23332 -0.943993 -0.23332 0.285754 -0.943999 -0.164958 -0.384112 -0.839607 -0.384081 -0.271589 -0.839609 -0.47042 0 -1 1.62921e-07 -0.271589 -0.839609 0.470421 -0.384081 -0.839607 0.384112 0 -1 1.62921e-07 0.524684 -0.839611 0.140571 0.470421 -0.839609 0.271589 0 -1 1.62921e-07 -0.140571 -0.839611 -0.524684 -0.470421 -0.839609 0.271589 0.384107 -0.839597 0.384107 -0.524684 -0.839611 0.140571 0.271589 -0.839609 0.470421 0 -0.839601 -0.543203 0.140571 -0.839611 -0.524684 0.140571 -0.839611 -0.524684 0.271589 -0.839609 -0.47042 -0.524684 -0.839611 -0.140571 -0.470421 -0.839609 -0.271589 0.524684 -0.839611 -0.140571 -0.513435 -0.687582 -0.513435 -0.628827 -0.687577 -0.363062 -0.285754 -0.943999 -0.164958 -0.23332 -0.943993 -0.23332 0 -0.687571 0.726117 0.18791 -0.687579 0.701374 0.0853934 -0.943996 0.318715 0 -0.944 0.329947 0.701374 -0.687579 -0.18791 0.318714 -0.943996 -0.0853932 -0.363062 -0.687577 -0.628827 -0.164988 -0.943994 -0.285753 -0.18791 -0.687579 0.701374 -0.0853934 -0.943996 0.318715 0.726117 -0.687571 1.1202e-07 0.329947 -0.944 1.53797e-07 -0.18791 -0.687579 -0.701374 -0.0853934 -0.943996 -0.318714 -0.363062 -0.687577 0.628827 -0.164958 -0.943999 0.285754 0.701359 -0.687595 0.187906 0.318714 -0.943996 0.0853935 0 -0.687571 -0.726117 0 -0.944 -0.329946 -0.513435 -0.687581 0.513435 -0.23332 -0.943993 0.23332 -0.701374 -0.687579 0.18791 -0.628827 -0.687577 0.363062 -0.285754 -0.943999 0.164958 -0.318714 -0.943996 0.0853935 0.628827 -0.687577 0.363062 0.285754 -0.943999 0.164958 -0.726117 -0.687571 1.1202e-07 -0.329947 -0.944 1.53797e-07 0.513435 -0.687581 0.513435 0.23332 -0.943993 0.23332 0.363062 -0.687577 -0.628827 0.18791 -0.687579 -0.701374 0.0853934 -0.943996 -0.318714 0.164958 -0.943999 -0.285754 -0.701374 -0.687579 -0.18791 -0.318714 -0.943996 -0.0853932 0.363062 -0.687577 0.628827 0.164958 -0.943999 0.285754 0 -0.441026 0.897494 -0.232278 -0.441026 0.866916 0.866916 -0.441026 -0.232278 0.897494 -0.441026 7.18522e-08 -0.448748 -0.441027 -0.777252 -0.232278 -0.441027 -0.866915 -0.448748 -0.441027 0.777252 -0.777252 -0.441027 0.448748 -0.866916 -0.441026 0.232278 0.866916 -0.441026 0.232278 0 -0.441026 -0.897494 -0.634621 -0.441036 0.634621 0.777252 -0.441027 0.448748 0.232278 -0.441027 -0.866915 -0.897494 -0.441026 7.18522e-08 0.634621 -0.441036 0.634621 0.448724 -0.441033 -0.777263 -0.866916 -0.441026 -0.232278 0.634621 -0.441036 -0.634621 -0.777252 -0.441027 -0.448748 0.777252 -0.441027 -0.448748 -0.634621 -0.441036 -0.634621 0.232278 -0.441026 0.866916 0.897494 -0.441026 7.18522e-08 0.866916 -0.441026 -0.232278 0.96593 -4.21642e-08 -0.258802 1 0 0 -0.777252 -0.441027 0.448748 -0.634621 -0.441036 0.634621 -0.707107 1.15202e-07 0.707107 -0.866032 8.14586e-08 0.499989 -0.448748 -0.441027 -0.777252 -0.634621 -0.441036 -0.634621 -0.707107 -1.15202e-07 -0.707107 -0.499989 -1.41094e-07 -0.866032 0.777252 -0.441027 -0.448748 0.866032 -8.14586e-08 -0.499989 0 -0.441026 0.897494 0.232278 -0.441026 0.866916 0.258802 1.5737e-07 0.96593 0 1.62921e-07 1 -0.777252 -0.441027 -0.448748 -0.866032 -8.14586e-08 -0.499989 0.634621 -0.441036 -0.634621 0.707107 -1.15202e-07 -0.707107 0.448748 -0.441027 0.777252 0.499989 1.41094e-07 0.866032 -0.866916 -0.441026 -0.232278 -0.96593 -4.21642e-08 -0.258802 0.448724 -0.441033 -0.777263 0.499989 -1.41094e-07 -0.866032 -0.866916 -0.441026 -0.232278 -0.897494 -0.441026 7.18522e-08 -1 0 -0 -0.96593 -4.21642e-08 -0.258802 0.232278 -0.441027 -0.866915 0.258802 -1.5737e-07 -0.96593 -0.232278 -0.441026 0.866916 -0.258802 1.5737e-07 0.96593 -0.866916 -0.441026 0.232278 -0.96593 4.21642e-08 0.258802 0.232278 -0.441027 -0.866915 0 -0.441026 -0.897494 0 -1.62921e-07 -1 0.258802 -1.5737e-07 -0.96593 0.777252 -0.441027 0.448748 0.866916 -0.441026 0.232278 0.96593 4.21642e-08 0.258802 0.866032 8.14586e-08 0.499989 -0.448748 -0.441027 0.777252 -0.232278 -0.441026 0.866916 -0.258802 1.5737e-07 0.96593 -0.499989 1.41094e-07 0.866032 -0.232278 -0.441027 -0.866915 -0.258802 -1.5737e-07 -0.96593 0.866916 -0.441026 0.232278 0.96593 4.21642e-08 0.258802 0.922185 0.153754 0.354872 0.899668 0.188302 0.393878 0.899814 0.289022 0.326805 0.934373 0.235974 0.266951 0.328326 0.519194 0.789075 0.269976 0.36712 0.890133 0.233287 0.190042 0.953657 0.18562 -0.541385 0.820029 0.802992 -0.541381 -0.24922 0.94255 0.190012 -0.274763 0.905869 0.367115 -0.211254 0.847524 0.519196 -0.110175 0.771497 0.63587 0.0214855 0.682936 0.709244 0.174846 0.58792 0.734259 0.339433 0.492887 0.709239 0.504027 0.404345 0.635893 0.657378 0.58792 -0.734259 0.339433 -0.58792 -0.734259 -0.339433 -0.492887 -0.709239 -0.504027 0.682936 -0.709244 0.174847 0.939467 0.108709 0.324936 0.960892 0.166848 0.221019 0.328326 -0.519193 0.789075 0.404353 -0.635874 0.657391 0.899668 0.188302 0.393878 0.922185 0.153754 0.354872 -0.404353 -0.635874 -0.65739 0.771497 -0.63587 0.0214857 0.220774 1.58901e-07 0.975325 0.233287 -0.190041 0.953657 0.950324 0.0562766 0.306134 0.954025 4.88318e-08 0.299727 -0.328326 -0.519194 -0.789075 0.847524 -0.519196 -0.110175 0.899668 -0.188302 0.393878 0.922185 -0.153753 0.354872 0.934373 -0.235974 0.266951 0.899814 -0.289022 0.326805 0.328326 0.519194 0.789075 0.269976 0.36712 0.890133 0.939467 -0.108709 0.324936 0.922185 -0.153753 0.354872 0.847524 -0.519196 -0.110175 -0.328326 -0.519194 -0.789075 -0.269976 -0.36712 -0.890133 0.905869 -0.367115 -0.211253 0.939467 -0.108709 0.324936 0.950324 -0.0562765 0.306134 0.977558 -0.0863691 0.192148 0.960892 -0.166847 0.221019 0.58792 0.734259 0.339433 0.492887 0.709239 0.504027 0.873449 -0.210031 0.439288 0.845309 -0.217446 0.488026 0.845309 0.217446 0.488026 0.817172 0.210031 0.536765 0.773176 0.322376 0.546143 0.816368 0.333732 0.471344 0.233287 0.190042 0.953657 -0.942545 0.190041 0.274761 -0.802992 -0.541381 0.24922 0.18562 -0.541385 0.820029 0.773176 -0.322375 0.546143 0.816368 -0.333732 0.471345 0.861893 -0.0975698 0.497616 0.849258 -0.0942433 0.519498 0.269976 0.36712 0.890133 -0.905869 0.367115 0.211253 0.771482 0.635888 0.0214851 0.682936 0.709244 0.174846 0.817172 -0.21003 0.536765 0.790945 -0.188306 0.582191 0.328326 0.519194 0.789075 -0.847524 0.519196 0.110175 0.58792 -0.734259 0.339433 0.682936 -0.709244 0.174847 0.817172 0.210031 0.536765 0.845309 0.217446 0.488026 0.404345 0.635893 0.657378 -0.771497 0.63587 -0.0214857 0.905869 0.367115 -0.211254 -0.269976 0.367119 -0.890133 -0.328326 0.519193 -0.789075 0.847521 0.519194 -0.110205 0.942545 0.190041 -0.274761 0.905869 0.367115 -0.211254 0.751141 -0.10871 0.651129 0.740283 -0.056278 0.669936 0.492887 0.709239 0.504027 -0.682936 0.709244 -0.174847 -0.771497 0.63587 -0.0214857 0.404345 0.635893 0.657378 0.847521 0.519194 -0.110205 -0.328326 0.519193 -0.789075 -0.404353 0.635874 -0.657391 0.771482 0.635888 0.0214851 0.58792 0.734259 0.339433 -0.58792 0.734259 -0.339433 -0.492887 0.709239 -0.504027 0.682936 0.709244 0.174846 0.771497 -0.63587 0.0214857 0.790945 0.188306 0.582191 0.682936 0.709244 0.174846 -0.492887 0.709239 -0.504027 -0.58792 0.734259 -0.339433 0.58792 0.734259 0.339433 0.269976 -0.367119 0.890133 0.939467 0.108709 0.324936 0.771497 0.63587 0.0214855 -0.404353 0.635874 -0.657391 -0.682936 0.709244 -0.174847 0.492887 0.709239 0.504027 0.233287 0.190042 0.953657 0.950324 -0.0562765 0.306134 0.847524 0.519196 -0.110175 -0.328326 0.519193 -0.789075 -0.771497 0.63587 -0.0214857 0.404345 0.635893 0.657378 0.404345 0.635893 0.657378 0.899668 -0.188302 0.393878 0.905869 0.367115 -0.211254 -0.269976 0.367119 -0.890133 -0.328326 0.519193 -0.789075 0.847524 0.519196 -0.110175 0.404345 0.635893 0.657378 -0.771497 0.63587 -0.0214857 -0.847524 0.519196 0.110175 0.328326 0.519194 0.789075 0.94255 0.190012 -0.274763 -0.233288 0.190012 -0.953662 -0.905869 0.367115 0.211253 0.269976 0.36712 0.890133 0.847521 0.519194 -0.110205 0.768435 -0.153754 0.621182 0.802992 -0.541381 -0.24922 -0.18562 -0.541386 -0.820029 -0.942545 0.190041 0.274761 0.233287 0.190042 0.953657 -0.955055 4.82944e-08 0.296429 0.220774 1.58901e-07 0.975325 0.942545 -0.190041 -0.274761 0.955055 -4.82944e-08 -0.296429 0.736588 1.1019e-07 0.676342 0.740283 0.0562782 0.669936 -0.942545 -0.190041 0.274761 0.233287 -0.190041 0.953657 0.847524 -0.519196 -0.110175 0.768423 0.153758 0.621196 0.905869 -0.367115 -0.211253 0.751141 0.10871 0.651129 -0.905869 -0.367115 0.211254 0.269976 -0.367119 0.890133 -0.905869 0.367115 0.211253 -0.847524 0.519196 0.110175 -0.771497 0.63587 -0.0214857 -0.682936 0.709244 -0.174847 -0.58792 0.734259 -0.339433 -0.492887 0.709239 -0.504027 -0.404353 0.635874 -0.657391 -0.328326 0.519193 -0.789075 -0.269976 0.367119 -0.890133 -0.233288 0.190012 -0.953662 -0.18562 -0.541386 -0.820029 -0.802992 -0.541381 0.24922 -0.942545 0.190041 0.274761 0.492887 -0.709239 0.504027 0.873449 0.210031 0.439288 0.269976 -0.367119 0.890133 -0.905869 -0.367115 0.211254 -0.847524 -0.519196 0.110175 0.328326 -0.519193 0.789075 -0.771497 -0.63587 -0.0214855 0.404353 -0.635874 0.657391 -0.492887 -0.709239 -0.504027 -0.58792 -0.734259 -0.339433 -0.682936 -0.709244 -0.174846 -0.771497 -0.63587 -0.0214855 -0.847524 -0.519196 0.110175 -0.905869 -0.367115 0.211254 -0.942545 -0.190041 0.274761 -0.955055 4.82944e-08 0.296429 -0.942545 0.190041 0.274761 -0.905869 0.367115 0.211253 -0.847524 0.519196 0.110175 -0.771497 0.63587 -0.0214857 -0.682936 0.709244 -0.174847 -0.58792 0.734259 -0.339433 -0.492887 0.709239 -0.504027 -0.404353 0.635874 -0.657391 -0.328326 0.519193 -0.789075 -0.269976 0.367119 -0.890133 -0.233288 0.190012 -0.953662 -0.220774 -1.58901e-07 -0.975325 -0.233287 -0.190042 -0.953657 -0.269976 -0.36712 -0.890133 -0.328326 -0.519194 -0.789075 -0.404353 -0.635874 -0.65739 0.85957 -0.322373 0.396504 -0.682936 -0.709244 -0.174846 0.492887 -0.709239 0.504027 0.698381 0.235978 0.675705 0.73293 0.289022 0.615857 0.802992 -0.541381 -0.24922 0.18562 -0.541385 0.820029 -0.802992 -0.541381 0.24922 -0.18562 -0.541386 -0.820029 0.950324 0.0562766 0.306134 0.939467 0.108709 0.324936 0.960892 0.166848 0.221019 0.977564 0.0863696 0.192119 0.954025 4.88318e-08 0.299727 0.983244 2.96992e-08 0.182293 0.899814 -0.289022 0.326805 0.73293 -0.289021 0.615857 0.698381 -0.235978 0.675705 0.671847 -0.166848 0.721654 0.773176 0.322376 0.546143 0.655179 -0.0863683 0.75052 0.649509 1.23877e-07 0.760354 0.655179 0.0863686 0.75052 0.671847 0.166848 0.721654 0.861893 0.09757 0.497616 0.849272 0.0942449 0.519476 0.837509 0.0844773 0.539855 0.827397 0.0689727 0.557366 0.819644 0.0487692 0.570794 0.814775 0.0252396 0.579227 0.813108 9.48382e-08 0.582113 0.814775 -0.0252394 0.579227 0.819644 -0.048769 0.570794 0.827397 -0.0689725 0.557366 0.837509 -0.0844771 0.539855 0.874527 -0.0942431 0.475733 0.886293 -0.0844786 0.455354 0.896397 -0.0689723 0.437853 0.904149 -0.0487689 0.424425 0.909023 -0.0252396 0.415981 0.910684 6.73032e-08 0.413104 0.909023 0.0252397 0.415981 0.904149 0.0487691 0.424425 0.896397 0.0689725 0.437853 0.886293 0.0844787 0.455354 0.874527 0.0942432 0.475733 0.934373 -0.235974 0.266951 0.983244 2.96992e-08 0.182293 0.977564 0.0863696 0.192119 0.934373 0.235974 0.266951 0.899814 0.289022 0.326805 0.977558 -0.0863691 0.192148 0.960892 0.166848 0.221019 0.960892 -0.166847 0.221019 0.816368 0.333732 0.471344 0.304217 0.126198 0.944207 0.158549 0.619087 0.769151 -0.35354 0.70711 0.612377 -0.499989 1.41094e-07 0.866032 0 -1 1.62921e-07 0.35354 -0.70711 -0.612377 0.761206 -0.586912 -0.275862 0.701017 -0.665097 0.257335 0.499989 -1.41094e-07 -0.866032 0.35354 0.70711 -0.612377 0.745397 0.619079 -0.247235 0.969818 0.126198 -0.208631 0.701017 0.665097 0.257335 0.761206 0.586912 -0.275862 0.35354 0.70711 -0.612377 0 1 -1.62921e-07 0.35354 0.70711 -0.612377 -0.35354 0.70711 0.612377 0.158549 0.619087 0.769151 0.745397 0.619079 -0.247235 0.701017 -0.665097 0.257335 0.761206 -0.586912 -0.275862 0.761206 0.586912 -0.275862 0.701017 0.665097 0.257335 0.35354 -0.70711 -0.612377 0.35354 0.70711 -0.612377 0.761206 0.586912 -0.275862 0.761206 -0.586912 -0.275862 0 1 -1.62921e-07 -0.35354 0.70711 0.612377 0.14167 0.586913 0.797159 0.573365 0.665106 0.47842 0.573365 -0.665106 0.47842 0.14167 -0.586913 0.797159 -0.35354 -0.70711 0.612377 0 -1 1.62921e-07 0.573365 0.665106 0.47842 0.14167 0.586913 0.797159 0.14167 -0.586913 0.797159 0.573365 -0.665106 0.47842 -0.35354 0.70711 0.612377 -0.35354 -0.70711 0.612377 0.14167 -0.586913 0.797159 0.14167 0.586913 0.797159 0.556328 -0.703521 0.442218 0.549712 0.324053 0.769939 0.131995 0.5314 0.836774 0.131995 -0.5314 0.836775 0.661137 -0.703528 0.260664 0.941642 0.324054 0.0911 -0.0395826 -0.996858 0.0686059 0.0395826 -0.996858 -0.0686056 0.661137 -0.703528 0.260664 0.556328 -0.703521 0.442218 0.324355 0.761019 -0.561822 -0.324355 0.761019 0.561822 0.244828 0.616555 0.748277 0.770427 0.616579 -0.162088 0.941642 0.324054 0.0911 0.353476 0.707226 -0.61228 0.324355 0.761019 -0.561822 0.770427 0.616579 -0.162088 -0.353476 0.707226 0.61228 0.549712 0.324053 0.769939 0.244828 0.616555 0.748277 -0.324355 0.761019 0.561822 0.770427 0.616579 -0.162088 0.244828 0.616555 0.748277 0.131995 -0.5314 0.836775 0.131995 0.5314 0.836774 -0.380449 0.648863 0.658965 -0.380449 -0.648863 0.658965 0.380449 -0.648863 -0.658965 0.380449 0.648863 -0.658965 0.790678 0.531391 -0.304058 0.790678 -0.531392 -0.304058 0.353476 0.707226 -0.61228 0.941642 0.324054 0.0911 0.790678 0.531391 -0.304058 0.380449 0.648863 -0.658965 0.549712 0.324053 0.769939 -0.353476 0.707226 0.61228 -0.380449 0.648863 0.658965 0.131995 0.5314 0.836774 0.131995 -0.5314 0.836775 -0.380449 -0.648863 0.658965 0.380449 -0.648863 -0.658965 0.790678 -0.531392 -0.304058 0.761888 0.475432 0.439877 0.670928 0.439229 0.597439 0.602089 0.527103 0.599709 0.711251 0.570526 0.410636 0.576542 -0.746199 0.332845 0 -1 1.62921e-07 0.191326 -0.923884 -0.33141 0.71931 -0.689402 0.0855458 0.981512 0.181922 0.0594809 0.929985 0.33617 0.148721 0.912956 0.403435 0.0612523 0.974798 0.218331 -0.0458391 0.43374 0.689399 0.580171 0.312702 0.52765 0.789812 0.593806 0.336165 0.731018 0.670928 0.439229 0.597439 0.35354 -0.70711 -0.612377 0.84035 -0.527649 -0.124092 0.593806 -0.336165 0.731018 0.670928 -0.439229 0.597439 0.602078 -0.527093 0.599729 0.509519 -0.403434 0.760021 0.84035 0.527649 -0.124092 0.71931 0.689402 0.0855456 0.852864 0.439235 0.282304 0.929985 0.33617 0.148721 0.84035 -0.527649 -0.124092 0.35354 -0.70711 -0.612377 0.461932 -0.382675 -0.800111 0.921236 -0.285542 -0.264178 0.852864 -0.439235 0.282304 0.929985 -0.33617 0.148721 0.912956 -0.403435 0.0612524 0.820419 -0.527098 0.22154 0.921236 -0.285542 -0.264178 0.949631 -5.10544e-08 -0.31337 0.999604 4.58428e-09 0.0281381 0.981512 -0.181922 0.059481 0.499989 -1.41094e-07 -0.866032 0.949631 -5.10544e-08 -0.31337 0.999604 4.58428e-09 0.0281381 0.996513 -1.3594e-08 -0.0834395 0.43374 -0.689399 0.580171 0.576542 -0.746199 0.332845 0.761888 -0.475432 0.439877 0.670928 -0.439229 0.597439 0.461932 0.382675 -0.800111 0.921236 0.285542 -0.264178 0.852864 0.439235 0.282304 0.820419 0.527098 0.221539 0.35354 0.70711 -0.612377 0.84035 0.527649 -0.124092 0.761888 -0.475432 0.439877 0.711251 -0.570526 0.410636 0.231827 0.285542 0.929904 0.54227 0.181927 0.820272 0.84035 0.527649 -0.124092 0.35354 0.70711 -0.612377 0.191326 0.923884 -0.331411 0.71931 0.689402 0.0855456 0.447692 0.218337 0.867122 0.509519 0.403434 0.760021 0.576542 0.746199 0.332844 0.761888 0.475432 0.439877 0 1 -1.62921e-07 0.576542 0.746199 0.332844 0.54227 -0.181926 0.820272 0.593806 -0.336165 0.731018 0.509519 -0.403434 0.760021 0.447692 -0.218337 0.867122 0.71931 -0.689402 0.0855458 0.852864 -0.439235 0.282304 -0.191326 0.923884 0.33141 0.43374 0.689399 0.580171 0.921236 0.285542 -0.264178 0.981512 0.181922 0.0594809 0.43374 0.689399 0.580171 -0.191326 0.923884 0.33141 -0.35354 0.70711 0.612377 0.312702 0.52765 0.789812 0.981512 -0.181922 0.059481 0.974798 -0.218331 -0.045839 0.84035 -0.527649 -0.124092 0.929985 -0.33617 0.148721 -0.461944 0.382685 0.8001 0.231827 0.285542 0.929904 0.929985 0.33617 0.148721 0.912956 0.403435 0.0612523 0.312702 -0.52765 0.789812 -0.499989 1.41094e-07 0.866032 0.203412 1.59515e-07 0.979093 0.593806 0.336165 0.731018 0.509519 0.403434 0.760021 0.203412 1.59515e-07 0.979093 0.524171 1.38745e-07 0.851613 -0.461944 -0.382684 0.8001 0.231828 -0.285542 0.929904 -0.35354 -0.70711 0.612377 0.312702 -0.52765 0.789812 0.929985 -0.33617 0.148721 0.912956 -0.403435 0.0612524 0.312702 -0.52765 0.789812 -0.35354 -0.70711 0.612377 -0.191326 -0.923884 0.331411 0.43374 -0.689399 0.580171 0.425982 1.47399e-07 0.904732 0.711251 -0.570526 0.410636 0.820419 -0.527098 0.22154 0.912956 -0.403435 0.0612524 0.974798 -0.218331 -0.045839 0.996513 -1.3594e-08 -0.0834395 0.974798 0.218331 -0.0458391 0.912956 0.403435 0.0612523 0.820419 0.527098 0.221539 0.711251 0.570526 0.410636 0.602089 0.527103 0.599709 0.602078 -0.527093 0.599729 0.251267 -0.110603 0.961578 0.251267 -0.110603 0.961578 -0.95839 0.110601 0.263166 -0.95839 0.110601 0.263166 -0.95839 0.110601 0.263166 -0.95839 0.110601 0.263166 -0.251267 0.110603 -0.961578 -0.251267 0.110603 -0.961578 -0.251267 0.110603 -0.961578 -0.251267 0.110603 -0.961578 0.95839 -0.110601 -0.263166 0.95839 -0.110601 -0.263166 0.95839 -0.110601 -0.263166 0.95839 -0.110601 -0.263166 0.251267 -0.110603 0.961578 0.251267 -0.110603 0.961578 -0.86074 -0.479918 0.169719 -0.95839 0.110601 0.263166 -0.251267 0.110603 -0.961578 -0.283375 -0.479921 -0.830286 0.95839 -0.110601 -0.263166 -0.251267 0.110603 -0.961578 -0.251267 0.110603 -0.961578 0.95839 -0.110601 -0.263166 -0.251267 0.110603 -0.961578 -0.95839 0.110601 0.263166 -0.95839 0.110601 0.263166 -0.251267 0.110603 -0.961578 -0.95839 0.110601 0.263166 0.251267 -0.110603 0.961578 0.251267 -0.110603 0.961578 -0.95839 0.110601 0.263166 0.251267 -0.110603 0.961578 0.95839 -0.110601 -0.263166 0.95839 -0.110601 -0.263166 0.251267 -0.110603 0.961578 0.126929 -0.660557 0.739968 0.251267 -0.110603 0.961578 -0.95839 0.110601 0.263166 -0.86074 -0.479918 0.169719 0.126929 -0.660557 0.739968 0.283375 0.479921 0.830286 -0.7043 0.660566 0.260027 -0.86074 -0.479918 0.169719 -0.86074 -0.479918 0.169719 -0.7043 0.660566 0.260027 -0.126929 0.660557 -0.739968 -0.283375 -0.479921 -0.830286 -0.86074 -0.479918 0.169719 -0.283375 -0.479921 -0.830286 0.7043 -0.660566 -0.260027 0.126929 -0.660557 0.739968 -0.283375 -0.479921 -0.830286 -0.251267 0.110603 -0.961578 0.95839 -0.110601 -0.263166 0.7043 -0.660566 -0.260027 0.7043 -0.660566 -0.260027 0.95839 -0.110601 -0.263166 0.251267 -0.110603 0.961578 0.126929 -0.660557 0.739968 -0.86074 -0.479918 0.169719 -0.283375 -0.479921 -0.830286 0.7043 -0.660566 -0.260027 0.126929 -0.660557 0.739968 0.126929 -0.660557 0.739968 0.283375 0.479921 0.830286 -0.7043 0.660566 0.260027 -0.86074 -0.479918 0.169719 -0.86074 -0.479918 0.169719 -0.7043 0.660566 0.260027 -0.126929 0.660557 -0.739968 -0.283375 -0.479921 -0.830286 -0.283375 -0.479921 -0.830286 -0.126929 0.660557 -0.739968 0.86074 0.479918 -0.169719 0.7043 -0.660566 -0.260027 -0.86074 -0.479918 0.169719 -0.283375 -0.479921 -0.830286 0.7043 -0.660566 -0.260027 0.126929 -0.660557 0.739968 -0.126929 0.660557 -0.739968 -0.7043 0.660566 0.260027 0.283375 0.479921 0.830286 0.86074 0.479918 -0.169719 0.126929 -0.660557 0.739968 0.283375 0.479921 0.830286 -0.7043 0.660566 0.260027 -0.86074 -0.479918 0.169719 -0.86074 -0.479918 0.169719 -0.7043 0.660566 0.260027 -0.126929 0.660557 -0.739968 -0.283375 -0.479921 -0.830286 -0.283375 -0.479921 -0.830286 -0.126929 0.660557 -0.739968 0.86074 0.479918 -0.169719 0.7043 -0.660566 -0.260027 0.7043 -0.660566 -0.260027 0.86074 0.479918 -0.169719 0.283375 0.479921 0.830286 0.126929 -0.660557 0.739968 -0.86074 -0.479918 0.169719 -0.283375 -0.479921 -0.830286 0.7043 -0.660566 -0.260027 0.126929 -0.660557 0.739968 -0.126929 0.660557 -0.739968 -0.7043 0.660566 0.260027 0.283375 0.479921 0.830286 0.86074 0.479918 -0.169719 0.126929 -0.660557 0.739968 0.283375 0.479921 0.830286 -0.7043 0.660566 0.260027 -0.86074 -0.479918 0.169719 -0.86074 -0.479918 0.169719 -0.7043 0.660566 0.260027 -0.126929 0.660557 -0.739968 -0.283375 -0.479921 -0.830286 -0.283375 -0.479921 -0.830286 -0.126929 0.660557 -0.739968 0.86074 0.479918 -0.169719 0.7043 -0.660566 -0.260027 0.7043 -0.660566 -0.260027 0.86074 0.479918 -0.169719 0.283375 0.479921 0.830286 0.126929 -0.660557 0.739968 -0.86074 -0.479918 0.169719 -0.283375 -0.479921 -0.830286 0.7043 -0.660566 -0.260027 0.126929 -0.660557 0.739968 -0.126929 0.660557 -0.739968 -0.7043 0.660566 0.260027 0.283375 0.479921 0.830286 0.86074 0.479918 -0.169719 0.126929 -0.660557 0.739968 0.283375 0.479921 0.830286 -0.704316 0.660552 0.260021 -0.86074 -0.479918 0.169719 -0.86074 -0.479918 0.169719 -0.704316 0.660552 0.260021 -0.126959 0.660555 -0.739965 -0.283375 -0.479921 -0.830286 -0.283375 -0.479921 -0.830286 -0.126959 0.660555 -0.739965 0.86074 0.479918 -0.169719 0.7043 -0.660566 -0.260027 0.7043 -0.660566 -0.260027 0.86074 0.479918 -0.169719 0.283375 0.479921 0.830286 0.126929 -0.660557 0.739968 -0.86074 -0.479918 0.169719 -0.283375 -0.479921 -0.830286 0.7043 -0.660566 -0.260027 0.126929 -0.660557 0.739968 -0.126959 0.660555 -0.739965 -0.704316 0.660552 0.260021 0.283375 0.479921 0.830286 0.86074 0.479918 -0.169719 -0.619024 0.23622 -0.749006 0.982794 -0.0567037 0.175788 0.792098 -0.493528 -0.359182 -0.195598 -0.312883 -0.929433 -0.962099 -0.249223 -0.110694 -0.619024 0.23622 -0.749006 -0.195598 -0.312883 -0.929433 -0.793762 -0.608086 0.0131232 -0.415914 -0.635865 -0.650147 -0.0780983 0.441031 -0.894087 0.909572 0.260392 -0.323842 0.571776 -0.81651 -0.079899 0.96391 -0.265667 -0.0173042 -0.503017 0.00259399 -0.864273 -0.180154 0.102177 -0.978317 0.937333 -0.102178 -0.333116 -0.571776 0.81651 0.079899 -0.909572 -0.260392 0.323842 0.0780983 -0.441031 0.894087 0.415914 0.635865 0.650147 -0.179576 0.476102 -0.86086 0.937907 0.27171 -0.215647 0.0780983 -0.441031 0.894087 0.571776 -0.81651 -0.079899 0.909572 0.260392 -0.323842 0.415914 0.635865 0.650147 0.937907 0.27171 -0.215647 -0.179576 0.476102 -0.86086 -0.280593 0.749856 -0.599152 0.836868 0.54547 0.0459924 -0.909572 -0.260392 0.323842 -0.415914 -0.635865 -0.650147 0.571776 -0.81651 -0.079899 0.0780983 -0.441031 0.894087 -0.456175 0.850029 -0.263353 0.661322 0.645666 0.381796 -0.571776 0.81651 0.079899 -0.0780983 0.441031 -0.894087 -0.415914 -0.635865 -0.650147 -0.909572 -0.260392 0.323842 -0.659214 0.749826 0.0565519 0.458282 0.545476 0.701736 0.982794 -0.0567037 0.175788 0.472555 -0.511619 0.717592 0.19392 -0.788711 0.583377 0.792098 -0.493528 -0.359182 0.458282 0.545476 0.701736 -0.659214 0.749826 0.0565519 -0.83532 0.476105 0.27489 0.282149 0.271712 0.920089 0.472555 -0.511619 0.717592 -0.962099 -0.249223 -0.110694 -0.793762 -0.608086 0.0131232 0.19392 -0.788711 0.583377 -0.937333 0.102178 0.333116 0.180154 -0.102177 0.978317 0.19392 -0.788711 0.583377 -0.793762 -0.608086 0.0131232 -0.195598 -0.312883 -0.929433 0.792098 -0.493528 -0.359182 -0.937907 -0.27171 0.215647 0.179576 -0.476102 0.86086 -0.836868 -0.54547 -0.0459924 -0.937907 -0.27171 0.215647 -0.937333 0.102178 0.333116 -0.83532 0.476105 0.27489 -0.659214 0.749826 0.0565519 -0.456175 0.850029 -0.263353 -0.280593 0.749856 -0.599152 -0.179576 0.476102 -0.86086 -0.180154 0.102177 -0.978317 -0.503017 0.00259399 -0.864273 0.415914 0.635865 0.650147 0.909572 0.260392 -0.323842 -0.0780983 0.441031 -0.894087 -0.571776 0.81651 0.079899 0.179576 -0.476102 0.86086 -0.937907 -0.27171 0.215647 -0.836868 -0.54547 -0.0459924 0.280628 -0.749836 0.599161 -0.962099 -0.249223 -0.110694 0.472555 -0.511619 0.717592 0.96391 -0.265667 -0.0173042 0.937333 -0.102178 -0.333116 0.937907 0.27171 -0.215647 0.836868 0.54547 0.0459924 0.661322 0.645666 0.381796 0.458282 0.545476 0.701736 0.282149 0.271712 0.920089 0.180154 -0.102177 0.978317 0.179576 -0.476102 0.86086 0.280628 -0.749836 0.599161 -0.30251 -0.119301 -0.94565 -0.302538 -0.1193 -0.945642 0.907146 -0.340531 -0.247234 0.907146 -0.340531 -0.247234 -0.907146 0.340531 0.247234 -0.907146 0.340531 0.247234 0.30251 0.119301 0.94565 0.30251 0.119301 0.94565 0.30251 0.119301 0.94565 0.907146 -0.340531 -0.247234 0.907146 -0.340531 -0.247234 0.30251 0.119301 0.94565 -0.907146 0.340531 0.247234 -0.302538 -0.1193 -0.945642 -0.30251 -0.119301 -0.94565 -0.907146 0.340531 0.247234 0.126929 -0.660557 0.739968 0.283375 0.479921 0.830286 -0.7043 0.660566 0.260027 -0.86074 -0.479918 0.169719 -0.86074 -0.479918 0.169719 -0.7043 0.660566 0.260027 -0.126929 0.660557 -0.739968 -0.283375 -0.479921 -0.830286 -0.283375 -0.479921 -0.830286 -0.126929 0.660557 -0.739968 0.86074 0.479918 -0.169719 0.7043 -0.660566 -0.260027 0.7043 -0.660566 -0.260027 0.86074 0.479918 -0.169719 0.283375 0.479921 0.830286 0.126929 -0.660557 0.739968 -0.86074 -0.479918 0.169719 -0.283375 -0.479921 -0.830286 0.7043 -0.660566 -0.260027 0.126929 -0.660557 0.739968 -0.126929 0.660557 -0.739968 -0.7043 0.660566 0.260027 0.283375 0.479921 0.830286 0.86074 0.479918 -0.169719 -0.958174 0.236217 -0.161568 -0.902714 -0.312889 0.295309 0.0849666 -0.493533 0.865567 0.643628 -0.0567053 0.763235 -0.576934 -0.249219 -0.777841 -0.385517 -0.608093 -0.693974 -0.902714 -0.312889 0.295309 -0.958174 0.236217 -0.161568 0.46695 -0.265643 0.84344 0.180154 -0.102177 0.978317 -0.937333 0.102178 0.333116 -0.999991 0.00259413 -0.00347918 -0.216686 0.816511 -0.535124 0.771003 0.635864 0.0350968 0.813364 -0.441031 -0.379382 -0.174326 -0.26039 -0.949636 0.813364 -0.441031 -0.379382 0.771003 0.635864 0.0350968 0.174326 0.26039 0.949636 0.216686 -0.816511 0.535124 0.282177 0.271709 0.920082 0.458282 0.545476 0.701736 -0.659197 0.749841 0.0565531 -0.83532 0.476105 0.27489 -0.174326 -0.26039 -0.949636 0.813364 -0.441031 -0.379382 0.216686 -0.816511 0.535124 -0.771003 -0.635864 -0.0350968 0.458282 0.545476 0.701736 0.661322 0.645666 0.381796 -0.456175 0.850029 -0.263353 -0.659197 0.749841 0.0565531 -0.216686 0.816511 -0.535124 -0.174326 -0.26039 -0.949636 -0.771003 -0.635864 -0.0350968 -0.813364 0.441031 0.379382 0.836868 0.54547 0.0459924 -0.2806 0.749843 -0.599166 0.643628 -0.0567053 0.763235 0.0849666 -0.493533 0.865567 0.60218 -0.788715 -0.123726 0.857745 -0.511595 0.0504485 0.937907 0.27171 -0.215647 -0.179576 0.476102 -0.86086 0.857745 -0.511595 0.0504485 0.60218 -0.788715 -0.123726 -0.385517 -0.608093 -0.693974 -0.576934 -0.249219 -0.777841 0.937907 0.27171 -0.215647 0.937333 -0.102178 -0.333116 -0.180154 0.102177 -0.978317 -0.179576 0.476102 -0.86086 0.60218 -0.788715 -0.123726 0.0849666 -0.493533 0.865567 -0.902714 -0.312889 0.295309 -0.385517 -0.608093 -0.693974 0.83532 -0.476105 -0.27489 -0.282177 -0.271709 -0.920082 -0.999991 0.00259413 -0.00347918 -0.937333 0.102178 0.333116 -0.83532 0.476105 0.27489 -0.659197 0.749841 0.0565531 -0.456175 0.850029 -0.263353 -0.2806 0.749843 -0.599166 -0.179576 0.476102 -0.86086 -0.180154 0.102177 -0.978317 -0.282177 -0.271709 -0.920082 -0.458272 -0.545464 -0.701752 0.83532 -0.476105 -0.27489 0.659214 -0.749826 -0.0565519 -0.458272 -0.545464 -0.701752 -0.282177 -0.271709 -0.920082 0.857745 -0.511595 0.0504485 -0.576934 -0.249219 -0.777841 0.659214 -0.749826 -0.0565519 0.83532 -0.476105 -0.27489 0.937333 -0.102178 -0.333116 0.937907 0.27171 -0.215647 0.836868 0.54547 0.0459924 0.661322 0.645666 0.381796 0.458282 0.545476 0.701736 0.282177 0.271709 0.920082 0.180154 -0.102177 0.978317 0.46695 -0.265643 0.84344 -0.970218 -0.119297 0.210823 0.239454 -0.340534 0.90923 0.239454 -0.340534 0.90923 -0.970224 -0.119298 0.210793 0.970224 0.119298 -0.210793 0.970218 0.119297 -0.210823 0.239454 -0.340534 0.90923 0.239454 -0.340534 0.90923 0.196452 0.459009 0.86644 -0.246045 -0.0764808 0.966236 0.931069 0.0542014 -0.360794 0.890676 0.45074 -0.0594212 0.826764 0.538572 -0.162484 -0.518281 -0.484374 0.704816 -0.328056 -0.622204 0.710803 0.190747 0.113136 0.975098 0.00796544 0.245586 0.969342 0.83901 0.543338 0.0290849 0.49633 -0.669739 0.552363 -0.0984541 -0.317427 0.943158 0.690984 -0.692357 0.207805 0.631171 -0.23503 -0.739178 0.49633 -0.669739 0.552363 0.690984 -0.692357 0.207805 0.759463 -0.471578 -0.44814 -0.709238 -0.678871 -0.190043 -0.73426 -0.678868 1.10602e-07 -0.73426 0.678868 -1.10602e-07 -0.709238 0.678871 -0.190044 0.805836 -0.592139 9.64716e-08 -0.543203 -0.839601 1.36788e-07 -0.543203 -0.839601 1.36788e-07 0.140571 -0.839611 0.524684 -0.524684 -0.839611 -0.140571 0 -0.839601 0.543203 0.384107 -0.839597 -0.384107 0.470421 -0.839609 -0.271589 -0.140571 -0.839611 0.524684 -0.140571 -0.839611 0.524684 0.448748 -0.441027 0.777252 0.634621 -0.441036 0.634621 0.707107 1.15202e-07 0.707107 0.873449 0.210031 0.439288 0.85957 0.322373 0.396504 -0.233287 -0.190042 -0.953657 0.942545 -0.190041 -0.274761 -0.220774 -1.58901e-07 -0.975325 0.955055 -4.82944e-08 -0.296429 -0.233288 0.190012 -0.953662 0.942545 0.190041 -0.274761 0.85957 0.322373 0.396504 0.969818 0.126198 -0.208631 0.745397 0.619079 -0.247235 0.158549 0.619087 0.769151 0.304217 0.126198 0.944207 0.790678 -0.531392 -0.304058 0.790678 0.531391 -0.304058 0.231828 -0.285542 0.929904 -0.283375 -0.479921 -0.830286 -0.126929 0.660557 -0.739968 0.86074 0.479918 -0.169719 0.7043 -0.660566 -0.260027 0.7043 -0.660566 -0.260027 0.86074 0.479918 -0.169719 0.283375 0.479921 0.830286 0.126929 -0.660557 0.739968 -0.126929 0.660557 -0.739968 -0.7043 0.660566 0.260027 0.283375 0.479921 0.830286 0.86074 0.479918 -0.169719 0.7043 -0.660566 -0.260027 0.86074 0.479918 -0.169719 0.283375 0.479921 0.830286 0.126929 -0.660557 0.739968 -0.771003 -0.635864 -0.0350968 0.216686 -0.816511 0.535124 0.174326 0.26039 0.949636 -0.813364 0.441031 0.379382 0.771003 0.635864 0.0350968 -0.216686 0.816511 -0.535124 -0.813364 0.441031 0.379382 0.174326 0.26039 0.949636 -0.239425 0.340536 -0.909236 0.970218 0.119297 -0.210823 0.970224 0.119298 -0.210793 -0.239454 0.340534 -0.90923 -0.239425 0.340536 -0.909236 -0.239454 0.340534 -0.90923 -0.970218 -0.119297 0.210823 -0.970224 -0.119298 0.210793 -0.131356 0.928219 -0.348075 -0.285448 0.854146 -0.434688 -0.32488 0.873039 -0.36367 -0.183178 0.94116 -0.284014 0.669096 0.634884 -0.386308 0.118016 0.990673 -0.0681182 0.1963 0.974788 0.106085 0.775707 0.613253 -0.148995 -0.743179 0.569951 -0.350486 -0.848588 0.45901 -0.263076 -0.713755 -0.0764815 -0.696207 -0.558587 0.0867651 -0.824895 -0.600718 0.645154 -0.472138 -0.740395 0.524503 -0.420371 -0.743179 0.569951 -0.350486 -0.614757 0.680893 -0.398068 0.235763 0.928218 0.287798 0.829451 0.549834 0.0984549 0.0373559 0.680891 0.731431 0.112585 0.784279 0.610107 0.700937 0.402214 0.588992 0.59022 0.250048 0.767539 -0.936845 0.291427 -0.193369 -0.980256 0.194867 -0.033541 -0.963723 0.266856 0.00515763 -0.92381 0.355638 -0.141761 0.233716 0.854141 0.464563 0.826672 0.448936 0.33922 -0.339129 0.35564 0.870926 -0.196452 0.459009 0.86644 0.246045 -0.0764808 0.966236 0.0360732 -0.228616 0.972848 -0.942829 0.0742227 0.324907 -0.864554 0.0583227 0.499145 -0.857331 0.141332 0.494983 -0.929312 0.155923 0.334766 0.19032 0.757588 0.62437 0.767561 0.317431 0.556855 -0.754579 0.155921 0.637417 -0.628023 0.198741 0.752389 -0.389115 -0.459553 0.798374 -0.575383 -0.522584 0.629158 -0.615169 0.120794 0.779086 -0.461055 0.194866 0.865711 -0.48633 0.266864 0.832026 -0.628023 0.198741 0.752389 0.108497 0.645156 0.756308 0.656142 0.164318 0.736531 -0.145791 0.403863 0.903128 -0.0061038 0.5245 0.851389 -0.0680273 0.569947 0.818861 -0.196452 0.459009 0.86644 0.656142 0.164318 0.736531 0.108497 0.645156 0.756308 -0.0061038 0.5245 0.851389 0.499989 1.41094e-07 0.866032 0.19032 0.757588 0.62437 0.233716 0.854141 0.464563 0.152505 0.873038 0.463193 0.112585 0.784279 0.610107 -0.145791 0.403863 0.903128 0.309768 -0.164314 0.936507 -0.472066 0.784275 -0.402575 -0.614757 0.680893 -0.398068 -0.36959 0.250045 -0.89492 -0.159584 0.40221 -0.901532 0.1963 0.974788 0.106085 0.118016 0.990673 -0.0681182 0.0461142 0.998582 -0.0266127 0.11808 0.983978 0.133584 -0.300953 0.291431 0.908017 0.0984541 -0.317427 0.943158 -0.0566138 0.983981 -0.169048 -0.183178 0.94116 -0.284014 0.265608 0.633119 -0.727057 0.451866 0.69614 -0.557859 0.00625644 0.974783 -0.223065 -0.0566138 0.983981 -0.169048 -0.461055 0.194866 0.865711 -0.119574 -0.448905 0.885543 0.11808 0.983978 0.133584 0.0461142 0.998582 -0.0266127 0.603093 0.717662 -0.348195 0.709051 0.696141 -0.112402 -0.445554 0.757585 -0.477019 -0.472066 0.784275 -0.402575 -0.615169 0.120794 0.779086 -0.32946 -0.549812 0.76757 0.152505 0.873038 0.463193 0.759686 0.532867 0.372732 -0.855028 0.403861 -0.325305 -0.848588 0.45901 -0.263076 -0.752791 0.0742233 0.654061 -0.516897 -0.613245 0.597284 -0.0680273 0.569947 0.818861 0.435083 0.0867666 0.8962 -0.982295 0.120795 0.143197 -0.965597 0.198741 0.167703 -0.516897 -0.613245 0.597284 -0.752791 0.0742233 0.654061 -0.864554 0.0583227 0.499145 -0.669096 -0.634884 0.386308 -0.48633 0.266864 0.832026 -0.180549 -0.359297 0.915592 -0.752791 0.0742233 0.654061 -0.754579 0.155921 0.637417 -0.669096 -0.634884 0.386308 -0.864554 0.0583227 0.499145 -0.942829 0.0742227 0.324907 -0.775707 -0.613253 0.148995 -0.929312 0.155923 0.334766 -0.857331 0.141332 0.494983 -0.726633 -0.544067 0.419518 -0.832565 -0.522581 0.183695 -0.300953 0.291431 0.908017 -0.339129 0.35564 0.870926 -0.982295 0.120795 0.143197 -0.829465 -0.549813 -0.0984565 -0.92381 0.355638 -0.141761 -0.963723 0.266856 0.00515763 -0.883211 -0.359297 -0.301403 -0.824474 -0.228619 -0.517665 -0.980256 0.194867 -0.033541 -0.826683 -0.448912 -0.339225 -0.0566138 0.983981 -0.169048 0.451866 0.69614 -0.557859 0.235763 0.928218 0.287798 0.154368 0.94116 0.300647 -0.936845 0.291427 -0.193369 -0.767561 -0.317431 -0.556855 -0.855028 0.403861 -0.325305 -0.656142 -0.164318 -0.736531 -0.32488 0.873039 -0.36367 0.05704 0.532862 -0.844278 -0.656142 -0.164318 -0.736531 -0.855028 0.403861 -0.325305 -0.740395 0.524503 -0.420371 -0.499989 -1.41094e-07 -0.866032 0.154368 0.94116 0.300647 0.762458 0.633118 0.13349 -0.600718 0.645154 -0.472138 -0.309768 0.164314 -0.936507 0.0373559 0.680891 0.731431 0.59022 0.250048 0.767539 -0.445554 0.757585 -0.477019 -0.0984541 0.317427 -0.943158 -0.285448 0.854146 -0.434688 0.119574 0.448905 -0.885543 -0.857331 0.141332 0.494983 -0.754579 0.155921 0.637417 -0.575383 -0.522584 0.629158 -0.726633 -0.544067 0.419518 0.108497 0.645156 0.756308 0.0373559 0.680891 0.731431 -0.131356 0.928219 -0.348075 0.32946 0.549812 -0.76757 0.00625644 0.974783 -0.223065 0.516897 0.613245 -0.597284 -0.34892 -0.063906 0.934971 -0.537476 -0.15455 0.828996 0.516897 0.613245 -0.597284 0.00625644 0.974783 -0.223065 -0.965597 0.198741 0.167703 -0.88597 -0.459557 -0.0621674 -0.134069 0.742675 -0.656094 -0.329972 0.624542 -0.70786 -0.506832 0.814953 -0.281021 -0.381767 0.890373 -0.24797 0.455343 0.890299 0.0055543 0.503626 0.833324 0.227886 0.603093 0.717662 -0.348195 0.222819 0.890297 -0.397143 0.359582 0.909728 -0.207594 -0.984172 -0.0639065 -0.16529 -0.931069 0.0542014 -0.360794 0.359582 0.909728 -0.207594 0.0544458 0.833319 -0.550104 -0.98667 -0.154547 0.0509663 0.207654 0.339376 0.917444 0.0367752 0.19175 0.980755 -0.938394 -0.211526 0.273266 0.347924 0.487002 0.80111 -0.84261 -0.230971 0.486479 -0.519804 0.486996 -0.701882 0.700937 0.402214 0.588992 0.448028 0.624553 0.639691 -0.575383 -0.522584 0.629158 -0.705869 -0.211526 0.676022 -0.690693 0.33938 -0.638565 0.501125 0.742685 0.444176 0.448028 0.624553 0.639691 -0.705869 -0.211526 0.676022 -0.830964 0.191749 -0.522237 -0.639353 0.317433 0.700331 -0.518948 0.375294 0.768015 -0.56211 0.685929 0.462097 -0.597477 0.668923 0.442225 0.207654 0.339376 0.917444 0.347924 0.487002 0.80111 -0.0739473 0.727113 0.682524 -0.163522 0.632845 0.756814 -0.834189 0.268633 0.481628 -0.895358 0.281026 0.345483 -0.628055 0.72712 -0.277206 0.448028 0.624553 0.639691 -0.0100103 0.814955 0.579438 -0.746872 0.281023 0.602668 -0.73719 0.632845 -0.236768 0.501125 0.742685 0.444176 0.023866 0.890369 0.454615 -0.639353 0.317433 0.700331 -0.746872 0.281023 0.602668 -0.690693 0.33938 -0.638565 -0.830964 0.191749 -0.522237 -0.826764 0.538572 -0.162484 -0.73719 0.632845 -0.236768 0.503626 0.833324 0.227886 0.0254529 0.948257 0.316482 -0.518948 0.375294 0.768015 -0.890676 0.45074 -0.0594212 0.455343 0.890299 0.0055543 -0.00534083 0.984636 0.174538 0.359582 0.909728 -0.207594 0.222819 0.890297 -0.397143 -0.153817 0.98464 -0.0826155 -0.0665003 0.997047 0.0383924 -0.924593 0.3753 0.0654036 0.0544458 0.833319 -0.550104 -0.261335 0.948258 -0.180307 -0.926184 0.317426 0.20353 -0.261335 0.948258 -0.180307 -0.163522 0.632845 0.756814 -0.272628 0.538573 0.797254 -0.411252 0.864895 0.2878 -0.429219 0.868539 0.247814 -0.454864 0.864895 0.212264 -0.486448 0.854207 0.183574 -0.52182 0.837207 0.163675 -0.558563 0.815047 0.153969 -0.59415 0.789259 0.155099 -0.626195 0.761578 0.166971 -0.6525 0.733895 0.188792 -0.671298 0.708074 0.219066 -0.681251 0.685921 0.255752 -0.681715 0.668927 0.296314 -0.67267 0.658234 0.337998 -0.654695 0.654604 0.377979 -0.629059 0.658236 0.413534 -0.525367 0.708089 0.471805 -0.489763 0.733882 0.470689 -0.457695 0.761574 0.458824 -0.43139 0.789259 0.437005 -0.412623 0.815053 0.406733 -0.402673 0.837209 0.370048 -0.402213 0.854203 0.329486 -0.826764 0.538572 -0.162484 -0.890676 0.45074 -0.0594212 -0.393852 0.45074 0.801071 -0.924593 0.3753 0.0654036 -0.926184 0.317426 0.20353 -0.381767 0.890373 -0.24797 -0.895358 0.281026 0.345483 -0.506832 0.814953 -0.281021 -0.834189 0.268633 0.481628 -0.628055 0.72712 -0.277206 -0.746872 0.281023 0.602668 -0.73719 0.632845 -0.236768 -0.572427 -0.562783 0.596324 -0.788892 -0.554779 0.264327 -0.857378 -0.334003 -0.391593 -0.707284 -0.128089 -0.695229 -0.543885 0.529846 -0.650733 -0.708419 0.38772 -0.589759 -0.261856 0.687875 0.676949 -0.348469 0.613071 0.709023 0.841752 0.23509 -0.485989 0.704749 0.215587 -0.675908 0.171151 0.918167 -0.357318 0.302812 0.93688 -0.174814 0.13175 -0.740572 0.658934 0.328056 -0.622204 0.710803 -0.190747 0.113136 0.975098 -0.379354 -0.000549195 0.925251 -0.451539 -0.622205 -0.63951 -0.504753 -0.740574 -0.443593 -0.990972 -0.000549358 -0.134069 -0.939838 0.113135 -0.322344 0.937734 0.215588 -0.272354 0.395037 0.918162 0.0303967 0.704749 0.215587 -0.675908 0.536004 0.158515 -0.8292 0.00903374 0.863302 -0.504607 0.171151 0.918167 -0.357318 0.518311 -0.484343 0.704816 -0.00796544 0.245586 0.969342 -0.507258 -0.831402 -0.226848 -0.993373 -0.0878346 0.0741314 0.347059 0.0676599 -0.935399 -0.172495 0.776044 -0.606632 0.689528 -0.336448 0.641369 0.156535 0.387722 0.908388 -0.458879 -0.88849 -0.00408936 -0.946892 -0.142678 0.288163 0.150766 -0.0506623 -0.987271 -0.36108 0.66231 -0.656481 0.689528 -0.336448 0.641369 0.830086 -0.188516 0.524804 0.291615 0.529851 0.796378 0.156535 0.387722 0.908388 -0.362901 -0.907969 0.209513 -0.854674 -0.161388 0.493443 -0.0394306 -0.188516 -0.981278 -0.543885 0.529846 -0.650733 0.930391 -0.0506609 0.36305 0.387989 0.662294 0.640961 -0.225869 -0.888491 0.399459 -0.723007 -0.142679 0.675946 -0.210674 -0.336444 -0.917835 -0.708419 0.38772 -0.589759 0.983611 0.0676616 0.167124 0.439113 0.776047 0.452694 -0.0571316 -0.8314 0.55273 -0.560881 -0.087834 0.823224 0.986111 0.158518 -0.0495635 0.441525 0.863304 0.244461 0.13175 -0.740572 0.658934 -0.379354 -0.000549195 0.925251 -0.113104 0.89229 0.437065 -0.111854 0.938227 0.327442 -0.549805 0.772627 0.317431 0.387989 0.662294 0.640961 0.439113 0.776047 0.452694 -0.865918 0.483483 0.12818 -0.83901 0.543338 0.0290849 -0.723007 -0.142679 0.675946 -0.560881 -0.087834 0.823224 -0.339525 0.938219 -0.0668371 -0.254166 0.967102 0.0106511 -0.843468 0.24559 -0.477752 -0.190774 0.762699 0.617978 0.441525 0.863304 0.244461 -0.867201 0.437522 0.237774 -0.379354 -0.000549195 0.925251 -0.43508 0.892286 -0.12055 -0.939838 0.113135 -0.322344 -0.140023 0.832418 0.536166 0.395037 0.918162 0.0303967 -0.842726 0.408652 0.350452 0.302812 0.93688 -0.174814 0.171151 0.918167 -0.357318 -0.724875 0.40866 0.554575 -0.794177 0.398797 0.458524 -0.190747 0.113136 0.975098 -0.534361 0.832411 -0.146798 -0.990972 -0.000549358 -0.134069 0.00903374 0.863302 -0.504607 -0.639532 0.437525 0.632116 -0.00796544 0.245586 0.969342 -0.630578 0.762693 -0.143774 -0.993373 -0.0878346 0.0741314 -0.172495 0.776044 -0.606632 -0.543967 0.483479 0.685819 0.156535 0.387722 0.908388 -0.717181 0.687882 -0.111671 -0.946892 -0.142678 0.288163 -0.136331 0.967104 0.214766 -0.36108 0.66231 -0.656481 -0.444702 0.543341 0.712054 0.291615 0.529851 0.796378 -0.788273 0.613064 -0.0527063 -0.854674 -0.161388 0.493443 -0.184855 0.976953 0.106726 -0.639532 0.437525 0.632116 -0.543967 0.483479 0.685819 -0.549805 0.772627 0.317431 -0.630578 0.762693 -0.143774 -0.717181 0.687882 -0.111671 -0.549805 0.772627 0.317431 -0.717181 0.687882 -0.111671 -0.788273 0.613064 -0.0527063 -0.549805 0.772627 0.317431 -0.83901 0.543338 0.0290849 -0.348469 0.613071 0.709023 -0.261856 0.687875 0.676949 -0.865918 0.483483 0.12818 -0.254166 0.967102 0.0106511 -0.339525 0.938219 -0.0668371 -0.190774 0.762699 0.617978 -0.867201 0.437522 0.237774 -0.43508 0.892286 -0.12055 -0.140023 0.832418 0.536166 -0.842726 0.408652 0.350452 -0.794177 0.398797 0.458524 -0.724875 0.40866 0.554575 -0.534361 0.832411 -0.146798 -0.724875 0.40866 0.554575 0.767561 0.317431 0.556855 0.324575 -0.23503 0.916194 0.00836219 -0.471579 0.881784 -0.707284 -0.128089 -0.695229 -0.857378 -0.334003 -0.391593 -0.0984541 0.317427 -0.943158 -0.133399 -0.381215 0.914812 0.185038 -0.151985 0.970908 -0.669109 -0.634866 0.386315 0.782855 0.488159 0.385797 0.650391 0.289564 0.702242 0.185038 -0.151985 0.970908 -0.133399 -0.381215 0.914812 0.669109 0.634866 -0.386315 0.650391 0.289564 0.702242 0.782855 0.488159 0.385797 0.0984541 -0.317427 0.943158 -0.788892 -0.554779 0.264327 -0.572427 -0.562783 0.596324 -0.678061 0.441623 0.587539 -0.554607 0.441622 0.705253 -0.202496 0.944816 0.257522 -0.247574 0.944822 0.214521 -0.252762 0.441617 0.860863 -0.0852707 0.441613 0.893144 -0.0311296 0.944813 0.326128 -0.0922907 0.94482 0.314319 -0.871917 0.44162 -0.211502 -0.896192 0.441611 -0.0426657 -0.327228 0.944817 -0.015565 -0.318377 0.944814 -0.0772138 -0.555211 0.439603 0.706038 -0.678807 0.439598 0.588196 -0.665778 0.473201 0.576906 -0.544558 0.473203 0.692485 0.0853628 0.439602 0.894127 0.0852707 0.441613 0.893144 -0.0852707 0.441613 0.893144 -0.0853628 0.439602 0.894127 -0.252762 0.441617 0.860863 -0.253038 0.439604 0.861812 -0.411125 0.441613 0.797467 -0.411579 0.439596 0.798347 -0.0853628 0.439602 0.894127 -0.253038 0.439604 0.861812 -0.248185 0.473206 0.845269 -0.0837141 0.4732 0.876969 -0.84786 0.441616 0.293444 -0.776998 0.441618 0.448607 -0.283708 0.944818 0.163797 -0.309588 0.944817 0.107123 -0.554607 0.441622 0.705253 -0.555211 0.439603 0.706038 -0.897177 0.4396 -0.0427271 -0.872879 0.439598 -0.211742 -0.856125 0.4732 -0.207683 -0.879958 0.473199 -0.0419029 -0.555211 0.439603 0.706038 -0.554607 0.441622 0.705253 -0.678061 0.441623 0.587539 -0.678807 0.439598 0.588196 -0.776998 0.441618 0.448607 -0.777855 0.439606 0.449097 -0.411125 0.441613 0.797467 -0.150094 0.944819 0.291185 -0.84786 0.441616 0.293444 -0.848802 0.4396 0.293748 -0.888077 0.441612 0.127662 -0.889054 0.439598 0.127814 -0.777855 0.439606 0.449097 -0.848802 0.4396 0.293748 -0.832503 0.4732 0.288132 -0.762923 0.473203 0.440486 -0.896192 0.441611 -0.0426657 -0.897177 0.4396 -0.0427271 -0.871917 0.44162 -0.211502 -0.872879 0.439598 -0.211742 0.0852707 0.441613 0.893144 0.0311296 0.944813 0.326128 -0.816126 0.44162 -0.372706 -0.817026 0.439597 -0.373126 -0.411579 0.439596 0.798347 -0.403675 0.473198 0.783026 -0.888077 0.441612 0.127662 -0.324268 0.944817 0.0466028 0.0853628 0.439602 0.894127 0.0837141 0.4732 0.876969 -0.889054 0.439598 0.127814 -0.87199 0.473198 0.125372 -0.816126 0.44162 -0.372706 -0.297991 0.944818 -0.136086 -0.403675 0.473198 0.783026 -0.544558 0.473203 0.692485 -0.39547 0.768569 0.502898 -0.293142 0.768578 0.568643 -0.817026 0.439597 -0.373126 -0.801346 0.473202 -0.365957 -0.483495 0.768581 0.418946 -0.39547 0.768569 0.502898 -0.665778 0.473201 0.576906 -0.762923 0.473203 0.440486 -0.554052 0.768574 0.319875 -0.483495 0.768581 0.418946 -0.832503 0.4732 0.288132 -0.604586 0.768566 0.20924 -0.87199 0.473198 0.125372 -0.63325 0.768574 0.0910397 -0.879958 0.473199 -0.0419029 -0.639044 0.768568 -0.0304279 -0.856125 0.4732 -0.207683 -0.621738 0.768566 -0.150826 -0.801346 0.473202 -0.365957 -0.581947 0.768574 -0.265765 0.0837141 0.4732 0.876969 -0.0837141 0.4732 0.876969 -0.0607943 0.768566 0.636875 0.0607943 0.768566 0.636875 -0.248185 0.473206 0.845269 -0.180219 0.76858 0.613845 -0.639044 0.768568 -0.0304279 -0.621738 0.768566 -0.150826 -0.7068 0.686321 -0.171458 -0.72648 0.686317 -0.0345784 -0.581947 0.768574 -0.265765 -0.661575 0.686327 -0.302115 0.0607943 0.768566 0.636875 -0.0607943 0.768566 0.636875 -0.0691262 0.686318 0.724009 0.0691262 0.686318 0.724009 -0.180219 0.76858 0.613845 -0.204909 0.686326 0.697832 -0.293142 0.768578 0.568643 -0.333269 0.686314 0.646456 -0.449584 0.686325 0.571693 -0.549653 0.686319 0.476285 -0.554052 0.768574 0.319875 -0.629862 0.686323 0.36364 -0.604586 0.768566 0.20924 -0.687299 0.686322 0.237869 -0.63325 0.768574 0.0910397 -0.719895 0.686324 0.103492 -0.7068 0.686321 -0.171458 -0.661575 0.686327 -0.302115 -0.661575 -0.686327 -0.302114 -0.7068 -0.686321 -0.171458 0.0691262 0.686318 0.724009 -0.0691262 0.686318 0.724009 -0.0691262 -0.686318 0.724009 0.0691262 -0.686318 0.724009 -0.204909 0.686326 0.697832 -0.204909 -0.686326 0.697832 -0.333269 0.686314 0.646456 -0.333269 -0.686314 0.646456 -0.449584 0.686325 0.571693 -0.449584 -0.686324 0.571693 -0.449584 0.686325 0.571693 -0.549653 0.686319 0.476285 -0.549653 -0.686319 0.476285 -0.449584 -0.686324 0.571693 -0.629862 0.686323 0.36364 -0.629862 -0.686323 0.36364 -0.687299 0.686322 0.237869 -0.687299 -0.686322 0.237869 -0.719895 0.686324 0.103492 -0.719895 -0.686324 0.103492 -0.72648 0.686317 -0.0345784 -0.72648 -0.686317 -0.0345782 0.0691262 -0.686318 0.724009 -0.0691262 -0.686318 0.724009 -0.0650375 -0.729146 0.681261 0.0650375 -0.729146 0.681261 -0.204909 -0.686326 0.697832 -0.19279 -0.729136 0.656653 -0.333269 -0.686314 0.646456 -0.313589 -0.729143 0.608286 -0.449584 -0.686324 0.571693 -0.423035 -0.729149 0.537943 -0.549653 -0.686319 0.476285 -0.517215 -0.729143 0.44815 -0.629862 -0.686323 0.36364 -0.592684 -0.729135 0.342182 -0.687299 -0.686322 0.237869 -0.646733 -0.729135 0.223828 -0.719895 -0.686324 0.103492 -0.677405 -0.729135 0.097387 -0.72648 -0.686317 -0.0345782 -0.683598 -0.729132 -0.0325638 -0.7068 -0.686321 -0.171458 -0.665079 -0.729139 -0.161325 -0.661575 -0.686327 -0.302114 -0.622531 -0.729134 -0.284286 0.0650375 -0.729146 0.681261 -0.0650375 -0.729146 0.681261 -0.0650361 0.729131 0.681277 0.0650375 0.729146 0.681261 -0.19279 -0.729136 0.656653 -0.19279 0.729136 0.656653 -0.313589 -0.729143 0.608286 -0.313589 0.729144 0.608286 -0.423035 -0.729149 0.537943 -0.423035 0.72915 0.537942 -0.423035 -0.729149 0.537943 -0.517215 -0.729143 0.44815 -0.517215 0.729144 0.448149 -0.423035 0.72915 0.537942 -0.592684 -0.729135 0.342182 -0.592684 0.729135 0.342182 -0.646733 -0.729135 0.223828 -0.646733 0.729135 0.223828 -0.677405 -0.729135 0.097387 -0.677405 0.729135 0.0973868 -0.683598 -0.729132 -0.0325638 -0.683598 0.729132 -0.032564 -0.665079 -0.729139 -0.161325 -0.665079 0.729139 -0.161326 -0.622531 -0.729134 -0.284286 -0.622531 0.729134 -0.284286 0.0691262 0.686318 0.724009 -0.0691262 0.686318 0.724009 -0.0691262 -0.686318 0.724009 0.0691262 -0.686318 0.724009 0.0650375 0.729146 0.681261 -0.0650361 0.729131 0.681277 -0.0691262 0.686318 0.724009 0.0691262 0.686318 0.724009 -0.19279 0.729136 0.656653 -0.204909 0.686326 0.697832 -0.313589 0.729144 0.608286 -0.333269 0.686314 0.646456 -0.423035 0.72915 0.537942 -0.449584 0.686325 0.571693 -0.517215 0.729144 0.448149 -0.549653 0.686319 0.476285 -0.592684 0.729135 0.342182 -0.629862 0.686323 0.36364 -0.646733 0.729135 0.223828 -0.687299 0.686322 0.237869 -0.677405 0.729135 0.0973868 -0.719895 0.686324 0.103492 -0.683598 0.729132 -0.032564 -0.72648 0.686317 -0.0345784 -0.665079 0.729139 -0.161326 -0.7068 0.686321 -0.171458 -0.622531 0.729134 -0.284286 -0.661575 0.686327 -0.302115 -0.0691262 -0.686318 0.724009 -0.204909 -0.686326 0.697832 -0.179574 -0.770516 0.611603 -0.0605797 -0.770507 0.634546 -0.204909 0.686326 0.697832 -0.204909 -0.686326 0.697832 -0.333269 0.686314 0.646456 -0.333269 -0.686314 0.646456 -0.449584 0.686325 0.571693 -0.449584 -0.686324 0.571693 -0.449584 0.686325 0.571693 -0.549653 0.686319 0.476285 -0.549653 -0.686319 0.476285 -0.449584 -0.686324 0.571693 -0.629862 0.686323 0.36364 -0.629862 -0.686323 0.36364 -0.687299 0.686322 0.237869 -0.687299 -0.686322 0.237869 -0.719895 0.686324 0.103492 -0.719895 -0.686324 0.103492 -0.72648 0.686317 -0.0345784 -0.72648 -0.686317 -0.0345782 -0.7068 0.686321 -0.171458 -0.7068 -0.686321 -0.171458 -0.661575 0.686327 -0.302115 -0.661575 -0.686327 -0.302114 -0.179574 -0.770516 0.611603 -0.292065 -0.770508 0.566582 -0.334028 0.684567 0.647914 -0.20536 0.684565 0.699427 -0.333269 -0.686314 0.646456 -0.292065 -0.770508 0.566582 -0.449584 -0.686324 0.571693 -0.394028 -0.770508 0.501058 -0.549653 -0.686319 0.476285 -0.481743 -0.770515 0.417409 -0.629862 -0.686323 0.36364 -0.552027 -0.770513 0.31871 -0.687299 -0.686322 0.237869 -0.602378 -0.770506 0.208473 -0.719895 -0.686324 0.103492 -0.630945 -0.770507 0.0907019 -0.72648 -0.686317 -0.0345782 -0.636712 -0.770506 -0.030305 -0.7068 -0.686321 -0.171458 -0.619468 -0.770505 -0.150274 -0.661575 -0.686327 -0.302114 -0.579829 -0.770512 -0.264782 0.0691262 -0.686318 0.724009 0.0605797 -0.770507 0.634546 -0.334028 0.684567 0.647914 -0.45061 0.684567 0.57299 -0.57376 0.372151 0.729591 -0.425314 0.37215 0.824992 -0.394028 -0.770508 0.501058 -0.45061 0.684567 0.57299 -0.394028 -0.770508 0.501058 -0.481743 -0.770515 0.417409 -0.550902 0.684576 0.47735 -0.45061 0.684567 0.57299 -0.552027 -0.770513 0.31871 -0.631289 0.684575 0.36446 -0.602378 -0.770506 0.208473 -0.688849 0.684576 0.238416 -0.630945 -0.770507 0.0907019 -0.721528 0.68457 0.103734 -0.636712 -0.770506 -0.030305 -0.728121 0.684571 -0.0346697 -0.619468 -0.770505 -0.150274 -0.708418 0.684551 -0.171855 -0.579829 -0.770512 -0.264782 -0.663081 0.684566 -0.302807 0.0605797 -0.770507 0.634546 -0.0605797 -0.770507 0.634546 -0.0692779 0.68457 0.725648 0.0692779 0.68457 0.725648 -0.57376 0.372151 0.729591 -0.701461 0.372155 0.607827 -0.310292 -0.911833 0.268847 -0.253801 -0.911834 0.322714 -0.550902 0.684576 0.47735 -0.701461 0.372155 0.607827 -0.631289 0.684575 0.36446 -0.803823 0.372155 0.46408 -0.688849 0.684576 0.238416 -0.877123 0.372152 0.303575 -0.721528 0.68457 0.103734 -0.918725 0.372153 0.132088 -0.728121 0.684571 -0.0346697 -0.927124 0.372144 -0.0441605 -0.708418 0.684551 -0.171855 -0.902012 0.372146 -0.218819 -0.663081 0.684566 -0.302807 -0.844299 0.372145 -0.385573 0.0692779 0.68457 0.725648 -0.0692779 0.68457 0.725648 -0.088231 0.372151 0.923969 0.0882008 0.372152 0.923971 -0.20536 0.684565 0.699427 -0.261488 0.37215 0.890578 -0.410092 -0.911835 -0.0195324 -0.398984 -0.911837 -0.0967778 0 -1 1.62921e-07 -0.803823 0.372155 0.46408 -0.355554 -0.911835 0.205275 -0.877123 0.372152 0.303575 -0.387993 -0.911827 0.134285 -0.877123 0.372152 0.303575 -0.918725 0.372153 0.132088 -0.406396 -0.911828 0.0584143 -0.387993 -0.911827 0.134285 -0.927124 0.372144 -0.0441605 -0.410092 -0.911835 -0.0195324 -0.902012 0.372146 -0.218819 -0.398984 -0.911837 -0.0967778 -0.844299 0.372145 -0.385573 -0.373467 -0.911832 -0.170543 0.0882008 0.372152 0.923971 -0.088231 0.372151 0.923969 -0.0390038 -0.911828 0.408716 0.0390038 -0.911828 0.408716 -0.261488 0.37215 0.890578 -0.115668 -0.911827 0.393944 -0.261488 0.37215 0.890578 -0.425314 0.37215 0.824992 -0.188123 -0.911834 0.364923 -0.115668 -0.911827 0.393944 -0.406396 -0.911828 0.0584143 -0.0390038 -0.911828 0.408716 0.0390038 -0.911828 0.408716 -0.373467 -0.911832 -0.170543 0 1 -1.62921e-07 0.528042 0.792612 -0.304856 0.431143 0.792611 -0.431143 0.520786 -0.676435 -0.520786 0.637816 -0.676453 -0.368242 -0.629644 0.758344 0.168711 -0.56452 0.75835 0.325918 -0.528042 0.792613 0.304856 -0.588958 0.792612 0.157784 0 -0.592139 -0.805836 0 0.75834 -0.651859 0.168711 0.758344 -0.629644 0.208566 -0.592129 -0.778385 0.157784 0.792611 -0.588958 0 0.792619 -0.609717 0 -0.676454 -0.736485 0.19062 -0.676449 -0.711393 -0.325918 0.75835 0.56452 -0.168711 0.758344 0.629644 -0.157784 0.792612 0.588957 -0.304856 0.792613 0.528042 0.325918 0.75835 -0.56452 0.402914 -0.592133 -0.697882 0.304856 0.792613 0.528042 0.431143 0.792611 0.431143 0.520786 -0.676435 0.520786 0.36825 -0.676436 0.637829 0.168711 0.758344 0.629644 0.325918 0.75835 0.56452 0.304856 0.792613 0.528042 0.157784 0.792612 0.588957 0.460932 0.758342 -0.460932 0.569818 -0.592127 -0.569818 -0.157784 0.792612 0.588957 0 0.79262 0.609717 0 -0.676454 0.736485 -0.190591 -0.676453 0.711397 0.56452 0.75835 0.325918 0.629644 0.758344 0.168711 0.588938 0.792626 0.157786 0.528042 0.792613 0.304856 0.569818 -0.592127 -0.569818 0.460932 0.758342 -0.460932 0.56452 0.75835 -0.325918 0.697882 -0.592133 -0.402914 -0.528042 0.792613 0.304856 -0.431143 0.792611 0.431143 -0.520786 -0.676435 0.520786 -0.637829 -0.676436 0.36825 0.629644 0.758344 -0.168711 0.56452 0.75835 -0.325918 0.528042 0.792612 -0.304856 0.588938 0.792626 -0.157787 0.629644 0.758344 -0.168711 0.778385 -0.592128 -0.208566 -0.157784 0.792611 -0.588958 -0.19062 -0.676449 -0.711393 0.651859 0.75834 -1.23549e-07 0.805836 -0.592139 9.64716e-08 -0.588958 0.792612 -0.157784 -0.609717 0.792619 -1.29134e-07 -0.7365 -0.676437 1.10206e-07 -0.711393 -0.676449 -0.19062 -0.460932 0.758342 -0.460932 -0.56452 0.75835 -0.325918 -0.528042 0.792612 -0.304856 -0.431143 0.792611 -0.431143 0.629644 0.758344 0.168711 0.778386 -0.592128 0.208567 -0.304856 0.792612 -0.528042 -0.431143 0.792611 -0.431143 -0.520786 -0.676435 -0.520786 -0.36825 -0.676437 -0.637829 -0.651859 0.75834 -1.23549e-07 -0.609717 0.792619 -1.29134e-07 0.56452 0.75835 0.325918 0.697882 -0.592133 0.402914 0.431143 0.792611 -0.431143 0.304856 0.792612 -0.528042 0.368242 -0.676453 -0.637816 0.520786 -0.676435 -0.520786 -0.460932 0.758342 0.460932 -0.431143 0.792611 0.431143 0.460932 0.758342 0.460932 0.569818 -0.592127 0.569818 0.609717 0.792619 -1.29134e-07 0.588938 0.792626 -0.157787 0.711412 -0.676437 -0.190595 0.7365 -0.676437 1.10206e-07 0 0.75834 0.651859 0 0.79262 0.609717 0.569818 -0.592127 0.569818 0.460932 0.758342 0.460932 0.325918 0.75835 0.56452 0.402914 -0.592133 0.697882 0.431143 0.792611 0.431143 0.528042 0.792613 0.304856 0.637829 -0.676436 0.36825 0.520786 -0.676435 0.520786 0.460932 0.758342 0.460932 0.431143 0.792611 0.431143 0.168711 0.758344 0.629644 0.208566 -0.592128 0.778386 0.157784 0.792612 0.588957 0.19062 -0.676449 0.711393 0.651859 0.75834 -1.23549e-07 0.609717 0.792619 -1.29134e-07 0 0.75834 0.651859 0 -0.592139 0.805836 -0.431143 0.792611 0.431143 -0.304856 0.792613 0.528042 -0.368242 -0.676453 0.637816 -0.520786 -0.676435 0.520786 0.460932 0.758342 -0.460932 0.325918 0.75835 -0.56452 0.304856 0.792612 -0.528042 0.431143 0.792611 -0.431143 -0.168711 0.758344 0.629644 -0.208566 -0.592128 0.778386 -0.588958 0.792612 0.157784 -0.711412 -0.676437 0.190595 0 0.75834 -0.651859 -0.168711 0.758344 -0.629644 -0.157784 0.792611 -0.588958 0 0.792619 -0.609717 -0.325918 0.75835 0.56452 -0.402914 -0.592133 0.697882 -0.431143 0.792611 -0.431143 -0.528042 0.792612 -0.304856 -0.637816 -0.676453 -0.368242 -0.520786 -0.676435 -0.520786 -0.325918 0.75835 -0.56452 -0.304856 0.792612 -0.528042 -0.402914 -0.592133 0.697882 -0.569818 -0.592127 0.569818 -0.629644 0.758344 -0.168711 -0.588958 0.792612 -0.157784 -0.569818 -0.592127 0.569818 -0.460932 0.758342 0.460932 -0.56452 0.75835 0.325918 -0.697882 -0.592133 0.402914 -0.629644 0.758344 0.168711 -0.778386 -0.592128 0.208567 0.588938 0.792626 0.157786 0.711393 -0.676449 0.190621 -0.651859 0.75834 -1.23549e-07 -0.805836 -0.592139 9.64716e-08 -0.629644 0.758344 -0.168711 -0.778385 -0.592128 -0.208566 -0.56452 0.75835 -0.325918 -0.697882 -0.592133 -0.402914 -0.460932 0.758342 -0.460932 -0.569818 -0.592127 -0.569818 -0.190591 -0.676453 0.711397 0 -0.676454 0.736485 0 -0.678868 0.73426 -0.190014 -0.678875 0.709242 0.168711 0.758344 -0.629644 0.157784 0.792611 -0.588958 -0.569818 -0.592127 -0.569818 -0.460932 0.758342 -0.460932 -0.325918 0.75835 -0.56452 -0.402914 -0.592133 -0.697882 -0.168711 0.758344 -0.629644 -0.208566 -0.592129 -0.778385 0.778385 -0.592128 -0.208566 0.805836 -0.592139 9.64716e-08 -0.543203 -0.839601 1.36788e-07 -0.524684 -0.839611 0.140571 -0.519197 -0.678874 0.519197 -0.367122 -0.678881 0.635879 -0.367122 0.678881 0.635879 -0.519197 0.678874 0.519196 -0.637816 -0.676453 -0.368242 -0.711393 -0.676449 -0.19062 -0.709238 -0.678871 -0.190043 -0.635879 -0.678881 -0.367122 0.711412 -0.676437 -0.190595 0.637816 -0.676453 -0.368242 0.635879 -0.678881 -0.367122 0.709238 -0.678871 -0.190043 0.19062 -0.676449 0.711393 0.190044 -0.678871 0.709238 -0.7365 -0.676437 1.10206e-07 -0.73426 -0.678868 1.10602e-07 0.36825 -0.676436 0.637829 0.367122 -0.678881 0.635879 -0.711412 -0.676437 0.190595 -0.709242 -0.678875 0.190014 0.520786 -0.676435 -0.520786 0.368242 -0.676453 -0.637816 0.367122 -0.678881 -0.635879 0.519197 -0.678874 -0.519196 0.520786 -0.676435 0.520786 0.519197 -0.678874 0.519197 -0.637829 -0.676436 0.36825 -0.635897 -0.678868 0.367115 0.19062 -0.676449 -0.711393 0.190044 -0.678871 -0.709237 0 -0.676454 -0.736485 -0.19062 -0.676449 -0.711393 -0.190044 -0.678871 -0.709237 0 -0.678868 -0.73426 0.637829 -0.676436 0.36825 0.635897 -0.678868 0.367115 -0.520786 -0.676435 0.520786 -0.519197 -0.678874 0.519197 -0.36825 -0.676437 -0.637829 -0.367122 -0.678881 -0.635879 0.711393 -0.676449 0.190621 0.709238 -0.678871 0.190044 -0.368242 -0.676453 0.637816 -0.367122 -0.678881 0.635879 -0.520786 -0.676435 -0.520786 -0.519197 -0.678874 -0.519196 0.7365 -0.676437 1.10206e-07 0.73426 -0.678868 1.10602e-07 0.190014 0.678875 0.709242 0.367115 0.678868 0.635897 0.310688 0.783497 0.53815 0.160807 0.783497 0.600227 -0.367122 -0.678881 -0.635879 -0.519197 -0.678874 -0.519196 -0.519197 0.678874 -0.519197 -0.367115 0.678868 -0.635897 0.709238 -0.678871 0.190044 0.73426 -0.678868 1.10602e-07 0.73426 0.678868 -1.10602e-07 0.709242 0.678875 0.190014 -0.190014 -0.678875 0.709242 -0.190014 0.678875 0.709242 -0.519197 -0.678874 -0.519196 -0.635879 -0.678881 -0.367122 -0.635897 0.678868 -0.367115 -0.519197 0.678874 -0.519197 0 -0.678868 0.73426 0 0.678868 0.73426 -0.709238 -0.678871 -0.190043 -0.709242 0.678875 -0.190014 0.709238 -0.678871 -0.190043 0.635879 -0.678881 -0.367122 0.635879 0.678881 -0.367122 0.709238 0.678871 -0.190044 0.190044 -0.678871 0.709238 0.190014 0.678875 0.709242 -0.73426 -0.678868 1.10602e-07 -0.73426 0.678868 -1.10602e-07 0.519197 -0.678874 -0.519196 0.519197 0.678874 -0.519197 0.367122 -0.678881 0.635879 0.367115 0.678868 0.635897 -0.709242 -0.678875 0.190014 -0.709238 0.678871 0.190043 0.519197 -0.678874 0.519197 0.519197 0.678874 0.519196 -0.635897 -0.678868 0.367115 -0.635897 0.678868 0.367115 0 -0.678868 -0.73426 -0.190044 -0.678871 -0.709237 -0.190014 0.678875 -0.709242 0 0.678868 -0.73426 0.519197 -0.678874 0.519197 0.635897 -0.678868 0.367115 0.635897 0.678868 0.367115 0.519197 0.678874 0.519196 -0.519197 -0.678874 0.519197 -0.519197 0.678874 0.519196 0.190044 -0.678871 -0.709237 0.190044 0.678871 -0.709238 -0.310688 0.783496 -0.53815 -0.439391 0.783499 -0.439391 -0.513458 -0.687571 -0.513427 -0.363062 -0.687577 -0.628827 -0.73426 0.678868 -1.10602e-07 -0.709238 0.678871 0.190043 -0.600228 0.783497 0.160807 -0.621403 0.783491 -1.27647e-07 0.519197 0.678874 -0.519197 0.367122 0.678881 -0.635879 0.310688 0.783496 -0.53815 0.439391 0.783499 -0.439391 0.519197 0.678874 0.519196 0.439391 0.7835 0.439391 -0.635897 0.678868 0.367115 -0.53815 0.783497 0.310688 0.190044 0.678871 -0.709238 0.160807 0.783497 -0.600228 0 0.678868 -0.73426 -0.190014 0.678875 -0.709242 -0.160807 0.783497 -0.600228 0 0.783491 -0.621403 0.635897 0.678868 0.367115 0.53815 0.783497 0.310688 -0.519197 0.678874 0.519196 -0.439391 0.7835 0.439391 -0.367115 0.678868 -0.635897 -0.310688 0.783496 -0.53815 0.709242 0.678875 0.190014 0.600228 0.783497 0.160807 -0.367122 0.678881 0.635879 -0.310688 0.783497 0.53815 -0.519197 0.678874 -0.519197 -0.439391 0.783499 -0.439391 0.73426 0.678868 -1.10602e-07 0.621403 0.783491 -1.27647e-07 -0.190014 0.678875 0.709242 -0.160807 0.783497 0.600227 -0.635897 0.678868 -0.367115 -0.53815 0.783496 -0.310689 0.709238 0.678871 -0.190044 0.600228 0.783497 -0.160808 0 0.678868 0.73426 0 0.783491 0.621403 -0.709242 0.678875 -0.190014 -0.600228 0.783497 -0.160808 0.635879 0.678881 -0.367122 0.53815 0.783496 -0.310689 -0.271589 -0.839609 0.470421 -0.384107 -0.839597 0.384107 0 -1 1.62921e-07 0.600228 0.783497 0.160807 0.621403 0.783491 -1.27647e-07 0.726117 -0.687571 1.1202e-07 0.701374 -0.687579 0.18791 -0.310688 0.783497 0.53815 -0.160807 0.783497 0.600227 -0.18791 -0.687579 0.701374 -0.363062 -0.687577 0.628827 -0.439391 0.783499 -0.439391 -0.53815 0.783496 -0.310689 -0.628846 -0.687564 -0.363055 -0.513458 -0.687571 -0.513427 0.600228 0.783497 -0.160808 0.701374 -0.687579 -0.18791 0 0.783491 0.621403 0 -0.687571 0.726117 -0.600228 0.783497 -0.160808 -0.701374 -0.687579 -0.18791 0.53815 0.783496 -0.310689 0.628827 -0.687577 -0.363062 0.160807 0.783497 0.600227 0.18791 -0.687579 0.701374 -0.621403 0.783491 -1.27647e-07 -0.726117 -0.687571 1.1202e-07 0.439391 0.783499 -0.439391 0.513435 -0.687582 -0.513435 0.310688 0.783497 0.53815 0.363062 -0.687577 0.628827 -0.600228 0.783497 0.160807 -0.701374 -0.687579 0.18791 0.439391 0.783499 -0.439391 0.310688 0.783496 -0.53815 0.363062 -0.687577 -0.628827 0.513435 -0.687582 -0.513435 0.439391 0.7835 0.439391 0.513435 -0.687581 0.513435 -0.53815 0.783497 0.310688 -0.628827 -0.687577 0.363062 0.160807 0.783497 -0.600228 0.18791 -0.687579 -0.701374 0 0.783491 -0.621403 -0.160807 0.783497 -0.600228 -0.18791 -0.687579 -0.701374 0 -0.687571 -0.726117 0.439391 0.7835 0.439391 0.53815 0.783497 0.310688 0.628827 -0.687577 0.363062 0.513435 -0.687581 0.513435 -0.439391 0.7835 0.439391 -0.513435 -0.687581 0.513435 -0.439391 0.7835 0.439391 -0.513435 -0.687581 0.513435 0.697882 -0.592133 0.402914 0.569818 -0.592127 0.569818 -0.384107 -0.839597 -0.384107 -0.470421 -0.839609 -0.271589 0.208566 -0.592128 0.778386 0 -0.592139 0.805836 0 -0.839601 -0.543203 -0.140571 -0.839611 -0.524684 -0.778386 -0.592128 0.208567 -0.805836 -0.592139 9.64716e-08 0.543203 -0.839601 1.36788e-07 0.524684 -0.839611 -0.140571 -0.697882 -0.592133 -0.402914 -0.569818 -0.592127 -0.569818 0.384081 -0.839607 0.384112 0.470421 -0.839609 0.271589 0.208566 -0.592129 -0.778385 0.402914 -0.592133 -0.697882 -0.271589 -0.839609 0.470421 -0.140571 -0.839611 0.524684 0.697882 -0.592133 -0.402914 -0.470421 -0.839609 0.271589 0 -0.592139 -0.805836 0 -0.839601 0.543203 0.778386 -0.592128 0.208567 -0.524684 -0.839611 -0.140571 0.402914 -0.592133 0.697882 -0.271589 -0.839609 -0.47042 -0.697882 -0.592133 0.402914 0.470421 -0.839609 -0.271589 -0.778385 -0.592128 -0.208566 0.524684 -0.839611 0.140571 -0.402914 -0.592133 -0.697882 -0.208566 -0.592129 -0.778385 0.140571 -0.839611 0.524684 0.271589 -0.839609 0.470421 0.569818 -0.592127 -0.569818 -0.384107 -0.839597 0.384107 -0.208566 -0.592128 0.778386 0.140571 -0.839611 -0.524684 -0.569818 -0.592127 0.569818 0.384081 -0.839607 -0.384111 0 -0.687571 0.726117 0.18791 -0.687579 0.701374 0.0853934 -0.943996 0.318715 0 -0.944 0.329947 0.524684 -0.839611 -0.140571 0.543203 -0.839601 1.36788e-07 0 -1 1.62921e-07 -0.271589 -0.839609 -0.47042 -0.140571 -0.839611 -0.524684 0 -1 1.62921e-07 -0.384107 -0.839597 0.384107 -0.470421 -0.839609 0.271589 0 -1 1.62921e-07 0.524684 -0.839611 0.140571 0 -0.839601 -0.543203 -0.524684 -0.839611 0.140571 0.140571 -0.839611 -0.524684 -0.543203 -0.839601 1.36788e-07 0.470421 -0.839609 0.271589 0.384081 -0.839607 0.384112 0.384081 -0.839607 0.384112 0.271589 -0.839609 0.470421 0.384081 -0.839607 -0.384111 0.470421 -0.839609 -0.271589 -0.140571 -0.839611 0.524684 0.701374 -0.687579 -0.18791 0.628827 -0.687577 -0.363062 0.285754 -0.943999 -0.164958 0.318714 -0.943996 -0.0853932 -0.628846 -0.687564 -0.363055 -0.701374 -0.687579 -0.18791 -0.318714 -0.943996 -0.0853932 -0.285754 -0.943999 -0.164958 -0.18791 -0.687579 0.701374 -0.0853934 -0.943996 0.318715 0.726117 -0.687571 1.1202e-07 0.329974 -0.94399 1.53795e-07 -0.513458 -0.687571 -0.513427 -0.23332 -0.943993 -0.23332 -0.363062 -0.687577 0.628827 -0.164958 -0.943999 0.285754 0.701374 -0.687579 0.18791 0.318714 -0.943996 0.0853935 -0.363062 -0.687577 -0.628827 -0.164958 -0.943999 -0.285754 -0.513435 -0.687581 0.513435 -0.23332 -0.943993 0.23332 0.628827 -0.687577 0.363062 0.285754 -0.943999 0.164958 -0.18791 -0.687579 -0.701374 -0.0853934 -0.943996 -0.318714 0.18791 -0.687579 -0.701374 0 -0.687571 -0.726117 0 -0.944 -0.329946 0.0853934 -0.943996 -0.318714 -0.628827 -0.687577 0.363062 -0.285754 -0.943999 0.164958 0.363062 -0.687577 -0.628827 0.164958 -0.943999 -0.285754 -0.701374 -0.687579 0.18791 -0.318714 -0.943996 0.0853935 0.363062 -0.687577 0.628827 0.513435 -0.687581 0.513435 0.23332 -0.943993 0.23332 0.164958 -0.943999 0.285754 0.513435 -0.687582 -0.513435 0.23332 -0.943993 -0.23332 -0.726117 -0.687571 1.1202e-07 -0.329947 -0.944 1.53797e-07 -0.777252 -0.441027 -0.448748 -0.634621 -0.441036 -0.634621 -0.232278 -0.441026 0.866916 -0.448748 -0.441027 0.777252 0.897494 -0.441026 7.18522e-08 0.866916 -0.441026 0.232278 -0.448748 -0.441027 -0.777252 0 -0.441026 -0.897494 0.232278 -0.441027 -0.866915 -0.634621 -0.441036 0.634621 0.777252 -0.441027 0.448748 -0.232278 -0.441027 -0.866915 -0.777252 -0.441027 0.448748 0.634621 -0.441036 0.634621 0.448748 -0.441027 -0.777252 -0.866916 -0.441026 0.232278 0.448748 -0.441027 0.777252 0.634621 -0.441036 -0.634621 0.232278 -0.441026 0.866916 0.777252 -0.441027 -0.448748 0 -0.441026 0.897494 0.866916 -0.441026 -0.232278 -0.866916 -0.441026 -0.232278 -0.448748 -0.441027 0.777252 -0.232278 -0.441026 0.866916 -0.258802 1.5737e-07 0.96593 -0.499989 1.41094e-07 0.866032 0 -0.441026 -0.897494 -0.232278 -0.441027 -0.866915 -0.258802 -1.5737e-07 -0.96593 0 -1.62921e-07 -1 0.897494 -0.441026 7.18522e-08 0.866916 -0.441026 -0.232278 0.96593 -4.21642e-08 -0.258802 1 0 0 0 -0.441026 0.897494 0 1.62921e-07 1 -0.777252 -0.441027 -0.448748 -0.866916 -0.441026 -0.232278 -0.96593 -4.21642e-08 -0.258802 -0.866032 -8.14586e-08 -0.499989 0.777252 -0.441027 -0.448748 0.866032 -8.14586e-08 -0.499989 0.232278 -0.441026 0.866916 0.258802 1.5737e-07 0.96593 -0.897494 -0.441026 7.18522e-08 -1 0 -0 0.634621 -0.441036 -0.634621 0.707107 -1.15202e-07 -0.707107 0.448748 -0.441027 0.777252 0.499989 1.41094e-07 0.866032 0.634621 -0.441036 -0.634621 0.448748 -0.441027 -0.777252 0.499989 -1.41094e-07 -0.866032 0.707107 -1.15202e-07 -0.707107 0.634621 -0.441036 0.634621 0.707107 1.15202e-07 0.707107 -0.634621 -0.441036 -0.634621 -0.707107 -1.15202e-07 -0.707107 0.232278 -0.441027 -0.866915 0.258802 -1.5737e-07 -0.96593 0.634621 -0.441036 0.634621 0.777252 -0.441027 0.448748 0.866032 8.14586e-08 0.499989 0.707107 1.15202e-07 0.707107 -0.777252 -0.441027 0.448748 -0.634621 -0.441036 0.634621 -0.707107 1.15202e-07 0.707107 -0.866032 8.14586e-08 0.499989 -0.448748 -0.441027 -0.777252 -0.634621 -0.441036 -0.634621 -0.707107 -1.15202e-07 -0.707107 -0.499989 -1.41094e-07 -0.866032 0.866916 -0.441026 0.232278 0.96593 4.21642e-08 0.258802 -0.634621 -0.441036 0.634621 -0.707107 1.15202e-07 0.707107 -0.768423 0.153758 0.621196 -0.790945 0.188306 0.582191 -0.732944 0.289015 0.615843 -0.698381 0.235978 0.675705 -0.847524 0.519196 -0.110175 -0.905869 0.367115 -0.211254 -0.942545 0.190041 -0.274761 -0.802992 -0.541381 -0.24922 -0.18562 -0.541385 0.820029 -0.233288 0.190012 0.953662 -0.269976 0.36712 0.890133 -0.328326 0.519194 0.789075 -0.404353 0.635874 0.65739 -0.492887 0.709239 0.504027 -0.58792 0.734259 0.339433 -0.682936 0.709244 0.174846 -0.771482 0.635888 0.0214851 -0.58792 -0.734259 0.339433 0.58792 -0.734259 -0.339433 0.682936 -0.709244 -0.174846 -0.492887 -0.709239 0.504027 -0.751141 0.10871 0.651129 -0.671847 0.166848 0.721654 -0.847524 -0.519196 -0.110175 -0.771497 -0.63587 0.0214857 -0.790945 0.188306 0.582191 -0.768423 0.153758 0.621196 0.771497 -0.63587 -0.0214855 -0.404353 -0.635874 0.657391 -0.955055 -4.82944e-08 -0.296429 -0.942545 -0.190041 -0.274761 -0.740297 0.056277 0.66992 -0.736588 1.1019e-07 0.676342 0.847524 -0.519196 0.110175 -0.328326 -0.519193 0.789075 -0.790945 -0.188306 0.582191 -0.768423 -0.153758 0.621196 -0.698381 -0.235978 0.675705 -0.73293 -0.289021 0.615857 -0.847524 0.519196 -0.110175 -0.905869 0.367115 -0.211254 -0.751141 -0.10871 0.651129 -0.768423 -0.153758 0.621196 -0.328326 -0.519193 0.789075 0.847524 -0.519196 0.110175 0.905869 -0.367115 0.211254 -0.269976 -0.367119 0.890133 -0.751141 -0.10871 0.651129 -0.740283 -0.056278 0.669936 -0.655179 -0.0863683 0.75052 -0.671847 -0.166848 0.721654 -0.58792 0.734259 0.339433 -0.682936 0.709244 0.174846 -0.817172 -0.21003 0.536765 -0.845315 -0.217417 0.488029 -0.845309 0.217446 0.488026 -0.873449 0.210031 0.439288 -0.85957 0.322373 0.396504 -0.816368 0.333732 0.471344 -0.942545 0.190041 -0.274761 0.233287 0.190041 -0.953657 0.18562 -0.541386 -0.820029 -0.802992 -0.541381 -0.24922 -0.85957 -0.322373 0.396504 -0.816368 -0.333732 0.471345 -0.861893 -0.0975698 0.497616 -0.874527 -0.0942431 0.475733 -0.905869 0.367115 -0.211254 0.269976 0.367119 -0.890133 -0.404345 0.635893 0.657378 -0.492887 0.709239 0.504027 -0.873449 -0.210031 0.439288 -0.899668 -0.188302 0.393878 -0.847524 0.519196 -0.110175 0.328326 0.519193 -0.789075 -0.58792 -0.734259 0.339433 -0.492887 -0.709239 0.504027 -0.873449 0.210031 0.439288 -0.845309 0.217446 0.488026 -0.771482 0.635888 0.0214851 0.404353 0.635874 -0.657391 -0.269976 0.36712 0.890133 0.905869 0.367115 0.211253 0.847524 0.519196 0.110175 -0.328326 0.519194 0.789075 -0.233287 0.190042 0.953657 -0.269976 0.36712 0.890133 -0.939467 -0.108709 0.324936 -0.950324 -0.0562765 0.306134 -0.682936 0.709244 0.174846 0.49291 0.709228 -0.504019 0.404353 0.635874 -0.657391 -0.771482 0.635888 0.0214851 -0.328326 0.519194 0.789075 0.847524 0.519196 0.110175 0.771497 0.63587 -0.0214857 -0.404345 0.635893 0.657378 -0.58792 0.734259 0.339433 0.58792 0.734259 -0.339433 0.682936 0.709244 -0.174847 -0.492887 0.709239 0.504027 -0.404353 -0.635874 0.657391 -0.899668 0.188302 0.393878 -0.492887 0.709239 0.504027 0.682936 0.709244 -0.174847 0.58792 0.734259 -0.339433 -0.58792 0.734259 0.339433 -0.905869 -0.367115 -0.211253 -0.751141 0.10871 0.651129 -0.404353 0.635874 0.65739 0.771497 0.63587 -0.0214857 0.492887 0.709239 -0.504027 -0.682936 0.709244 0.174846 -0.942545 0.190041 -0.274761 -0.740283 -0.056278 0.669936 -0.328326 0.519194 0.789075 0.847524 0.519196 0.110175 0.404353 0.635874 -0.657391 -0.771482 0.635888 0.0214851 -0.771482 0.635888 0.0214851 -0.790945 -0.188306 0.582191 -0.269976 0.36712 0.890133 0.905869 0.367115 0.211253 0.847524 0.519196 0.110175 -0.328326 0.519194 0.789075 -0.771482 0.635888 0.0214851 0.404353 0.635874 -0.657391 0.328326 0.519193 -0.789075 -0.847524 0.519196 -0.110175 -0.233288 0.190012 0.953662 0.94255 0.190012 0.274763 0.269976 0.367119 -0.890133 -0.905869 0.367115 -0.211254 -0.328326 0.519194 0.789075 -0.922185 -0.153753 0.354872 -0.18562 -0.541385 0.820029 0.802992 -0.541381 0.24922 0.233287 0.190041 -0.953657 -0.942545 0.190041 -0.274761 0.220774 -1.58901e-07 -0.975325 -0.955055 -4.82944e-08 -0.296429 -0.233287 -0.190041 0.953657 -0.220774 1.58901e-07 0.975325 -0.954034 4.88273e-08 0.2997 -0.950324 0.0562766 0.306134 0.233288 -0.190012 -0.953662 -0.942545 -0.190041 -0.274761 -0.328326 -0.519193 0.789075 -0.922185 0.153754 0.354872 -0.269976 -0.367119 0.890133 -0.939467 0.108709 0.324936 0.269976 -0.36712 -0.890133 -0.905869 -0.367115 -0.211253 0.269976 0.367119 -0.890133 0.328326 0.519193 -0.789075 0.404353 0.635874 -0.657391 0.49291 0.709228 -0.504019 0.58792 0.734259 -0.339433 0.682936 0.709244 -0.174847 0.771497 0.63587 -0.0214857 0.847524 0.519196 0.110175 0.905869 0.367115 0.211253 0.94255 0.190012 0.274763 0.802992 -0.541381 0.24922 0.18562 -0.541386 -0.820029 0.233287 0.190041 -0.953657 -0.682936 -0.709244 0.174847 -0.817172 0.210031 0.536765 -0.905869 -0.367115 -0.211253 0.269976 -0.36712 -0.890133 0.328326 -0.519194 -0.789075 -0.847524 -0.519196 -0.110175 0.404353 -0.635874 -0.65739 -0.771497 -0.63587 0.0214857 0.682936 -0.709244 -0.174846 0.58792 -0.734259 -0.339433 0.492887 -0.709239 -0.504027 0.404353 -0.635874 -0.65739 0.328326 -0.519194 -0.789075 0.269976 -0.36712 -0.890133 0.233288 -0.190012 -0.953662 0.220774 -1.58901e-07 -0.975325 0.233287 0.190041 -0.953657 0.269976 0.367119 -0.890133 0.328326 0.519193 -0.789075 0.404353 0.635874 -0.657391 0.492887 0.709239 -0.504027 0.58792 0.734259 -0.339433 0.682936 0.709244 -0.174847 0.771497 0.63587 -0.0214857 0.847524 0.519196 0.110175 0.905869 0.367115 0.211253 0.94255 0.190012 0.274763 0.955055 4.82944e-08 0.296429 0.942545 -0.190041 0.274761 0.905869 -0.367115 0.211254 0.847524 -0.519196 0.110175 0.771497 -0.63587 -0.0214855 -0.773176 -0.322375 0.546143 0.492887 -0.709239 -0.504027 -0.682936 -0.709244 0.174847 -0.934373 0.235974 0.266951 -0.899814 0.289022 0.326805 -0.18562 -0.541385 0.820029 -0.802992 -0.541381 -0.24922 0.18562 -0.541386 -0.820029 0.802992 -0.541381 0.24922 -0.740297 0.056277 0.66992 -0.751141 0.10871 0.651129 -0.671847 0.166848 0.721654 -0.655179 0.0863686 0.75052 -0.736588 1.1019e-07 0.676342 -0.649509 1.23877e-07 0.760354 -0.73293 -0.289021 0.615857 -0.899814 -0.289022 0.326805 -0.934373 -0.235974 0.266951 -0.960892 -0.166847 0.221019 -0.85957 0.322373 0.396504 -0.977564 -0.0863696 0.192119 -0.983244 2.96992e-08 0.182293 -0.977564 0.0863696 0.192119 -0.960892 0.166848 0.221019 -0.861893 0.09757 0.497616 -0.874527 0.0942432 0.475733 -0.886293 0.0844787 0.455354 -0.896397 0.0689725 0.437853 -0.904149 0.0487691 0.424425 -0.909023 0.0252397 0.415981 -0.910684 6.73032e-08 0.413104 -0.909023 -0.0252396 0.415981 -0.904149 -0.0487689 0.424425 -0.896397 -0.0689723 0.437853 -0.886293 -0.0844786 0.455354 -0.849272 -0.0942448 0.519476 -0.837509 -0.0844771 0.539855 -0.827397 -0.0689725 0.557366 -0.819644 -0.048769 0.570794 -0.814775 -0.0252394 0.579227 -0.813108 9.48382e-08 0.582113 -0.814775 0.0252396 0.579227 -0.819644 0.0487692 0.570794 -0.827397 0.0689727 0.557366 -0.837509 0.0844773 0.539855 -0.849272 0.0942449 0.519476 -0.698381 -0.235978 0.675705 -0.649509 1.23877e-07 0.760354 -0.655179 0.0863686 0.75052 -0.698381 0.235978 0.675705 -0.732944 0.289015 0.615843 -0.655179 -0.0863683 0.75052 -0.671847 0.166848 0.721654 -0.671847 -0.166848 0.721654 -0.816368 0.333732 0.471344 -0.969818 0.126198 -0.208631 -0.745397 0.619079 -0.247235 -0.35354 0.70711 -0.612377 -0.499989 -1.41094e-07 -0.866032 0 -1 1.62921e-07 0.35354 -0.70711 0.612377 -0.14167 -0.586913 0.797159 -0.573365 -0.665106 0.47842 0.499989 1.41094e-07 0.866032 0.35354 0.70711 0.612377 -0.158549 0.619087 0.769151 -0.304217 0.126198 0.944207 -0.573365 0.665106 0.47842 -0.14167 0.586913 0.797159 0.35354 0.70711 0.612377 0 1 -1.62921e-07 0.35354 0.70711 0.612377 -0.35354 0.70711 -0.612377 -0.745397 0.619079 -0.247235 -0.158549 0.619087 0.769151 -0.573365 -0.665106 0.47842 -0.14167 -0.586913 0.797159 -0.14167 0.586913 0.797159 -0.573365 0.665106 0.47842 0.35354 -0.70711 0.612377 0.35354 0.70711 0.612377 -0.14167 0.586913 0.797159 -0.14167 -0.586913 0.797159 0 1 -1.62921e-07 -0.35354 0.70711 -0.612377 -0.761206 0.586912 -0.275862 -0.701017 0.665097 0.257335 -0.701017 -0.665097 0.257335 -0.761206 -0.586912 -0.275862 -0.35354 -0.70711 -0.612377 0 -1 1.62921e-07 -0.701017 0.665097 0.257335 -0.761206 0.586912 -0.275862 -0.761206 -0.586912 -0.275862 -0.701017 -0.665097 0.257335 -0.35354 0.70711 -0.612377 -0.35354 -0.70711 -0.612377 -0.761206 -0.586912 -0.275862 -0.761206 0.586912 -0.275862 -0.661137 -0.703528 0.260664 -0.941642 0.324054 0.0911 -0.790678 0.531391 -0.304058 -0.790678 -0.531392 -0.304058 -0.556328 -0.703521 0.442218 -0.549712 0.324053 0.769939 -0.0395826 -0.996858 -0.0686056 0.0395826 -0.996858 0.0686059 -0.556328 -0.703521 0.442218 -0.661137 -0.703528 0.260664 0.324355 0.761019 0.561822 -0.324355 0.761019 -0.561822 -0.770441 0.616561 -0.162091 -0.244828 0.616555 0.748277 -0.549712 0.324053 0.769939 0.353476 0.707226 0.61228 0.324355 0.761019 0.561822 -0.244828 0.616555 0.748277 -0.353476 0.707226 -0.61228 -0.941642 0.324054 0.0911 -0.770441 0.616561 -0.162091 -0.324355 0.761019 -0.561822 -0.244828 0.616555 0.748277 -0.770441 0.616561 -0.162091 -0.790678 -0.531392 -0.304058 -0.790678 0.531391 -0.304058 -0.380449 0.648863 -0.658965 -0.380449 -0.648863 -0.658965 0.380449 -0.648863 0.658965 0.380449 0.648863 0.658965 -0.131995 0.5314 0.836774 -0.131995 -0.5314 0.836775 0.353476 0.707226 0.61228 -0.549712 0.324053 0.769939 -0.131995 0.5314 0.836774 0.380449 0.648863 0.658965 -0.941642 0.324054 0.0911 -0.353476 0.707226 -0.61228 -0.380449 0.648863 -0.658965 -0.790678 0.531391 -0.304058 -0.790678 -0.531392 -0.304058 -0.380449 -0.648863 -0.658965 0.380449 -0.648863 0.658965 -0.131995 -0.5314 0.836775 -0.761888 0.475432 0.439877 -0.852864 0.439235 0.282304 -0.820419 0.527098 0.221539 -0.711251 0.570526 0.410636 -0.576542 -0.746199 0.332845 0 -1 1.62921e-07 0.191326 -0.923884 0.331411 -0.43374 -0.689399 0.580171 -0.54227 0.181927 0.820272 -0.593806 0.336165 0.731018 -0.509525 0.403408 0.76003 -0.447692 0.218337 0.867122 -0.71931 0.689402 0.0855456 -0.84035 0.527649 -0.124092 -0.929985 0.33617 0.148721 -0.852864 0.439235 0.282304 0.35354 -0.70711 0.612377 -0.312702 -0.52765 0.789812 -0.929985 -0.33617 0.148721 -0.852864 -0.439235 0.282304 -0.820419 -0.527098 0.22154 -0.912956 -0.403435 0.0612524 -0.312702 0.52765 0.789812 -0.43374 0.689399 0.580171 -0.670928 0.439229 0.597439 -0.593806 0.336165 0.731018 -0.312702 -0.52765 0.789812 0.35354 -0.70711 0.612377 0.461932 -0.382675 0.800111 -0.231828 -0.285542 0.929904 -0.670928 -0.439229 0.597439 -0.593806 -0.336165 0.731018 -0.509525 -0.403408 0.76003 -0.602078 -0.527093 0.599729 -0.231828 -0.285542 0.929904 -0.203412 1.59515e-07 0.979093 -0.524171 1.38745e-07 0.851613 -0.54227 -0.181926 0.820272 0.499989 1.41094e-07 0.866032 -0.203412 1.59515e-07 0.979093 -0.524171 1.38745e-07 0.851613 -0.425982 1.47399e-07 0.904732 -0.71931 -0.689402 0.0855458 -0.576542 -0.746199 0.332845 -0.761888 -0.475432 0.439877 -0.852864 -0.439235 0.282304 0.461944 0.382685 0.8001 -0.231827 0.285542 0.929904 -0.670928 0.439229 0.597439 -0.602078 0.527093 0.599728 0.35354 0.70711 0.612377 -0.312702 0.52765 0.789812 -0.761888 -0.475432 0.439877 -0.711251 -0.570526 0.410636 -0.921236 0.285542 -0.264178 -0.981512 0.181922 0.0594809 -0.312702 0.52765 0.789812 0.35354 0.70711 0.612377 0.191326 0.923884 0.33141 -0.43374 0.689399 0.580171 -0.974798 0.218331 -0.0458391 -0.912967 0.40341 0.061253 -0.576542 0.746199 0.332844 -0.761888 0.475432 0.439877 0 1 -1.62921e-07 -0.576542 0.746199 0.332844 -0.981512 -0.181922 0.059481 -0.929985 -0.33617 0.148721 -0.912956 -0.403435 0.0612524 -0.974798 -0.218331 -0.045839 -0.43374 -0.689399 0.580171 -0.670928 -0.439229 0.597439 -0.191326 0.923884 -0.331411 -0.71931 0.689402 0.0855456 -0.231827 0.285542 0.929904 -0.54227 0.181927 0.820272 -0.71931 0.689402 0.0855456 -0.191326 0.923884 -0.331411 -0.35354 0.70711 -0.612377 -0.84035 0.527649 -0.124092 -0.54227 -0.181926 0.820272 -0.447692 -0.218337 0.867122 -0.312702 -0.52765 0.789812 -0.593806 -0.336165 0.731018 -0.461944 0.382684 -0.8001 -0.921236 0.285542 -0.264178 -0.593806 0.336165 0.731018 -0.509525 0.403408 0.76003 -0.84035 -0.527649 -0.124092 -0.499989 -1.41094e-07 -0.866032 -0.949631 -5.10544e-08 -0.31337 -0.929985 0.33617 0.148721 -0.912967 0.40341 0.061253 -0.949631 -5.10544e-08 -0.31337 -0.999604 4.58428e-09 0.0281381 -0.461944 -0.382685 -0.8001 -0.921236 -0.285542 -0.264178 -0.35354 -0.70711 -0.612377 -0.84035 -0.527649 -0.124092 -0.593806 -0.336165 0.731018 -0.509525 -0.403408 0.76003 -0.84035 -0.527649 -0.124092 -0.35354 -0.70711 -0.612377 -0.191326 -0.923884 -0.33141 -0.71931 -0.689402 0.0855458 -0.996513 -1.3594e-08 -0.0834395 -0.711251 -0.570526 0.410636 -0.602078 -0.527093 0.599729 -0.509525 -0.403408 0.76003 -0.447692 -0.218337 0.867122 -0.425982 1.47399e-07 0.904732 -0.447692 0.218337 0.867122 -0.509525 0.403408 0.76003 -0.602078 0.527093 0.599728 -0.711251 0.570526 0.410636 -0.820419 0.527098 0.221539 -0.820419 -0.527098 0.22154 -0.95839 -0.110601 -0.263166 -0.95839 -0.110601 -0.263166 0.251267 0.110603 -0.961578 0.251267 0.110603 -0.961578 0.251267 0.110603 -0.961578 0.251267 0.110603 -0.961578 0.95839 0.110601 0.263166 0.95839 0.110601 0.263166 0.95839 0.110601 0.263166 0.95839 0.110601 0.263166 -0.251267 -0.110603 0.961578 -0.251267 -0.110603 0.961578 -0.251267 -0.110603 0.961578 -0.251267 -0.110603 0.961578 -0.95839 -0.110601 -0.263166 -0.95839 -0.110601 -0.263166 0.283375 -0.479921 -0.830286 0.251267 0.110603 -0.961578 0.95839 0.110601 0.263166 0.86074 -0.479918 0.169719 -0.251267 -0.110603 0.961578 0.95839 0.110601 0.263166 0.95839 0.110601 0.263166 -0.251267 -0.110603 0.961578 0.95839 0.110601 0.263166 0.251267 0.110603 -0.961578 0.251267 0.110603 -0.961578 0.95839 0.110601 0.263166 0.251267 0.110603 -0.961578 -0.95839 -0.110601 -0.263166 -0.95839 -0.110601 -0.263166 0.251267 0.110603 -0.961578 -0.95839 -0.110601 -0.263166 -0.251267 -0.110603 0.961578 -0.251267 -0.110603 0.961578 -0.95839 -0.110601 -0.263166 -0.7043 -0.660566 -0.260027 -0.95839 -0.110601 -0.263166 0.251267 0.110603 -0.961578 0.283375 -0.479921 -0.830286 -0.7043 -0.660566 -0.260027 -0.86074 0.479918 -0.169719 0.126929 0.660557 -0.739968 0.283375 -0.479921 -0.830286 0.283375 -0.479921 -0.830286 0.126929 0.660557 -0.739968 0.7043 0.660566 0.260027 0.86074 -0.479918 0.169719 0.283375 -0.479921 -0.830286 0.86074 -0.479918 0.169719 -0.126929 -0.660557 0.739968 -0.7043 -0.660566 -0.260027 0.86074 -0.479918 0.169719 0.95839 0.110601 0.263166 -0.251267 -0.110603 0.961578 -0.126929 -0.660557 0.739968 -0.126929 -0.660557 0.739968 -0.251267 -0.110603 0.961578 -0.95839 -0.110601 -0.263166 -0.7043 -0.660566 -0.260027 0.283375 -0.479921 -0.830286 0.86074 -0.479918 0.169719 -0.126929 -0.660557 0.739968 -0.7043 -0.660566 -0.260027 -0.7043 -0.660566 -0.260027 -0.86074 0.479918 -0.169719 0.126929 0.660557 -0.739968 0.283375 -0.479921 -0.830286 0.283375 -0.479921 -0.830286 0.126929 0.660557 -0.739968 0.7043 0.660566 0.260027 0.86074 -0.479918 0.169719 0.86074 -0.479918 0.169719 0.7043 0.660566 0.260027 -0.283375 0.479921 0.830286 -0.126929 -0.660557 0.739968 0.283375 -0.479921 -0.830286 0.86074 -0.479918 0.169719 -0.126929 -0.660557 0.739968 -0.7043 -0.660566 -0.260027 0.7043 0.660566 0.260027 0.126929 0.660557 -0.739968 -0.86074 0.479918 -0.169719 -0.283375 0.479921 0.830286 -0.7043 -0.660566 -0.260027 -0.86074 0.479918 -0.169719 0.126929 0.660557 -0.739968 0.283375 -0.479921 -0.830286 0.283375 -0.479921 -0.830286 0.126929 0.660557 -0.739968 0.7043 0.660566 0.260027 0.86074 -0.479918 0.169719 0.86074 -0.479918 0.169719 0.7043 0.660566 0.260027 -0.283375 0.479921 0.830286 -0.126929 -0.660557 0.739968 -0.126929 -0.660557 0.739968 -0.283375 0.479921 0.830286 -0.86074 0.479918 -0.169719 -0.7043 -0.660566 -0.260027 0.283375 -0.479921 -0.830286 0.86074 -0.479918 0.169719 -0.126929 -0.660557 0.739968 -0.7043 -0.660566 -0.260027 0.7043 0.660566 0.260027 0.126929 0.660557 -0.739968 -0.86074 0.479918 -0.169719 -0.283375 0.479921 0.830286 -0.7043 -0.660566 -0.260027 -0.86074 0.479918 -0.169719 0.126929 0.660557 -0.739968 0.283375 -0.479921 -0.830286 0.283375 -0.479921 -0.830286 0.126929 0.660557 -0.739968 0.7043 0.660566 0.260027 0.86074 -0.479918 0.169719 0.86074 -0.479918 0.169719 0.7043 0.660566 0.260027 -0.283375 0.479921 0.830286 -0.126929 -0.660557 0.739968 -0.126929 -0.660557 0.739968 -0.283375 0.479921 0.830286 -0.86074 0.479918 -0.169719 -0.7043 -0.660566 -0.260027 0.283375 -0.479921 -0.830286 0.86074 -0.479918 0.169719 -0.126929 -0.660557 0.739968 -0.7043 -0.660566 -0.260027 0.7043 0.660566 0.260027 0.126929 0.660557 -0.739968 -0.86074 0.479918 -0.169719 -0.283375 0.479921 0.830286 -0.704316 -0.660552 -0.260021 -0.86074 0.479918 -0.169719 0.126959 0.660555 -0.739965 0.283375 -0.479921 -0.830286 0.283375 -0.479921 -0.830286 0.126959 0.660555 -0.739965 0.704316 0.660552 0.260021 0.86074 -0.479918 0.169719 0.86074 -0.479918 0.169719 0.704316 0.660552 0.260021 -0.283375 0.479921 0.830286 -0.126959 -0.660555 0.739965 -0.126959 -0.660555 0.739965 -0.283375 0.479921 0.830286 -0.86074 0.479918 -0.169719 -0.704316 -0.660552 -0.260021 0.283375 -0.479921 -0.830286 0.86074 -0.479918 0.169719 -0.126959 -0.660555 0.739965 -0.704316 -0.660552 -0.260021 0.704316 0.660552 0.260021 0.126959 0.660555 -0.739965 -0.86074 0.479918 -0.169719 -0.283375 0.479921 0.830286 0.958174 0.236217 -0.161568 -0.643628 -0.0567053 0.763235 -0.0849666 -0.493533 0.865567 0.902706 -0.312916 0.295307 0.576934 -0.249219 -0.777841 0.958174 0.236217 -0.161568 0.902706 -0.312916 0.295307 0.385517 -0.608093 -0.693974 0.771003 -0.635864 -0.0350968 0.813364 0.441031 0.379382 -0.174326 0.26039 0.949636 -0.216686 -0.816511 0.535124 -0.466946 -0.265671 0.843433 0.999991 0.00259413 -0.00347918 0.937333 0.102178 0.333116 -0.180154 -0.102177 0.978317 0.216686 0.816511 -0.535124 0.174326 -0.26039 -0.949636 -0.813364 -0.441031 -0.379382 -0.771003 0.635864 0.0350968 0.83532 0.476105 0.27489 -0.282177 0.271709 0.920082 -0.813364 -0.441031 -0.379382 -0.216686 -0.816511 0.535124 -0.174326 0.26039 0.949636 -0.771003 0.635864 0.0350968 -0.282177 0.271709 0.920082 0.83532 0.476105 0.27489 0.659182 0.749854 0.0565518 -0.458282 0.545476 0.701736 0.174326 -0.26039 -0.949636 0.771003 -0.635864 -0.0350968 -0.216686 -0.816511 0.535124 -0.813364 -0.441031 -0.379382 0.456175 0.850029 -0.263353 -0.661322 0.645666 0.381796 0.216686 0.816511 -0.535124 0.813364 0.441031 0.379382 0.771003 -0.635864 -0.0350968 0.174326 -0.26039 -0.949636 0.280628 0.749836 -0.599161 -0.836868 0.54547 0.0459924 -0.643628 -0.0567053 0.763235 -0.857731 -0.511617 0.0504477 -0.60218 -0.788715 -0.123726 -0.0849666 -0.493533 0.865567 -0.836868 0.54547 0.0459924 0.280628 0.749836 -0.599161 0.179576 0.476102 -0.86086 -0.937907 0.27171 -0.215647 -0.857731 -0.511617 0.0504477 0.576934 -0.249219 -0.777841 0.385517 -0.608093 -0.693974 -0.60218 -0.788715 -0.123726 0.180154 0.102177 -0.978317 -0.937333 -0.102178 -0.333116 -0.60218 -0.788715 -0.123726 0.385517 -0.608093 -0.693974 0.902706 -0.312916 0.295307 -0.0849666 -0.493533 0.865567 0.282177 -0.271709 -0.920082 -0.83532 -0.476105 -0.27489 0.458272 -0.545464 -0.701752 0.282177 -0.271709 -0.920082 0.180154 0.102177 -0.978317 0.179576 0.476102 -0.86086 0.280628 0.749836 -0.599161 0.456175 0.850029 -0.263353 0.659182 0.749854 0.0565518 0.83532 0.476105 0.27489 0.937333 0.102178 0.333116 0.999991 0.00259413 -0.00347918 -0.771003 0.635864 0.0350968 -0.174326 0.26039 0.949636 0.813364 0.441031 0.379382 0.216686 0.816511 -0.535124 -0.83532 -0.476105 -0.27489 0.282177 -0.271709 -0.920082 0.458272 -0.545464 -0.701752 -0.659214 -0.749826 -0.0565519 0.576934 -0.249219 -0.777841 -0.857731 -0.511617 0.0504477 -0.466946 -0.265671 0.843433 -0.180154 -0.102177 0.978317 -0.282177 0.271709 0.920082 -0.458282 0.545476 0.701736 -0.661322 0.645666 0.381796 -0.836868 0.54547 0.0459924 -0.937907 0.27171 -0.215647 -0.937333 -0.102178 -0.333116 -0.83532 -0.476105 -0.27489 -0.659214 -0.749826 -0.0565519 0.970218 -0.119297 0.210823 0.970224 -0.119298 0.210793 -0.239454 -0.340534 0.90923 -0.239454 -0.340534 0.90923 0.239425 0.340536 -0.909236 0.239454 0.340534 -0.90923 -0.970218 0.119297 -0.210823 -0.970216 0.119301 -0.210829 -0.970218 0.119297 -0.210823 -0.239454 -0.340534 0.90923 -0.239454 -0.340534 0.90923 -0.970216 0.119301 -0.210829 0.239425 0.340536 -0.909236 0.970224 -0.119298 0.210793 0.970218 -0.119297 0.210823 0.239454 0.340534 -0.90923 -0.7043 -0.660566 -0.260027 -0.86074 0.479918 -0.169719 0.126929 0.660557 -0.739968 0.283375 -0.479921 -0.830286 0.283375 -0.479921 -0.830286 0.126929 0.660557 -0.739968 0.7043 0.660566 0.260027 0.86074 -0.479918 0.169719 0.86074 -0.479918 0.169719 0.7043 0.660566 0.260027 -0.283375 0.479921 0.830286 -0.126929 -0.660557 0.739968 -0.126929 -0.660557 0.739968 -0.283375 0.479921 0.830286 -0.86074 0.479918 -0.169719 -0.7043 -0.660566 -0.260027 0.283375 -0.479921 -0.830286 0.86074 -0.479918 0.169719 -0.126929 -0.660557 0.739968 -0.7043 -0.660566 -0.260027 0.7043 0.660566 0.260027 0.126929 0.660557 -0.739968 -0.86074 0.479918 -0.169719 -0.283375 0.479921 0.830286 0.619024 0.23622 -0.749006 0.195598 -0.312883 -0.929433 -0.792098 -0.493528 -0.359182 -0.982794 -0.0567037 0.175788 0.962099 -0.249223 -0.110694 0.793762 -0.608086 0.0131232 0.195598 -0.312883 -0.929433 0.619024 0.23622 -0.749006 -0.963917 -0.265639 -0.0173043 -0.937333 -0.102178 -0.333116 0.180154 0.102177 -0.978317 0.503017 0.00259399 -0.864273 0.571776 0.81651 0.079899 -0.415914 0.635865 0.650147 -0.0780983 -0.441031 0.894087 0.909572 -0.260392 0.323842 -0.0780983 -0.441031 0.894087 -0.415914 0.635865 0.650147 -0.909572 0.260392 -0.323842 -0.571776 -0.81651 -0.079899 -0.937907 0.27171 -0.215647 -0.836866 0.545469 0.0460228 0.280628 0.749836 -0.599161 0.179576 0.476102 -0.86086 0.909572 -0.260392 0.323842 -0.0780983 -0.441031 0.894087 -0.571776 -0.81651 -0.079899 0.415914 -0.635865 -0.650147 -0.836866 0.545469 0.0460228 -0.661322 0.645666 0.381796 0.456175 0.850029 -0.263353 0.280628 0.749836 -0.599161 0.571776 0.81651 0.079899 0.909572 -0.260392 0.323842 0.415914 -0.635865 -0.650147 0.0780983 0.441031 -0.894087 -0.458282 0.545476 0.701736 0.659214 0.749826 0.0565519 -0.982794 -0.0567037 0.175788 -0.792098 -0.493528 -0.359182 -0.19392 -0.788711 0.583377 -0.472562 -0.511597 0.717603 -0.282149 0.271712 0.920089 0.83532 0.476105 0.27489 -0.472562 -0.511597 0.717603 -0.19392 -0.788711 0.583377 0.793762 -0.608086 0.0131232 0.962099 -0.249223 -0.110694 -0.282149 0.271712 0.920089 -0.180154 -0.102177 0.978317 0.937333 0.102178 0.333116 0.83532 0.476105 0.27489 -0.19392 -0.788711 0.583377 -0.792098 -0.493528 -0.359182 0.195598 -0.312883 -0.929433 0.793762 -0.608086 0.0131232 -0.179605 -0.476099 0.860855 0.937907 -0.27171 0.215647 0.503017 0.00259399 -0.864273 0.180154 0.102177 -0.978317 0.179576 0.476102 -0.86086 0.280628 0.749836 -0.599161 0.456175 0.850029 -0.263353 0.659214 0.749826 0.0565519 0.83532 0.476105 0.27489 0.937333 0.102178 0.333116 0.937907 -0.27171 0.215647 0.836868 -0.54547 -0.0459924 -0.179605 -0.476099 0.860855 -0.2806 -0.749843 0.599166 0.836868 -0.54547 -0.0459924 0.937907 -0.27171 0.215647 -0.472562 -0.511597 0.717603 0.962099 -0.249223 -0.110694 -0.2806 -0.749843 0.599166 -0.179605 -0.476099 0.860855 -0.180154 -0.102177 0.978317 -0.282149 0.271712 0.920089 -0.458282 0.545476 0.701736 -0.661322 0.645666 0.381796 -0.836866 0.545469 0.0460228 -0.937907 0.27171 -0.215647 -0.937333 -0.102178 -0.333116 -0.963917 -0.265639 -0.0173043 0.30251 -0.119301 -0.94565 -0.907146 -0.340531 -0.247234 -0.907146 -0.340531 -0.247234 0.302538 -0.1193 -0.945642 -0.30251 0.119301 0.94565 -0.302502 0.119298 0.945654 -0.907146 -0.340531 -0.247234 -0.907146 -0.340531 -0.247234 -0.848588 0.45901 -0.263076 -0.713755 -0.0764815 -0.696207 -0.153052 0.054171 0.986732 -0.393852 0.45074 0.801071 -0.272628 0.538573 0.797254 -0.351238 -0.484361 -0.801265 -0.451539 -0.622205 -0.63951 -0.939838 0.113135 -0.322344 -0.843468 0.24559 -0.477752 -0.444702 0.543341 0.712054 -0.726533 -0.669737 0.153632 -0.767561 -0.317431 -0.556855 -0.525474 -0.692351 0.494497 0.324575 -0.23503 0.916194 -0.726533 -0.669737 0.153632 -0.525474 -0.692351 0.494497 0.00836219 -0.471579 0.881784 0.519197 -0.678874 -0.519196 0.367122 -0.678881 -0.635879 0.367122 0.678881 -0.635879 0.519197 0.678874 -0.519197 -0.402914 -0.592133 0.697882 0.271589 -0.839609 -0.47042 0.271589 -0.839609 -0.47042 -0.524684 -0.839611 -0.140571 0.384081 -0.839607 -0.384111 -0.470421 -0.839609 -0.271589 0.140571 -0.839611 0.524684 0 -0.839601 0.543203 -0.384107 -0.839597 -0.384107 -0.384107 -0.839597 -0.384107 -0.897494 -0.441026 7.18522e-08 -0.866916 -0.441026 0.232278 -0.96593 4.21642e-08 0.258802 -0.817172 0.210031 0.536765 -0.773176 0.322376 0.546143 0.942545 -0.190041 0.274761 -0.233287 -0.190041 0.953657 0.955055 4.82944e-08 0.296429 -0.220774 1.58901e-07 0.975325 0.94255 0.190012 0.274763 -0.233287 0.190042 0.953657 -0.773176 0.322376 0.546143 -0.304217 0.126198 0.944207 -0.158549 0.619087 0.769151 -0.745397 0.619079 -0.247235 -0.969818 0.126198 -0.208631 -0.131995 -0.5314 0.836775 -0.131995 0.5314 0.836774 -0.921236 -0.285542 -0.264178 0.86074 -0.479918 0.169719 0.7043 0.660566 0.260027 -0.283375 0.479921 0.830286 -0.126929 -0.660557 0.739968 -0.126929 -0.660557 0.739968 -0.283375 0.479921 0.830286 -0.86074 0.479918 -0.169719 -0.7043 -0.660566 -0.260027 0.7043 0.660566 0.260027 0.126929 0.660557 -0.739968 -0.86074 0.479918 -0.169719 -0.283375 0.479921 0.830286 -0.126929 -0.660557 0.739968 -0.283375 0.479921 0.830286 -0.86074 0.479918 -0.169719 -0.7043 -0.660566 -0.260027 0.415914 -0.635865 -0.650147 -0.571776 -0.81651 -0.079899 -0.909572 0.260392 -0.323842 0.0780983 0.441031 -0.894087 -0.415914 0.635865 0.650147 0.571776 0.81651 0.079899 0.0780983 0.441031 -0.894087 -0.909572 0.260392 -0.323842 0.907146 0.340531 0.247234 -0.302502 0.119298 0.945654 -0.30251 0.119301 0.94565 0.907146 0.340531 0.247234 0.907146 0.340531 0.247234 0.907146 0.340531 0.247234 0.30251 -0.119301 -0.94565 0.302538 -0.1193 -0.945642 0.367119 0.928219 0.0602758 0.51919 0.854137 -0.0298478 0.477387 0.873042 -0.0994939 0.337546 0.941162 -0.0166028 0 0.63488 0.772611 0 0.990672 0.136266 -0.190043 0.974785 0.11695 -0.258803 0.613253 0.746286 0.675126 0.569955 -0.468355 0.652129 0.459005 -0.60336 0.959818 -0.0764803 -0.27 0.993675 0.0867661 -0.0712928 0.709244 0.645153 -0.284168 0.734262 0.524504 -0.430993 0.675126 0.569955 -0.468355 0.652137 0.680887 -0.333332 -0.367119 0.928219 0.0602758 -0.499993 0.549831 0.669099 -0.652137 0.680887 -0.333332 -0.584679 0.784272 -0.207528 -0.860547 0.402211 0.312546 -0.959819 0.250041 0.127386 0.635879 0.291433 -0.71465 0.519197 0.194866 -0.832143 0.477378 0.266858 -0.837196 0.584681 0.355637 -0.729158 -0.51919 0.854137 -0.0298478 -0.707098 0.448937 0.546323 -0.584681 0.355637 -0.729158 -0.652129 0.459005 -0.60336 -0.959818 -0.0764803 -0.27 -0.860556 -0.228621 -0.455166 0.190043 0.0742227 -0.978966 0 0.0583211 -0.998298 0 0.141331 -0.989962 0.174723 0.155923 -0.972193 -0.635879 0.757592 -0.14735 -0.86603 0.317425 0.386306 -0.174723 0.155923 -0.972193 -0.337542 0.198741 -0.920091 -0.496824 -0.45956 -0.736187 -0.257184 -0.522579 -0.812876 -0.367118 0.120796 -0.922297 -0.519197 0.194866 -0.832143 -0.477378 0.266858 -0.837196 -0.337542 0.198741 -0.920091 -0.709244 0.645153 -0.284168 -0.965928 0.164315 0.199961 -0.709238 0.403862 -0.577822 -0.734262 0.524504 -0.430993 -0.675126 0.569955 -0.468355 -0.652129 0.459005 -0.60336 -0.965928 0.164315 0.199961 -0.709244 0.645153 -0.284168 -0.734262 0.524504 -0.430993 -1 0 -0 -0.635879 0.757592 -0.14735 -0.51919 0.854137 -0.0298478 -0.477387 0.873042 -0.0994939 -0.584679 0.784272 -0.207528 -0.709238 0.403862 -0.577822 -0.965928 -0.164315 -0.199961 0.584679 0.784272 -0.207528 0.652137 0.680887 -0.333332 0.959819 0.250041 0.127386 0.860547 0.402211 0.312546 -0.190043 0.974785 0.11695 0 0.990672 0.136266 0 0.998581 0.0532554 -0.174724 0.983979 0.0354635 -0.635879 0.291433 -0.71465 -0.86603 -0.317425 -0.386306 0.174724 0.983979 0.0354635 0.337546 0.941162 -0.0166028 0.496832 0.633133 0.593549 0.257189 0.696153 0.670242 0.190043 0.974785 0.11695 0.174724 0.983979 0.0354635 -0.519197 0.194866 -0.832143 -0.707107 -0.448912 -0.54633 -0.174724 0.983979 0.0354635 0 0.998581 0.0532554 0 0.717648 0.696406 -0.257161 0.696159 0.670247 0.635879 0.757592 -0.14735 0.584679 0.784272 -0.207528 -0.367118 0.120796 -0.922297 -0.500001 -0.549809 -0.66911 -0.477387 0.873042 -0.0994939 -0.702638 0.532861 0.471549 0.709238 0.403862 -0.577822 0.652129 0.459005 -0.60336 -0.190043 0.0742227 -0.978966 -0.258803 -0.613253 -0.746286 -0.675126 0.569955 -0.468355 -0.993675 0.0867661 -0.0712928 0.367118 0.120796 -0.922297 0.337542 0.198741 -0.920091 -0.258803 -0.613253 -0.746286 -0.190043 0.0742227 -0.978966 0 0.0583211 -0.998298 0 -0.63488 -0.772611 -0.477378 0.266858 -0.837196 -0.70264 -0.359301 -0.614165 -0.190043 0.0742227 -0.978966 -0.174723 0.155923 -0.972193 0 -0.63488 -0.772611 0 0.0583211 -0.998298 0.190043 0.0742227 -0.978966 0.258803 -0.613253 -0.746286 0.174723 0.155923 -0.972193 0 0.141331 -0.989962 0 -0.54407 -0.83904 0.257184 -0.522579 -0.812876 -0.635879 0.291433 -0.71465 -0.584681 0.355637 -0.729158 0.367118 0.120796 -0.922297 0.500001 -0.549809 -0.66911 0.584681 0.355637 -0.729158 0.477378 0.266858 -0.837196 0.70264 -0.359301 -0.614165 0.860556 -0.228621 -0.455166 0.519197 0.194866 -0.832143 0.707107 -0.448912 -0.54633 0.174724 0.983979 0.0354635 0.257189 0.696153 0.670242 -0.367119 0.928219 0.0602758 -0.337546 0.941162 -0.0166028 0.635879 0.291433 -0.71465 0.86603 -0.317425 -0.386306 0.709238 0.403862 -0.577822 0.965928 -0.164315 -0.199961 0.477387 0.873042 -0.0994939 0.702638 0.532861 0.471549 0.965928 -0.164315 -0.199961 0.709238 0.403862 -0.577822 0.734262 0.524504 -0.430993 1 0 0 -0.337546 0.941162 -0.0166028 -0.496832 0.633133 0.593549 0.709244 0.645153 -0.284168 0.965928 0.164315 0.199961 -0.652137 0.680887 -0.333332 -0.959819 0.250041 0.127386 0.635879 0.757592 -0.14735 0.86603 0.317425 0.386306 0.51919 0.854137 -0.0298478 0.707107 0.448912 0.54633 0 0.141331 -0.989962 -0.174723 0.155923 -0.972193 -0.257184 -0.522579 -0.812876 0 -0.54407 -0.83904 -0.709244 0.645153 -0.284168 -0.652137 0.680887 -0.333332 0.367119 0.928219 0.0602758 0.500001 0.549809 0.66911 0.190043 0.974785 0.11695 0.258803 0.613253 0.746286 -0.635233 -0.063908 -0.769672 -0.449186 -0.154551 -0.879969 0.258803 0.613253 0.746286 0.190043 0.974785 0.11695 0.337542 0.198741 -0.920091 0.496824 -0.45956 -0.736187 0.635229 0.742687 0.211895 0.778004 0.624552 0.06815 0.49679 0.814952 -0.298416 0.405635 0.890376 -0.206617 -0.232493 0.890298 0.391557 -0.449176 0.833317 0.322218 0 0.717648 0.696406 0.232493 0.890298 0.391557 0 0.909723 0.415216 0.635233 -0.063908 -0.769672 0.778 0.0542023 -0.625922 0 0.909723 0.415216 0.449176 0.833317 0.322218 0.449186 -0.154551 -0.879969 -0.898367 0.339375 -0.278855 -0.867751 0.191752 -0.45852 0.232492 -0.211526 -0.949318 -0.867751 0.486994 -0.0992179 0 -0.230965 -0.972962 0.867751 0.486994 -0.0992179 -0.860547 0.402211 0.312546 -0.778004 0.624552 0.06815 -0.257184 -0.522579 -0.812876 -0.232492 -0.211526 -0.949318 0.898367 0.339375 -0.278855 -0.635229 0.742687 0.211895 -0.778004 0.624552 0.06815 -0.232492 -0.211526 -0.949318 0.867751 0.191752 -0.45852 -0.286822 0.317433 -0.903864 -0.405637 0.3753 -0.833432 -0.119118 0.685929 -0.717853 -0.0842338 0.668926 -0.738541 -0.898367 0.339375 -0.278855 -0.867751 0.486994 -0.0992179 -0.554106 0.727119 -0.405295 -0.573667 0.632843 -0.520015 0 0.268629 -0.963244 0.148477 0.281022 -0.948146 0.554118 0.727105 -0.405304 -0.778004 0.624552 0.06815 -0.49679 0.814952 -0.298416 -0.148447 0.281024 -0.94815 0.573667 0.632843 -0.520015 -0.635229 0.742687 0.211895 -0.405635 0.890376 -0.206617 -0.286822 0.317433 -0.903864 -0.148447 0.281024 -0.94815 0.898367 0.339375 -0.278855 0.867751 0.191752 -0.45852 0.55411 0.538576 -0.634743 0.573667 0.632843 -0.520015 -0.449176 0.833317 0.322218 -0.286818 0.948257 -0.136176 -0.405637 0.3753 -0.833432 0.49679 0.450736 -0.741645 -0.232493 0.890298 0.391557 -0.148475 0.984637 -0.0918931 0 0.909723 0.415216 0.232493 0.890298 0.391557 0.148475 0.984637 -0.0918931 0 0.997048 -0.0767853 0.405637 0.3753 -0.833432 0.449176 0.833317 0.322218 0.286818 0.948257 -0.136176 0.286822 0.317433 -0.903864 0.286818 0.948257 -0.136176 -0.573667 0.632843 -0.520015 -0.55411 0.538576 -0.634743 -0.0435819 0.864892 -0.500062 0 0.868536 -0.495626 0.0435819 0.864892 -0.500062 0.0842336 0.854208 -0.513062 0.119117 0.837208 -0.533754 0.145914 0.815057 -0.560706 0.162729 0.78926 -0.592105 0.168466 0.761576 -0.625796 0.162728 0.733892 -0.659487 0.145913 0.708077 -0.690895 0.119118 0.685929 -0.717853 0.0842338 0.668926 -0.738541 0.0435818 0.658244 -0.751542 0 0.654596 -0.755979 -0.0435818 0.658244 -0.751542 -0.145913 0.708077 -0.690895 -0.162728 0.733892 -0.659487 -0.168466 0.761576 -0.625796 -0.162729 0.78926 -0.592105 -0.145914 0.815057 -0.560706 -0.119117 0.837208 -0.533754 -0.0842336 0.854208 -0.513062 0.55411 0.538576 -0.634743 0.49679 0.450736 -0.741645 -0.49679 0.450736 -0.741645 0.405637 0.3753 -0.833432 0.286822 0.317433 -0.903864 0.405635 0.890376 -0.206617 0.148477 0.281022 -0.948146 0.49679 0.814952 -0.298416 0 0.268629 -0.963244 0.554118 0.727105 -0.405304 -0.148447 0.281024 -0.94815 0.573667 0.632843 -0.520015 -0.230209 -0.56278 -0.793904 0.165504 -0.554773 -0.815374 0.767835 -0.334003 -0.546692 0.955738 -0.128089 -0.264876 0.835496 0.529845 -0.145638 0.864957 0.387721 -0.318625 -0.45532 0.687878 -0.565251 -0.439779 0.613066 -0.656311 0 0.235089 0.971974 0.232981 0.215586 0.948284 0.223858 0.918167 0.32689 0 0.936877 0.349658 -0.636535 -0.740575 -0.215342 -0.779611 -0.622193 -0.0712925 -0.749074 0.113136 -0.652754 -0.611612 -0.000549481 -0.791158 0.779611 -0.622193 -0.0712925 0.636535 -0.740575 -0.215342 0.611612 -0.000549481 -0.791158 0.749074 0.113136 -0.652754 -0.232981 0.215586 0.948284 -0.223858 0.918167 0.32689 0.232981 0.215586 0.948284 0.450096 0.158516 0.878798 0.432491 0.863303 0.260117 0.223858 0.918167 0.32689 -0.869549 -0.484338 0.0964404 -0.835491 0.245587 -0.491571 0.450097 -0.831404 -0.325853 0.432461 -0.0878352 -0.897364 0.636543 0.0676921 0.768265 0.611605 0.776043 0.153939 -0.900216 -0.33644 0.27644 -0.864973 0.387715 -0.318589 0.232981 -0.888496 -0.395341 0.223856 -0.142676 -0.964122 0.779613 -0.0506618 0.624209 0.749073 0.662306 0.0155038 -0.900216 -0.33644 0.27644 -0.869539 -0.188514 0.456469 -0.835496 0.529845 -0.145638 -0.864973 0.387715 -0.318589 0 -0.907962 -0.419052 0 -0.161384 -0.986892 0.869539 -0.188514 0.456469 0.835496 0.529845 -0.145638 -0.779613 -0.0506618 0.624209 -0.749073 0.662306 0.0155038 -0.232981 -0.888496 -0.395341 -0.223856 -0.142676 -0.964122 0.900216 -0.33644 0.27644 0.864957 0.387721 -0.318625 -0.636543 0.0676921 0.768265 -0.611608 0.776046 0.153909 -0.450097 -0.831404 -0.325853 -0.432486 -0.087834 -0.897352 -0.450096 0.158516 0.878798 -0.432491 0.863303 0.260117 -0.636535 -0.740575 -0.215342 -0.611612 -0.000549481 -0.791158 -0.321948 0.892293 -0.316485 -0.227643 0.938224 -0.260604 0 0.772611 -0.63488 -0.749073 0.662306 0.0155038 -0.611608 0.776046 0.153909 0.321944 0.483481 -0.814001 0.394316 0.543344 -0.741143 -0.223856 -0.142676 -0.964122 -0.432486 -0.087834 -0.897352 0.227643 0.938224 -0.260604 0.117836 0.967103 -0.225448 0.835491 0.245587 -0.491571 -0.439782 0.762705 -0.474208 -0.432491 0.863303 0.260117 0.227642 0.437521 -0.869916 -0.611612 -0.000549481 -0.791158 0.321948 0.892293 -0.316485 0.749074 0.113136 -0.652754 -0.39431 0.832415 -0.389366 -0.223858 0.918167 0.32689 0.117835 0.408654 -0.905051 0 0.936877 0.349658 0.223858 0.918167 0.32689 -0.117835 0.408654 -0.905051 0 0.39882 -0.917029 -0.749074 0.113136 -0.652754 0.39431 0.832415 -0.389366 0.611612 -0.000549481 -0.791158 0.432491 0.863303 0.260117 -0.227642 0.437521 -0.869916 -0.835491 0.245587 -0.491571 0.439782 0.762705 -0.474208 0.432461 -0.0878352 -0.897364 0.611605 0.776043 0.153939 -0.321944 0.483481 -0.814001 -0.864973 0.387715 -0.318589 0.45532 0.687878 -0.565251 0.223856 -0.142676 -0.964122 -0.117836 0.967103 -0.225448 0.749073 0.662306 0.0155038 -0.394316 0.543344 -0.741143 -0.835496 0.529845 -0.145638 0.439788 0.613078 -0.656294 0 -0.161384 -0.986892 0 0.976954 -0.213452 -0.227642 0.437521 -0.869916 -0.321944 0.483481 -0.814001 0 0.772611 -0.63488 0.439782 0.762705 -0.474208 0.45532 0.687878 -0.565251 0 0.772611 -0.63488 0.45532 0.687878 -0.565251 0.439788 0.613078 -0.656294 0 0.772611 -0.63488 0.394316 0.543344 -0.741143 -0.439779 0.613066 -0.656311 -0.45532 0.687878 -0.565251 0.321944 0.483481 -0.814001 0.117836 0.967103 -0.225448 0.227643 0.938224 -0.260604 -0.439782 0.762705 -0.474208 0.227642 0.437521 -0.869916 0.321948 0.892293 -0.316485 -0.39431 0.832415 -0.389366 0.117835 0.408654 -0.905051 0 0.39882 -0.917029 -0.117835 0.408654 -0.905051 0.39431 0.832415 -0.389366 -0.117835 0.408654 -0.905051 -0.86603 0.317425 0.386306 -0.955735 -0.235027 -0.177011 -0.76783 -0.471581 -0.433646 0.955738 -0.128089 -0.264876 0.767835 -0.334003 -0.546692 0.86603 0.317425 0.386306 -0.72554 -0.381219 -0.572943 -0.933359 -0.151984 -0.325179 0 -0.634862 -0.772626 -0.725537 0.488158 0.485075 -0.933355 0.289562 0.212136 -0.933359 -0.151984 -0.325179 -0.72554 -0.381219 -0.572943 0 0.63488 0.772611 -0.933355 0.289562 0.212136 -0.725537 0.488158 0.485075 -0.86603 -0.317425 -0.386306 0.165504 -0.554773 -0.815374 -0.230209 -0.56278 -0.793904 -0.169778 0.441612 -0.880996 -0.333455 0.441616 -0.832936 -0.121742 0.944821 -0.304126 -0.0619849 0.944819 -0.321675 -0.619148 0.441616 -0.649331 -0.730849 0.441616 -0.520418 -0.266861 0.944817 -0.190013 -0.226057 0.944817 -0.237105 0.619148 0.441616 -0.649331 0.485073 0.441614 -0.754772 0.177104 0.94482 -0.27559 0.226057 0.944817 -0.237105 -0.333822 0.439603 -0.833854 -0.16996 0.439596 -0.881969 -0.166696 0.473202 -0.865039 -0.32741 0.4732 -0.817854 -0.817026 0.439597 -0.373126 -0.816126 0.44162 -0.372706 -0.730849 0.441616 -0.520418 -0.731647 0.439604 -0.521 -0.619148 0.441616 -0.649331 -0.619816 0.4396 -0.650061 -0.48505 0.44162 -0.754783 -0.485599 0.439605 -0.755606 -0.731647 0.439604 -0.521 -0.619816 0.4396 -0.650061 -0.607918 0.473205 -0.637583 -0.717609 0.473207 -0.510991 0.169778 0.441612 -0.880996 0 0.441614 -0.897205 0 0.944818 -0.327595 0.0619849 0.944819 -0.321675 -0.333455 0.441616 -0.832936 -0.333822 0.439603 -0.833854 0.485599 0.439605 -0.755606 0.619816 0.4396 -0.650061 0.607918 0.473205 -0.637583 0.476285 0.473203 -0.741102 -0.333822 0.439603 -0.833854 -0.333455 0.441616 -0.832936 -0.169778 0.441612 -0.880996 -0.16996 0.439596 -0.881969 0 0.441614 -0.897205 0 0.439604 -0.898192 -0.48505 0.44162 -0.754783 -0.177104 0.94482 -0.27559 0.169778 0.441612 -0.880996 0.16996 0.439596 -0.881969 0.333455 0.441616 -0.832936 0.333822 0.439603 -0.833854 0 0.439604 -0.898192 0.16996 0.439596 -0.881969 0.166696 0.473202 -0.865039 0 0.473195 -0.880958 0.485073 0.441614 -0.754772 0.485599 0.439605 -0.755606 0.619148 0.441616 -0.649331 0.619816 0.4396 -0.650061 -0.816126 0.44162 -0.372706 -0.297991 0.944818 -0.136086 0.730849 0.441616 -0.520418 0.731647 0.439604 -0.521 -0.485599 0.439605 -0.755606 -0.476285 0.473203 -0.741102 0.333455 0.441616 -0.832936 0.121742 0.944821 -0.304126 -0.817026 0.439597 -0.373126 -0.801346 0.473202 -0.365957 0.333822 0.439603 -0.833854 0.32741 0.4732 -0.817854 0.730849 0.441616 -0.520418 0.266861 0.944817 -0.190013 -0.476285 0.473203 -0.741102 -0.32741 0.4732 -0.817854 -0.237777 0.76857 -0.593938 -0.345876 0.76857 -0.53821 0.731647 0.439604 -0.521 0.717609 0.473207 -0.510991 -0.12107 0.768567 -0.628209 -0.237777 0.76857 -0.593938 -0.166696 0.473202 -0.865039 0 0.473195 -0.880958 0 0.768564 -0.639773 -0.12107 0.768567 -0.628209 0.166696 0.473202 -0.865039 0.12107 0.768567 -0.628209 0.32741 0.4732 -0.817854 0.237777 0.76857 -0.593938 0.476285 0.473203 -0.741102 0.345876 0.76857 -0.53821 0.607918 0.473205 -0.637583 0.441495 0.768572 -0.463011 0.717609 0.473207 -0.510991 0.521149 0.76857 -0.371085 -0.801346 0.473202 -0.365957 -0.717609 0.473207 -0.510991 -0.521149 0.76857 -0.371085 -0.581947 0.768574 -0.265765 -0.607918 0.473205 -0.637583 -0.441495 0.768572 -0.463011 0.345876 0.76857 -0.53821 0.441495 0.768572 -0.463011 0.501893 0.686322 -0.52637 0.393209 0.686315 -0.611848 0.521149 0.76857 -0.371085 0.592443 0.686321 -0.42187 -0.581947 0.768574 -0.265765 -0.521149 0.76857 -0.371085 -0.592443 0.686321 -0.42187 -0.661575 0.686327 -0.302115 -0.441495 0.768572 -0.463011 -0.501893 0.686322 -0.52637 -0.345876 0.76857 -0.53821 -0.393209 0.686315 -0.611848 -0.270309 0.686316 -0.675207 -0.137643 0.686321 -0.714155 0 0.768564 -0.639773 0 0.686316 -0.727303 0.12107 0.768567 -0.628209 0.137643 0.686321 -0.714155 0.237777 0.76857 -0.593938 0.270309 0.686316 -0.675207 0.501893 0.686322 -0.52637 0.592443 0.686321 -0.42187 0.592443 -0.686321 -0.42187 0.501893 -0.686322 -0.52637 -0.661575 0.686327 -0.302115 -0.592443 0.686321 -0.42187 -0.592443 -0.686321 -0.42187 -0.661575 -0.686327 -0.302114 -0.501893 0.686322 -0.52637 -0.501893 -0.686322 -0.52637 -0.393209 0.686315 -0.611848 -0.393209 -0.686315 -0.611848 -0.270309 0.686316 -0.675207 -0.270309 -0.686316 -0.675207 -0.270309 0.686316 -0.675207 -0.137643 0.686321 -0.714155 -0.137643 -0.686321 -0.714155 -0.270309 -0.686316 -0.675207 0 0.686316 -0.727303 0 -0.686316 -0.727303 0.137643 0.686321 -0.714155 0.137643 -0.686321 -0.714155 0.270309 0.686316 -0.675207 0.270309 -0.686316 -0.675207 0.393209 0.686315 -0.611848 0.393209 -0.686315 -0.611848 -0.661575 -0.686327 -0.302114 -0.592443 -0.686321 -0.42187 -0.557469 -0.729141 -0.396967 -0.622531 -0.729134 -0.284286 -0.501893 -0.686322 -0.52637 -0.472259 -0.729142 -0.495301 -0.393209 -0.686315 -0.611848 -0.369989 -0.729145 -0.575722 -0.270309 -0.686316 -0.675207 -0.254347 -0.729135 -0.63535 -0.137643 -0.686321 -0.714155 -0.129493 -0.729137 -0.672005 0 -0.686316 -0.727303 0 -0.729138 -0.684366 0.137643 -0.686321 -0.714155 0.129493 -0.729137 -0.672005 0.270309 -0.686316 -0.675207 0.254347 -0.729135 -0.63535 0.393209 -0.686315 -0.611848 0.369989 -0.729145 -0.575722 0.501893 -0.686322 -0.52637 0.472259 -0.729142 -0.495301 0.592443 -0.686321 -0.42187 0.557469 -0.729141 -0.396967 -0.622531 -0.729134 -0.284286 -0.557469 -0.729141 -0.396967 -0.557469 0.729141 -0.396967 -0.622531 0.729134 -0.284286 -0.472259 -0.729142 -0.495301 -0.472259 0.729142 -0.495302 -0.369989 -0.729145 -0.575722 -0.369989 0.729144 -0.575722 -0.254347 -0.729135 -0.63535 -0.254347 0.729135 -0.63535 -0.254347 -0.729135 -0.63535 -0.129493 -0.729137 -0.672005 -0.129493 0.729137 -0.672005 -0.254347 0.729135 -0.63535 0 -0.729138 -0.684366 0 0.729138 -0.684366 0.129493 -0.729137 -0.672005 0.129493 0.729137 -0.672005 0.254347 -0.729135 -0.63535 0.254347 0.729135 -0.63535 0.369989 -0.729145 -0.575722 0.369989 0.729144 -0.575722 0.472259 -0.729142 -0.495301 0.472259 0.729142 -0.495302 0.557469 -0.729141 -0.396967 0.557469 0.729141 -0.396967 -0.661575 0.686327 -0.302115 -0.592443 0.686321 -0.42187 -0.592443 -0.686321 -0.42187 -0.661575 -0.686327 -0.302114 -0.622531 0.729134 -0.284286 -0.557469 0.729141 -0.396967 -0.592443 0.686321 -0.42187 -0.661575 0.686327 -0.302115 -0.472259 0.729142 -0.495302 -0.501893 0.686322 -0.52637 -0.369989 0.729144 -0.575722 -0.393209 0.686315 -0.611848 -0.254347 0.729135 -0.63535 -0.270309 0.686316 -0.675207 -0.129493 0.729137 -0.672005 -0.137643 0.686321 -0.714155 0 0.729138 -0.684366 0 0.686316 -0.727303 0.129493 0.729137 -0.672005 0.137643 0.686321 -0.714155 0.254347 0.729135 -0.63535 0.270309 0.686316 -0.675207 0.369989 0.729144 -0.575722 0.393209 0.686315 -0.611848 0.472259 0.729142 -0.495302 0.501893 0.686322 -0.52637 0.557469 0.729141 -0.396967 0.592443 0.686321 -0.42187 -0.592443 -0.686321 -0.42187 -0.501893 -0.686322 -0.52637 -0.439871 -0.770514 -0.461326 -0.519224 -0.770519 -0.36974 -0.501893 0.686322 -0.52637 -0.501893 -0.686322 -0.52637 -0.393209 0.686315 -0.611848 -0.393209 -0.686315 -0.611848 -0.270309 0.686316 -0.675207 -0.270309 -0.686316 -0.675207 -0.270309 0.686316 -0.675207 -0.137643 0.686321 -0.714155 -0.137643 -0.686321 -0.714155 -0.270309 -0.686316 -0.675207 0 0.686316 -0.727303 0 -0.686316 -0.727303 0.137643 0.686321 -0.714155 0.137643 -0.686321 -0.714155 0.270309 0.686316 -0.675207 0.270309 -0.686316 -0.675207 0.393209 0.686315 -0.611848 0.393209 -0.686315 -0.611848 0.501893 0.686322 -0.52637 0.501893 -0.686322 -0.52637 0.592443 0.686321 -0.42187 0.592443 -0.686321 -0.42187 -0.439871 -0.770514 -0.461326 -0.344618 -0.770507 -0.536245 -0.394095 0.684577 -0.613223 -0.503021 0.684581 -0.527559 -0.393209 -0.686315 -0.611848 -0.344618 -0.770507 -0.536245 -0.270309 -0.686316 -0.675207 -0.23689 -0.770517 -0.591766 -0.137643 -0.686321 -0.714155 -0.120611 -0.770511 -0.625912 0 -0.686316 -0.727303 0 -0.770515 -0.637421 0.137643 -0.686321 -0.714155 0.120611 -0.770511 -0.625912 0.270309 -0.686316 -0.675207 0.23689 -0.770517 -0.591766 0.393209 -0.686315 -0.611848 0.344618 -0.770507 -0.536245 0.501893 -0.686322 -0.52637 0.439871 -0.770514 -0.461326 0.592443 -0.686321 -0.42187 0.519224 -0.770519 -0.36974 -0.661575 -0.686327 -0.302114 -0.579829 -0.770512 -0.264782 -0.394095 0.684577 -0.613223 -0.270918 0.684573 -0.67673 -0.344961 0.372154 -0.861686 -0.501797 0.372151 -0.780835 -0.23689 -0.770517 -0.591766 -0.270918 0.684573 -0.67673 -0.23689 -0.770517 -0.591766 -0.120611 -0.770511 -0.625912 -0.137947 0.684577 -0.715768 -0.270918 0.684573 -0.67673 0 -0.770515 -0.637421 0 0.684571 -0.728946 0.120611 -0.770511 -0.625912 0.137947 0.684577 -0.715768 0.23689 -0.770517 -0.591766 0.270918 0.684573 -0.67673 0.344618 -0.770507 -0.536245 0.394095 0.684577 -0.613223 0.439871 -0.770514 -0.461326 0.503021 0.684581 -0.527559 0.519224 -0.770519 -0.36974 0.593784 0.684579 -0.422815 -0.579829 -0.770512 -0.264782 -0.519224 -0.770519 -0.36974 -0.593776 0.68457 -0.42284 -0.663081 0.684566 -0.302807 -0.344961 0.372154 -0.861686 -0.175639 0.372154 -0.911401 -0.0777031 -0.911836 -0.403134 -0.152597 -0.91183 -0.381157 -0.137947 0.684577 -0.715768 -0.175639 0.372154 -0.911401 0 0.684571 -0.728946 0 0.372148 -0.928173 0.137947 0.684577 -0.715768 0.175639 0.372154 -0.911401 0.270918 0.684573 -0.67673 0.344961 0.372154 -0.861686 0.394095 0.684577 -0.613223 0.501797 0.372151 -0.780835 0.503021 0.684581 -0.527559 0.640505 0.37215 -0.671757 0.593784 0.684579 -0.422815 0.756075 0.372147 -0.538384 -0.663081 0.684566 -0.302807 -0.593776 0.68457 -0.42284 -0.756075 0.372147 -0.538384 -0.844299 0.372145 -0.385573 -0.503021 0.684581 -0.527559 -0.640505 0.37215 -0.671757 0.221968 -0.911831 -0.345389 0.283314 -0.911834 -0.297139 0 -1 1.62921e-07 0 0.372148 -0.928173 0 -0.911838 -0.410551 0.175639 0.372154 -0.911401 0.0776727 -0.911838 -0.403135 0.175639 0.372154 -0.911401 0.344961 0.372154 -0.861686 0.152567 -0.911834 -0.381159 0.0776727 -0.911838 -0.403135 0.501797 0.372151 -0.780835 0.221968 -0.911831 -0.345389 0.640505 0.37215 -0.671757 0.283314 -0.911834 -0.297139 0.756075 0.372147 -0.538384 0.334424 -0.911839 -0.238138 -0.844299 0.372145 -0.385573 -0.756075 0.372147 -0.538384 -0.334434 -0.911834 -0.238144 -0.373467 -0.911832 -0.170543 -0.640505 0.37215 -0.671757 -0.283314 -0.911834 -0.297139 -0.640505 0.37215 -0.671757 -0.501797 0.372151 -0.780835 -0.221968 -0.911831 -0.345389 -0.283314 -0.911834 -0.297139 0.152567 -0.911834 -0.381159 -0.334434 -0.911834 -0.238144 -0.373467 -0.911832 -0.170543 0.334424 -0.911839 -0.238138 0 1 -1.62921e-07 0 0.79262 0.609717 0.157784 0.792612 0.588957 0.190624 -0.676433 0.711408 0 -0.676454 0.736485 0.168711 0.758344 -0.629644 0 0.75834 -0.651859 0 0.792619 -0.609717 0.157784 0.792611 -0.588958 0.697882 -0.592133 0.402914 0.56452 0.75835 0.325918 0.460932 0.758342 0.460932 0.569818 -0.592127 0.569818 0.431143 0.792611 0.431143 0.528042 0.792613 0.304856 0.637816 -0.676453 0.368242 0.520775 -0.676452 0.520775 -0.325918 0.75835 -0.56452 -0.460932 0.758342 -0.460932 -0.431143 0.792611 -0.431143 -0.304856 0.792612 -0.528042 0.325918 0.75835 0.56452 0.402914 -0.592133 0.697882 -0.609717 0.792619 -1.29134e-07 -0.588958 0.792612 0.157784 -0.711408 -0.676433 0.190624 -0.7365 -0.676437 1.10206e-07 -0.629644 0.758344 -0.168711 -0.651859 0.75834 -1.23549e-07 -0.609717 0.792619 -1.29134e-07 -0.588958 0.792612 -0.157784 0.168711 0.758344 0.629644 0.208566 -0.592128 0.778386 -0.431143 0.792611 -0.431143 -0.528042 0.792612 -0.304856 -0.637816 -0.676453 -0.368242 -0.520775 -0.676452 -0.520775 -0.56452 0.75835 0.325918 -0.460932 0.758342 0.460932 -0.431143 0.792611 0.431143 -0.528042 0.792613 0.304856 0.208566 -0.592128 0.778386 0.168711 0.758344 0.629644 0 0.75834 0.651859 0 -0.592139 0.805836 0 0.792619 -0.609717 -0.157784 0.792611 -0.588958 -0.19062 -0.676449 -0.711393 0 -0.676454 -0.736485 -0.168711 0.758344 0.629644 0 0.75834 0.651859 0 0.79262 0.609717 -0.157784 0.792612 0.588957 -0.168711 0.758344 0.629644 -0.208566 -0.592128 0.778386 0.588958 0.792612 0.157784 0.711412 -0.676437 0.190595 -0.325918 0.75835 0.56452 -0.402914 -0.592133 0.697882 0.431143 0.792611 -0.431143 0.304856 0.792612 -0.528042 0.368242 -0.676453 -0.637816 0.520775 -0.676452 -0.520775 0.629644 0.758344 -0.168711 0.56452 0.75835 -0.325918 0.528042 0.792612 -0.304856 0.588938 0.792626 -0.157787 -0.460932 0.758342 0.460932 -0.569797 -0.592138 0.569828 0.609717 0.792619 -1.29134e-07 0.588938 0.792626 -0.157787 0.711393 -0.676449 -0.19062 0.7365 -0.676437 1.10206e-07 0.325918 0.75835 -0.56452 0.304856 0.792612 -0.528042 -0.56452 0.75835 0.325918 -0.697882 -0.592133 0.402914 0.157784 0.792612 0.588957 0.304856 0.792613 0.528042 0.368242 -0.676453 0.637816 0.190624 -0.676433 0.711408 -0.168711 0.758344 -0.629644 -0.157784 0.792611 -0.588958 -0.629644 0.758344 0.168711 -0.778386 -0.592128 0.208567 -0.304856 0.792613 0.528042 -0.157784 0.792612 0.588957 -0.190595 -0.676436 0.711412 -0.368242 -0.676453 0.637816 -0.56452 0.75835 -0.325918 -0.528042 0.792612 -0.304856 -0.778386 -0.592128 0.208567 -0.629644 0.758344 0.168711 -0.651859 0.75834 -1.23549e-07 -0.805836 -0.592139 9.64716e-08 -0.588958 0.792612 0.157784 -0.528042 0.792613 0.304856 -0.637816 -0.676453 0.368242 -0.711408 -0.676433 0.190624 -0.629644 0.758344 0.168711 -0.588958 0.792612 0.157784 -0.629644 0.758344 -0.168711 -0.778385 -0.592128 -0.208566 -0.588958 0.792612 -0.157784 -0.711397 -0.676453 -0.190591 -0.325918 0.75835 0.56452 -0.304856 0.792613 0.528042 -0.56452 0.75835 -0.325918 -0.697882 -0.592133 -0.402914 -0.157784 0.792611 -0.588958 -0.304856 0.792612 -0.528042 -0.368242 -0.676453 -0.637816 -0.19062 -0.676449 -0.711393 0.168711 0.758344 0.629644 0.325918 0.75835 0.56452 0.304856 0.792613 0.528042 0.157784 0.792612 0.588957 -0.460932 0.758342 -0.460932 -0.569818 -0.592127 -0.569818 0.157784 0.792611 -0.588958 0.19062 -0.676449 -0.711393 0.56452 0.75835 0.325918 0.629644 0.758344 0.168711 0.588958 0.792612 0.157784 0.528042 0.792613 0.304856 -0.325918 0.75835 -0.56452 -0.402914 -0.592133 -0.697882 0.588938 0.792626 -0.157787 0.528042 0.792612 -0.304856 0.637816 -0.676453 -0.368242 0.711393 -0.676449 -0.19062 0.651859 0.75834 -1.23549e-07 0.609717 0.792619 -1.29134e-07 -0.402914 -0.592133 -0.697882 -0.208566 -0.592129 -0.778385 0.460932 0.758342 -0.460932 0.431143 0.792611 -0.431143 -0.208566 -0.592129 -0.778385 -0.168711 0.758344 -0.629644 0 0.75834 -0.651859 0 -0.592139 -0.805836 0.168711 0.758344 -0.629644 0.208566 -0.592129 -0.778385 -0.431143 0.792611 0.431143 -0.520786 -0.676435 0.520786 0.325918 0.75835 -0.56452 0.402914 -0.592133 -0.697882 0.460932 0.758342 -0.460932 0.569797 -0.592138 -0.569828 0.56452 0.75835 -0.325918 0.697882 -0.592133 -0.402914 0.629644 0.758344 -0.168711 0.778385 -0.592128 -0.208566 -0.520775 -0.676452 -0.520775 -0.637816 -0.676453 -0.368242 -0.635879 -0.678881 -0.367122 -0.519197 -0.678874 -0.519196 0.460932 0.758342 0.460932 0.431143 0.792611 0.431143 0.778385 -0.592128 -0.208566 0.629644 0.758344 -0.168711 0.651859 0.75834 -1.23549e-07 0.805836 -0.592139 9.64716e-08 0.629644 0.758344 0.168711 0.778386 -0.592128 0.208567 -0.208566 -0.592128 0.778386 -0.402914 -0.592133 0.697882 0.271589 -0.839609 -0.47042 0.140571 -0.839611 -0.524684 -0.190044 -0.678871 -0.709237 -0.367122 -0.678881 -0.635879 -0.367122 0.678881 -0.635879 -0.190044 0.678871 -0.709238 0.637816 -0.676453 -0.368242 0.520775 -0.676452 -0.520775 0.519197 -0.678874 -0.519196 0.635897 -0.678868 -0.367115 -0.190595 -0.676436 0.711412 0 -0.676454 0.736485 0 -0.678868 0.73426 -0.190014 -0.678875 0.709242 -0.711397 -0.676453 -0.190591 -0.709242 -0.678875 -0.190014 0.368242 -0.676453 -0.637816 0.367122 -0.678881 -0.635879 -0.7365 -0.676437 1.10206e-07 -0.73426 -0.678868 1.10602e-07 0.19062 -0.676449 -0.711393 0.190044 -0.678871 -0.709237 0.190624 -0.676433 0.711408 0.368242 -0.676453 0.637816 0.367122 -0.678881 0.635879 0.190044 -0.678871 0.709238 -0.711408 -0.676433 0.190624 -0.709242 -0.678875 0.190014 0 -0.676454 -0.736485 0 -0.678868 -0.73426 0.520775 -0.676452 0.520775 0.519197 -0.678874 0.519197 0.637816 -0.676453 0.368242 0.711412 -0.676437 0.190595 0.709242 -0.678875 0.190014 0.635879 -0.678881 0.367122 -0.637816 -0.676453 0.368242 -0.635897 -0.678868 0.367115 -0.19062 -0.676449 -0.711393 -0.190044 -0.678871 -0.709237 0.7365 -0.676437 1.10206e-07 0.73426 -0.678868 1.10602e-07 -0.520786 -0.676435 0.520786 -0.519197 -0.678874 0.519197 -0.368242 -0.676453 -0.637816 -0.367122 -0.678881 -0.635879 0.711393 -0.676449 -0.19062 0.709242 -0.678875 -0.190014 -0.368242 -0.676453 0.637816 -0.367122 -0.678881 0.635879 -0.709242 0.678875 -0.190014 -0.73426 0.678868 -1.10602e-07 -0.621403 0.783491 -1.27647e-07 -0.600228 0.783497 -0.160808 0.73426 -0.678868 1.10602e-07 0.709242 -0.678875 -0.190014 0.709242 0.678875 -0.190014 0.73426 0.678868 -1.10602e-07 -0.519197 -0.678874 0.519197 -0.367122 -0.678881 0.635879 -0.367122 0.678881 0.635879 -0.519197 0.678874 0.519196 -0.519197 -0.678874 -0.519196 -0.519197 0.678874 -0.519197 0.709242 -0.678875 -0.190014 0.635897 -0.678868 -0.367115 0.635879 0.678881 -0.367122 0.709242 0.678875 -0.190014 -0.635879 -0.678881 -0.367122 -0.635897 0.678868 -0.367115 0.519197 -0.678874 -0.519196 0.519197 0.678874 -0.519197 -0.190014 -0.678875 0.709242 0 -0.678868 0.73426 0 0.678868 0.73426 -0.190044 0.678871 0.709237 -0.709242 -0.678875 -0.190014 -0.709242 0.678875 -0.190014 0.367122 -0.678881 -0.635879 0.367122 0.678881 -0.635879 0.190044 -0.678871 0.709238 0.190044 0.678871 0.709237 -0.73426 -0.678868 1.10602e-07 -0.73426 0.678868 -1.10602e-07 0.190044 -0.678871 -0.709237 0.190044 0.678871 -0.709238 -0.709242 -0.678875 0.190014 -0.709242 0.678875 0.190014 0 -0.678868 -0.73426 0 0.678868 -0.73426 0.635879 -0.678881 0.367122 0.709242 -0.678875 0.190014 0.709242 0.678875 0.190014 0.635879 0.678881 0.367122 -0.709242 -0.678875 0.190014 -0.635897 -0.678868 0.367115 -0.635897 0.678868 0.367115 -0.709242 0.678875 0.190014 -0.190044 -0.678871 -0.709237 -0.190044 0.678871 -0.709238 0.519197 -0.678874 0.519197 0.519197 0.678874 0.519196 0.621403 0.783491 -1.27647e-07 0.600228 0.783497 -0.160808 0.701374 -0.687579 -0.18791 0.726117 -0.687571 1.1202e-07 0.367122 0.678881 -0.635879 0.190044 0.678871 -0.709238 0.160807 0.783497 -0.600228 0.310688 0.783496 -0.53815 0.190044 0.678871 0.709237 0.367122 0.678881 0.635879 0.310688 0.783497 0.53815 0.160807 0.783497 0.600227 -0.709242 0.678875 0.190014 -0.600228 0.783497 0.160807 0 0.678868 -0.73426 0 0.783491 -0.621403 0.519197 0.678874 0.519196 0.439391 0.7835 0.439391 0.635879 0.678881 0.367122 0.709242 0.678875 0.190014 0.600228 0.783497 0.160807 0.53815 0.783497 0.310688 -0.635897 0.678868 0.367115 -0.53815 0.783497 0.310688 -0.190044 0.678871 -0.709238 -0.160807 0.783497 -0.600228 0.73426 0.678868 -1.10602e-07 0.621403 0.783491 -1.27647e-07 -0.519197 0.678874 0.519196 -0.439391 0.7835 0.439391 -0.367122 0.678881 -0.635879 -0.310688 0.783496 -0.53815 0.709242 0.678875 -0.190014 0.600228 0.783497 -0.160808 -0.367122 0.678881 0.635879 -0.310688 0.783497 0.53815 -0.519197 0.678874 -0.519197 -0.439391 0.783499 -0.439391 0.635879 0.678881 -0.367122 0.53815 0.783496 -0.310689 -0.190044 0.678871 0.709237 -0.160807 0.783497 0.600227 -0.635897 0.678868 -0.367115 -0.53815 0.783496 -0.310689 0.519197 0.678874 -0.519197 0.439391 0.783499 -0.439391 0 0.678868 0.73426 0 0.783491 0.621403 -0.271589 -0.839609 -0.47042 -0.140571 -0.839611 -0.524684 0 -1 1.62921e-07 -0.439391 0.7835 0.439391 -0.310688 0.783497 0.53815 -0.363062 -0.687577 0.628827 -0.513435 -0.687581 0.513435 -0.310688 0.783496 -0.53815 -0.439391 0.783499 -0.439391 -0.513435 -0.687582 -0.513435 -0.363062 -0.687577 -0.628827 0.600228 0.783497 -0.160808 0.53815 0.783496 -0.310689 0.628846 -0.687564 -0.363055 0.701374 -0.687579 -0.18791 -0.160807 0.783497 0.600227 -0.18791 -0.687579 0.701374 -0.53815 0.783496 -0.310689 -0.628827 -0.687577 -0.363062 0.439391 0.783499 -0.439391 0.513435 -0.687582 -0.513435 0 0.783491 0.621403 0 -0.687571 0.726117 -0.600228 0.783497 -0.160808 -0.701374 -0.687579 -0.18791 0.310688 0.783496 -0.53815 0.363062 -0.687577 -0.628827 0.160807 0.783497 0.600227 0.18791 -0.687579 0.701374 -0.621403 0.783491 -1.27647e-07 -0.726117 -0.687571 1.1202e-07 0.160807 0.783497 -0.600228 0.18791 -0.687579 -0.701374 0.160807 0.783497 0.600227 0.310688 0.783497 0.53815 0.363062 -0.687577 0.628827 0.18791 -0.687579 0.701374 -0.600228 0.783497 0.160807 -0.701374 -0.687579 0.18791 0 0.783491 -0.621403 0 -0.687571 -0.726117 0.439391 0.7835 0.439391 0.513435 -0.687581 0.513435 0.53815 0.783497 0.310688 0.600228 0.783497 0.160807 0.701374 -0.687579 0.18791 0.628827 -0.687577 0.363062 -0.600228 0.783497 0.160807 -0.53815 0.783497 0.310688 -0.628827 -0.687577 0.363062 -0.701374 -0.687579 0.18791 -0.160807 0.783497 -0.600228 -0.18791 -0.687579 -0.701374 -0.160807 0.783497 -0.600228 -0.18791 -0.687579 -0.701374 -0.697882 -0.592133 0.402914 -0.778386 -0.592128 0.208567 0.524684 -0.839611 -0.140571 0.470421 -0.839609 -0.271589 -0.778385 -0.592128 -0.208566 -0.697882 -0.592133 -0.402914 0.470421 -0.839609 0.271589 0.524684 -0.839611 0.140571 0.208566 -0.592129 -0.778385 0.402914 -0.592133 -0.697882 -0.271589 -0.839609 0.470421 -0.140571 -0.839611 0.524684 0.697882 -0.592133 -0.402914 0.778385 -0.592128 -0.208566 -0.52472 -0.839588 0.140572 -0.470433 -0.8396 0.271596 0.569818 -0.592127 0.569818 0.402914 -0.592133 0.697882 -0.271589 -0.839609 -0.47042 -0.384081 -0.839607 -0.384111 0 -0.592139 0.805836 0 -0.839601 -0.543203 0.697882 -0.592133 0.402914 -0.470421 -0.839609 -0.271589 -0.569797 -0.592138 0.569828 0.384107 -0.839597 -0.384107 -0.805836 -0.592139 9.64716e-08 0.543203 -0.839601 1.36788e-07 0 -0.592139 -0.805836 0 -0.839601 0.543203 0.569797 -0.592138 -0.569828 -0.384107 -0.839597 0.384107 0.805836 -0.592139 9.64716e-08 0.778386 -0.592128 0.208567 -0.524684 -0.839611 -0.140571 -0.543203 -0.839601 1.36788e-07 0.208566 -0.592128 0.778386 -0.140571 -0.839611 -0.524684 -0.569818 -0.592127 -0.569818 0.384112 -0.839607 0.384081 -0.208566 -0.592129 -0.778385 0.140571 -0.839611 0.524684 -0.628827 -0.687577 -0.363062 -0.701374 -0.687579 -0.18791 -0.318714 -0.943996 -0.0853932 -0.285754 -0.943999 -0.164958 -0.140571 -0.839611 0.524684 -0.271589 -0.839609 0.470421 0 -1 1.62921e-07 0.543203 -0.839601 1.36788e-07 0.524684 -0.839611 0.140571 0 -1 1.62921e-07 -0.140571 -0.839611 -0.524684 0 -0.839601 -0.543203 0 -1 1.62921e-07 -0.384107 -0.839597 0.384107 0.470421 -0.839609 0.271589 0.140571 -0.839611 -0.524684 0.384112 -0.839607 0.384081 0.271589 -0.839609 -0.47042 -0.470433 -0.8396 0.271596 -0.52472 -0.839588 0.140572 -0.52472 -0.839588 0.140572 -0.543203 -0.839601 1.36788e-07 0.140571 -0.839611 0.524684 0 -0.839601 0.543203 -0.384081 -0.839607 -0.384111 -0.18791 -0.687579 0.701374 0 -0.687571 0.726117 0 -0.944 0.329947 -0.0853934 -0.943996 0.318715 0.628846 -0.687564 -0.363055 0.513435 -0.687582 -0.513435 0.23332 -0.943993 -0.23332 0.285754 -0.943999 -0.164958 -0.513435 -0.687582 -0.513435 -0.23332 -0.943993 -0.23332 -0.363062 -0.687577 0.628827 -0.164958 -0.943999 0.285754 0.701374 -0.687579 -0.18791 0.318714 -0.943996 -0.0853932 -0.363062 -0.687577 -0.628827 -0.164958 -0.943999 -0.285754 -0.513435 -0.687581 0.513435 -0.23332 -0.943993 0.23332 0.726117 -0.687571 1.1202e-07 0.329947 -0.944 1.53797e-07 -0.18791 -0.687579 -0.701374 -0.0853934 -0.943996 -0.318714 -0.628827 -0.687577 0.363062 -0.285754 -0.943999 0.164958 0.701374 -0.687579 0.18791 0.318714 -0.943996 0.0853935 0.513435 -0.687581 0.513435 0.628827 -0.687577 0.363062 0.285754 -0.943999 0.164958 0.23332 -0.943993 0.23332 0 -0.687571 -0.726117 0 -0.944 -0.329946 0.363062 -0.687577 0.628827 0.164988 -0.943994 0.285753 0.18791 -0.687579 -0.701374 0.0853934 -0.943996 -0.318714 -0.726117 -0.687571 1.1202e-07 -0.701374 -0.687579 0.18791 -0.318714 -0.943996 0.0853935 -0.329947 -0.944 1.53797e-07 0.18791 -0.687579 0.701374 0.0853934 -0.943996 0.318715 0.363062 -0.687577 -0.628827 0.164958 -0.943999 -0.285754 0.777252 -0.441027 -0.448748 0.866916 -0.441026 -0.232278 -0.634621 -0.441036 -0.634621 -0.448748 -0.441027 -0.777252 -0.448748 -0.441027 0.777252 -0.634621 -0.441036 0.634621 0.897494 -0.441026 7.18522e-08 0.777252 -0.441027 0.448748 0.634621 -0.441036 0.634621 -0.232278 -0.441027 -0.866915 -0.777252 -0.441027 0.448748 0.866916 -0.441026 0.232278 0 -0.441026 -0.897494 -0.866916 -0.441026 0.232278 0.448748 -0.441027 0.777252 0.232278 -0.441027 -0.866915 -0.897494 -0.441026 7.18522e-08 0.232278 -0.441026 0.866916 -0.866916 -0.441026 -0.232278 0 -0.441026 0.897494 -0.777263 -0.441033 -0.448723 -0.232278 -0.441026 0.866916 0.634621 -0.441036 -0.634621 -0.448748 -0.441027 -0.777252 -0.634621 -0.441036 -0.634621 -0.707107 -1.15202e-07 -0.707107 -0.499989 -1.41094e-07 -0.866032 0.777252 -0.441027 0.448748 0.866916 -0.441026 0.232278 0.96593 4.21642e-08 0.258802 0.866032 8.14586e-08 0.499989 -0.448748 -0.441027 0.777252 -0.232278 -0.441026 0.866916 -0.258802 1.5737e-07 0.96593 -0.499989 1.41094e-07 0.866032 -0.777263 -0.441033 -0.448723 -0.866032 -8.14586e-08 -0.499989 0.777252 -0.441027 -0.448748 0.634621 -0.441036 -0.634621 0.707107 -1.15202e-07 -0.707107 0.866032 -8.14586e-08 -0.499989 0 -0.441026 0.897494 0 1.62921e-07 1 -0.866916 -0.441026 -0.232278 -0.96593 -4.21642e-08 -0.258802 0.448748 -0.441027 -0.777252 0.499989 -1.41094e-07 -0.866032 0.232278 -0.441026 0.866916 0.258802 1.5737e-07 0.96593 -0.897494 -0.441026 7.18522e-08 -1 0 -0 0.232278 -0.441026 0.866916 0.448748 -0.441027 0.777252 0.499989 1.41094e-07 0.866032 0.258802 1.5737e-07 0.96593 -0.866916 -0.441026 0.232278 -0.96593 4.21642e-08 0.258802 0.866916 -0.441026 -0.232278 0.96593 -4.21642e-08 -0.258802 0.634621 -0.441036 0.634621 0.707107 1.15202e-07 0.707107 -0.866916 -0.441026 0.232278 -0.777252 -0.441027 0.448748 -0.866032 8.14586e-08 0.499989 -0.96593 4.21642e-08 0.258802 0 -0.441026 -0.897494 -0.232278 -0.441027 -0.866915 -0.258802 -1.5737e-07 -0.96593 0 -1.62921e-07 -1 0.897494 -0.441026 7.18522e-08 0.866916 -0.441026 -0.232278 0.96593 -4.21642e-08 -0.258802 1 0 0 -0.634621 -0.441036 0.634621 -0.707107 1.15202e-07 0.707107 -0.232278 -0.441027 -0.866915 -0.258802 -1.5737e-07 -0.96593 -0.153757 0.153757 -0.976073 -0.108711 0.188305 -0.976075 -0.166848 0.289015 -0.942673 -0.235974 0.235973 -0.942673 0.519196 0.519196 -0.678874 0.635879 0.367122 -0.678881 0.709238 0.190043 -0.678871 0.617348 -0.541385 -0.570775 -0.617348 -0.541385 -0.570775 -0.709242 0.190014 -0.678875 -0.635879 0.367122 -0.678881 -0.519196 0.519196 -0.678874 -0.367122 0.635879 -0.678881 -0.190044 0.709237 -0.678871 0 0.73426 -0.678868 0.190044 0.709237 -0.678871 0.367115 0.635897 -0.678868 0 -0.73426 -0.678868 0 -0.73426 0.678868 -0.190044 -0.709237 0.678871 -0.190044 -0.709238 -0.678871 -0.1883 0.108707 -0.976077 -0.289016 0.166848 -0.942673 0.519197 -0.519197 -0.678874 0.367122 -0.635879 -0.678881 -0.108711 0.188305 -0.976075 -0.153757 0.153757 -0.976073 -0.367122 -0.635879 0.678881 -0.367115 -0.635897 -0.678868 0.73426 -1.10602e-07 -0.678868 0.709238 -0.190044 -0.678871 -0.210029 0.056276 -0.976074 -0.217422 -1.59023e-07 -0.976078 -0.519196 -0.519196 0.678874 -0.519197 -0.519197 -0.678874 -0.108707 -0.1883 -0.976077 -0.153757 -0.153757 -0.976073 -0.235974 -0.235974 -0.942673 -0.166848 -0.289016 -0.942673 0.519196 0.519196 -0.678874 0.635897 0.367115 -0.678868 -0.188305 -0.108711 -0.976075 -0.153757 -0.153757 -0.976073 -0.519197 -0.519197 -0.678874 -0.519196 -0.519196 0.678874 -0.635879 -0.367122 0.678881 -0.635897 -0.367115 -0.678868 -0.188305 -0.108711 -0.976075 -0.210035 -0.056278 -0.976073 -0.32237 -0.0863684 -0.942665 -0.289015 -0.166848 -0.942673 0 0.73426 -0.678868 0.190044 0.709237 -0.678871 -0.0562762 -0.210029 -0.976074 0 -0.217451 -0.976071 0 0.217451 -0.976071 0.0562779 0.210035 -0.976073 0.0863682 0.32237 -0.942665 0 0.333725 -0.942671 0.709238 0.190043 -0.678871 0.709238 0.190044 0.678871 0.617348 -0.541385 0.570775 0.617348 -0.541385 -0.570775 0.0863683 -0.32237 -0.942665 0 -0.333725 -0.94267 0 -0.0975698 -0.995229 0.0252393 -0.0942433 -0.995229 0.635879 0.367122 -0.678881 0.635879 0.367122 0.678881 -0.367115 0.635897 -0.678868 -0.190044 0.709237 -0.678871 0.0562779 -0.210035 -0.976073 0.108707 -0.1883 -0.976077 0.519196 0.519196 -0.678874 0.519197 0.519197 0.678874 0 -0.73426 -0.678868 -0.190044 -0.709238 -0.678871 0.0562779 0.210035 -0.976073 0 0.217451 -0.976071 0.367115 0.635897 -0.678868 0.367122 0.635879 0.678881 -0.635897 0.367115 -0.678868 -0.635897 0.367115 0.678868 -0.519197 0.519197 0.678874 -0.519196 0.519196 -0.678874 -0.709238 0.190043 -0.678871 -0.635897 0.367115 -0.678868 0.1883 -0.108707 -0.976077 0.210029 -0.0562763 -0.976074 0.190044 0.709237 -0.678871 0.190014 0.709242 0.678875 0.367122 0.635879 0.678881 0.367115 0.635897 -0.678868 -0.519196 0.519196 -0.678874 -0.519197 0.519197 0.678874 -0.367122 0.635879 0.678881 -0.367115 0.635897 -0.678868 0 0.73426 -0.678868 0 0.73426 0.678868 -0.190044 0.709238 0.678871 -0.190044 0.709237 -0.678871 -0.367115 -0.635897 -0.678868 0.108711 0.188305 -0.976075 -0.190044 0.709237 -0.678871 -0.190044 0.709238 0.678871 0 0.73426 0.678868 0 0.73426 -0.678868 0.635897 -0.367115 -0.678868 -0.1883 0.108707 -0.976077 -0.367122 0.635879 -0.678881 -0.367122 0.635879 0.678881 0.190044 0.709238 0.678871 0.190044 0.709237 -0.678871 0.709242 0.190014 -0.678875 -0.210035 -0.056278 -0.976073 -0.519196 0.519196 -0.678874 -0.519197 0.519197 0.678874 0.367122 0.635879 0.678881 0.367115 0.635897 -0.678868 0.367115 0.635897 -0.678868 -0.108707 -0.1883 -0.976077 -0.635879 0.367122 -0.678881 -0.635897 0.367115 0.678868 -0.519197 0.519197 0.678874 -0.519196 0.519196 -0.678874 0.367115 0.635897 -0.678868 0.367122 0.635879 0.678881 0.519197 0.519197 0.678874 0.519196 0.519196 -0.678874 -0.709242 0.190014 -0.678875 -0.709242 0.190014 0.678875 0.635879 0.367122 0.678881 0.635897 0.367115 -0.678868 -0.519196 0.519196 -0.678874 0.153723 -0.153723 -0.976083 -0.617348 -0.541385 -0.570775 -0.617348 -0.541385 0.570775 0.709238 0.190044 0.678871 0.709242 0.190014 -0.678875 0.73426 1.10602e-07 0.678868 0.73426 -1.10602e-07 -0.678868 -0.709238 -0.190044 -0.678871 -0.73426 -1.10602e-07 -0.678868 0.217451 -1.59022e-07 -0.976071 0.210035 0.0562777 -0.976073 0.709238 -0.190043 0.678871 0.709238 -0.190044 -0.678871 -0.519197 -0.519197 -0.678874 0.153757 0.153757 -0.976073 -0.635897 -0.367115 -0.678868 0.188305 0.10871 -0.976075 0.635879 -0.367122 0.678881 0.635897 -0.367115 -0.678868 0.635879 0.367122 0.678881 0.519197 0.519197 0.678874 0.367122 0.635879 0.678881 0.190014 0.709242 0.678875 0 0.73426 0.678868 -0.190044 0.709238 0.678871 -0.367122 0.635879 0.678881 -0.519197 0.519197 0.678874 -0.635897 0.367115 0.678868 -0.709242 0.190014 0.678875 -0.617348 -0.541385 0.570775 0.617348 -0.541385 0.570775 0.709238 0.190044 0.678871 0.190044 -0.709238 -0.678871 -0.0562779 0.210035 -0.976073 0.635897 -0.367115 -0.678868 0.635879 -0.367122 0.678881 0.519196 -0.519196 0.678874 0.519197 -0.519197 -0.678874 0.367122 -0.635879 0.678881 0.367122 -0.635879 -0.678881 -0.190044 -0.709237 0.678871 0 -0.73426 0.678868 0.190044 -0.709237 0.678871 0.367122 -0.635879 0.678881 0.519196 -0.519196 0.678874 0.635879 -0.367122 0.678881 0.709238 -0.190043 0.678871 0.73426 1.10602e-07 0.678868 0.709238 0.190044 0.678871 0.635879 0.367122 0.678881 0.519197 0.519197 0.678874 0.367122 0.635879 0.678881 0.190044 0.709238 0.678871 0 0.73426 0.678868 -0.190044 0.709238 0.678871 -0.367122 0.635879 0.678881 -0.519197 0.519197 0.678874 -0.635897 0.367115 0.678868 -0.709242 0.190014 0.678875 -0.73426 1.10602e-07 0.678868 -0.709238 -0.190043 0.678871 -0.635879 -0.367122 0.678881 -0.519196 -0.519196 0.678874 -0.367122 -0.635879 0.678881 -0.0863683 -0.32237 -0.942665 0.190044 -0.709237 0.678871 0.190044 -0.709238 -0.678871 0.235974 0.235973 -0.942673 0.166877 0.289014 -0.942668 -0.617348 -0.541385 -0.570775 0.617348 -0.541385 -0.570775 0.617348 -0.541385 0.570775 -0.617348 -0.541385 0.570775 -0.210029 0.056276 -0.976074 -0.1883 0.108707 -0.976077 -0.289016 0.166848 -0.942673 -0.32237 0.0863681 -0.942665 -0.217422 -1.59023e-07 -0.976078 -0.333725 -1.53581e-07 -0.94267 -0.166848 -0.289016 -0.942673 0.166877 -0.289014 -0.942668 0.235974 -0.235974 -0.942673 0.289014 -0.166878 -0.942668 0.0863682 0.32237 -0.942665 0.32237 -0.0863684 -0.942665 0.333725 -1.53581e-07 -0.94267 0.32237 0.0863681 -0.942665 0.289014 0.166877 -0.942668 0 0.0975695 -0.995229 0.0252393 0.094243 -0.995229 0.0487697 0.084477 -0.995231 0.0689734 0.0689732 -0.995231 0.0844771 0.0487695 -0.995231 0.0942431 0.0252392 -0.995229 0.0975697 -1.62143e-07 -0.995229 0.0942431 -0.0252395 -0.995229 0.0844771 -0.0487698 -0.995231 0.0689734 -0.0689736 -0.995231 0.0487697 -0.0844773 -0.995231 -0.0252393 -0.0942433 -0.995229 -0.0487697 -0.0844773 -0.995231 -0.0689734 -0.0689736 -0.995231 -0.0844771 -0.0487698 -0.995231 -0.0942431 -0.0252395 -0.995229 -0.0975697 -1.62143e-07 -0.995229 -0.0942431 0.0252392 -0.995229 -0.0844771 0.0487695 -0.995231 -0.0689734 0.0689732 -0.995231 -0.0487697 0.084477 -0.995231 -0.0252393 0.094243 -0.995229 -0.235974 -0.235974 -0.942673 -0.333725 -1.53581e-07 -0.94267 -0.32237 0.0863681 -0.942665 -0.235974 0.235973 -0.942673 -0.166848 0.289015 -0.942673 -0.32237 -0.0863684 -0.942665 -0.289016 0.166848 -0.942673 -0.289015 -0.166848 -0.942673 0 0.333725 -0.942671 0.66559 0.126196 -0.735571 0.586819 0.619078 -0.521906 0.707107 0.707107 -1.15202e-07 1 0 0 0 -1 1.62921e-07 -0.707107 -0.707107 1.15202e-07 -0.619515 -0.58692 -0.521273 -0.127632 -0.665108 -0.73576 -1 0 -0 -0.707107 0.707107 -1.15202e-07 -0.586819 0.619078 -0.521906 -0.66559 0.126196 -0.735571 -0.127632 0.665107 -0.73576 -0.619515 0.58692 -0.521273 -0.707107 0.707107 -1.15202e-07 0 1 -1.62921e-07 -0.707107 0.707107 -1.15202e-07 0.707107 0.707107 -1.15202e-07 0.586819 0.619078 -0.521906 -0.586819 0.619078 -0.521906 -0.127632 -0.665108 -0.73576 -0.619515 -0.58692 -0.521273 -0.619515 0.58692 -0.521273 -0.127632 0.665107 -0.73576 -0.707107 -0.707107 1.15202e-07 -0.707107 0.707107 -1.15202e-07 -0.619515 0.58692 -0.521273 -0.619515 -0.58692 -0.521273 0 1 -1.62921e-07 0.707107 0.707107 -1.15202e-07 0.619515 0.58692 -0.521273 0.127632 0.665107 -0.73576 0.127632 -0.665108 -0.73576 0.619515 -0.58692 -0.521273 0.707107 -0.707107 1.15202e-07 0 -1 1.62921e-07 0.127632 0.665107 -0.73576 0.619515 0.58692 -0.521273 0.619515 -0.58692 -0.521273 0.127632 -0.665108 -0.73576 0.707107 0.707107 -1.15202e-07 0.707107 -0.707107 1.15202e-07 0.619515 -0.58692 -0.521273 0.619515 0.58692 -0.521273 0.104801 -0.703518 -0.702908 0.391927 0.324052 -0.861036 0.658662 0.531398 -0.53271 0.658662 -0.531398 -0.53271 -0.104801 -0.703518 -0.702908 -0.391927 0.324052 -0.861036 0.0791957 -0.996859 1.62409e-07 -0.0791957 -0.996859 1.62409e-07 -0.104801 -0.703518 -0.702908 0.104801 -0.703518 -0.702908 -0.648718 0.761029 -1.23987e-07 0.648736 0.761014 -1.23985e-07 0.525602 0.616549 -0.586183 -0.525602 0.616549 -0.586183 -0.391927 0.324052 -0.861036 -0.706985 0.707229 -1.15222e-07 -0.648718 0.761029 -1.23987e-07 -0.525602 0.616549 -0.586183 0.706985 0.707229 -1.15222e-07 0.391927 0.324052 -0.861036 0.525602 0.616549 -0.586183 0.648736 0.761014 -1.23985e-07 -0.525602 0.616549 -0.586183 0.525602 0.616549 -0.586183 0.658662 -0.531398 -0.53271 0.658662 0.531398 -0.53271 0.760902 0.648867 -1.05714e-07 0.760902 -0.648867 1.05714e-07 -0.760902 -0.648867 1.05714e-07 -0.760902 0.648867 -1.05714e-07 -0.658662 0.531398 -0.53271 -0.658662 -0.531398 -0.53271 -0.706985 0.707229 -1.15222e-07 -0.391927 0.324052 -0.861036 -0.658662 0.531398 -0.53271 -0.760902 0.648867 -1.05714e-07 0.391927 0.324052 -0.861036 0.706985 0.707229 -1.15222e-07 0.760902 0.648867 -1.05714e-07 0.658662 0.531398 -0.53271 0.658662 -0.531398 -0.53271 0.760902 -0.648867 1.05714e-07 -0.760902 -0.648867 1.05714e-07 -0.658662 -0.531398 -0.53271 0 0.475419 -0.87976 0.181922 0.439226 -0.879764 0.218336 0.5271 -0.821277 0 0.57053 -0.821277 0 -0.746201 -0.665721 0 -1 1.62921e-07 -0.382682 -0.92388 1.50519e-07 -0.285541 -0.689406 -0.665722 -0.439226 0.181922 -0.879764 -0.336165 0.336164 -0.879765 -0.403412 0.403412 -0.82129 -0.5271 0.218336 -0.821276 0.285541 0.689406 -0.665723 0.527647 0.527647 -0.665716 0.336174 0.336173 -0.879758 0.181922 0.439226 -0.879764 -0.707107 -0.707107 1.15202e-07 -0.527647 -0.527647 -0.665716 0.336174 -0.336174 -0.879758 0.181922 -0.439226 -0.879764 0.218336 -0.5271 -0.821276 0.403433 -0.403433 -0.82127 -0.527647 0.527647 -0.665716 -0.285541 0.689406 -0.665723 -0.181922 0.439226 -0.879764 -0.336165 0.336164 -0.879765 -0.527647 -0.527647 -0.665716 -0.707107 -0.707107 1.15202e-07 -0.92388 -0.382682 6.23467e-08 -0.689406 -0.285541 -0.665722 -0.181922 -0.439226 -0.879764 -0.336165 -0.336165 -0.879765 -0.403412 -0.403412 -0.82129 -0.218336 -0.5271 -0.821276 -0.689406 -0.285541 -0.665722 -0.746201 -1.0846e-07 -0.665721 -0.475419 -1.43331e-07 -0.87976 -0.439226 -0.181922 -0.879764 -1 0 -0 -0.746201 -1.0846e-07 -0.665721 -0.475419 -1.43331e-07 -0.87976 -0.57053 -1.33803e-07 -0.821277 0.285541 -0.689406 -0.665722 0 -0.746201 -0.665721 0 -0.475419 -0.87976 0.181922 -0.439226 -0.879764 -0.92388 0.382682 -6.23467e-08 -0.689406 0.285541 -0.665722 -0.181922 0.439226 -0.879764 -0.218336 0.5271 -0.821277 -0.707107 0.707107 -1.15202e-07 -0.527647 0.527647 -0.665716 0 -0.475419 -0.87976 0 -0.57053 -0.821277 0.689406 0.285541 -0.665722 0.439238 0.181927 -0.879757 -0.527647 0.527647 -0.665716 -0.707107 0.707107 -1.15202e-07 -0.382682 0.92388 -1.50519e-07 -0.285541 0.689406 -0.665723 0.5271 0.218336 -0.821276 0.403412 0.403412 -0.82129 0 0.746201 -0.665721 0 0.475419 -0.87976 0 1 -1.62921e-07 0 0.746201 -0.665721 0.439238 -0.181927 -0.879757 0.336174 -0.336174 -0.879758 0.403433 -0.403433 -0.82127 0.5271 -0.218336 -0.821276 -0.285541 -0.689406 -0.665722 -0.181922 -0.439226 -0.879764 0.382682 0.92388 -1.50519e-07 0.285541 0.689406 -0.665723 -0.689406 0.285541 -0.665722 -0.439226 0.181922 -0.879764 0.285541 0.689406 -0.665723 0.382682 0.92388 -1.50519e-07 0.707107 0.707107 -1.15202e-07 0.527647 0.527647 -0.665716 -0.439226 -0.181922 -0.879764 -0.5271 -0.218336 -0.821276 -0.527647 -0.527647 -0.665716 -0.336165 -0.336165 -0.879765 0.92388 0.382682 -6.23467e-08 0.689406 0.285541 -0.665722 -0.336165 0.336164 -0.879765 -0.403412 0.403412 -0.82129 0.527647 -0.527647 -0.665716 1 0 0 0.746201 -1.0846e-07 -0.665721 0.336174 0.336173 -0.879758 0.403412 0.403412 -0.82129 0.746201 -1.0846e-07 -0.665721 0.475419 -1.43331e-07 -0.87976 0.92388 -0.382682 6.23467e-08 0.689406 -0.285541 -0.665722 0.707107 -0.707107 1.15202e-07 0.527647 -0.527647 -0.665716 -0.336165 -0.336165 -0.879765 -0.403412 -0.403412 -0.82129 0.527647 -0.527647 -0.665716 0.707107 -0.707107 1.15202e-07 0.382682 -0.92388 1.50519e-07 0.285541 -0.689406 -0.665722 0.57053 -1.33803e-07 -0.821277 0 -0.57053 -0.821277 -0.218336 -0.5271 -0.821276 -0.403412 -0.403412 -0.82129 -0.5271 -0.218336 -0.821276 -0.57053 -1.33803e-07 -0.821277 -0.5271 0.218336 -0.821276 -0.403412 0.403412 -0.82129 -0.218336 0.5271 -0.821277 0 0.57053 -0.821277 0.218336 0.5271 -0.821277 0.218336 -0.5271 -0.821276 0.707104 -0.110602 -0.698406 0.707104 -0.110602 -0.698406 0.707104 0.110602 0.698406 0.707104 0.110602 0.698406 0.707104 0.110602 0.698406 0.707104 0.110602 0.698406 -0.707104 0.110602 0.698406 -0.707104 0.110602 0.698406 -0.707104 0.110602 0.698406 -0.707104 0.110602 0.698406 -0.707104 -0.110602 -0.698406 -0.707104 -0.110602 -0.698406 -0.707104 -0.110602 -0.698406 -0.707104 -0.110602 -0.698406 0.707104 -0.110602 -0.698406 0.707104 -0.110602 -0.698406 0.577362 -0.479914 0.660557 0.707104 0.110602 0.698406 -0.707104 0.110602 0.698406 -0.577362 -0.479914 0.660557 -0.707104 -0.110602 -0.698406 -0.707104 0.110602 0.698406 -0.707104 0.110602 0.698406 -0.707104 -0.110602 -0.698406 -0.707104 0.110602 0.698406 0.707104 0.110602 0.698406 0.707104 0.110602 0.698406 -0.707104 0.110602 0.698406 0.707104 0.110602 0.698406 0.707104 -0.110602 -0.698406 0.707104 -0.110602 -0.698406 0.707104 0.110602 0.698406 0.707104 -0.110602 -0.698406 -0.707104 -0.110602 -0.698406 -0.707104 -0.110602 -0.698406 0.707104 -0.110602 -0.698406 0.577362 -0.660557 -0.479914 0.707104 -0.110602 -0.698406 0.707104 0.110602 0.698406 0.577362 -0.479914 0.660557 0.577362 -0.660557 -0.479914 0.577362 0.479914 -0.660557 0.577362 0.660557 0.479914 0.577362 -0.479914 0.660557 0.577362 -0.479914 0.660557 0.577362 0.660557 0.479914 -0.577362 0.660557 0.479914 -0.577362 -0.479914 0.660557 0.577362 -0.479914 0.660557 -0.577362 -0.479914 0.660557 -0.577362 -0.660557 -0.479914 0.577362 -0.660557 -0.479914 -0.577362 -0.479914 0.660557 -0.707104 0.110602 0.698406 -0.707104 -0.110602 -0.698406 -0.577362 -0.660557 -0.479914 -0.577362 -0.660557 -0.479914 -0.707104 -0.110602 -0.698406 0.707104 -0.110602 -0.698406 0.577362 -0.660557 -0.479914 0.577362 -0.479914 0.660557 -0.577362 -0.479914 0.660557 -0.577362 -0.660557 -0.479914 0.577362 -0.660557 -0.479914 0.577362 -0.660557 -0.479914 0.577362 0.479914 -0.660557 0.577362 0.660557 0.479914 0.577342 -0.479922 0.660569 0.577342 -0.479922 0.660569 0.577362 0.660557 0.479914 -0.577362 0.660557 0.479914 -0.577342 -0.479922 0.660569 -0.577342 -0.479922 0.660569 -0.577362 0.660557 0.479914 -0.577362 0.479914 -0.660557 -0.577342 -0.660569 -0.479922 0.577342 -0.479922 0.660569 -0.577342 -0.479922 0.660569 -0.577342 -0.660569 -0.479922 0.577362 -0.660557 -0.479914 -0.577362 0.660557 0.479914 0.577362 0.660557 0.479914 0.577362 0.479914 -0.660557 -0.577362 0.479914 -0.660557 0.577362 -0.660557 -0.479914 0.577362 0.479914 -0.660557 0.577342 0.660569 0.479922 0.577362 -0.479914 0.660557 0.577362 -0.479914 0.660557 0.577342 0.660569 0.479922 -0.577362 0.660557 0.479914 -0.577342 -0.479922 0.660569 -0.577342 -0.479922 0.660569 -0.577362 0.660557 0.479914 -0.577362 0.479914 -0.660557 -0.577342 -0.660569 -0.479922 -0.577342 -0.660569 -0.479922 -0.577362 0.479914 -0.660557 0.577362 0.479914 -0.660557 0.577362 -0.660557 -0.479914 0.577362 -0.479914 0.660557 -0.577342 -0.479922 0.660569 -0.577342 -0.660569 -0.479922 0.577362 -0.660557 -0.479914 -0.577362 0.660557 0.479914 0.577342 0.660569 0.479922 0.577362 0.479914 -0.660557 -0.577362 0.479914 -0.660557 0.577342 -0.660569 -0.479922 0.577362 0.479914 -0.660557 0.577362 0.660557 0.479914 0.577342 -0.479922 0.660569 0.577342 -0.479922 0.660569 0.577362 0.660557 0.479914 -0.577362 0.660557 0.479914 -0.577362 -0.479914 0.660557 -0.577362 -0.479914 0.660557 -0.577362 0.660557 0.479914 -0.577342 0.479922 -0.660569 -0.577362 -0.660557 -0.479914 -0.577362 -0.660557 -0.479914 -0.577342 0.479922 -0.660569 0.577362 0.479914 -0.660557 0.577342 -0.660569 -0.479922 0.577342 -0.479922 0.660569 -0.577362 -0.479914 0.660557 -0.577362 -0.660557 -0.479914 0.577342 -0.660569 -0.479922 -0.577362 0.660557 0.479914 0.577362 0.660557 0.479914 0.577362 0.479914 -0.660557 -0.577342 0.479922 -0.660569 0.577362 -0.660557 -0.479914 0.577362 0.479914 -0.660557 0.577362 0.660557 0.479914 0.577362 -0.479914 0.660557 0.577362 -0.479914 0.660557 0.577362 0.660557 0.479914 -0.577362 0.660557 0.479914 -0.577362 -0.479914 0.660557 -0.577362 -0.479914 0.660557 -0.577362 0.660557 0.479914 -0.577362 0.479914 -0.660557 -0.577342 -0.660569 -0.479922 -0.577342 -0.660569 -0.479922 -0.577362 0.479914 -0.660557 0.577362 0.479914 -0.660557 0.577362 -0.660557 -0.479914 0.577362 -0.479914 0.660557 -0.577362 -0.479914 0.660557 -0.577342 -0.660569 -0.479922 0.577362 -0.660557 -0.479914 -0.577362 0.660557 0.479914 0.577362 0.660557 0.479914 0.577362 0.479914 -0.660557 -0.577362 0.479914 -0.660557 -0.339156 0.236216 0.910591 -0.339161 -0.056705 -0.939018 -0.707109 -0.493533 -0.506381 -0.707112 -0.312888 0.634109 0.385152 -0.249219 0.888565 -0.339156 0.236216 0.910591 -0.707112 -0.312888 0.634109 0.408253 -0.608091 0.680849 -0.355094 -0.635873 0.685254 -0.735235 0.441031 0.514704 -0.735238 0.26039 -0.625797 -0.355089 -0.816507 -0.455222 -0.496944 -0.265639 -0.826125 -0.496965 0.00259422 0.867766 -0.757162 0.10218 0.645186 -0.757175 -0.102178 -0.645171 0.355089 0.816507 0.455222 0.735238 -0.26039 0.625797 0.735247 -0.441038 -0.514682 0.355094 0.635873 -0.685254 -0.655729 0.476095 0.585963 -0.655713 0.271716 -0.704422 0.735247 -0.441038 -0.514682 -0.355089 -0.816507 -0.455222 -0.735238 0.26039 -0.625797 0.355094 0.635873 -0.685254 -0.655713 0.271716 -0.704422 -0.655729 0.476095 0.585963 -0.378593 0.749832 0.542605 -0.378565 0.545476 -0.74776 0.735238 -0.26039 0.625797 -0.355094 -0.635873 0.685254 -0.355089 -0.816507 -0.455222 0.735247 -0.441038 -0.514682 0 0.850029 0.526736 0 0.645664 -0.763621 0.355089 0.816507 0.455222 -0.735235 0.441031 0.514704 -0.355094 -0.635873 0.685254 0.735238 -0.26039 0.625797 0.378567 0.74984 0.542611 0.378565 0.545476 -0.74776 -0.339161 -0.056705 -0.939018 0.385153 -0.511625 -0.768048 0.408259 -0.788715 -0.459623 -0.707109 -0.493533 -0.506381 0.378565 0.545476 -0.74776 0.378567 0.74984 0.542611 0.655712 0.476105 0.585975 0.65573 0.27171 -0.704408 0.385153 -0.511625 -0.768048 0.385152 -0.249219 0.888565 0.408253 -0.608091 0.680849 0.408259 -0.788715 -0.459623 0.757162 0.10218 0.645186 0.757162 -0.10218 -0.645186 0.408259 -0.788715 -0.459623 0.408253 -0.608091 0.680849 -0.707112 -0.312888 0.634109 -0.707109 -0.493533 -0.506381 0.65573 -0.27171 0.704408 0.655729 -0.476095 -0.585963 0.378556 -0.545464 0.747773 0.65573 -0.27171 0.704408 0.757162 0.10218 0.645186 0.655712 0.476105 0.585975 0.378567 0.74984 0.542611 0 0.850029 0.526736 -0.378593 0.749832 0.542605 -0.655729 0.476095 0.585963 -0.757162 0.10218 0.645186 -0.496965 0.00259422 0.867766 0.355094 0.635873 -0.685254 -0.735238 0.26039 -0.625797 -0.735235 0.441031 0.514704 0.355089 0.816507 0.455222 0.655729 -0.476095 -0.585963 0.65573 -0.27171 0.704408 0.378556 -0.545464 0.747773 0.378593 -0.749832 -0.542605 0.385152 -0.249219 0.888565 0.385153 -0.511625 -0.768048 -0.496944 -0.265639 -0.826125 -0.757175 -0.102178 -0.645171 -0.655713 0.271716 -0.704422 -0.378565 0.545476 -0.74776 0 0.645664 -0.763621 0.378565 0.545476 -0.74776 0.65573 0.27171 -0.704408 0.757162 -0.10218 -0.645186 0.655729 -0.476095 -0.585963 0.378593 -0.749832 -0.542605 -0.667699 -0.119299 0.73481 -0.667682 -0.119302 0.734825 -0.667676 -0.340537 -0.661999 -0.667693 -0.34053 -0.661986 0.667693 0.34053 0.661986 0.667693 0.34053 0.661986 0.667699 0.119299 -0.73481 0.667699 0.119299 -0.73481 0.667699 0.119299 -0.73481 -0.667693 -0.34053 -0.661986 -0.667676 -0.340537 -0.661999 0.667699 0.119299 -0.73481 0.667693 0.34053 0.661986 -0.667682 -0.119302 0.734825 -0.667699 -0.119299 0.73481 0.667693 0.34053 0.661986 0.577362 -0.660557 -0.479914 0.577342 0.479922 -0.660569 0.577342 0.660569 0.479922 0.577342 -0.479922 0.660569 0.577342 -0.479922 0.660569 0.577342 0.660569 0.479922 -0.577362 0.660557 0.479914 -0.577362 -0.479914 0.660557 -0.577362 -0.479914 0.660557 -0.577362 0.660557 0.479914 -0.577362 0.479914 -0.660557 -0.577362 -0.660557 -0.479914 -0.577362 -0.660557 -0.479914 -0.577362 0.479914 -0.660557 0.577342 0.479922 -0.660569 0.577362 -0.660557 -0.479914 0.577342 -0.479922 0.660569 -0.577362 -0.479914 0.660557 -0.577362 -0.660557 -0.479914 0.577362 -0.660557 -0.479914 -0.577362 0.660557 0.479914 0.577342 0.660569 0.479922 0.577342 0.479922 -0.660569 -0.577362 0.479914 -0.660557 0.339156 0.236216 0.910591 0.707112 -0.312888 0.634109 0.707109 -0.493533 -0.506381 0.339161 -0.056705 -0.939018 -0.385152 -0.249219 0.888565 -0.408253 -0.608091 0.680849 0.707112 -0.312888 0.634109 0.339156 0.236216 0.910591 0.496944 -0.265639 -0.826125 0.757162 -0.10218 -0.645186 0.757162 0.10218 0.645186 0.496965 0.00259422 0.867766 -0.355063 0.816516 0.455227 -0.35506 0.635867 -0.685278 -0.735247 -0.441038 -0.514682 -0.735238 -0.26039 0.625797 -0.735247 -0.441038 -0.514682 -0.35506 0.635867 -0.685278 0.735238 0.26039 -0.625797 0.355089 -0.816507 -0.455222 0.65573 0.27171 -0.704408 0.378565 0.545476 -0.74776 0.378567 0.74984 0.542611 0.655729 0.476095 0.585963 -0.735238 -0.26039 0.625797 -0.735247 -0.441038 -0.514682 0.355089 -0.816507 -0.455222 0.355094 -0.635873 0.685254 0.378565 0.545476 -0.74776 0 0.645664 -0.763621 0 0.850029 0.526736 0.378567 0.74984 0.542611 -0.355063 0.816516 0.455227 -0.735238 -0.26039 0.625797 0.355094 -0.635873 0.685254 0.735235 0.441031 0.514704 -0.378591 0.54547 -0.747751 -0.378593 0.749832 0.542605 0.339161 -0.056705 -0.939018 0.707109 -0.493533 -0.506381 -0.408259 -0.788715 -0.459623 -0.385159 -0.511602 -0.768059 -0.65573 0.27171 -0.704408 -0.655712 0.476105 0.585975 -0.385159 -0.511602 -0.768059 -0.408259 -0.788715 -0.459623 -0.408253 -0.608091 0.680849 -0.385152 -0.249219 0.888565 -0.65573 0.27171 -0.704408 -0.757162 -0.10218 -0.645186 -0.757162 0.10218 0.645186 -0.655712 0.476105 0.585975 -0.408259 -0.788715 -0.459623 0.707109 -0.493533 -0.506381 0.707112 -0.312888 0.634109 -0.408253 -0.608091 0.680849 -0.655712 -0.476105 -0.585975 -0.65573 -0.27171 0.704408 0.496965 0.00259422 0.867766 0.757162 0.10218 0.645186 0.655729 0.476095 0.585963 0.378567 0.74984 0.542611 0 0.850029 0.526736 -0.378593 0.749832 0.542605 -0.655712 0.476105 0.585975 -0.757162 0.10218 0.645186 -0.65573 -0.27171 0.704408 -0.378591 -0.54547 0.747751 -0.655712 -0.476105 -0.585975 -0.378593 -0.749832 -0.542605 -0.378591 -0.54547 0.747751 -0.65573 -0.27171 0.704408 -0.385159 -0.511602 -0.768059 -0.385152 -0.249219 0.888565 -0.378593 -0.749832 -0.542605 -0.655712 -0.476105 -0.585975 -0.757162 -0.10218 -0.645186 -0.65573 0.27171 -0.704408 -0.378591 0.54547 -0.747751 0 0.645664 -0.763621 0.378565 0.545476 -0.74776 0.65573 0.27171 -0.704408 0.757162 -0.10218 -0.645186 0.496944 -0.265639 -0.826125 0.667699 -0.119299 0.73481 0.667693 -0.34053 -0.661986 0.667676 -0.340537 -0.661999 0.667667 -0.119299 0.734839 -0.667699 0.119299 -0.73481 -0.667699 0.119299 -0.73481 0.667676 -0.340537 -0.661999 0.667693 -0.34053 -0.661986 0.652129 0.459005 -0.60336 0.959818 -0.0764803 -0.27 -0.778 0.0542023 -0.625922 -0.49679 0.450736 -0.741645 -0.55411 0.538576 -0.634743 0.869549 -0.484338 0.0964404 0.779611 -0.622193 -0.0712925 0.749074 0.113136 -0.652754 0.835491 0.245587 -0.491571 -0.394316 0.543344 -0.741143 0.230174 -0.669738 -0.706025 0.86603 -0.317425 -0.386306 -0.165507 -0.692363 -0.702312 -0.955735 -0.235027 -0.177011 0.230174 -0.669738 -0.706025 -0.165507 -0.692363 -0.702312 -0.76783 -0.471581 -0.433646 0.190044 -0.678871 0.709238 0.367122 -0.678881 0.635879 0.367122 0.678881 0.635879 0.190044 0.678871 0.709237 -0.402914 -0.592133 -0.697882 0.271589 -0.839609 0.470421 0.271589 -0.839609 0.470421 0.384107 -0.839597 -0.384107 0.140571 -0.839611 0.524684 0.470421 -0.839609 -0.271589 -0.524684 -0.839611 -0.140571 -0.470421 -0.839609 -0.271589 0.524684 -0.839611 -0.140571 0.524684 -0.839611 -0.140571 0.448748 -0.441027 -0.777252 0.232278 -0.441027 -0.866915 0.258802 -1.5737e-07 -0.96593 -0.0562779 0.210035 -0.976073 -0.0863682 0.32237 -0.942665 -0.709238 -0.190043 0.678871 -0.709238 -0.190044 -0.678871 -0.73426 1.10602e-07 0.678868 -0.73426 -1.10602e-07 -0.678868 -0.709242 0.190014 0.678875 -0.709238 0.190043 -0.678871 -0.0863682 0.32237 -0.942665 -0.66559 0.126196 -0.735571 -0.586819 0.619078 -0.521906 0.586819 0.619078 -0.521906 0.66559 0.126196 -0.735571 -0.658662 -0.531398 -0.53271 -0.658662 0.531398 -0.53271 0.689406 -0.285541 -0.665722 -0.577362 -0.479914 0.660557 -0.577362 0.660557 0.479914 -0.577342 0.479922 -0.660569 -0.577362 -0.660557 -0.479914 -0.577362 -0.660557 -0.479914 -0.577342 0.479922 -0.660569 0.577362 0.479914 -0.660557 0.577362 -0.660557 -0.479914 -0.577362 0.660557 0.479914 0.577362 0.660557 0.479914 0.577362 0.479914 -0.660557 -0.577342 0.479922 -0.660569 -0.577342 -0.660569 -0.479922 -0.577362 0.479914 -0.660557 0.577362 0.479914 -0.660557 0.577362 -0.660557 -0.479914 0.355094 -0.635873 0.685254 0.355089 -0.816507 -0.455222 0.735238 0.26039 -0.625797 0.735235 0.441031 0.514704 -0.35506 0.635867 -0.685278 -0.355063 0.816516 0.455227 0.735235 0.441031 0.514704 0.735238 0.26039 -0.625797 -0.667693 0.34053 0.661986 -0.667699 0.119299 -0.73481 -0.667699 0.119299 -0.73481 -0.667693 0.34053 0.661986 -0.667693 0.34053 0.661986 -0.667693 0.34053 0.661986 0.667699 -0.119299 0.73481 0.667667 -0.119299 0.734839 </float_array>
          <technique_common>
            <accessor count="6756" offset="0" source="#meshId0-normals-array" stride="3">
              <param name="X" type="float" />
              <param name="Y" type="float" />
              <param name="Z" type="float" />
            </accessor>
          </technique_common>
        </source>
        <source id="meshId0-tangents" name="meshId0-tangents">
          <float_array id="meshId0-tangents-array" count="20268"> -0.178682 -0.332501 0.926022 -0.140199 -0.502407 0.853189 -0.165923 -0.48464 0.858833 -0.18702 -0.326628 0.926465 -0.521086 -0.771405 -0.365244 -0.817612 -0.135872 -0.559509 -0.710054 -0.161381 -0.685405 -0.517601 -0.779627 -0.352522 -0.739582 -0.522066 0.424812 -0.599151 -0.643296 0.476643 -0.649807 -0.726655 -0.222986 -0.640963 -0.728887 -0.240604 -0.167171 -0.761806 0.625864 -0.275818 -0.817494 0.505596 -0.308168 -0.768623 0.560581 -0.21171 -0.72072 0.660107 -0.57902 -0.213162 -0.786955 -0.514599 -0.786152 -0.342275 -0.082533 -0.446397 -0.891021 -0.23701 -0.326937 -0.914843 -0.52144 -0.741097 -0.422936 -0.469941 -0.780558 -0.412171 -0.611059 -0.672076 0.418235 -0.700216 -0.51939 0.489828 -0.645582 -0.531938 0.547965 -0.574379 -0.654918 0.491091 -0.432699 -0.289844 -0.853675 -0.511585 -0.792262 -0.332568 -0.225816 0.805169 0.54837 -0.161659 0.69844 0.697171 0.43199 0.8305 0.351644 0.444115 0.828331 0.341512 -0.604478 -0.315417 0.731518 -0.466514 -0.276149 0.840301 -0.44066 -0.295544 0.847628 -0.563542 -0.343691 0.751197 -0.28021 -0.388048 -0.87801 -0.508098 -0.798881 -0.321909 -0.157627 0.987248 -0.0222539 -0.226685 0.959308 0.16835 0.452307 0.826735 0.334556 0.447035 0.82971 0.334278 -0.111393 -0.237961 0.964866 0.0735735 -0.202005 0.976617 0.0463517 -0.186362 0.981387 -0.119844 -0.232233 0.965249 -0.13794 -0.498071 -0.856095 -0.508395 -0.803707 -0.309176 0.362665 -0.0172908 0.931759 0.408968 0.144806 0.900986 0.335467 0.135825 0.932209 0.298195 -0.00422644 0.954495 0.518298 0.796569 0.311199 0.150606 0.488674 0.859369 0.0294163 0.59951 0.799827 0.523877 0.796289 0.302452 0.183386 0.444299 0.876908 -0.00659257 0.455298 0.890315 0.00539327 0.382812 0.923811 0.157878 0.374066 0.913865 -0.0668739 0.707928 0.703112 0.530953 0.794082 0.295844 -0.937234 -0.287754 0.19695 -0.8549 -0.40078 0.329425 -0.632964 -0.733455 -0.24779 -0.631093 -0.734501 -0.249459 -0.226372 0.21587 0.949819 -0.243146 0.0376803 0.969257 -0.219015 0.015886 0.975592 -0.193047 0.176913 0.965109 -0.133434 0.808892 0.572616 0.537557 0.791973 0.289501 -0.943687 -0.0693276 -0.323494 -0.983166 -0.116219 -0.140992 -0.644866 -0.726658 -0.236888 -0.67511 -0.716188 -0.176921 -0.220279 -0.149265 0.963949 -0.211118 -0.156325 0.964879 -0.16367 0.894815 0.415353 0.544697 0.789638 0.282448 -0.703944 -0.0807293 -0.705652 -0.820705 -0.053061 -0.568883 -0.567247 -0.692756 -0.445332 -0.543054 -0.710768 -0.447104 -0.128189 -0.649727 0.749281 -0.167852 -0.620198 0.766277 -0.152815 0.958803 0.239466 0.553802 0.786568 0.273155 -0.402624 -0.22027 -0.888468 -0.537417 -0.72907 -0.42384 -0.444479 -0.788821 0.424498 -0.444403 -0.746004 0.495968 -0.100986 0.992678 0.0662747 0.565082 0.780056 0.268692 -0.0657957 0.583537 0.809417 0.412823 0.833504 0.367218 -0.690934 -0.393331 0.606548 -0.638333 -0.42144 0.644142 -0.558369 -0.776944 -0.29083 0.110835 -0.989226 -0.095645 0.0312859 -0.997563 0.0623714 -0.563747 -0.772298 -0.292822 -0.249793 0.894954 0.369676 0.450984 0.827002 0.33568 -0.296756 -0.256749 0.919791 -0.287468 -0.263618 0.920797 0.545614 0.77258 0.324691 -0.0562077 0.998233 -0.0192832 0.04572 0.985327 -0.164437 0.544601 0.773892 0.323268 -0.0178146 0.97587 -0.217622 -0.128585 0.989886 -0.0599279 0.523102 0.833995 0.175549 0.514409 0.829277 0.218363 0.239774 -0.132673 0.96172 0.193079 -0.11304 0.97465 0.17237 0.943679 -0.282417 0.544173 0.774925 0.321508 0.434179 0.762119 -0.480274 0.274025 0.857601 -0.435238 0.515824 0.827194 0.222881 0.513079 0.831148 0.214342 0.314291 0.876489 -0.364675 0.543761 0.775882 0.319892 -0.911351 -0.0539644 -0.408077 -0.613241 -0.68742 -0.389088 -0.150738 0.365736 0.918431 -0.119182 0.308032 0.943881 0.461684 0.788612 -0.406128 0.543305 0.776902 0.318187 0.605271 0.685683 -0.404333 0.543412 0.777644 0.316185 -0.980964 -0.190726 0.0365046 -0.634639 -0.732521 -0.246263 -0.549439 -0.77292 -0.31735 -0.613492 -0.679257 0.402787 -0.742724 -0.567707 0.355062 -0.54951 -0.77291 -0.317251 -0.561597 -0.136941 -0.816 -0.539494 -0.722619 -0.432167 -0.84884 -0.456097 0.267294 -0.549599 -0.772874 -0.317187 0.0579558 0.464341 0.883758 0.361095 0.848764 0.386276 -0.924601 -0.3521 0.145389 -0.549683 -0.772841 -0.317121 -0.964854 -0.262776 -0.00226866 -0.549753 -0.772817 -0.317059 0.47723 0.142226 -0.867193 0.319265 0.116389 -0.940491 0.334937 0.210797 -0.918358 0.538326 0.071493 -0.839699 0.346262 0.32234 0.881022 0.284949 0.278876 0.917078 -0.966875 -0.194235 -0.165603 -0.54986 -0.772775 -0.316975 -0.93054 -0.151088 -0.333568 -0.549993 -0.772693 -0.316942 0.145207 0.825476 0.54544 0.098973 0.8185 0.565918 -0.529903 -0.761141 -0.37399 -0.901165 -0.136707 -0.411354 0.119827 0.930611 -0.345838 0.51624 0.82658 0.22419 -0.833419 -0.552389 -0.0167091 -0.825669 -0.563452 -0.0281653 -0.93585 -0.196496 0.29253 -0.948365 -0.164033 0.271473 -0.626388 -0.44291 -0.641459 -0.585035 -0.473078 -0.658734 -0.7506 -0.658314 -0.0567674 -0.885163 -0.452028 -0.110263 -0.910137 -0.391004 -0.136993 0.392421 0.915957 -0.0838405 0.380699 0.918194 -0.109487 -0.671691 -0.406783 -0.61916 -0.859306 -0.510426 -0.0325553 0.392447 0.91596 -0.0836789 0.13632 0.806098 0.575867 0.150865 0.82588 0.543289 0.379204 0.91894 -0.108413 0.15954 0.751808 0.63979 0.347061 0.923639 -0.162604 -0.829876 -0.557534 -0.0214873 0.249205 0.867245 0.431026 0.15929 0.702268 0.693863 0.520468 0.851517 0.0634954 0.272588 0.939139 -0.209078 -0.824857 -0.564903 0.0222678 -0.540236 -0.500261 -0.676672 -0.493413 -0.525165 -0.693358 0.0223351 0.826243 0.562871 -0.765808 -0.635921 0.0956153 -0.371163 0.672276 0.640534 -0.335452 0.720695 0.606689 -0.682225 0.468193 0.561574 -0.691236 0.456199 0.560425 -0.126407 0.9261 0.355471 -0.272558 0.873204 0.404013 -0.512657 0.654616 0.555572 -0.445526 0.718723 0.533801 0.0238193 0.854973 -0.518125 0.0730975 0.866102 -0.494494 -0.921125 -0.212486 0.326157 -0.456525 0.761915 0.459424 -0.599162 0.567405 0.564851 -0.0519077 0.836327 -0.545767 -0.902495 -0.213878 0.373843 -0.637596 0.57148 0.516606 -0.691121 0.453141 0.563041 -0.371062 0.671266 0.64165 -0.442162 0.653573 0.614276 0.162758 0.936801 -0.309698 0.314645 0.933724 -0.170757 0.158244 0.792257 -0.589311 0.151403 0.741954 -0.653132 -0.777199 0.310516 0.547304 -0.77558 0.317488 0.545598 -0.323697 0.683433 0.654324 0.164535 0.822864 -0.543897 -0.848173 0.0237824 0.529185 -0.839687 0.174327 0.51433 -0.855413 -0.232498 0.462832 -0.827082 -0.425303 0.367494 -0.895967 -0.0728007 0.438113 -0.87842 0.0402519 0.476192 0.147102 0.845855 -0.512728 -0.7855 -0.551505 0.280771 -0.896503 -0.161725 0.412465 0.114856 0.861161 -0.495187 -0.95963 -0.111885 0.258056 -0.285517 0.609372 0.739693 -0.282834 0.647633 0.707514 -0.792237 0.284115 0.540037 -0.809021 0.24772 0.53303 -0.822451 0.215957 0.526248 -0.832204 0.191085 0.520502 -0.838196 0.174813 0.516593 -0.84039 0.168369 0.515167 -0.838721 0.172418 0.516546 -0.833068 0.187018 0.520598 -0.823291 0.211625 0.526695 -0.80938 0.244833 0.533818 -0.791582 0.284298 0.540899 -0.770686 0.326679 0.547106 -0.748128 0.368129 0.552075 -0.725926 0.405089 0.555819 -0.706295 0.434944 0.558544 -0.680025 0.470819 0.562046 -0.684708 0.464239 0.561834 -0.695575 0.448949 0.56091 -0.711463 0.425717 0.559093 -0.730791 0.395725 0.556189 -0.751805 0.360673 0.552 -0.772796 0.322635 0.546528 -0.943628 -0.0119998 0.330789 -0.914035 0.100026 0.39311 -0.34074 0.748338 0.56911 -0.854741 0.216788 0.471615 -0.766845 0.330002 0.550498 -0.905265 -0.212194 0.368061 -0.658968 0.434355 0.614083 -0.922167 -0.216546 0.320494 -0.545804 0.527126 0.651334 -0.938783 -0.180169 0.293642 -0.44467 0.606919 0.658725 -0.948911 -0.108956 0.296136 0.255287 0.0247627 -0.966548 0.552936 -0.1855 -0.812312 0.81681 -0.514465 -0.261051 0.774146 -0.622035 0.117344 -0.000405736 -0.832634 0.553824 -0.123118 -0.920212 0.371553 0.111791 0.0446083 0.99273 0.0897535 -0.0298178 0.995518 -0.508487 -0.0428217 0.860004 -0.295939 -0.0853411 0.951387 -0.354611 -0.182957 0.916939 -0.519669 -0.00855366 0.854325 -0.10899 0.455075 -0.883758 -0.300387 0.568891 -0.765592 -0.327607 0.565959 -0.756548 -0.112559 0.539863 -0.834193 0.0840671 -0.768688 -0.634075 0.111758 -0.67159 -0.732446 0.458605 -0.868408 -0.188544 0.353396 -0.934647 0.0393121 -0.693479 -0.0082797 0.720429 -0.725672 0.12783 0.676062 0.0245933 0.823321 0.567042 0.102863 0.817281 0.566984 0.755878 0.21109 0.619749 0.530774 0.20108 0.823314 -0.543757 0.591166 -0.595693 -0.519648 0.598399 -0.609824 0.123028 -0.543549 -0.830312 0.537541 -0.717616 -0.442805 0.149733 0.823044 0.547886 0.893655 0.325389 0.309036 -0.677877 0.626217 -0.385143 -0.688904 0.561551 -0.458337 0.132316 -0.378275 -0.916188 0.536172 -0.501105 -0.679275 0.166187 0.824479 0.54094 0.870169 0.492428 0.0179169 -0.963355 0.0880023 -0.253381 -0.992106 0.109607 -0.0609226 -0.837981 0.384016 -0.38771 -0.705755 0.397741 -0.58627 0.137205 -0.170323 -0.975789 0.452141 -0.235725 -0.860234 0.157238 0.823808 0.544625 0.702351 0.683806 -0.197769 -0.985557 0.0856107 0.146111 -0.917259 0.379145 -0.122002 0.134533 0.0740304 -0.98814 0.297952 0.0523302 -0.953146 0.119818 0.820358 0.559156 0.415524 0.860223 -0.295561 -0.934632 0.0575165 0.350935 -0.929105 0.332716 0.161442 0.12233 0.330027 -0.936011 0.0993549 0.331964 -0.938045 -0.837278 0.025838 0.546166 -0.865256 0.246206 0.436708 0.0555237 0.540643 -0.839418 -0.118488 0.464308 -0.877712 0.0458267 0.111768 0.992677 0.0215571 0.0632784 0.997763 -0.226274 -0.228042 0.946994 0.216147 0.625362 0.749802 -0.101763 0.626608 0.772662 -0.472918 -0.498502 0.726529 -0.448482 -0.553073 0.702121 -0.315052 -0.232401 0.92018 -0.0946054 -0.258584 0.961345 -0.205664 -0.300519 0.931338 -0.140781 -0.195677 0.970511 -0.399144 -0.88802 0.228263 0.0954553 0.107627 0.989598 -0.283944 0.481642 0.829094 -0.463313 -0.436787 0.771076 0.129236 -0.262191 0.956323 -0.221688 -0.406136 0.886515 -0.707578 -0.672665 0.216461 0.055086 0.139008 0.988758 -0.342811 0.284511 0.895284 -0.418996 -0.377464 0.825811 -0.320168 0.0727651 0.944562 -0.248347 -0.138621 0.958701 -0.252873 -0.274209 0.927828 -0.345802 -0.323885 0.880636 0.340113 -0.221309 0.913972 -0.246975 -0.495022 0.83304 -0.842304 -0.41404 0.3451 -0.153302 -0.341034 0.927467 -0.151071 -0.223833 0.962848 0.513898 -0.109915 0.85078 -0.286694 -0.558802 0.778169 -0.810882 -0.258835 0.524856 -0.0599581 -0.52806 0.847088 -0.0520577 -0.167761 0.984452 0.603425 0.100699 0.791036 -0.340235 -0.590595 0.731736 -0.689789 -0.203066 0.69495 -0.0153235 -0.00698468 0.999858 0.00345361 -0.694389 0.719591 0.0321243 -0.102824 0.994181 0.516971 0.399269 0.757182 -0.399131 -0.587375 0.704049 -0.518138 -0.205407 0.830266 -0.0716573 -0.0949096 0.992904 0.140041 -0.672511 0.726716 0.324391 -0.737893 0.591848 0.578926 -0.626431 0.521948 0.520608 -0.612322 0.595004 0.588084 -0.669888 0.453219 0.22646 -0.503675 0.833683 0.748508 -0.587531 0.307478 0.741363 -0.643132 0.191734 0.834369 -0.490289 -0.251883 0.748437 -0.662127 0.0378197 0.60116 -0.749023 0.278516 0.696886 -0.707573 0.117005 0.739765 -0.662076 -0.120014 -0.203836 -0.184767 0.961411 -0.102863 -0.316808 0.942895 0.76624 -0.641243 -0.0410205 0.715013 -0.640584 -0.280015 0.118076 -0.448842 0.885776 0.824308 -0.551624 -0.127389 0.672239 -0.595503 -0.439853 0.60768 -0.524815 -0.596066 0.526388 -0.489074 -0.695502 0.330877 -0.549709 0.767034 -0.00913646 -0.640032 0.768294 0.995121 -0.0253644 0.0953419 0.774042 0.129638 0.61972 0.645388 0.459555 0.61015 -0.233081 0.97 0.0690898 0.0585225 0.94223 0.329814 -0.0337012 0.847574 -0.529607 0.458874 0.276876 0.84426 0.627817 0.476573 0.615405 -0.0955758 0.441996 0.891911 -0.891853 0.366995 0.264412 -0.84039 0.534316 -0.0908404 -0.458288 0.585295 -0.668881 -0.140019 0.467296 -0.872943 -0.129998 0.411807 0.901951 0.119412 0.935287 0.333135 -0.19966 0.849079 0.489082 0.362097 -0.502122 0.78534 -0.635708 0.0507253 0.770261 -0.324801 -0.134576 0.936159 -0.510963 0.828326 0.229766 -0.457709 0.875241 0.156384 -0.945058 0.321405 0.0597064 -0.950607 0.304876 0.0582932 -0.455112 0.890266 -0.0173062 -0.507253 0.856439 -0.095954 -0.949453 0.308106 0.0600765 -0.944423 0.323167 0.0602341 -0.959139 0.231285 0.16297 -0.887948 0.391906 0.240745 -0.988669 0.144158 0.0418659 -0.995701 0.0850939 0.0365728 -0.383277 0.867412 -0.317325 -0.379989 0.893531 -0.239188 -0.405318 0.874762 -0.265536 -0.423331 0.857535 -0.292275 0.344047 -0.897932 -0.2745 0.345673 -0.896944 -0.275683 0.391378 -0.896931 -0.205762 0.389548 -0.897924 -0.204901 0.422864 -0.896896 -0.129476 0.420907 -0.897888 -0.128975 0.439543 -0.896828 -0.0500176 0.437537 -0.897815 -0.0498973 -0.576119 0.648833 -0.497095 -0.4861 0.745841 -0.455443 -0.513667 0.735267 -0.442187 -0.598155 0.641429 -0.480394 -0.690086 0.657676 0.302066 -0.591668 0.755664 0.280891 -0.958885 0.27828 0.0556726 -0.968864 0.242104 0.0518382 0.441315 -0.896776 0.0321558 0.439318 -0.897765 0.0319093 -0.663941 0.744708 -0.0677728 -0.773576 0.626895 -0.0926437 -0.775356 0.620115 -0.119501 -0.671944 0.734186 -0.0972734 0.430069 -0.897682 0.0959549 0.432058 -0.896693 0.0962706 0.407019 -0.896776 0.173577 0.40513 -0.897766 0.172877 0.369107 -0.89689 0.243615 0.367381 -0.897878 0.242582 -0.438213 0.896105 0.0704715 -0.94291 0.32756 0.0602114 0.318045 -0.896945 0.307142 0.31653 -0.89794 0.3058 0.25524 -0.896974 0.360957 0.254007 -0.897965 0.359358 -0.410174 0.896556 -0.167169 -0.471523 0.874994 -0.10978 -0.494241 0.858914 -0.134137 -0.43875 0.879401 -0.184803 0.182712 -0.896987 0.40253 0.18181 -0.897978 0.400726 0.102856 -0.896978 0.429944 0.102311 -0.897966 0.428006 -0.583421 0.799919 -0.140533 -0.956974 0.283101 0.0636771 0.0192546 -0.896972 0.441667 0.0190863 -0.89796 0.439664 -0.419697 0.818405 -0.392515 -0.451204 0.804933 -0.385354 -0.793615 0.535538 0.288745 -0.979263 0.197044 0.0470858 -0.677515 0.553338 -0.484552 -0.694007 0.547231 -0.46786 -0.558972 0.825822 -0.0746225 -0.574424 0.81203 -0.103177 -0.993153 0.109507 0.0406732 -0.999412 0.024728 0.0237572 -0.0339843 -0.0252758 -0.999103 0.136327 0.0112379 -0.9906 0.105617 0.0307134 -0.993933 -0.0304142 -0.0142794 -0.999435 -0.838218 0.516809 -0.174067 -0.836742 0.51131 -0.196021 -0.704833 0.638562 -0.308949 -0.704571 0.621161 -0.343129 0.400395 -0.873339 0.277423 0.357532 -0.876502 0.322358 0.596071 -0.634489 0.492059 0.660948 -0.630657 0.406719 0.312562 -0.878942 0.360231 0.522119 -0.637361 0.566712 0.260848 -0.880249 0.396384 0.434238 -0.638929 0.634986 0.203531 -0.880858 0.427393 0.335105 -0.639639 0.691785 0.142467 -0.880912 0.451329 0.228228 -0.639705 0.733954 0.0788417 -0.880444 0.467549 0.116439 -0.63916 0.760208 -0.558754 -0.0467878 -0.828013 -0.410038 -0.0109295 -0.912003 -0.408644 -0.00617599 -0.912673 -0.528514 -0.0507763 -0.847405 -0.226069 -0.0184422 -0.973937 -0.223553 -0.010421 -0.974636 -0.912772 0.401943 -0.0727225 -0.945414 0.307603 -0.107577 -0.946754 0.319872 -0.0365965 -0.904877 0.425415 0.0148488 -0.963286 0.212339 -0.164294 -0.96925 0.218015 -0.114124 -0.809168 0.306693 -0.501185 -0.761908 0.401033 -0.508595 -0.701629 0.424365 -0.57239 -0.766429 0.318841 -0.557608 -0.723908 0.490381 -0.485266 -0.647699 0.530378 -0.546978 -0.702494 0.56708 -0.430025 -0.615766 0.627813 -0.476112 -0.615136 0.699945 -0.362885 -0.648122 0.727297 -0.225782 -0.766841 0.620736 -0.163224 -0.706988 0.700475 -0.097479 -0.817329 0.567729 -0.0982723 -0.777629 0.628666 -0.00848044 -0.868399 0.491208 -0.0678101 -0.846662 0.531401 0.0278682 0.166734 -0.727015 0.666069 0.037225 -0.727014 0.685612 -0.0932876 -0.727012 -0.680258 -0.219847 -0.727016 -0.650473 0.541619 -0.726979 -0.422078 0.611428 -0.726959 -0.31255 -0.636622 -0.726959 0.257378 -0.576082 -0.726977 0.373678 0.659029 -0.726921 -0.193046 -0.674233 -0.72692 0.13037 0.683396 -0.726835 -0.0684068 -0.686805 -0.726835 -0.00321071 0.684283 -0.726764 0.0597458 -0.673435 -0.72677 -0.135246 0.672806 -0.726662 0.138904 0.635638 -0.726769 0.26033 -0.660585 -0.726768 -0.188246 -0.684663 -0.726669 -0.0564731 0.577774 -0.726911 0.371185 -0.610359 -0.72691 -0.314744 0.499198 -0.726986 0.471479 -0.537722 -0.726986 -0.42702 0.40229 -0.727015 0.556427 -0.445901 -0.727016 -0.522131 0.290198 -0.727036 0.622257 -0.338541 -0.727037 -0.597334 -0.745252 -0.268022 -0.610544 -0.676201 -0.371863 -0.63598 -0.705498 -0.365643 -0.607106 -0.765106 -0.265623 -0.586564 -0.616244 -0.47833 -0.625654 -0.65471 -0.465407 -0.59561 -0.576777 -0.58163 -0.573616 -0.622224 -0.558884 -0.548167 -0.568693 -0.668731 -0.478943 -0.616396 -0.63488 -0.465815 -0.59742 -0.720383 -0.352331 -0.640827 -0.678596 -0.358955 -0.657705 -0.720334 -0.220323 -0.691128 -0.678555 -0.248809 -0.734556 -0.668605 -0.11574 -0.755864 -0.63477 -0.160424 -0.811392 -0.581423 -0.05992 -0.821911 -0.558707 -0.110947 -0.876522 -0.478125 -0.0557284 -0.879016 -0.465205 -0.104476 -0.923563 -0.371659 -0.0943395 -0.920941 -0.365431 -0.135384 -0.949542 -0.267823 -0.163221 -0.944429 -0.265424 -0.193919 -0.611999 -0.684021 0.396954 -0.676293 -0.684015 0.273405 0.649519 -0.684015 -0.332037 0.575375 -0.684024 -0.448391 -0.716255 -0.683963 0.138469 0.700098 -0.683964 -0.205076 -0.729591 -0.683876 -0.00339293 0.725966 -0.683877 -0.0727042 -0.715374 -0.683811 -0.143678 0.726902 -0.683804 0.0634395 -0.72729 -0.683704 -0.0599915 -0.701728 -0.683808 -0.199963 0.675226 -0.683809 0.276543 0.714688 -0.683695 0.147589 -0.648393 -0.683959 -0.334345 0.613763 -0.683959 0.394328 -0.571265 -0.684027 -0.453612 0.530324 -0.684026 0.500864 -0.473706 -0.684057 -0.554678 0.427357 -0.684057 0.591128 -0.359659 -0.684075 -0.634576 0.308281 -0.684075 0.661063 -0.233525 -0.684073 -0.691021 0.177096 -0.684073 0.707588 -0.099116 -0.68405 -0.722669 0.0395338 -0.684053 0.72836 0.541619 -0.726979 -0.422078 0.611428 -0.726959 -0.31255 -0.636622 -0.726959 0.257378 -0.576082 -0.726976 0.373678 -0.788278 0.314865 -0.528657 -0.732618 0.41523 -0.539309 -0.701629 0.424365 -0.57239 -0.766428 0.31884 -0.55761 -0.687158 0.512955 -0.514481 -0.647699 0.530378 -0.546978 -0.66095 0.599515 -0.451361 -0.615767 0.627814 -0.476109 -0.660973 0.661421 -0.354454 -0.615134 0.699944 -0.362888 -0.688607 0.684369 -0.239707 -0.648122 0.727297 -0.225781 -0.737853 0.661866 -0.132316 -0.70699 0.700474 -0.0974751 -0.797839 0.600277 -0.0558591 -0.77763 0.628666 -0.00847923 -0.857587 0.513864 -0.02211 -0.846662 0.531401 0.0278688 -0.908761 0.416207 -0.0304093 -0.904878 0.425412 0.0148522 -0.946002 0.315842 -0.0729637 -0.946754 0.319872 -0.0365965 -0.966196 0.216688 -0.13968 -0.96925 0.218014 -0.114124 -0.676201 -0.371863 -0.635979 -0.616245 -0.478331 -0.625653 -0.692502 -0.446195 -0.566879 -0.734718 -0.354041 -0.578657 0.659029 -0.726921 -0.193046 -0.674233 -0.72692 0.13037 0.683397 -0.726835 -0.0684019 -0.686805 -0.726835 -0.00320582 0.684284 -0.726765 0.0597445 -0.673434 -0.72677 -0.135248 0.672806 -0.726662 0.138904 0.635643 -0.726769 0.260317 -0.660581 -0.726768 -0.188259 -0.684663 -0.726669 -0.056475 0.577774 -0.72691 0.371185 -0.610359 -0.72691 -0.314744 0.499198 -0.726986 0.471479 -0.537722 -0.726986 -0.42702 0.40229 -0.727015 0.556427 -0.445901 -0.727016 -0.522131 0.290198 -0.727036 0.622256 -0.338541 -0.727037 -0.597334 0.166734 -0.727015 0.666069 -0.219847 -0.727016 -0.650473 0.0372251 -0.727014 0.685613 -0.0932875 -0.727012 -0.680258 0.235754 5.23091e-06 0.971813 0.053414 0.00486432 0.998561 0.0430273 0.00483232 0.999062 0.235755 -3.11272e-06 0.971813 -0.576777 -0.581629 -0.573617 -0.666193 -0.529871 -0.524807 -0.568694 -0.668732 -0.478941 -0.662079 -0.595689 -0.454759 -0.597423 -0.720384 -0.352324 -0.68247 -0.63261 -0.366113 -0.657708 -0.720334 -0.220317 -0.723807 -0.632568 -0.275611 -0.734554 -0.668606 -0.115743 -0.777416 -0.595598 -0.202205 -0.811392 -0.581423 -0.0599206 -0.833058 -0.529707 -0.159453 -0.876522 -0.478125 -0.0557285 -0.882054 -0.446006 -0.151856 -0.923563 -0.37166 -0.0943404 -0.918579 -0.353847 -0.17608 -0.949542 -0.267822 -0.16322 -0.939358 -0.258985 -0.224797 -0.745252 -0.268022 -0.610544 -0.785143 -0.259168 -0.562478 -0.613924 0.628814 -0.477168 -0.61325 0.701403 -0.363259 -0.26104 0.823308 -0.504006 -0.287616 0.631021 -0.720478 -0.0771992 0.0539776 0.995553 -0.104621 -0.0403068 0.993695 -0.21808 -0.0639426 0.973834 -0.343605 -0.0145661 0.939001 -0.314094 -0.0145492 0.94928 -0.170336 0.0302861 0.984921 -0.509315 -0.00894862 0.860534 -0.492683 -0.00893125 0.870163 -0.657601 -0.00303105 0.75336 -0.652712 -0.00301051 0.7576 -0.783792 0.0030229 0.621017 -0.787795 0.00301805 0.61593 -0.883796 0.00895459 0.467787 -0.892614 0.00894317 0.450733 -0.954287 0.0145633 0.298538 -0.963153 0.0145417 0.268561 -0.983107 0.0639415 0.171499 -0.99191 -0.030291 0.123274 0.524814 -0.0539897 0.849503 0.410066 -0.0048338 0.912043 0.419534 -0.00484859 0.907726 0.548323 0.0403021 0.835295 0.301816 -0.877426 0.372867 0.09882 -0.758423 0.644228 -0.921548 -0.381514 0.07208 -0.912709 -0.402153 0.0723563 -0.646475 0.72894 -0.225202 -0.350853 0.928169 -0.124114 -0.705742 0.701931 -0.0960249 -0.515508 0.825094 0.231241 -0.776822 0.629686 -0.00652641 -0.670802 0.632874 0.386646 -0.846231 0.531974 0.0299273 -0.795338 0.465849 0.387843 -0.904727 0.425665 0.0166808 -0.8899 0.338028 0.306294 -0.946791 0.319925 -0.0351381 -0.954266 0.238205 0.180648 -0.969372 0.217998 -0.113111 -0.987274 0.155886 0.0314566 -0.765555 0.31891 -0.558768 -0.700376 0.424607 -0.573744 -0.509954 0.336917 -0.791476 -0.638276 0.237325 -0.732311 -0.646095 0.530941 -0.548327 -0.385073 0.464404 -0.797526 -0.978139 -0.140418 0.153382 -0.989396 -0.0706903 0.126882 -0.995376 1.5649e-08 0.096053 -0.161905 -0.613819 0.772666 -0.934632 -0.348427 0.0711442 -0.379971 -0.52625 0.760712 -0.950566 -0.294036 0.0998382 0.593295 -0.777469 -0.208668 0.470975 -0.878707 0.0778308 -0.440929 -0.406024 -0.800454 -0.470324 -0.393018 -0.790147 0.181643 -0.9281 0.325018 -0.412912 -0.410553 -0.812988 -0.187573 -0.885497 0.425102 -0.386014 -0.406697 -0.828004 -0.498449 -0.78661 0.364408 -0.360097 -0.39437 -0.84546 -0.3067 0.928156 0.210858 -0.45271 0.880338 -0.141632 0.760109 0.406187 -0.507195 0.741197 0.410546 -0.531111 -0.431708 0.779448 -0.453971 0.781302 0.393305 -0.484643 0.278028 -0.888517 -0.365017 0.372434 -0.928057 -0.00202958 -0.909053 -0.410387 0.0721547 -0.911227 -0.406057 0.0691542 -0.963077 -0.207243 0.17185 -0.922763 -0.384005 0.0324015 -0.937751 -0.347095 0.0121284 -0.995393 0.000396579 0.0958752 -0.999564 4.81025e-09 0.0295251 0.609899 0.603754 0.513326 0.692533 0.595613 0.406994 -0.696932 0.713957 0.067458 -0.661925 0.725884 -0.186944 0.543575 0.169298 -0.82211 0.459736 0.0390625 -0.887196 0.456024 0.03818 -0.889148 0.529057 0.164999 -0.832391 0.499997 -6.75664e-06 0.866027 0.499997 5.30059e-06 0.866027 0.3027 0.0394745 0.952268 0.230685 0.0392054 0.972238 0.754048 0.609187 -0.245568 0.696412 0.6096 -0.378678 -0.573395 0.736265 0.359351 -0.665735 0.735533 0.125649 0.266946 -0.229463 -0.935995 0.180642 -0.354123 -0.917587 0.21452 -0.341559 -0.915051 0.279999 -0.215387 -0.935526 0.0888129 0.0763425 0.993118 -0.0558687 0.0760313 0.995539 0.474367 -0.607135 -0.637466 0.356032 -0.601976 -0.714749 0.00684113 -0.723764 0.690014 -0.239558 -0.731894 0.637922 0.18619 -0.590477 -0.785284 0.287206 -0.648325 -0.705115 0.308276 -0.606708 -0.732715 0.222788 -0.556556 -0.800382 -0.0756453 0.156286 0.984811 -0.281936 0.0328766 0.95887 0.735589 -0.606614 -0.301543 0.668412 -0.609348 -0.42652 -0.606586 -0.735818 0.301041 -0.680117 -0.730976 0.0558069 0.531954 -0.551977 -0.642142 0.591597 -0.433037 -0.680067 0.568074 -0.414995 -0.710684 0.515148 -0.522589 -0.679355 -0.270015 0.0158467 0.962726 -0.379268 -0.110525 0.918662 -0.53722 -0.0377845 0.842596 -0.475448 -0.0377089 0.878935 0.599228 -0.602134 0.527599 0.684158 -0.592916 0.424709 -0.698725 -0.709906 0.0884128 -0.670291 -0.72302 -0.16719 0.543573 -0.169299 -0.822111 0.459736 -0.0390629 -0.887196 0.456023 -0.0381812 -0.889149 0.529055 -0.165001 -0.832391 -0.722846 -0.0195183 0.690733 -0.696783 -0.0194716 0.717017 0.616359 0.60769 -0.500814 -0.406112 0.732883 0.545853 -0.866027 6.63195e-06 0.499998 -0.866028 -4.40389e-06 0.499995 0.247384 -0.609137 0.753494 0.380815 -0.609629 0.695221 -0.356805 -0.73633 -0.574899 -0.123394 -0.735442 -0.666258 0.419455 0.633309 -0.650367 0.531952 0.551977 -0.642143 0.515147 0.522589 -0.679356 0.41919 0.593784 -0.686804 -0.959616 0.0195211 0.280637 -0.969347 0.0194688 0.244924 0.522305 0.60276 -0.603223 0.413947 0.594585 -0.689287 0.0757302 0.71239 0.697686 -0.174848 0.724169 0.667089 0.592423 0.30152 -0.747075 0.570606 0.291907 -0.767593 -0.998319 0.0377788 0.04395 -0.998904 0.0377146 -0.0277132 0.800658 0.598806 0.0194403 0.787345 0.605659 -0.115171 -0.669827 0.72927 -0.139628 -0.581325 0.718823 -0.381254 0.371566 -0.103243 -0.922648 0.367061 -0.0884141 -0.925986 -0.985219 0.110519 -0.130876 -0.968751 -0.015837 -0.247527 0.394275 0.609724 0.687593 0.512917 0.608418 0.605594 -0.532907 0.73418 -0.420701 -0.340664 0.736498 -0.584396 0.150462 -0.482778 -0.86272 0.190635 -0.460457 -0.86697 0.947037 -0.0764287 0.311897 0.947633 0.0509437 0.315271 0.872028 -0.0105046 0.489343 0.862078 -0.0105537 0.506665 -0.00808971 0.597446 0.801868 0.129173 0.604608 0.785979 0.156301 0.727433 -0.66814 0.392638 0.716734 -0.576305 0.419457 -0.633309 -0.650366 0.419194 -0.593784 -0.686803 0.710049 -0.00358903 0.704144 0.705229 -0.0036007 0.708971 0.578871 -0.609517 -0.541662 -0.455559 -0.736113 0.500603 0.592421 -0.301521 -0.747076 0.570602 -0.29191 -0.767595 0.496374 0.00358308 0.868101 0.502282 0.00360581 0.864696 0.806673 -0.58841 -0.0552371 0.779421 -0.599564 -0.18173 -0.659907 -0.71847 -0.219826 -0.547114 -0.703291 -0.453926 0.357999 0.0904927 -0.929326 0.257669 0.221489 -0.940505 0.280001 0.215389 -0.935525 0.367056 0.08841 -0.925988 0.246975 0.0105083 0.968965 0.266282 0.0105485 0.963837 0.500868 -0.607693 0.616312 -0.545849 -0.732883 -0.406117 0.150461 0.482778 -0.862721 0.186187 0.590476 -0.785285 0.222787 0.556556 -0.800382 0.190635 0.460457 -0.86697 0.0592649 -0.0509432 0.996942 0.0561628 0.0764316 0.995492 -0.0262071 -0.59958 0.799886 0.112366 -0.605855 0.7876 0.136037 -0.729639 -0.670165 0.374364 -0.720001 -0.584338 0.287212 0.648326 -0.705112 0.30828 0.606708 -0.732713 -0.0972176 -0.132303 -0.98643 0.0738281 -0.243581 -0.967067 0.591596 0.433038 -0.680068 0.568074 0.414995 -0.710684 -0.317274 -0.0843654 0.944574 -0.306495 0.042929 0.950904 -0.481878 -0.0177931 0.876058 -0.511243 -0.0178723 0.85925 -0.699446 -0.00922695 0.714626 -0.711875 -0.00926745 0.702245 0.262376 0.608641 0.748809 -0.104848 0.734563 -0.670391 -0.866027 -4.98633e-06 0.499996 -0.866028 5.03402e-06 0.499996 -0.968607 0.00922446 0.248425 -0.9641 0.00926949 0.265379 -0.999627 0.0177967 -0.0207039 -0.999754 0.0178687 0.0131302 -0.976755 -0.0429283 -0.210015 -0.976662 0.0843644 -0.197517 -0.0713007 -0.3393 0.937972 -0.0123381 -0.487032 0.873297 -0.0151006 -0.486529 0.873534 -0.0734204 -0.339203 0.937844 0.180647 0.354126 -0.917584 0.214525 0.341562 -0.915049 0.971374 -0.0328753 0.235269 0.890694 -0.156289 0.426893 0.815661 -0.0763455 0.57347 0.890099 -0.076027 0.449382 0.673338 -0.039473 0.738281 0.726641 -0.0392075 0.685898 0.58711 0.191829 -0.78645 0.666109 0.333207 -0.667287 0.500853 -0.294083 -0.81404 0.473035 -0.178318 -0.86281 -0.652827 -0.734209 -0.186427 -0.678833 -0.734222 -0.0101504 0.678833 -0.734223 -0.0101466 0.658595 -0.734208 0.164896 -0.522205 0.628089 0.576893 -0.608787 0.487051 0.626227 -0.607006 0.48655 0.628342 -0.520853 0.626799 0.579513 -0.551838 -0.198706 0.809932 -0.446063 -0.0653283 0.892614 -0.445676 -0.065361 0.892805 -0.550761 -0.198762 0.810652 -0.0386675 -0.62809 0.777179 -0.0414865 -0.626796 0.778079 -0.612839 0.339298 0.713657 -0.611241 0.339223 0.715061 -0.16656 -0.722923 0.670552 -0.16837 -0.720836 0.672344 -0.55183 0.198707 0.809937 -0.550761 0.198762 0.810652 -0.315758 0.0653287 0.946588 -0.182511 0.198708 0.962915 -0.183768 0.198763 0.962664 -0.316168 0.0653617 0.946449 -0.356413 -0.722928 0.591899 -0.356386 -0.720829 0.59447 -0.446063 0.0653288 0.892614 -0.445676 0.0653614 0.892805 -0.0712984 0.339298 0.937973 -0.0734017 0.339224 0.937837 -0.012342 0.487035 0.873295 -0.0386663 0.628089 0.77718 -0.0414839 0.626795 0.77808 -0.0151044 0.486532 0.873532 -0.522211 -0.628086 0.576891 -0.520858 -0.626797 0.579511 -0.315761 -0.0653289 0.946587 -0.316149 -0.0653822 0.946454 -0.166553 0.722922 0.670555 -0.16836 0.72082 0.672364 -0.608784 -0.487052 0.626228 -0.607003 -0.486552 0.628343 -0.182513 -0.19871 0.962914 -0.18377 -0.198765 0.962663 -0.35641 0.722914 0.591918 -0.356412 0.720818 0.594468 -0.61284 -0.339297 0.713656 -0.611242 -0.339222 0.715061 -0.849253 0.341608 -0.402584 -0.925872 0.201004 -0.319936 -0.945035 0.19393 -0.263249 -0.891906 0.322277 -0.317239 -0.293342 0.733229 0.613454 -0.121955 0.733129 0.669066 0.229421 0.73311 -0.640247 0.384543 0.733231 -0.560802 -0.1641 0.734201 -0.658802 -0.329232 0.734197 -0.593768 0.349601 0.734197 0.582008 0.187267 0.734205 0.65259 -0.657976 -0.734226 0.167271 0.653461 -0.73423 -0.184108 0.169934 -0.734241 -0.657277 -0.00556766 -0.734249 -0.678857 -0.00556841 -0.734249 0.678858 -0.181442 -0.734245 0.654189 -0.591978 -0.734224 0.332381 0.583841 -0.734224 -0.346476 -0.18057 -0.734245 -0.654431 0.170814 -0.734248 0.65704 -0.471233 0.734198 -0.488767 -0.580796 0.734175 -0.351659 0.594947 0.734175 0.327147 0.488767 0.734198 0.471232 -0.485799 -0.73423 0.474242 0.474243 -0.73423 -0.485798 -0.343737 -0.734239 -0.585438 0.335132 -0.734239 0.590407 -0.651675 0.734171 -0.190562 0.659636 0.734171 0.160853 -0.347041 -0.734232 0.583495 0.331773 -0.734232 -0.592309 -0.483721 -0.734245 -0.476339 0.476342 -0.734245 0.483718 -0.184705 -0.734226 0.653297 0.166685 -0.734222 -0.658129 -0.590895 -0.734235 -0.334278 0.584943 -0.734235 0.344588 -0.56296 0.733382 0.381086 -0.444993 0.733382 0.513939 0.513928 0.733382 -0.445004 0.611518 0.733382 -0.296979 0.189234 0.734185 -0.652045 0.0131689 0.734196 -0.678809 0.0131648 0.734197 0.678809 -0.162089 0.734182 0.659321 -0.657411 -0.734239 -0.169422 0.654055 -0.734239 0.181949 -0.641392 0.733264 0.225698 0.668321 0.733262 -0.125193 0.505853 0.615625 -0.60425 0.388264 0.609327 -0.691355 0.038169 0.708443 0.704735 -0.201631 0.716862 0.667423 -0.92524 0.336833 0.174571 -0.848148 0.484091 0.215176 -0.891089 0.442003 0.102932 -0.944498 0.318062 0.0822156 -0.693813 -0.719942 0.0175233 -0.667245 -0.721689 -0.18425 -0.773356 -0.613365 -0.160324 -0.789917 -0.612239 -0.0345599 -0.977997 0.0675128 -0.197395 -0.981982 0.0658471 -0.177131 -0.762951 0.624708 0.166271 -0.834163 0.547884 0.0632148 -0.695223 -0.628867 -0.348126 -0.790638 -0.550822 -0.267369 -0.764527 -0.488971 -0.420006 -0.849253 -0.34161 -0.402581 -0.891907 -0.322278 -0.317236 -0.83513 -0.445899 -0.322075 -0.996289 -0.0631985 -0.0584308 -0.995066 -0.0616521 -0.0777336 -0.69381 0.719946 0.0175017 -0.789918 0.612238 -0.0345523 -0.925869 -0.201014 -0.319939 -0.945034 -0.193928 -0.263253 -0.977713 -0.196516 0.0738813 -0.981725 -0.189678 0.0154217 -0.667246 0.721689 -0.184249 -0.773356 0.613365 -0.160326 -0.977991 -0.0675311 -0.197418 -0.981982 -0.065846 -0.177132 -0.925239 -0.336834 0.17457 -0.944498 -0.318062 0.082215 -0.695223 0.628865 -0.348129 -0.790638 0.550822 -0.267369 -0.996289 0.0631986 -0.0584309 -0.995066 0.0616516 -0.0777329 -0.848148 -0.48409 0.215178 -0.891089 -0.442002 0.102934 -0.764528 0.488976 -0.419999 -0.835131 0.445903 -0.322067 -0.977713 0.196514 0.0738824 -0.981725 0.189677 0.0154232 -0.762951 -0.624708 0.166271 -0.834163 -0.547884 0.063214 0.123161 0.079682 -0.989183 0.271711 0.00867714 -0.96234 -0.425819 -1.45833e-07 -0.904808 0.252888 0.620549 0.742271 0.391844 0.621396 0.678472 -0.343674 0.726111 -0.595526 -0.118595 0.724753 -0.678725 0.774022 -0.613893 -0.155003 0.731644 -0.619076 -0.28538 -0.686914 -0.72239 0.0793829 -0.676123 -0.714027 -0.181724 -0.0539732 -0.614213 0.787293 0.0934773 -0.618682 0.780061 0.109523 -0.721749 -0.683435 0.340854 -0.715366 -0.609975 0.515887 0.620525 0.590601 -0.529012 0.724716 -0.441512 0.662731 -0.621098 -0.41836 -0.613182 -0.725634 0.312191 0.237396 -0.620992 0.747002 -0.137073 -0.725465 -0.674472 0.616503 0.61727 0.488776 -0.657459 0.719475 -0.223837 0.568486 -0.62126 -0.539314 -0.468977 -0.725895 0.503127 0.377994 -0.621318 0.686356 -0.35977 -0.725987 -0.586096 0.698935 0.611551 0.370804 -0.70239 0.711565 0.017988 0.456263 -0.619608 -0.638678 -0.265536 -0.723243 0.637503 0.50356 -0.619891 0.601799 -0.542102 -0.723701 -0.427063 0.786565 0.614684 0.0589842 0.780572 0.619088 -0.0862359 -0.684044 0.722393 -0.101155 -0.612017 0.716047 -0.335726 0.328292 -0.615975 -0.7161 -0.0313212 -0.717926 0.695414 0.605698 -0.615832 0.503866 -0.66637 -0.717164 -0.204027 0.749798 0.621184 -0.22789 -0.671752 0.725771 0.148343 0.691109 0.621192 -0.369443 0.606938 0.619539 -0.497793 -0.420357 0.723141 0.548058 -0.58021 0.725785 0.369584 -0.0352201 0.61231 0.789833 0.110929 0.617568 0.778655 0.12994 0.719961 -0.681742 0.359818 0.712641 -0.602224 0.690778 -0.609152 0.389563 -0.704914 -0.708182 0.0396757 0.795461 -0.605744 -0.0177811 -0.579397 -0.703479 -0.411602 0.573469 0.660163 -0.485096 0.359628 0.786561 -0.501986 0.364605 -0.536603 -0.761 0.442684 -0.487078 -0.752852 -0.0619575 0.660473 -0.748289 -0.0823779 0.492465 -0.866425 0.19965 -0.401054 -0.894033 0.219839 -0.487217 -0.845157 0.587111 -0.191828 -0.786449 0.666109 -0.333207 -0.667287 0.500853 0.294083 -0.81404 0.473025 0.178296 -0.86282 0.573479 -0.660157 -0.485092 0.359616 -0.786563 -0.501991 0.364596 0.536604 -0.761004 0.442692 0.487076 -0.752849 0.00108098 -0.333489 -0.942753 0.141149 -0.192088 -0.971174 0.275965 0.178543 -0.94444 0.221857 0.29428 -0.929612 0.458711 0.0625043 -0.886385 0.417248 -0.059558 -0.906839 -0.0823796 -0.492464 -0.866426 0.199649 0.401054 -0.894034 0.671263 0.492152 -0.55425 0.49144 -0.400881 -0.773163 0.101434 0.786707 -0.608937 0.28086 -0.53666 -0.795684 0.458711 -0.0625044 -0.886384 0.417248 0.0595579 -0.906839 0.671263 -0.492152 -0.55425 0.491441 0.400881 -0.773163 0.101433 -0.786707 -0.608937 -0.0619645 -0.660469 -0.748292 0.219816 0.487217 -0.845163 0.28086 0.53666 -0.795685 0.30257 -0.0627514 -0.951059 0.346511 0.0598076 -0.936137 0.00108062 0.333488 -0.942754 0.221855 -0.29428 -0.929613 0.30257 0.0627515 -0.951059 0.346511 -0.0598081 -0.936137 0.0250063 0.484575 -0.874392 0.0515731 0.621963 -0.781347 0.362974 0.307148 -0.879722 0.368952 0.267241 -0.8902 0.687269 0.0177776 -0.726186 0.866027 5.96725e-06 -0.499996 0.866025 -8.04358e-08 -0.500001 -0.915321 0.0743127 -0.39581 -0.748059 0.0391254 -0.662478 -0.5 -1.4148e-07 -0.866025 -0.250013 0.00586742 0.968225 -0.392539 0.0765415 0.916545 -0.823045 8.92655e-08 0.567977 0.972528 -0.0177794 -0.232104 -0.499996 5.9608e-06 -0.866027 -0.590398 0.0964964 0.801323 -0.199698 -0.0391269 -0.979076 -0.762306 0.110699 0.63768 0.998021 -0.0341561 0.0527934 0.972501 0.0176997 0.232224 -0.842626 0.176788 -0.508653 -0.748827 0.122695 -0.651309 0.285124 -0.0177311 -0.958327 0.453286 0.0341493 -0.890711 -0.10458 0.100303 -0.989445 0.546887 0.198891 -0.813238 0.444288 0.0654633 -0.893489 0.380634 0.0461681 -0.923572 0.375302 0.133931 -0.917176 0.516029 -0.621971 -0.588953 0.600604 -0.484585 -0.635966 0.368575 -0.267261 -0.890351 0.365394 -0.307132 -0.878725 0.0810127 0.338811 -0.93736 0.376081 0.208639 -0.902792 0.605533 0.338822 -0.72009 0.370008 0.209323 -0.90514 0.356464 -0.713147 -0.603618 0.363284 -0.327361 -0.872273 0.188335 0.198893 -0.961755 0.381599 0.133376 -0.914655 0.600609 0.484581 -0.635964 0.365613 0.267878 -0.891386 0.174789 -0.713154 -0.678867 0.363218 -0.327504 -0.872246 0.317631 0.0654798 -0.945951 0.383355 0.0459844 -0.922456 0.516028 0.621971 -0.588954 0.362155 0.307549 -0.879919 0.0515891 -0.62197 -0.78134 0.366115 -0.307567 -0.878272 0.0810108 -0.33881 -0.937361 0.0250066 -0.484576 -0.874392 0.371791 -0.267861 -0.888832 0.378403 -0.209321 -0.901663 0.444286 -0.0654663 -0.89349 0.381202 -0.0459576 -0.923349 0.188329 -0.198887 -0.961757 0.383165 -0.133924 -0.91392 0.546889 -0.198889 -0.813237 0.37693 -0.133384 -0.916588 0.174807 0.713157 -0.678859 0.356469 0.713146 -0.603616 0.359941 0.327508 -0.873602 0.359916 0.327358 -0.873669 0.317627 -0.0654789 -0.945952 0.38391 -0.0461938 -0.922214 0.605534 -0.338821 -0.72009 0.372448 -0.208652 -0.904293 0.35936 -0.837541 -0.411565 0.232811 -0.890594 -0.390694 0.0720518 0.571977 -0.817099 0.179633 0.365555 -0.913292 0.523323 0.575329 -0.628594 0.461871 0.73438 -0.497354 0.118053 -0.891375 -0.437623 0.0250948 -0.734378 -0.678277 0.0744488 -0.575333 -0.814524 0.315996 0.125874 -0.940373 0.352939 0.839737 -0.412644 0.0422269 -0.839734 -0.541354 0.441497 -0.125864 -0.888391 0.225973 0.891374 -0.392923 0.180903 -0.368139 -0.912002 0.518771 -0.365555 -0.772817 0.111646 0.890593 -0.440884 0.316413 -0.126835 -0.940104 0.0369233 0.837537 -0.545132 0.441009 0.126829 -0.888496 0.021245 0.731205 -0.681827 0.516967 0.368131 -0.772803 0.467091 -0.731216 -0.497142 -0.441011 -0.897464 -0.00830863 -0.427833 -0.897471 0.107256 -0.00165484 -0.99998 -0.0061762 0 -0.999972 -0.00745616 -0.361766 0.896785 0.254759 -0.283399 0.896775 0.339823 0.0253219 0.999359 0.0253217 0.0178386 0.999363 0.0308981 -0.212172 0.897452 -0.386733 -0.304674 0.897443 -0.319013 0.0064354 0.999959 -0.00643556 0.00747739 0.999963 -0.00431711 -0.385256 -0.897474 0.214751 -0.00298288 -0.999982 -0.00516649 -0.00456422 -0.897485 -0.441021 -0.118144 -0.897487 -0.424923 -0.00359393 -0.999993 0.000963087 -0.00409606 -0.999992 1.62923e-07 -0.376119 0.897434 -0.230538 0.00520197 0.999946 -0.0090105 -0.316572 -0.897469 0.307133 -0.0042357 -0.999982 -0.00423554 -0.224029 -0.897487 -0.379906 -0.00315659 -0.999993 0.00182257 -0.422704 0.897423 -0.126309 0.00292543 0.999936 -0.0109188 -0.226747 -0.897468 0.378336 -0.0056067 -0.999979 -0.00323677 -0.43952 0.89615 -0.0611288 -0.440482 0.896388 0.0496508 0 0.999005 0.0445972 -0.0126716 0.998801 0.0472941 -0.121505 -0.897468 0.424014 -0.00660889 -0.999977 -0.00177056 0.109434 -0.897484 -0.427256 -0.00422078 -0.999991 -0.00113071 -0.414596 0.89668 0.15516 0.00989273 0.999269 0.0369226 0.125232 0.897435 -0.422999 0.0107841 0.897442 -0.441 0.00967788 0.999953 -1.62865e-07 0.00996545 0.999947 0.00266988 -0.384376 -0.897483 -0.216284 -0.427366 -0.897482 -0.10902 -0.00123132 -0.999989 0.00459583 -0.00219043 -0.99999 0.00379421 -0.18297 0.896659 0.403143 -0.0701466 0.896568 0.437316 0.0394909 0.999164 0.0105807 0.03351 0.999251 0.0193463 -0.10466 0.897451 -0.428519 0.00850467 0.999961 -0.00227882 -0.423622 -0.897457 -0.122946 0.00211893 -0.999967 -0.00790834 -0.00445547 0.921741 -0.38778 -0.0234777 0.921763 -0.387043 -0.128984 0.891834 -0.433585 -0.103695 0.89691 -0.429884 0.156288 -0.853731 0.496706 0.0686846 -0.929448 0.362503 0.0104726 -0.981151 0.192959 -0.160578 -0.840025 -0.518239 -0.504711 -0.840097 0.198755 0.192428 -0.981139 -0.0183963 0.366445 -0.929409 -0.0437813 0.52049 -0.853657 -0.01895 0.632856 -0.770439 0.0769205 0.667874 -0.703207 0.243812 0.596597 -0.676958 0.431045 0.445647 -0.703307 0.553857 0.284102 -0.770525 0.570594 -0.63582 -0.67887 -0.367244 -0.63582 0.67887 -0.367244 -0.723684 0.655765 -0.215067 -0.547974 -0.655696 -0.51941 0.0257995 0.9232 -0.383453 -0.0599569 0.904533 -0.422168 0.843697 -0.214421 -0.492138 0.754725 -0.174015 -0.632542 0.380701 0.103222 -0.918919 0.342376 0.102195 -0.933989 -0.805543 0.58799 -0.0732656 -0.466087 -0.587844 -0.661213 0.958394 0.185521 -0.216942 0.970477 -0.0162674 -0.240643 0.298161 0.11776 -0.947224 0.297176 0.130192 -0.945905 -0.875846 0.480147 0.0485047 -0.395796 -0.479946 -0.782942 0.369596 -0.151696 -0.916726 0.334146 -0.145258 -0.931261 0.239958 -0.137068 -0.961058 0.295024 -0.14873 -0.943843 0.720008 0.403151 -0.564852 0.805255 0.420756 -0.417766 0.338534 0.148156 -0.929217 0.376664 0.148892 -0.914306 0.383894 0.456314 0.802747 0.863753 -0.503117 -0.028359 0.921647 -0.366124 -0.128532 0.334002 0.312428 0.889287 0.308846 -0.141995 -0.940453 0.29691 -0.131324 -0.945832 0.180641 -0.125642 -0.975491 0.199923 -0.134306 -0.970563 0.443001 0.0588404 -0.894588 0.547076 0.197835 -0.813369 0.469811 0.126505 -0.873655 0.520317 0.127602 -0.844386 -0.0319416 0.932366 -0.360102 -0.0195924 0.940831 -0.33831 -0.109984 0.916276 -0.385152 -0.131946 0.902329 -0.410356 -0.971816 0.0797739 0.221832 -0.319235 -0.269903 -0.908428 -0.475212 0.329232 -0.815953 -0.905321 -0.418669 -0.0714805 0.607132 0.127393 -0.784322 0.534514 0.127526 -0.835483 0.5067 0.127182 -0.85269 0.527816 0.127249 -0.839772 -0.950132 0.25143 0.184476 -0.365144 -0.424119 -0.82873 0.170429 -0.174001 -0.969885 0.31824 -0.0734289 -0.945162 0.567272 0.128033 -0.813517 0.607477 0.127626 -0.784017 -0.909118 0.400402 0.114819 -0.431989 -0.554181 -0.711526 0.553233 0.0588433 -0.830945 0.430868 0.197829 -0.880464 0.522053 0.125034 -0.843699 0.472749 0.121153 -0.872829 -0.850599 0.525608 0.0147637 -0.512561 -0.641185 -0.571107 0.349932 -0.367665 0.861609 0.937543 0.310856 -0.156148 0.887957 0.454503 -0.0704174 0.408151 -0.504798 0.760652 -0.276799 -0.0162759 -0.96079 -0.159982 -0.165253 -0.973189 0.66014 0.125753 -0.740541 0.670932 0.125271 -0.730861 0.764184 -0.629845 0.13899 0.589097 0.676279 0.44228 0.50585 0.633528 0.585455 0.843133 -0.537702 0.0015269 0.424977 -0.539424 0.726922 0.902846 0.418026 -0.100613 0.838631 0.54459 0.0109339 0.500318 -0.627174 0.596938 0.674312 -0.676637 0.295745 0.67428 0.676641 0.295808 0.759604 0.633259 0.148271 0.584439 -0.674109 0.451673 0.289205 0.320412 -0.902051 0.568383 0.12625 -0.81302 0.58444 -0.67411 0.45167 0.759607 0.633257 0.148266 0.674278 0.676642 0.295812 0.67431 -0.676638 0.29575 0.9228 -0.165255 -0.34804 0.313847 0.107495 -0.943369 0.500299 -0.627181 0.596947 0.838632 0.544589 0.0109319 0.589095 0.676278 0.442284 0.764182 -0.629847 0.138994 0.891798 0.349151 -0.287733 0.311114 0.141323 -0.939806 0.424964 -0.539449 0.726912 0.902846 0.418026 -0.100614 0.505845 0.633522 0.585466 0.843129 -0.537709 0.00153628 0.63659 0.320406 -0.701494 0.420991 0.135293 -0.896918 0.395717 -0.555704 0.731164 0.962864 0.100692 -0.250506 0.940545 0.256689 -0.222456 0.47752 -0.655293 0.585291 -0.792078 0.602834 -0.0959334 -0.452703 -0.572365 -0.68371 -0.385605 -0.459692 -0.799995 -0.865452 0.500025 0.0311007 0.329932 -0.400506 0.854833 0.96693 -0.058619 -0.248213 -0.335338 -0.316935 -0.887187 -0.923074 0.361703 0.130789 0.00436465 -0.214446 -0.976726 0.638798 0.126669 -0.758875 0.440184 0.256818 0.860397 0.875921 -0.469368 0.111607 -0.304629 -0.151256 -0.940385 -0.960182 0.200044 0.195019 -0.296325 0.0265331 -0.954719 -0.974982 0.0265229 0.220696 -0.196689 0.349125 -0.916201 -0.291286 0.185475 -0.938484 0.671019 0.125216 -0.73079 0.660446 0.125385 -0.740331 -0.311764 0.204801 -0.927825 -0.967224 -0.146481 0.207416 0.129186 0.403131 -0.905978 0.608331 0.125812 -0.783649 -0.0408236 0.420762 -0.906252 0.639386 0.125582 -0.758561 -0.34989 0.367512 -0.861692 -0.937552 -0.310818 0.156167 -0.336992 -0.92683 0.165597 -0.499542 -0.850442 0.164945 -0.63432 -0.766124 0.103402 -0.715996 -0.697364 -0.0321509 -0.708602 -0.66987 -0.221715 -0.600933 -0.696408 -0.392295 -0.44259 -0.765049 -0.467776 -0.29764 -0.849695 -0.435235 -0.192209 -0.926402 -0.323781 -0.122356 -0.978664 -0.165062 0.0358753 -0.837709 0.544938 0.542811 -0.836995 -0.0692559 -0.160297 -0.978846 0.127142 0.659419 -0.0734359 -0.74818 0.425308 0.110158 -0.89832 -0.929789 -0.33963 0.141929 -0.341855 0.339229 -0.87639 -0.39578 0.479914 -0.782969 -0.875829 -0.48018 0.0484763 -0.466083 0.587839 -0.66122 -0.805538 -0.587996 -0.0732735 0.526732 0.217853 -0.821641 0.422591 0.0790108 -0.90287 0.296847 -0.0507557 -0.953575 0.147441 -0.145835 -0.97826 -0.0196715 -0.176711 -0.984066 -0.18144 -0.114343 -0.976732 -0.288042 0.0456498 -0.956529 -0.287288 0.246422 -0.925604 -0.181836 0.398114 -0.899133 -0.022228 0.456868 -0.889257 0.147862 0.430328 -0.89048 0.30708 0.342577 -0.887887 0.448202 0.217844 -0.866983 0.57061 0.0790137 -0.817411 0.677403 -0.0507598 -0.733858 0.773475 -0.145839 -0.616821 0.862069 -0.176726 -0.47498 0.936596 -0.11435 -0.331229 0.972408 0.04567 -0.228774 0.945246 0.246432 -0.213966 0.869595 0.398127 -0.292061 0.78123 0.456876 -0.425376 0.697248 0.430348 -0.573277 0.61539 0.342577 -0.709884 0.454207 0.126417 -0.881881 -0.547972 0.655695 -0.519414 -0.723682 -0.655766 -0.21507 0.667834 0.124689 -0.733792 0.608601 0.125972 -0.783413 0.496501 0.37634 0.782212 0.925664 0.376339 0.0389293 0.496501 -0.37634 0.782212 0.925664 -0.376339 0.0389294 0.310477 -0.101516 -0.945145 0.334643 -0.0874369 -0.93828 0.237763 -0.0878935 -0.967338 0.200492 -0.101827 -0.974389 0.297682 -0.116628 -0.947514 0.181107 -0.113872 -0.976849 0.376863 0.137543 -0.916 0.666849 0.126068 -0.734452 0.711316 0.124198 -0.691813 0.740368 0.122544 -0.660937 0.538316 0.121669 -0.833914 0.754633 0.121663 -0.644769 0.754706 0.121658 -0.644684 0.74066 0.122335 -0.660649 0.711926 0.123418 -0.691325 0.485122 0.127056 -0.865166 0.507254 0.127169 -0.852362 0.528294 0.127205 -0.839479 0.546845 0.127182 -0.827517 0.561732 0.127128 -0.817494 0.572097 0.127067 -0.810283 0.577397 0.127025 -0.806522 0.577329 0.12702 -0.806571 0.571921 0.127072 -0.810407 0.561431 0.127155 -0.817696 0.546423 0.12723 -0.827789 0.484517 0.127028 -0.86551 0.462835 0.126807 -0.877328 0.443214 0.12656 -0.887437 0.427101 0.126318 -0.895337 0.415684 0.12613 -0.900721 0.40981 0.126023 -0.903423 0.409901 0.126019 -0.903383 0.415953 0.126131 -0.900596 0.427515 0.126346 -0.895136 0.443737 0.126604 -0.887169 0.463415 0.126857 -0.877014 0.306386 0.149716 -0.94006 0.180846 0.125739 -0.975441 0.182095 0.111948 -0.976887 0.250958 0.095968 -0.963229 0.311742 0.0980917 -0.94509 0.202792 0.138748 -0.969342 0.206315 0.101057 -0.973253 0.245966 0.14752 -0.957987 0.4591 0.120139 -0.880224 -0.948039 0.137022 0.287138 -0.918248 0.378763 -0.115583 -0.86603 1.10425e-05 -0.499992 -0.866032 1.89964e-12 -0.499989 0.866024 8.14607e-08 0.500002 0.86603 -1.0346e-05 0.499992 0.549831 0.35852 0.75442 0.517161 0.722578 0.458723 0.866032 -1.80392e-12 0.499989 0.866031 8.76511e-06 0.49999 0.559195 -0.378792 0.73744 0.225339 -0.137026 0.964597 0.657979 -0.742373 0.126277 0.612028 -0.509488 0.60485 0.91422 -0.122612 0.386222 0.961179 4.49541e-08 0.275926 0.892859 -0.0598673 0.44634 0.89286 0.0598699 0.446338 0.949085 -0.310332 0.0541461 0.59484 -0.450283 0.66589 -0.658696 -0.742159 -0.123769 -0.524486 -0.807338 0.270406 0.577755 -0.806951 -0.122592 0.582331 -0.742159 0.331799 -0.860902 0.0100897 -0.50867 -0.870982 0.0100694 -0.491211 -0.555599 0.370812 -0.744183 -0.543802 -0.345911 -0.764608 0.866025 8.14604e-08 0.5 0.866028 -1.44528e-05 0.499995 0.928265 -0.358505 0.0989822 0.655844 -0.722573 0.218532 -0.655826 -0.72258 -0.218562 -0.928263 -0.358511 -0.0989865 -0.866025 -2.05045e-05 -0.5 -0.866013 -8.1464e-08 -0.500022 0.483899 -0.746117 0.457331 0.0744706 -0.809318 0.58263 -0.131654 -0.809299 -0.572453 -0.536596 -0.746117 -0.394176 0.834155 -0.0579379 0.548478 0.892085 -0.0579205 0.448141 0.958852 0.281504 0.0368535 0.891892 -0.425059 0.154447 0.605017 -0.02186 -0.795912 0.772705 0.152951 -0.616062 0.841627 0.385893 -0.377825 0.866828 -0.347592 -0.357477 0.418934 0.0579469 -0.906166 0.12502 -0.0853988 -0.988472 0.866013 2.55215e-05 0.500022 0.866013 -2.53777e-05 0.500022 0.564185 0.695213 0.445392 0.667759 0.695237 0.265978 -0.89709 0.0590854 -0.437879 -0.89709 -0.0590845 -0.43788 -0.927168 0.374609 -0.00530658 -0.553103 0.520001 -0.650905 0.148007 -0.64165 0.752581 0.88717 -0.0459011 0.459154 0.887638 -0.0395846 0.458837 0.537772 -0.491969 0.684666 -0.849518 0.0313338 -0.526628 -0.741075 0.614543 0.270454 -0.871615 0.477994 -0.108669 -0.849441 0.0270105 -0.526992 0.0931247 -0.360356 -0.928155 0.720702 0.400532 -0.56583 0.969333 0.245732 0.00314826 0.903422 -0.411889 0.119065 0.834072 -0.0670474 0.547566 0.891245 -0.0670438 0.448539 -0.86095 0.0116703 -0.508555 -0.870902 0.0116699 -0.491318 -0.531292 0.348757 -0.772073 -0.519649 -0.319898 -0.792232 -0.878555 0.0262136 -0.476921 -0.131013 0.602113 -0.787588 -0.538033 0.366117 -0.759262 -0.876808 0.0265157 -0.48011 0.80162 -0.463917 -0.377077 0.886725 0.0448446 0.460117 0.883828 0.0453612 0.465607 0.959028 -0.281946 0.0277716 0.940212 0.334501 0.0641156 0.86602 1.77855e-05 0.500009 0.866021 -1.66583e-05 0.500008 0.525599 0.334479 0.782221 0.424699 -0.87945 0.214937 0.474284 -0.873526 0.109579 0.551664 -0.817626 0.164784 0.506164 -0.821034 0.26401 -0.646202 -0.665722 -0.373144 -0.866012 -8.14641e-08 -0.500023 -0.866015 2.10277e-05 -0.500017 -0.518834 -0.615022 -0.593767 -0.038159 -0.118537 0.992216 -0.0697315 -0.235897 0.969273 0.0351717 -0.227347 0.973179 0.0714945 -0.111095 0.991235 0.570599 0.288171 -0.769009 0.693644 0.441204 -0.569383 0.722738 0.176445 -0.668219 0.565022 0.218951 -0.795494 -0.866021 2.90742e-05 -0.500008 -0.410852 -0.47071 -0.78079 -0.469284 -0.882701 -0.0247188 -0.447003 -0.882413 -0.14675 -0.525712 -0.827035 -0.199098 -0.546083 -0.834211 -0.0767206 -0.02608 -0.189309 -0.981571 0.223395 -0.112951 -0.968162 0.284518 0.0623982 -0.956638 0.141849 0.0450583 -0.988862 0.399702 0.44858 0.799384 0.85765 -0.0163104 0.513975 0.861714 -0.0198787 0.507005 0.333046 0.228028 0.914923 -0.328157 -0.871461 -0.364512 -0.237917 -0.858854 -0.453614 -0.32464 -0.809037 -0.489968 -0.414963 -0.815472 -0.403498 -0.112994 0.453412 -0.88411 -0.303083 0.254114 -0.918459 0.027598 0.195002 -0.980415 0.107662 0.267819 -0.957435 0.865856 -0.0201603 0.499888 0.313255 -0.0270132 0.949285 -0.0281378 0.00343283 0.999598 0.083439 0.00320191 0.996508 0.726756 -0.112952 -0.677545 0.57138 0.0770155 -0.817064 0.556807 0.133807 -0.819794 0.686204 0.0624123 -0.724727 0.870107 -0.0207322 0.492427 0.344303 -0.282438 0.895368 0.345763 -0.880245 0.324989 0.430878 -0.824665 0.366432 0.874446 -0.0173428 0.484813 0.42222 -0.493635 0.760299 -0.398982 -0.879472 -0.259504 -0.482176 -0.821051 -0.305583 0.822155 0.45342 -0.344196 0.806507 0.161005 -0.568879 0.424871 -0.499038 0.755278 0.876288 -0.0212907 0.481317 0.879171 -0.0111844 0.476374 0.536552 -0.629558 0.561933 0.860934 0.15675 -0.483966 0.773294 0.172682 -0.61008 0.421887 0.0769872 -0.903374 0.43156 0.133807 -0.892105 0.880573 7.70684e-08 0.473911 0.665718 -0.66519 0.338145 0.838918 0.171237 -0.516618 0.799481 0.144107 -0.583149 0.854056 0.129553 -0.503791 0.89286 0.161975 -0.420196 0.380683 0.288169 -0.878657 0.406394 0.218958 -0.887074 0.880082 0.0119845 0.47467 0.792234 -0.598518 0.118921 -0.260343 -0.0520413 -0.964113 0.0418603 0.0992109 -0.994186 -0.739942 0.639949 -0.207247 -0.840857 0.0198928 -0.540891 -0.848447 0.033261 -0.528235 -0.857542 0.514397 -0.00413622 -0.0359511 0.130006 0.990861 0.0738336 0.12184 0.9898 0.14628 0.441199 -0.885407 0.247837 0.274602 -0.92907 -0.857376 0.0381767 -0.513272 -0.9417 0.305501 0.140959 0.248882 -0.873556 0.418279 0.333652 -0.824444 0.457132 0.863099 -0.189329 -0.468203 -0.865223 0.0432074 -0.499522 -0.977456 0.057805 0.203072 0.497181 -0.867633 -0.00487106 0.572751 -0.818183 0.0503349 0.946948 0.254135 -0.196734 0.839554 0.167694 -0.516748 -0.875219 0.0507033 -0.481063 -0.965205 -0.186409 0.183388 -0.886851 0.0451702 -0.459842 -0.908868 -0.407829 0.0873801 -0.0632449 0.252218 0.965602 0.0420229 0.242262 0.9693 -0.881584 -0.470763 0.0345333 -0.86602 -3.04154e-05 -0.500009 -0.866015 -2.12111e-05 -0.500018 -0.773601 -0.61505 -0.152495 0.892738 0.162284 -0.420335 0.565176 0.116789 -0.816662 0.393623 0.239658 -0.887483 0.20448 0.322403 -0.924253 0.0263165 0.316575 -0.948202 -0.0816092 0.208307 -0.974653 -0.0605277 0.061067 -0.996297 0.0749204 -0.0181667 -0.997024 0.253716 0.0116128 -0.967209 0.424661 0.116777 -0.897789 0.571748 0.239645 -0.784649 0.710765 0.0116236 -0.703334 0.930635 -0.245465 -0.271415 0.930633 -0.245469 -0.271416 0.230245 -0.245473 0.941664 0.230245 -0.245469 0.941665 -0.249935 0.120295 -0.960761 -0.249933 0.120307 -0.96076 0.959678 -0.100887 -0.262375 0.959676 -0.1009 -0.262376 0.959261 -0.104111 -0.262637 0.959262 -0.10411 -0.262637 0.252161 -0.104112 0.962068 0.252161 -0.104113 0.962068 -0.25786 0.0600694 -0.964313 -0.25786 0.0600694 -0.964313 0.950233 -0.160849 -0.266804 0.950233 -0.160849 -0.266804 0.000659813 -0.334458 -0.94241 -0.249933 0.120307 -0.96076 0.959678 -0.100888 -0.262375 0.80969 0.344215 -0.475308 -0.252161 0.104113 -0.962068 -0.959262 0.104111 0.262637 -0.959261 0.104114 0.262637 -0.252161 0.104115 -0.962068 0.959676 -0.100897 -0.262375 -0.249934 0.120298 -0.960761 -0.249934 0.120299 -0.960761 0.959677 -0.100896 -0.262375 -0.230245 0.245469 -0.941665 -0.930634 0.245465 0.271415 -0.930634 0.245469 0.271416 -0.230245 0.245472 -0.941664 0.950232 -0.160858 -0.266804 -0.257861 0.0600604 -0.964313 -0.25786 0.0600685 -0.964313 0.950233 -0.16085 -0.266804 0.976994 0.212149 0.021795 0.930632 -0.245473 -0.271416 0.230244 -0.245477 0.941663 0.458358 -0.585658 0.668515 -0.156415 -0.749998 -0.64268 0.121936 -0.876779 0.465178 -0.6348 -0.74999 0.18586 0.463825 -0.87678 -0.126975 -0.444854 0.871233 0.207505 0.661778 0.743492 -0.0962787 0.263925 0.741601 0.616743 -0.026272 0.869335 -0.493525 0.440569 -0.535316 0.720649 0.850004 -0.526583 0.0142706 0.552391 0.279877 0.785196 0.959423 0.271125 0.0774554 -0.849031 0.528116 -0.0154885 -0.959261 0.104116 0.262637 -0.25216 0.104117 -0.962068 -0.551387 -0.278309 -0.786458 0.0919907 0.448119 -0.889228 -0.257861 0.0600652 -0.964313 0.950233 -0.160854 -0.266804 0.680281 -0.484942 -0.54959 0.440571 -0.535321 0.720644 0.850005 -0.526582 0.0142697 0.552392 0.279879 0.785195 0.959425 0.271119 0.0774502 0.156404 0.749998 0.642682 -0.121944 0.876779 -0.465176 0.634809 0.749989 -0.185833 -0.46382 0.87678 0.126997 0.44485 -0.871232 -0.207519 -0.661782 -0.743491 0.0962653 -0.263918 -0.741602 -0.616745 0.0262788 -0.869335 0.493524 0.0298512 -0.869769 0.492555 -0.260251 -0.742045 -0.617769 0.441489 -0.869769 -0.220429 -0.665142 -0.742037 0.0834696 0.440571 -0.53532 0.720646 0.850003 -0.526585 0.0142722 0.55239 0.279875 0.785198 0.959424 0.271122 0.0774529 -0.974136 -0.22361 -0.0325156 -0.583745 -0.330449 -0.74165 -0.87784 0.478397 0.0230824 -0.458163 0.585082 -0.669153 0.156406 0.749998 0.642682 -0.121944 0.876779 -0.465176 0.634802 0.74999 -0.185853 -0.463824 0.87678 0.126981 0.444858 -0.871235 -0.207489 -0.661775 -0.743493 0.0962898 -0.263907 -0.741603 -0.616748 0.026287 -0.869336 0.493521 0.0298341 -0.869767 0.49256 -0.260267 -0.742043 -0.617765 0.441488 -0.869769 -0.220434 -0.665143 -0.742036 0.0834656 -0.674691 -0.736774 0.0442363 0.431428 -0.864717 -0.257165 0.0780317 -0.874443 0.478812 -0.213997 -0.74667 -0.629832 -0.440571 0.535319 -0.720646 -0.850003 0.526584 -0.0142711 -0.552392 -0.279878 -0.785195 -0.959424 -0.271121 -0.077452 -0.974137 -0.223607 -0.0325133 -0.583747 -0.330452 -0.741647 -0.877842 0.478394 0.0230847 -0.458164 0.585085 -0.669149 -0.156406 -0.749998 -0.642682 0.121948 -0.876779 0.465175 -0.634793 -0.749991 0.185879 0.463828 -0.876781 -0.126963 0.444851 -0.871232 -0.207515 -0.66178 -0.743491 0.0962695 -0.263946 -0.741599 -0.616737 0.0262542 -0.869332 0.49353 -0.029834 0.869767 -0.49256 0.260264 0.742043 0.617766 -0.441492 0.869771 0.220418 0.66514 0.742038 -0.0834764 -0.674691 -0.736774 0.0442355 0.431428 -0.864717 -0.257166 0.0780339 -0.874443 0.478812 -0.213995 -0.746671 -0.629833 -0.440572 0.535323 -0.720642 -0.849999 0.526591 -0.0142768 -0.552386 -0.279869 -0.785202 -0.959425 -0.271118 -0.077449 -0.974135 -0.223616 -0.0325215 -0.583751 -0.330458 -0.741641 -0.877847 0.478384 0.0230919 -0.458162 0.585079 -0.669156 -0.156389 -0.749999 -0.642685 0.121957 -0.876779 0.465172 -0.63479 -0.750003 0.185843 0.463824 -0.87678 -0.126978 -0.444851 0.871232 0.207513 0.661767 0.743504 -0.0962625 0.263949 0.741603 0.61673 -0.0262698 0.869334 -0.493526 0.0298684 -0.869771 0.49255 -0.260254 -0.74205 -0.617762 0.441492 -0.869771 -0.220418 -0.665139 -0.742038 0.0834819 0.674691 0.736774 -0.044235 -0.431429 0.864717 0.257165 -0.0780092 0.874441 -0.478819 0.214015 0.746669 0.629828 0.440568 -0.535312 0.720653 0.850006 -0.52658 0.0142682 0.552393 0.27988 0.785194 0.959421 0.271129 0.0774598 -0.974131 -0.223634 -0.0324978 -0.583734 -0.330463 -0.741653 -0.877845 0.478388 0.0230892 -0.458163 0.585081 -0.669154 0.757738 -0.0711205 -0.648671 -0.178669 -0.533207 0.826903 0.454093 0.083218 0.88706 0.877752 -0.478533 -0.0236287 -0.0920113 -0.0854429 0.992085 -0.783105 -0.113231 0.611495 -0.808894 -0.484366 0.333287 -0.108157 0.162348 0.980788 -0.812342 0.581144 -0.0487039 -0.975566 -0.218541 -0.0225853 -0.388943 0.259117 -0.884071 -0.695994 -0.431199 -0.574161 0.0584446 0.147745 0.987297 0.82657 -0.290706 -0.481946 0.97508 -0.112363 -0.191293 0.321851 -0.112358 0.9401 0.656709 0.397138 0.641104 0.401641 -0.350981 0.845871 0.989452 0.144043 -0.0153753 0.767299 -0.629103 0.124424 0.973924 0.209377 -0.0873645 0.319691 -0.435766 0.841371 0.624362 -0.677531 -0.388747 0.162725 0.208324 -0.964428 -0.14215 -0.537329 -0.831307 0.795146 0.0926607 -0.599297 0.319129 -0.432195 0.843424 0.973334 0.212959 -0.0852605 0.884066 0.444985 0.142888 0.404199 -0.67241 0.620071 -0.0985443 -0.621924 -0.776852 0.836366 0.0132597 -0.548011 0.161676 0.207622 -0.964756 0.618247 -0.682126 -0.39048 0.731367 0.526712 0.433217 0.554394 -0.763586 0.331035 0.186697 0.224332 -0.956462 0.651381 -0.656354 -0.380661 0.781602 0.115518 -0.612988 -0.155825 -0.508721 -0.846712 0.555884 0.435298 0.708173 0.72921 -0.682154 0.0540302 -0.183291 -0.18177 0.966108 -0.804231 0.0826571 0.588541 -0.714372 0.294035 0.634992 -0.0136616 -0.602629 0.797905 -0.737085 0.674438 -0.0428898 -0.563731 -0.443033 -0.697086 -0.410927 -0.208553 -0.887493 -0.888151 0.436597 0.143423 0.874853 0.174007 -0.452055 0.161507 -0.847821 0.50509 0.542958 -0.698694 0.465858 0.968441 0.248822 0.0144824 -0.321713 0.113379 -0.940024 -0.974947 0.113378 0.191375 -0.753296 0.261229 0.603577 -0.0558575 0.0943643 0.99397 -0.75455 -0.557356 0.346422 -0.0569636 -0.645642 0.761513 -0.319781 0.436336 -0.841042 -0.974015 -0.208819 0.087692 -0.116134 0.0948111 0.988698 0.221807 0.00821933 0.975056 0.26894 -0.395689 0.878124 -0.0481216 -0.561415 0.826134 -0.365605 -0.385325 0.847265 -0.588897 -0.0664892 0.805468 -0.756102 0.211841 0.61922 -0.924321 0.217873 0.313309 -0.972372 -0.168602 0.16145 -0.844986 -0.211576 0.491157 0.738407 -0.653427 0.166697 0.401594 -0.350582 0.846058 0.989176 0.146028 -0.0143721 0.628738 0.373547 0.68202 -0.982756 -0.126025 0.135305 -0.331491 0.518901 -0.787943 -0.435045 0.713735 -0.548925 -0.913665 -0.399936 -0.0725798 -0.110597 0.727637 -0.676988 -0.860363 -0.444248 0.249839 -0.0691017 -0.31243 0.947424 0.281309 -0.342212 0.896524 0.207661 0.0581719 0.97647 -0.134054 0.122755 0.983342 -0.441428 -0.0765256 0.894028 -0.666001 -0.31208 0.677531 -0.844217 -0.385261 0.372654 -0.979322 -0.111705 0.168672 -0.905598 0.261798 0.333697 -0.735801 0.232773 0.635935 0.946434 -0.155135 -0.28319 0.946421 -0.155176 -0.283211 0.353041 0.296115 0.887512 0.35305 0.296149 0.887497 0.315203 0.160597 0.935337 0.315214 0.160633 0.935327 0.919251 -0.298744 -0.256377 0.919242 -0.298781 -0.256369 -0.929847 0.254964 0.265289 0.274875 0.034639 0.960856 0.274882 0.0346582 0.960853 -0.929843 0.254983 0.265285 -0.257795 0.0146594 -0.966088 0.939541 -0.20431 -0.274811 0.939553 -0.204286 -0.274787 -0.257786 0.0146849 -0.96609 0.976998 0.212134 0.0217803 0.808136 -0.585649 0.0627017 0.507362 0.212183 0.835202 0.458361 -0.585666 0.668506 0.000662303 -0.334462 -0.942409 0.118566 0.470595 -0.874347 0.706357 -0.463545 -0.534963 0.809693 0.344211 -0.475307 -0.849035 0.52811 -0.015484 -0.956791 -0.278288 -0.0843009 -0.437916 0.528118 -0.727545 -0.55139 -0.278315 -0.786454 -0.0920032 -0.44813 0.889222 -0.0193633 0.364033 0.931185 -0.82855 -0.313444 0.463959 -0.680293 0.484932 0.549583 0.440569 -0.535316 0.720649 0.850007 -0.526577 0.0142662 0.552395 0.279883 0.785191 0.959423 0.271125 0.077456 -0.974135 -0.223615 -0.0325204 -0.583748 -0.330452 -0.741647 -0.877843 0.478392 0.0230861 -0.458162 0.585078 -0.669157 -0.11627 0.194551 0.973977 0.408845 -0.410084 0.815277 0.98708 0.160128 -0.00559236 0.722455 -0.284114 -0.630348 -0.812046 0.0725167 0.57907 -0.790463 -0.170313 0.588355 0.120737 0.474573 0.871896 -0.141393 0.100102 0.984879 -0.884264 -0.146644 0.443366 -0.974947 0.113377 0.191374 -0.321713 0.113378 -0.940025 0.00408468 0.291732 -0.956491 -0.933833 -0.333164 -0.130219 -0.539933 0.681918 -0.493417 -0.429763 -0.0159795 -0.9028 -0.884615 0.465017 0.0348823 -0.0101652 0.64126 -0.767256 0.152073 -0.130316 -0.979741 0.824529 0.488606 -0.285335 0.722382 -0.234605 -0.65048 -0.888139 0.436615 0.143444 -0.737084 0.674438 -0.0428904 -0.563755 -0.443033 -0.697067 -0.410925 -0.208549 -0.887495 0.730484 0.612505 -0.302045 0.0356975 0.688742 -0.724128 0.762469 -0.200771 -0.615088 0.0636467 -0.0221033 -0.997728 0.729206 -0.682157 0.0540355 0.554386 -0.763585 0.331049 0.731357 0.526712 0.433235 0.555898 0.435289 0.708167 -0.741041 0.219276 0.634647 -0.804737 -0.518095 0.289788 -0.134156 0.108299 0.985025 -0.0106582 -0.663321 0.748259 0.404193 -0.672402 0.620084 0.884062 0.444994 0.142879 -0.730809 0.250629 0.634905 -0.637939 0.640364 0.427747 -0.151166 -0.264814 0.952377 -0.0723372 -0.0229553 0.997116 0.319131 -0.432206 0.843418 0.973335 0.212956 -0.0852622 -0.315763 -0.601753 -0.733613 -0.662821 -0.407519 -0.628169 -0.819564 0.571199 -0.0452268 -0.751788 0.534321 0.386414 0.31969 -0.435758 0.841376 0.321851 -0.11236 0.9401 0.97508 -0.112367 -0.191293 0.973924 0.209381 -0.087362 -0.156132 -0.268325 0.950592 -0.640073 0.638718 0.427019 0.0718155 0.567171 0.820463 -0.83751 -0.0850343 0.539766 0.411297 0.209418 0.887118 0.88851 -0.435736 -0.143817 -0.00289684 0.19795 0.980208 0.345574 0.150371 0.926265 0.182003 -0.232331 0.955456 -0.166303 -0.218717 0.961512 -0.409814 0.0620211 0.910058 -0.557908 0.38054 0.737515 -0.700042 0.552967 0.45185 -0.902409 0.3786 0.205717 -0.953702 -0.0245842 0.299748 -0.793832 -0.103932 0.59919 -0.387426 -0.155034 -0.908772 -0.534795 -0.414641 -0.736252 -0.708063 0.701289 -0.0827117 -0.863384 0.490051 0.120072 -0.225508 -0.462637 -0.857387 -0.655837 0.708977 0.259286 -0.140839 -0.196995 0.970236 0.209445 -0.186709 0.959829 0.347567 0.206762 0.914575 0.0776891 0.441341 0.89397 -0.275853 0.347658 0.896124 -0.575311 0.109993 0.810505 -0.807158 -0.0751348 0.585534 -0.957897 0.0268139 0.285856 -0.878376 0.430936 0.206758 -0.754625 0.377515 0.536679 -0.236244 0.658367 -0.714662 -0.916269 0.230466 0.327624 -0.916265 0.230476 0.327627 -0.236221 0.658398 -0.714641 -0.229164 0.170352 -0.958365 -0.229194 0.170374 -0.958354 0.961428 -0.0473783 -0.270946 0.961425 -0.0473966 -0.270952 0.590197 0.650291 -0.478319 0.513992 0.834875 0.196968 0.160311 0.827547 0.538021 -0.295245 0.672837 0.678322 -0.383169 0.750607 0.538303 0.0408181 0.809194 0.586121 -0.0338358 0.759701 0.649391 -0.194789 0.977946 -0.0753623 0.0490817 0.968108 -0.245677 0.477607 -0.761011 0.439037 0.86253 0.452612 -0.226242 0.993843 0.0170435 0.109481 0.714335 0.698048 -0.0495443 0.283481 -0.817161 0.501884 -0.74089 0.00484638 0.671609 -0.479426 -0.223784 0.84857 0.0476191 -0.646717 0.761242 -0.671612 0.732606 -0.110569 -0.67762 0.73291 0.0606153 0.677615 0.732905 0.0607402 0.637157 0.732646 0.239295 0.141149 0.192088 -0.971174 0.275964 -0.178543 -0.94444 0.114874 -0.0743208 -0.990596 -0.89553 0.11817 0.429025 0.306333 -0.0321476 -0.951382 -0.97608 0.118099 0.182539 -0.55466 0.12275 -0.822973 -0.334701 0.115007 -0.93528 -0.984942 0.172463 0.0120984 -0.977091 0.0321166 -0.210384 0.526833 -0.571979 -0.628719 -0.314881 -0.897481 -0.308833 -0.00271388 -0.999993 0.00271405 -0.0331053 0.925713 -0.376774 -0.138669 0.893942 -0.426192 0.959743 -0.202765 -0.194369 0.30424 0.148517 0.940947 0.974958 -0.0274433 -0.220691 0.296317 -0.0274466 0.954695 0.967089 0.147769 -0.207131 0.311599 -0.203487 0.92817 0.383123 0.106915 -0.917489 -0.215348 0.0420019 -0.975634 -0.000364489 -0.370499 -0.928833 0.659188 0.513591 -0.549269 0.907081 0.264366 -0.327589 -0.0843379 0.397365 -0.913777 -0.133575 -0.334945 -0.932722 0.96512 -0.0520369 -0.256585 0.0298359 -0.869767 0.492559 -0.260262 -0.742044 -0.617766 0.441488 -0.869769 -0.220432 -0.665143 -0.742037 0.083467 0.674691 0.736774 -0.044235 -0.431428 0.864717 0.257166 -0.0780244 0.874442 -0.478815 0.214003 0.74667 0.629831 0.974135 0.223614 0.0325194 0.583748 0.330454 0.741646 0.877844 -0.47839 -0.0230878 0.458163 -0.585081 0.669154 -0.674692 -0.736773 0.0442322 0.431428 -0.864717 -0.257167 0.0780136 -0.874441 0.478818 -0.214011 -0.746669 -0.629829 0.57253 -0.716233 0.399024 0.966754 0.255704 -0.00130257 0.834077 -0.551645 -0.00185128 0.363483 -0.123912 0.923323 0.220214 -0.214493 -0.951577 0.873848 -0.0821594 -0.479207 0.179892 0.810843 -0.556931 0.853256 0.441422 -0.277671 0.961481 -0.0470662 -0.27081 0.242158 -0.49969 0.831667 0.242133 -0.499693 0.831672 0.961476 -0.0470444 -0.270833 -0.967136 -0.00110397 0.254258 -0.967129 -0.00111413 0.254285 0.232933 -0.220594 0.947143 0.232904 -0.220591 0.947151 -0.712618 -0.332498 -0.617754 -0.66879 -0.502396 -0.548013 -0.660812 -0.484637 -0.57311 -0.708834 -0.326626 -0.625196 0.576853 -0.771405 -0.268653 0.893366 -0.135874 -0.428293 0.948599 -0.1614 -0.272232 0.564102 -0.77962 -0.271996 0.00185983 -0.522061 -0.852906 -0.113222 -0.643298 -0.757198 0.51802 -0.726655 -0.451251 0.528852 -0.728887 -0.434785 -0.458439 -0.76181 -0.457689 -0.29994 -0.817478 -0.491696 -0.331393 -0.768607 -0.547195 -0.465818 -0.720719 -0.513399 0.971033 -0.213162 -0.107965 0.553717 -0.786153 -0.274518 0.812914 -0.446396 0.374034 0.910783 -0.326923 0.252183 0.627008 -0.741089 -0.2401 0.591925 -0.780556 -0.200888 -0.0566711 -0.672071 -0.738315 -0.0741182 -0.519375 -0.851326 -0.151753 -0.531938 -0.833074 -0.13811 -0.654914 -0.742976 0.955653 -0.289844 0.0521263 0.543813 -0.792257 -0.276758 -0.362002 0.805166 -0.469747 -0.522948 0.698439 -0.488578 -0.52053 0.830501 0.198286 -0.517815 0.828332 0.213856 -0.331275 -0.315417 -0.889252 -0.494457 -0.27615 -0.824168 -0.513741 -0.295542 -0.805435 -0.368776 -0.343694 -0.863643 0.900487 -0.388037 0.196344 0.532841 -0.798876 -0.279066 0.0980893 0.987248 -0.125376 -0.0324676 0.959305 -0.280498 -0.515891 0.826731 0.224438 -0.513009 0.829711 0.220004 -0.779894 -0.237963 -0.578912 -0.882575 -0.202002 -0.424567 -0.873081 -0.186361 -0.450554 -0.776016 -0.232231 -0.586402 0.810364 -0.498064 0.308613 0.521961 -0.803703 -0.285688 -0.98826 -0.0172898 -0.151802 -0.984761 0.144831 -0.0962834 -0.975052 0.135846 -0.175555 -0.975717 -0.00422165 -0.218993 -0.528664 0.796567 0.293251 -0.819533 0.488667 -0.299282 -0.707396 0.599511 -0.374402 -0.523877 0.796289 0.302452 -0.851122 0.444287 -0.279644 -0.767751 0.455293 -0.450852 -0.802743 0.382811 -0.45723 -0.870375 0.374045 -0.320215 -0.575477 0.707927 -0.409471 -0.521689 0.794084 0.311884 0.298067 -0.287769 -0.910135 0.142163 -0.400777 -0.905079 0.531078 -0.733458 -0.42426 0.531589 -0.734509 -0.421793 -0.709374 0.215872 -0.670961 -0.717827 0.0377113 -0.6952 -0.73538 0.0159048 -0.677468 -0.739295 0.176923 -0.649724 -0.429193 0.808886 -0.401866 -0.519496 0.791977 0.320775 0.752016 -0.0693451 -0.655487 0.613687 -0.116225 -0.780948 0.527587 -0.726654 -0.44003 0.490771 -0.716193 -0.496197 -0.724665 -0.149294 -0.672735 -0.730051 -0.156299 -0.665279 -0.277899 0.894807 -0.349417 -0.516956 0.789642 0.330487 0.963095 -0.0807142 -0.256776 0.903029 -0.0530625 -0.42629 0.669292 -0.692756 -0.268584 0.658721 -0.710777 -0.246744 -0.584805 -0.64973 -0.485648 -0.579692 -0.620204 -0.528492 -0.130966 0.958806 -0.25207 -0.513461 0.786567 0.34303 0.970747 -0.220271 0.0955565 0.635766 -0.729069 -0.253496 -0.145385 -0.78882 -0.597182 -0.207321 -0.745996 -0.632857 -0.00690363 0.992678 -0.120595 -0.515229 0.780063 0.355022 -0.668098 0.583538 -0.461659 -0.524433 0.833503 0.173903 -0.179809 -0.393337 -0.90164 -0.238689 -0.421436 -0.874883 0.531045 -0.776951 -0.33814 0.0274148 -0.989225 0.143811 -0.0696611 -0.997562 -0.00409733 0.535465 -0.772299 -0.341807 -0.195249 0.894952 -0.401172 -0.516203 0.826996 0.222738 -0.648186 -0.256749 -0.716893 -0.653692 -0.26362 -0.70936 -0.553999 0.77258 0.310169 0.0448074 0.998233 -0.0390291 0.119546 0.985328 0.121812 -0.552268 0.773885 0.310005 0.197378 0.975869 0.0933938 0.116188 0.989886 -0.0813986 -0.413582 0.833995 0.365244 -0.446314 0.829277 0.33631 -0.952764 -0.132669 -0.273203 -0.940614 -0.113036 -0.320107 0.158394 0.943675 0.290497 -0.550519 0.774925 0.310515 0.198845 0.762123 0.61614 0.239906 0.857603 0.454931 -0.450926 0.827197 0.335278 -0.442168 0.831148 0.337167 0.158689 0.876497 0.454501 -0.548924 0.775877 0.310962 0.809096 -0.0539842 -0.585191 0.643576 -0.687428 -0.336531 -0.720017 0.365737 -0.589756 -0.757837 0.308028 -0.575153 0.120877 0.788615 0.602889 -0.547221 0.776897 0.311416 0.0475281 0.685685 0.726345 -0.545539 0.777641 0.312507 0.458873 -0.190725 -0.86779 0.530591 -0.732522 -0.42648 0.549561 -0.772918 -0.317143 -0.0420779 -0.679258 -0.732692 0.0638297 -0.567704 -0.820754 0.549511 -0.77291 -0.317251 0.987476 -0.136935 -0.0783525 0.644009 -0.722624 -0.251131 0.192964 -0.456102 -0.868755 0.549497 -0.772874 -0.317361 -0.794335 0.464341 -0.391688 -0.515078 0.848762 0.119574 0.336398 -0.352109 -0.873416 0.549479 -0.772844 -0.317466 0.484409 -0.262776 -0.834444 0.549459 -0.772816 -0.317569 0.512399 0.142225 0.846888 0.654849 0.116391 0.746744 0.627839 0.210787 0.749258 0.458031 0.0714908 0.886057 -0.936122 0.322322 -0.140659 -0.936686 0.278878 -0.21177 0.626857 -0.194236 -0.754535 0.549439 -0.772774 -0.317706 0.754129 -0.151091 -0.639109 0.54947 -0.7727 -0.31783 -0.544972 0.825475 -0.146955 -0.539585 0.8185 -0.197245 0.588829 -0.761148 -0.271907 0.806808 -0.136708 -0.57478 0.239594 0.930615 0.276679 -0.45226 0.826587 0.334983 0.43118 -0.552396 -0.713402 0.43723 -0.563462 -0.700957 0.214564 -0.196474 -0.956745 0.239075 -0.16403 -0.957046 0.868708 -0.442916 -0.221748 0.862998 -0.473077 -0.17729 0.424465 -0.658315 -0.621651 0.538066 -0.452026 -0.711448 0.573717 -0.391 -0.7197 -0.123594 0.915958 0.381767 -0.0955213 0.918194 0.384442 0.872055 -0.406786 -0.272113 0.457847 -0.510428 -0.727901 -0.123754 0.915961 0.381707 -0.566874 0.806098 -0.169881 -0.545934 0.825878 -0.140999 -0.0957228 0.918938 0.382609 -0.633849 0.751801 -0.181744 -0.0327142 0.92364 0.381863 0.433558 -0.557545 -0.707935 -0.497893 0.867238 0.000299275 -0.680556 0.702258 -0.208991 -0.315225 0.851515 0.418993 0.044775 0.939139 0.340606 0.393151 -0.564904 -0.725476 0.856151 -0.500236 -0.1295 0.84718 -0.525154 -0.0806226 -0.498617 0.826247 -0.262101 0.300109 -0.635921 -0.711013 -0.36913 0.672276 -0.641707 -0.357685 0.720691 -0.593857 -0.145219 0.468186 -0.871615 -0.13972 0.456203 -0.878838 -0.244646 0.9261 -0.287205 -0.213611 0.8732 -0.438054 -0.224812 0.654627 -0.72175 -0.239521 0.718719 -0.652743 0.436802 0.854976 0.279678 0.391676 0.86611 0.310553 0.178095 -0.212464 -0.960802 -0.16962 0.761908 -0.62508 -0.189596 0.567409 -0.801312 0.498603 0.836327 0.227929 0.127474 -0.21386 -0.968512 -0.128595 0.571487 -0.810473 -0.142046 0.45315 -0.880044 -0.37015 0.671264 -0.642179 -0.310904 0.653574 -0.690057 0.186827 0.9368 0.295805 -0.0094464 0.933725 0.357866 0.43125 0.792253 0.431693 0.489935 0.74195 0.457683 -0.0853883 0.310504 -0.946729 -0.0847118 0.317492 -0.94447 -0.404809 0.683434 -0.607493 0.388772 0.822861 0.414435 -0.0342262 0.0237382 -0.999132 -0.025579 0.174349 -0.984352 0.0268858 -0.232484 -0.972229 0.0952855 -0.425323 -0.900011 0.0685626 -0.0727733 -0.994989 0.0268145 0.0402495 -0.99883 0.370486 0.845854 0.383759 0.149599 -0.551511 -0.820644 0.0910526 -0.161748 -0.982623 0.371409 0.861164 0.347061 0.25634 -0.11191 -0.960086 -0.497833 0.609368 -0.617116 -0.471323 0.647641 -0.598678 -0.0715679 0.284123 -0.956113 -0.0571034 0.247729 -0.967145 -0.0445225 0.215965 -0.975385 -0.0346609 0.191076 -0.980963 -0.0282699 0.174792 -0.984199 -0.0259487 0.168364 -0.985383 -0.0279851 0.172424 -0.984625 -0.0343218 0.187023 -0.981756 -0.0444757 0.211617 -0.97634 -0.0576027 0.244827 -0.967854 -0.0726431 0.284297 -0.95598 -0.0884611 0.326676 -0.940987 -0.104037 0.368118 -0.92394 -0.118384 0.405077 -0.906586 -0.13057 0.434946 -0.89094 -0.146721 0.470798 -0.869955 -0.14421 0.464245 -0.873888 -0.137981 0.448956 -0.882836 -0.12846 0.425722 -0.895689 -0.116282 0.395732 -0.910975 -0.102132 0.360653 -0.927091 -0.0869065 0.322633 -0.942526 0.185309 -0.0119778 -0.982607 0.11655 0.10004 -0.988134 -0.322495 0.748348 -0.579631 0.0189507 0.216781 -0.976036 -0.093324 0.330003 -0.939355 0.133881 -0.212189 -0.968014 -0.202346 0.434356 -0.877719 0.183518 -0.216516 -0.958875 -0.29118 0.527129 -0.798341 0.215071 -0.180158 -0.959837 -0.348141 0.606924 -0.714451 0.217974 -0.10894 -0.969855 0.709409 0.0247756 0.704362 0.426994 -0.18551 0.885021 -0.182298 -0.514444 0.837923 -0.488692 -0.622028 0.611769 -0.479416 -0.832638 -0.27726 -0.260211 -0.920213 -0.292401 -0.915633 0.0446265 -0.39953 -0.907028 -0.0298029 -0.420014 -0.490547 -0.042822 -0.870362 -0.67594 -0.0853343 -0.732 -0.616786 -0.182961 -0.765572 -0.480028 -0.00852933 -0.877212 0.819843 0.455066 0.347523 0.813219 0.568886 0.122653 0.818996 0.565957 0.0945451 0.77872 0.539865 0.319596 0.50709 -0.768687 0.389846 0.578442 -0.671585 0.46301 -0.0660072 -0.868399 0.491453 -0.21074 -0.934644 0.286406 -0.277148 -0.00827463 -0.960792 -0.22266 0.127795 -0.966484 -0.503359 0.823326 -0.262229 -0.542452 0.817282 -0.19441 -0.914651 0.211084 0.344756 -0.978402 0.201061 0.0480058 0.787766 0.591161 -0.173071 0.787947 0.598395 -0.145131 0.657563 -0.543542 0.521702 0.114714 -0.717614 0.686929 -0.549344 0.823045 -0.144289 -0.714453 0.325392 0.619417 0.672485 0.626216 -0.394483 0.741382 0.561551 -0.367441 0.727289 -0.378259 0.572687 0.320177 -0.501106 0.803977 -0.551563 0.82448 -0.126537 -0.450625 0.492404 0.744631 0.701115 0.0880001 -0.707598 0.548831 0.109602 -0.828717 0.754756 0.38401 -0.531865 0.860603 0.397739 -0.318066 0.77645 -0.170334 0.606722 0.518909 -0.235726 0.821685 -0.550278 0.823806 -0.136152 -0.179892 0.683812 0.707135 0.366224 0.0856116 -0.92658 0.564296 0.379155 -0.733356 0.788496 0.0740572 0.610565 0.676467 0.0523324 0.734611 -0.544153 0.820359 -0.175811 0.0481986 0.860224 0.507633 0.163384 0.0575158 -0.984884 0.324738 0.332708 -0.885353 0.749446 0.330058 0.573927 0.762697 0.331964 0.555062 -0.0543247 0.0258427 -0.998189 0.0544238 0.246186 -0.967693 0.699197 0.540628 0.467808 0.819375 0.464306 0.33622 -0.882598 0.111799 -0.456642 -0.874867 0.0632938 -0.48021 -0.706991 -0.228061 -0.669441 -0.757429 0.62536 -0.187685 -0.618252 0.626606 -0.474478 -0.392735 -0.498499 -0.772824 -0.383804 -0.553078 -0.739459 -0.639368 -0.232403 -0.732938 -0.78525 -0.258583 -0.562598 -0.703727 -0.300528 -0.643779 -0.77009 -0.195702 -0.607176 0.00189352 -0.888007 -0.459826 -0.904744 0.107628 -0.412134 -0.576041 0.48163 -0.660461 -0.436099 -0.436799 -0.786781 -0.892828 -0.26219 -0.366216 -0.656898 -0.406129 -0.635252 0.166325 -0.67265 -0.721026 -0.883834 0.139028 -0.446665 -0.60393 0.284488 -0.744537 -0.505654 -0.377478 -0.775773 -0.657926 0.072789 -0.749557 -0.706088 -0.138626 -0.694422 -0.677071 -0.274218 -0.682919 -0.589759 -0.323881 -0.739787 -0.961583 -0.221304 -0.162426 -0.597941 -0.495019 -0.630415 0.122264 -0.414023 -0.902018 -0.726557 -0.34105 -0.596489 -0.758304 -0.22384 -0.612267 -0.993746 -0.109918 0.0196821 -0.530562 -0.558806 -0.637369 -0.0491035 -0.258832 -0.964673 -0.703619 -0.528066 -0.475465 -0.826531 -0.167761 -0.53731 -0.98677 0.1007 0.127061 -0.4636 -0.590576 -0.660526 -0.256944 -0.203069 -0.944851 -0.858236 -0.00701523 -0.513208 -0.624919 -0.694374 -0.35682 -0.877043 -0.102829 -0.469278 -0.914219 0.399284 0.0691111 -0.410159 -0.587362 -0.697693 -0.459957 -0.205405 -0.863856 -0.824051 -0.0949105 -0.558508 -0.69937 -0.672513 -0.24209 -0.674749 -0.737895 -0.0149964 -0.741497 -0.626415 0.240387 -0.775587 -0.612329 0.153358 -0.68654 -0.669891 0.282682 -0.835225 -0.50367 -0.220716 -0.64053 -0.587535 0.494494 -0.536711 -0.643143 0.546176 -0.199052 -0.490266 0.848538 -0.406975 -0.662126 0.629254 -0.541782 -0.749015 0.381377 -0.449767 -0.707576 0.545019 -0.26595 -0.662074 0.700662 -0.730683 -0.184794 -0.657232 -0.765137 -0.316821 -0.560526 -0.347597 -0.641237 0.684099 -0.115018 -0.640581 0.759228 -0.82614 -0.448847 -0.34063 -0.301831 -0.551612 0.777574 0.0447894 -0.595503 0.802104 0.212376 -0.524817 0.824296 0.339108 -0.489066 0.803629 -0.829701 -0.549721 -0.096967 -0.660787 -0.640033 -0.392069 -0.580143 -0.0253654 0.81412 -0.923709 0.129638 0.360493 -0.851096 0.459563 0.253846 0.0566958 0.970002 -0.236393 -0.314913 0.942229 -0.114168 0.475502 0.847573 0.235621 -0.96059 0.276871 -0.0246989 -0.846864 0.476576 0.236 -0.724634 0.441991 -0.528724 0.216936 0.366995 -0.904573 0.498879 0.534319 -0.682366 0.808411 0.585296 -0.0624469 0.826012 0.467296 0.315179 -0.71611 0.411808 -0.563561 -0.348225 0.935282 -0.0631439 -0.323726 0.849076 -0.417458 -0.861174 -0.502119 -0.0790962 -0.349201 0.0507562 -0.935672 -0.648345 -0.134565 -0.74936 0.0565045 0.828321 -0.557397 0.0934241 0.875233 -0.474594 0.420821 0.321406 -0.848297 0.424825 0.304855 -0.852401 0.242559 0.890264 -0.385481 0.336735 0.856436 -0.391314 0.422699 0.308116 -0.852285 0.420049 0.323146 -0.848019 0.338407 0.231299 -0.91213 0.235463 0.391917 -0.889359 0.458064 0.144196 -0.877146 0.466169 0.085121 -0.880591 0.466455 0.867408 -0.173269 0.397129 0.893533 -0.209491 0.432621 0.874761 -0.218248 0.464789 0.85753 -0.220484 0.0656937 -0.897933 0.435201 0.0659117 -0.896946 0.4372 -0.0174834 -0.896934 0.441818 -0.0173184 -0.897922 0.439814 -0.0992866 -0.896897 0.43095 -0.0987461 -0.897885 0.429012 -0.176445 -0.896827 0.405671 -0.17555 -0.897817 0.403865 0.718559 0.648826 -0.250397 0.637486 0.745828 -0.193268 0.639785 0.735257 -0.223767 0.715118 0.641416 -0.277835 0.0834426 0.657674 -0.748667 0.0525726 0.755669 -0.65284 0.431229 0.278279 -0.858255 0.439542 0.242096 -0.864981 -0.248518 -0.896771 0.366116 -0.247293 -0.897762 0.364512 0.390664 0.74471 -0.5411 0.466999 0.626909 -0.623616 0.491154 0.620124 -0.61173 0.420208 0.734192 -0.53328 -0.298135 -0.89768 0.32448 -0.299414 -0.896688 0.32604 -0.353839 -0.896772 0.265703 -0.352285 -0.897766 0.264406 -0.395528 -0.89689 0.197854 -0.393772 -0.897878 0.196872 0.158088 0.896104 -0.414735 0.419311 0.327555 -0.846691 -0.425009 -0.896949 0.121859 -0.423099 -0.897939 0.121214 -0.440209 -0.896979 0.0405572 -0.438212 -0.897968 0.0403005 0.34986 0.896556 -0.271635 0.330835 0.874989 -0.35347 0.363286 0.858915 -0.360955 0.379422 0.879402 -0.287559 -0.439955 -0.896989 -0.0430196 -0.437948 -0.897976 -0.042907 -0.423777 -0.896977 -0.125881 -0.421818 -0.897969 -0.125384 0.413417 0.79992 -0.434988 0.423342 0.283111 -0.860599 -0.392133 -0.896969 -0.204153 -0.390302 -0.897962 -0.203295 0.549779 0.818404 -0.167207 0.559335 0.804928 -0.198078 0.14675 0.535531 -0.831667 0.448855 0.197042 -0.87161 0.758392 0.553344 -0.344458 0.752183 0.547238 -0.367084 0.344105 0.825826 -0.446771 0.376557 0.812036 -0.445872 0.461337 0.109515 -0.88044 0.479127 0.0247394 -0.877397 0.882248 -0.025284 0.470106 0.789729 0.0112324 0.613353 0.807962 0.0307104 0.588433 0.880752 -0.0142983 0.473363 0.569843 0.516816 -0.63889 0.588112 0.511324 -0.626636 0.619983 0.638544 -0.45594 0.649445 0.621166 -0.438604 -0.440453 -0.873338 0.208043 -0.457934 -0.876502 0.148461 -0.724175 -0.63449 0.270173 -0.682721 -0.630639 0.369034 -0.468249 -0.878942 0.0905728 -0.751834 -0.637379 0.168798 -0.473697 -0.880252 0.0277136 -0.767038 -0.638923 0.0585714 -0.4719 -0.880857 -0.0374267 -0.766648 -0.639651 -0.0556571 -0.462092 -0.880915 -0.102276 -0.749729 -0.639723 -0.169298 -0.444336 -0.880443 -0.165485 -0.716594 -0.63915 -0.279249 0.996458 -0.0467824 -0.0698773 0.994839 -0.0109453 0.100872 0.994721 -0.00619271 0.102427 0.998131 -0.0507774 -0.0340018 0.956493 -0.0184511 0.291171 0.955841 -0.0104398 0.293698 0.519348 0.401968 -0.754121 0.56585 0.307629 -0.764969 0.505067 0.319876 -0.801615 0.43957 0.425438 -0.791063 0.623919 0.212355 -0.752084 0.58345 0.218032 -0.782335 0.838625 0.306694 -0.450164 0.821418 0.40102 -0.405531 0.846528 0.424348 -0.321433 0.866119 0.318843 -0.384939 0.782216 0.490353 -0.384307 0.797548 0.530373 -0.287439 0.723677 0.567056 -0.393369 0.720231 0.627794 -0.295199 0.621831 0.699948 -0.351283 0.519591 0.7273 -0.448398 0.524772 0.620732 -0.5825 0.437904 0.700468 -0.563547 0.493754 0.567736 -0.658698 0.396164 0.628664 -0.669205 0.49293 0.491206 -0.718148 0.399197 0.531391 -0.747172 -0.660196 -0.72702 -0.188635 -0.612388 -0.727006 -0.310553 0.635781 -0.727004 0.259322 0.673246 -0.72702 0.13484 0.0947179 -0.726982 0.680093 -0.0350152 -0.726967 0.685779 0.0953915 -0.726967 -0.680014 -0.0355712 -0.72698 -0.685737 -0.162331 -0.726916 0.667265 0.224212 -0.726916 -0.649094 -0.282429 -0.726838 0.626051 0.346157 -0.726838 -0.593197 -0.393894 -0.726764 0.562728 0.453854 -0.726769 -0.515581 -0.456707 -0.726661 0.513208 -0.543269 -0.726772 0.420311 0.493316 -0.726771 -0.477957 0.39125 -0.726668 -0.564692 -0.610351 -0.726911 0.314758 0.577765 -0.72691 -0.3712 -0.657916 -0.726983 0.196579 0.638675 -0.726983 -0.252171 -0.683025 -0.727016 0.0701683 0.675131 -0.727016 -0.125083 -0.683994 -0.727034 -0.0597811 0.68658 -0.727034 0.00545365 0.901373 -0.268024 -0.340131 0.888882 -0.371845 -0.267619 0.878521 -0.365619 -0.307448 0.890531 -0.26563 -0.369317 0.849955 -0.478327 -0.220862 0.843183 -0.465378 -0.269193 0.785172 -0.581609 -0.212687 0.785841 -0.558874 -0.26479 0.699116 -0.668737 -0.253037 0.711608 -0.634869 -0.300923 0.603835 -0.720386 -0.341213 0.63127 -0.678591 -0.375517 0.519649 -0.720331 -0.459444 0.561036 -0.678554 -0.474135 0.467515 -0.668602 -0.578274 0.516849 -0.634767 -0.574403 0.457588 -0.581414 -0.672734 0.507023 -0.558713 -0.656329 0.486516 -0.478147 -0.731216 0.529974 -0.465212 -0.709017 0.543478 -0.371663 -0.752661 0.577703 -0.365462 -0.729861 0.616117 -0.267841 -0.740717 0.640133 -0.265446 -0.72095 -0.0377613 -0.684016 -0.728489 0.101343 -0.684003 -0.722406 -0.0371744 -0.684019 0.728517 0.100619 -0.684018 0.722492 0.238168 -0.683967 -0.68954 -0.172406 -0.683967 0.708848 0.367736 -0.683864 -0.630159 -0.30002 -0.683864 0.66507 0.482128 -0.683796 -0.547701 -0.418402 -0.683789 0.597806 0.41561 -0.683689 -0.599865 0.524061 -0.683799 -0.50772 -0.577128 -0.683799 0.446477 -0.485172 -0.68368 0.545151 0.613752 -0.683959 -0.394345 -0.648383 -0.683959 0.334364 0.678473 -0.684036 -0.267898 -0.698921 -0.684036 0.208816 0.717206 -0.684072 -0.132896 -0.725596 -0.684072 0.0745329 0.729377 -0.684087 0.00581037 -0.726627 -0.684087 -0.0635478 0.715216 -0.684069 0.143232 -0.701352 -0.68407 -0.200384 0.675408 -0.684063 0.275466 -0.650548 -0.684065 -0.329911 0.0947179 -0.726982 0.680093 -0.0350151 -0.726967 0.685779 0.0953916 -0.726967 -0.680014 -0.0355712 -0.72698 -0.685737 0.851968 0.314871 -0.418338 0.833374 0.415207 -0.364816 0.846529 0.424347 -0.321432 0.86612 0.31884 -0.384937 0.789152 0.512927 -0.337854 0.797547 0.530374 -0.28744 0.721368 0.599504 -0.346731 0.720226 0.627797 -0.295205 0.637455 0.661409 -0.395209 0.621828 0.699949 -0.351287 0.551888 0.68436 -0.476519 0.51959 0.7273 -0.448399 0.483514 0.661863 -0.572845 0.437903 0.700468 -0.563548 0.447282 0.60027 -0.663034 0.396162 0.628663 -0.669207 0.447926 0.513869 -0.731643 0.399198 0.531391 -0.747171 0.480704 0.416214 -0.77181 0.439568 0.425435 -0.791066 0.536173 0.315873 -0.782779 0.505066 0.319875 -0.801616 0.604044 0.21671 -0.766921 0.583449 0.218031 -0.782336 0.888882 -0.371845 -0.267619 0.849955 -0.478327 -0.220862 0.837186 -0.446177 -0.316299 0.868497 -0.354021 -0.34696 -0.162331 -0.726916 0.667265 0.224212 -0.726916 -0.649094 -0.282433 -0.726838 0.626049 0.346152 -0.726838 -0.593199 -0.393893 -0.726764 0.562728 0.453855 -0.726769 -0.51558 -0.456707 -0.726661 0.513208 -0.543261 -0.726772 0.420321 0.493325 -0.726771 -0.477947 0.39125 -0.726668 -0.564691 -0.610351 -0.726911 0.314759 0.577765 -0.72691 -0.3712 -0.657916 -0.726983 0.196578 0.638675 -0.726983 -0.252171 -0.683025 -0.727016 0.0701676 0.675131 -0.727016 -0.125084 -0.683994 -0.727034 -0.0597812 0.68658 -0.727034 0.00545356 -0.660196 -0.72702 -0.188635 0.673246 -0.72702 0.13484 -0.612388 -0.727006 -0.310553 0.635781 -0.727004 0.259322 -0.959494 -6.42583e-06 -0.281728 -0.891501 0.00482643 -0.452993 -0.886731 0.00483878 -0.462261 -0.959495 6.36434e-06 -0.281725 0.785172 -0.581609 -0.212688 0.787617 -0.529838 -0.314534 0.699113 -0.668739 -0.253041 0.724868 -0.595692 -0.346002 0.603832 -0.720387 -0.341218 0.65829 -0.632604 -0.408002 0.519647 -0.72033 -0.459447 0.600589 -0.632567 -0.489031 0.46752 -0.668604 -0.578268 0.563809 -0.595596 -0.572176 0.457589 -0.581415 -0.672732 0.554619 -0.529703 -0.641726 0.486518 -0.478148 -0.731214 0.572514 -0.446042 -0.687949 0.543478 -0.371663 -0.752661 0.611765 -0.353863 -0.707478 0.616116 -0.26784 -0.740718 0.664349 -0.259006 -0.701111 0.901374 -0.268023 -0.34013 0.879696 -0.259181 -0.398698 0.720206 0.628812 -0.293086 0.621208 0.701409 -0.349464 0.566994 0.823313 0.0259348 0.767761 0.631021 0.111159 -0.823572 0.0539833 -0.564637 -0.80825 -0.0403145 -0.587458 -0.734321 -0.0639373 -0.675785 -0.641381 -0.0145447 -0.767084 -0.665052 -0.0145519 -0.746656 -0.767793 0.0302787 -0.639982 -0.490583 -0.00894482 -0.871349 -0.507225 -0.00894864 -0.861767 -0.32361 -0.00300989 -0.946186 -0.329743 -0.00301316 -0.944066 -0.145915 0.00302838 -0.989293 -0.139506 0.00301065 -0.990217 0.0367581 0.0089278 -0.999284 0.0559526 0.00894912 -0.998393 0.218592 0.0145526 -0.975708 0.248985 0.0145517 -0.968398 0.343015 0.06392 -0.937153 0.389181 -0.0302749 -0.920664 -0.998099 -0.0539806 0.0297412 -0.994887 -0.00485511 -0.100877 -0.995883 -0.0048315 -0.0905194 -0.997548 0.0403056 0.0572124 -0.473825 -0.877425 0.0749355 -0.607329 -0.758424 -0.236525 0.398358 -0.381496 -0.834129 0.393698 -0.402135 -0.826613 0.518264 0.728941 -0.447266 0.282923 0.928168 -0.241784 0.436018 0.701921 -0.563201 0.0574815 0.825079 -0.562085 0.394066 0.629685 -0.669484 0.000552955 0.632881 -0.774249 0.397204 0.531967 -0.747823 0.0617953 0.465849 -0.882704 0.437917 0.425673 -0.791853 0.179685 0.338026 -0.923825 0.503809 0.319937 -0.802382 0.320673 0.238211 -0.916746 0.582628 0.218016 -0.782952 0.466366 0.155898 -0.870746 0.86669 0.318907 -0.383597 0.84707 0.424589 -0.319683 0.940414 0.33692 -0.0459014 0.953339 0.237333 -0.186596 0.79792 0.530931 -0.28537 0.88322 0.464394 0.065269 0.356234 -0.140426 -0.923784 0.384811 -0.0707039 -0.920283 0.414504 -1.48266e-07 -0.910048 -0.588189 -0.613816 -0.526559 0.405705 -0.348424 -0.844988 -0.468814 -0.526255 -0.709414 0.38882 -0.294034 -0.873134 -0.115929 -0.777469 0.618144 -0.302899 -0.878709 0.368949 0.91367 -0.40604 0.0183833 0.919442 -0.393034 -0.0122316 -0.372289 -0.928102 -0.0051949 0.910526 -0.410551 0.0488977 -0.274373 -0.885507 -0.374962 0.910089 -0.406678 0.0796984 -0.0664019 -0.786635 -0.613837 0.91224 -0.394369 0.110861 -0.0292252 0.928154 -0.371047 0.349011 0.880335 -0.321249 0.0592037 0.4062 0.911864 0.0893484 0.410571 0.90744 0.608992 0.779453 -0.146904 0.0290696 0.393329 0.918938 0.177131 -0.888508 0.423294 -0.184454 -0.928058 0.32355 0.392038 -0.410389 -0.823339 0.395725 -0.406075 -0.823714 0.332714 -0.207225 -0.919978 0.433335 -0.383999 -0.815332 0.458373 -0.347126 -0.818167 0.414653 0.000363329 -0.90998 0.474213 -1.43437e-07 -0.88041 -0.749507 0.603755 0.271512 -0.698743 0.595615 0.396233 0.290045 0.713955 -0.637293 0.492863 0.725884 -0.479768 0.440181 0.1693 0.881804 0.538459 0.0390724 0.841746 0.542004 0.0381929 0.839508 0.45633 0.16502 0.874375 -1 -2.08563e-06 1.53107e-06 -1 -7.60102e-08 -8.71882e-08 -0.976039 0.0394717 -0.213986 -0.957326 0.039207 -0.286338 -0.164309 0.609188 0.775818 -0.0202538 0.609592 0.792457 -0.0245114 0.736263 -0.676251 0.22406 0.735533 -0.639366 0.677121 -0.229465 0.69918 0.704332 -0.354126 0.615233 0.685195 -0.3416 0.643287 0.670195 -0.215395 0.710242 -0.904475 0.0763353 -0.419641 -0.83423 0.0760368 -0.546148 0.314864 -0.607135 0.729553 0.440954 -0.601978 0.665719 -0.600972 -0.723766 -0.339109 -0.432664 -0.731909 -0.526413 0.586982 -0.590474 0.553888 0.467055 -0.648323 0.601279 0.480424 -0.606705 0.633325 0.581772 -0.556542 0.593129 -0.815048 0.156288 -0.557917 -0.689436 0.0328759 -0.7236 -0.106604 -0.606615 0.787816 0.0351787 -0.609339 0.792129 0.0425813 -0.735817 -0.67584 0.291701 -0.730974 -0.616918 0.290145 -0.551965 0.781761 0.293157 -0.433034 0.852373 0.331456 -0.414953 0.84732 0.330755 -0.52259 0.785812 -0.698737 0.0158459 -0.715203 -0.60595 -0.110524 -0.787787 -0.461092 -0.0377745 -0.886548 -0.523447 -0.037718 -0.851223 -0.756533 -0.602134 0.255132 -0.709897 -0.592919 0.380122 0.272789 -0.70992 -0.649308 0.479928 -0.723036 -0.496879 0.440181 -0.1693 0.881804 0.538459 -0.0390726 0.841745 0.542005 -0.0381942 0.839507 0.456342 -0.165012 0.87437 -0.236769 -0.0195173 -0.97137 -0.272562 -0.0194724 -0.961941 0.125515 0.607689 0.784194 -0.269669 0.732885 -0.624627 -1.58469e-06 1.19747e-06 -1 3.44869e-07 3.01761e-07 -1 -0.776246 -0.609138 -0.162459 -0.792494 -0.60962 -0.0178079 0.67628 -0.736329 -0.021555 0.638699 -0.735445 0.226237 0.353506 0.633312 0.68844 0.290146 0.551966 0.78176 0.330755 0.522591 0.785811 0.385207 0.593792 0.706418 0.236767 0.0195185 -0.97137 0.272561 0.0194706 -0.961941 0.26124 0.602761 0.753945 0.389945 0.594588 0.703142 -0.642048 0.712409 -0.283282 -0.490276 0.724185 -0.484959 0.35077 0.301517 0.886593 0.379462 0.291899 0.877954 0.461094 0.0377727 -0.886547 0.523448 0.0377198 -0.851222 -0.417186 0.598807 0.683657 -0.293923 0.605669 0.739442 0.455832 0.729271 -0.510275 0.620838 0.718821 -0.312821 0.613253 -0.103242 0.783111 0.618385 -0.0883936 0.780888 0.605953 0.11052 -0.787786 0.698742 -0.0158374 -0.715199 -0.792617 0.609715 -0.00233657 -0.780936 0.608398 0.141389 0.630805 0.73418 -0.251128 0.676435 0.736497 -0.00282642 0.671909 -0.482789 0.561652 0.655494 -0.460458 0.598586 -0.743629 -0.0764277 0.664209 -0.74685 0.0509427 0.663038 -0.859801 -0.0105147 0.51052 -0.86983 -0.0105446 0.493239 -0.69038 0.597447 -0.407963 -0.74526 0.604618 -0.281114 0.500466 0.72745 0.469415 0.302749 0.716735 0.628199 0.353505 -0.633311 0.688441 0.385204 -0.593792 0.70642 -0.964831 -0.00359094 0.262848 -0.966601 -0.00360001 0.25626 0.179633 -0.609516 0.772154 -0.205759 -0.736116 -0.644823 0.350771 -0.301518 0.886593 0.379465 -0.2919 0.877953 -0.999985 0.00358799 -0.0041741 -0.99999 0.0036016 0.0026465 -0.355523 -0.58841 0.726207 -0.232319 -0.599573 0.765859 0.520325 -0.718471 -0.461585 0.666653 -0.703305 -0.246852 0.62582 0.0904916 0.7747 0.685664 0.221493 0.693402 0.670193 0.215397 0.710243 0.61839 0.0883896 0.780885 -0.962636 0.0105112 -0.270595 -0.967849 0.0105468 -0.25131 -0.78418 -0.607692 0.125584 0.624631 -0.732898 -0.269623 0.67191 0.482788 0.561652 0.586985 0.590473 0.553886 0.581773 0.556542 0.593128 0.655495 0.460458 0.598586 -0.893012 -0.0509389 -0.44714 -0.890205 0.0764267 -0.449104 -0.679604 -0.59958 -0.42266 -0.73826 -0.605865 -0.296479 0.512363 -0.729639 0.452892 0.318835 -0.720017 0.616377 0.467048 0.648324 0.601284 0.480419 0.606706 0.633329 0.902885 -0.132302 0.409016 0.800589 -0.243582 0.547471 0.293158 0.433035 0.852373 0.331441 0.414956 0.847324 -0.659387 -0.0843644 -0.747055 -0.670259 0.0429277 -0.740885 -0.517742 -0.0178035 -0.855351 -0.488502 -0.0178634 -0.87238 -0.269161 -0.00922848 -0.963051 -0.252223 -0.00926689 -0.967625 -0.779697 0.608623 -0.147143 0.633007 0.734567 0.244364 4.1721e-07 2.01876e-07 -1 -4.07796e-07 3.96469e-07 -1 0.26916 0.00922731 -0.963051 0.252222 0.00926792 -0.967625 0.51774 0.0178013 -0.855353 0.488501 0.0178644 -0.87238 0.670257 -0.0429301 -0.740887 0.659387 0.084365 -0.747055 -0.776657 -0.339317 -0.530724 -0.750128 -0.487032 -0.447334 -0.748958 -0.486534 -0.44983 -0.775488 -0.339241 -0.532479 0.704328 0.354129 0.615236 0.685191 0.341602 0.643289 -0.689436 -0.0328764 0.7236 -0.815048 -0.156288 0.557917 -0.904475 -0.0763355 0.419641 -0.834231 -0.0760361 0.546148 -0.976039 -0.0394716 0.213986 -0.957326 -0.0392081 0.286339 0.38753 0.19183 0.901677 0.244842 0.333203 0.91051 0.454548 -0.294082 0.840775 0.510698 -0.178328 0.841063 0.487879 -0.734209 -0.472134 0.348212 -0.73421 -0.582824 -0.330633 -0.73421 0.592973 -0.472119 -0.734209 0.487895 -0.2385 0.628089 -0.740691 -0.237936 0.487034 -0.840348 -0.240658 0.486534 -0.839862 -0.241462 0.62679 -0.740831 -0.425487 -0.198725 -0.882875 -0.549993 -0.0653299 -0.83261 -0.550351 -0.0653644 -0.832371 -0.426666 -0.19876 -0.882299 -0.653723 -0.628093 -0.422073 -0.653092 -0.6268 -0.424963 -0.311627 0.339298 -0.887562 -0.313632 0.339222 -0.886884 -0.497433 -0.722937 -0.479503 -0.498103 -0.72082 -0.481988 -0.425487 0.198725 -0.882876 -0.426649 0.19878 -0.882302 -0.661891 0.0653314 -0.746748 -0.742654 0.198709 -0.639516 -0.741804 0.198765 -0.640484 -0.661565 0.0653648 -0.747033 -0.334407 -0.722936 -0.604596 -0.33663 -0.720824 -0.605882 -0.549991 0.0653302 -0.832611 -0.550339 0.065375 -0.832378 -0.776659 0.339294 -0.530736 -0.77549 0.339219 -0.532491 -0.750124 0.487036 -0.447338 -0.653722 0.628093 -0.422074 -0.653092 0.626799 -0.424963 -0.748954 0.486537 -0.449833 -0.238476 -0.628095 -0.740692 -0.241439 -0.626786 -0.740842 -0.661891 -0.0653312 -0.746748 -0.661565 -0.0653651 -0.747033 -0.497437 0.722936 -0.4795 -0.498108 0.720819 -0.481985 -0.237938 -0.487035 -0.840347 -0.24066 -0.486536 -0.83986 -0.742652 -0.198711 -0.639517 -0.741802 -0.198767 -0.640485 -0.334414 0.722937 -0.604591 -0.336636 0.720825 -0.605877 -0.311626 -0.339297 -0.887562 -0.31363 -0.339221 -0.886885 0.773274 0.341628 -0.53417 0.74002 0.201029 -0.64184 0.700503 0.193948 -0.686789 0.720692 0.322295 -0.613783 -0.384593 0.733228 -0.560771 -0.518435 0.733129 -0.440166 0.439764 0.733107 0.518808 0.293374 0.733243 0.613422 0.65259 0.734205 0.187266 0.678821 0.73421 0.011761 -0.678821 0.73421 0.0117636 -0.658802 0.734201 -0.164098 0.184081 -0.734226 -0.653472 -0.16727 -0.734226 0.657976 0.484234 -0.734242 0.475822 0.590703 -0.734237 0.334613 -0.585133 -0.734249 -0.344236 -0.475828 -0.734242 -0.484228 0.00813671 -0.734236 -0.678845 0.00813865 -0.734236 0.678846 0.65704 -0.734248 0.170814 -0.654429 -0.734245 -0.180574 0.658897 0.734201 -0.16372 0.594946 0.734175 -0.32715 -0.580793 0.734175 0.351663 -0.652479 0.734201 0.18767 -0.167809 -0.734233 -0.657831 0.183569 -0.734229 0.653613 0.67886 -0.734251 -0.0049641 -0.67886 -0.734251 -0.00496318 0.49087 0.734168 -0.469089 -0.469118 0.734168 0.490841 -0.331791 -0.73422 -0.592314 0.34704 -0.734232 0.583495 0.654389 -0.734244 -0.180721 -0.657079 -0.734248 0.170668 -0.473424 -0.734223 -0.486608 0.486597 -0.734223 0.473435 0.584941 -0.734247 -0.344565 -0.590889 -0.734247 0.334261 -0.0485531 0.733394 -0.678068 -0.222591 0.733384 -0.64234 0.128397 0.733382 0.667582 -0.0485664 0.733394 0.678067 0.470075 0.734183 0.489904 0.581289 0.734197 0.350797 -0.594457 0.734197 -0.327988 -0.489928 0.734182 -0.47005 0.475447 -0.734239 -0.484606 -0.484617 -0.734239 0.475436 0.125242 0.733264 -0.66831 -0.225747 0.733262 0.641377 0.27035 0.615626 0.740213 0.404581 0.609325 0.681936 -0.629395 0.708451 -0.31931 -0.477203 0.716862 -0.508317 0.311425 0.336836 -0.88857 0.237722 0.484095 -0.842105 0.356403 0.441988 -0.823179 0.401039 0.318073 -0.859068 0.331737 -0.719941 -0.609619 0.493195 -0.721677 -0.485738 0.525533 -0.613356 -0.589584 0.424879 -0.612232 -0.666821 0.65996 0.0675306 -0.74826 0.6444 0.0658647 -0.761847 0.23746 0.624702 -0.743882 0.362331 0.547871 -0.754025 0.649092 -0.628872 -0.428018 0.626891 -0.550799 -0.551025 0.746006 -0.488973 -0.452085 0.773273 -0.34163 -0.534171 0.72069 -0.322296 -0.613785 0.696495 -0.445895 -0.562203 0.548736 -0.0632108 -0.833603 0.564848 -0.0616609 -0.822888 0.331727 0.719939 -0.609627 0.424871 0.61223 -0.666827 0.74002 -0.201028 -0.641839 0.700506 -0.193945 -0.686787 0.424861 -0.196531 -0.883668 0.477483 -0.189713 -0.857915 0.493194 0.721677 -0.485738 0.525534 0.613355 -0.589583 0.659961 -0.0675288 -0.748258 0.644401 -0.0658638 -0.761846 0.311426 -0.336837 -0.888569 0.40104 -0.318073 -0.859067 0.649113 0.628849 -0.42802 0.626891 0.550799 -0.551025 0.548736 0.0632105 -0.833603 0.564847 0.0616599 -0.822889 0.23772 -0.484094 -0.842106 0.356402 -0.441987 -0.82318 0.746 0.488977 -0.452089 0.696489 0.445898 -0.562208 0.424861 0.19653 -0.883668 0.477483 0.189712 -0.857916 0.23748 -0.624705 -0.743873 0.362332 -0.547872 -0.754024 0.795079 0.0796854 0.601248 0.697546 0.00866584 0.716488 0.996496 1.0568e-08 0.0836342 -0.769278 0.620549 -0.152086 -0.783491 0.621403 0.000121631 0.687571 0.726117 0.000141014 0.647109 0.724754 0.236605 -0.252766 -0.613886 0.747832 -0.118635 -0.619077 0.776318 0.274659 -0.722391 -0.634597 0.49545 -0.714021 -0.494675 -0.654819 -0.614209 -0.440407 -0.7223 -0.618675 -0.309069 0.537112 -0.721756 0.436555 0.357823 -0.715374 0.600169 -0.769421 0.620528 0.15145 0.646873 0.724719 -0.237356 0.0309553 -0.621105 0.783116 0.0362345 -0.72564 -0.68712 -0.765629 -0.620993 -0.167868 0.652663 -0.725465 0.218475 -0.731552 0.61727 0.289499 0.522566 0.719475 -0.457472 0.182796 -0.621263 0.761983 -0.201205 -0.725898 -0.657715 -0.783393 -0.621325 -0.0158154 0.687453 -0.725993 -0.0185131 -0.670606 0.611549 0.419876 0.33564 0.711564 -0.617271 0.324961 -0.619608 0.714483 -0.41934 -0.723243 -0.548702 -0.772955 -0.619895 0.135174 0.640905 -0.723704 -0.255916 -0.444384 0.61468 0.651683 -0.315596 0.619082 0.719122 0.429636 0.722386 -0.541822 0.596772 0.716044 -0.362138 0.455999 -0.615973 0.642373 -0.586573 -0.717924 -0.374856 -0.739216 -0.615832 0.272598 0.509866 -0.717164 -0.475093 -0.1775 0.621184 0.763298 0.207355 0.725771 -0.655942 -0.0255968 0.6212 0.783234 0.127611 0.619542 0.774521 -0.264428 0.723144 -0.638076 -0.029955 0.725791 -0.687263 -0.666396 0.612306 -0.425437 -0.729809 0.617561 -0.293253 0.525435 0.719955 0.453413 0.341612 0.712638 0.612738 -0.682773 -0.60915 0.403433 0.318114 -0.708196 -0.630287 -0.382352 -0.60574 0.697773 0.646156 -0.703491 -0.295944 0.133364 0.66016 0.739191 0.254921 0.786563 0.562436 0.47674 -0.536627 0.69624 0.430657 -0.487065 0.759804 0.679016 0.660473 0.32049 0.79153 0.492471 0.361874 0.674432 -0.401067 0.619909 0.622024 -0.487193 0.612967 0.387529 -0.191829 0.901678 0.244841 -0.333202 0.91051 0.454547 0.294082 0.840775 0.510696 0.178327 0.841064 0.133355 -0.660154 0.739198 0.254928 -0.786564 0.562431 0.476763 0.536616 0.696232 0.430649 0.487063 0.75981 0.815908 -0.333491 0.472312 0.770491 -0.192092 0.607819 0.679925 0.178546 0.711213 0.694139 0.294308 0.656928 0.538266 0.0625128 0.840453 0.576715 -0.0595701 0.814771 0.791532 -0.492469 0.361873 0.674434 0.401066 0.619907 0.144363 0.492149 0.858457 0.423861 -0.400857 0.812192 0.476653 0.786702 0.392304 0.548661 -0.536657 0.64107 0.538266 -0.0625127 0.840453 0.576715 0.0595703 0.814771 0.144364 -0.49215 0.858457 0.423862 0.400857 0.812191 0.476653 -0.786702 0.392304 0.679022 -0.660468 0.320485 0.622031 0.487191 0.612962 0.54866 0.536658 0.64107 0.672356 -0.0627508 0.737564 0.637459 0.059795 0.768161 0.815908 0.33349 0.472311 0.69414 -0.294307 0.656927 0.672356 0.0627505 0.737563 0.637465 -0.0598118 0.768154 0.744748 0.484571 0.458847 0.650898 0.621949 0.435329 0.580375 0.307138 0.754209 0.58646 0.26725 0.764619 0.285239 0.0178089 0.958291 -1.43975e-07 6.68455e-08 1 9.61186e-07 1.63664e-07 1 0.800447 0.074324 -0.594778 0.947758 0.0391555 -0.316576 1 6.67445e-14 -1.07672e-07 -0.713496 0.00588412 -0.700634 -0.597474 0.0765531 -0.798226 -0.08036 -1.5712e-07 -0.996766 -0.285237 -0.0178071 0.958292 1 4.89857e-07 -7.63146e-07 -0.398758 0.0965043 -0.911964 0.947759 -0.039154 0.316574 -0.171098 0.110697 -0.979016 -0.544727 -0.0341606 0.837917 -0.687378 0.0177323 0.726083 0.861833 0.17676 -0.475394 0.938468 0.122684 -0.322841 0.687375 -0.0177346 0.726086 0.544728 0.0341613 0.837917 0.909181 0.10033 0.404134 0.430826 0.198907 0.880241 0.551649 0.0654536 0.831504 0.609509 0.0462044 0.791432 0.606645 0.133932 0.783609 0.252024 -0.62197 0.741375 0.250469 -0.484551 0.838138 0.586781 -0.267255 0.764371 0.578302 -0.307127 0.755804 0.771273 0.338844 0.538817 0.593801 0.208648 0.777089 0.320841 0.338828 0.884453 0.598865 0.209335 0.773007 0.344511 -0.713155 0.610511 0.573766 -0.327371 0.750747 0.738733 0.198887 0.643986 0.601318 0.133394 0.787796 0.250466 0.484548 0.838141 0.589157 0.267872 0.762324 0.500508 -0.713158 0.490812 0.57378 -0.3275 0.75068 0.660393 0.0654645 0.748061 0.607192 0.0459804 0.793224 0.252045 0.621973 0.741366 0.580955 0.307545 0.753596 0.650879 -0.621958 0.435344 0.577548 -0.307557 0.756206 0.771274 -0.338842 0.538815 0.744748 -0.484572 0.458848 0.583855 -0.26787 0.766394 0.591663 -0.209329 0.778535 0.551651 -0.0654558 0.831503 0.609032 -0.0459935 0.791811 0.738737 -0.198881 0.643983 0.599898 -0.133941 0.788785 0.430825 -0.198905 0.880243 0.605323 -0.133385 0.784725 0.500495 0.713161 0.490822 0.344533 0.713151 0.610502 0.576589 0.327517 0.748517 0.576662 0.327353 0.748532 0.660393 -0.0654639 0.748061 0.606705 -0.0461896 0.793584 0.32084 -0.338826 0.884454 0.596923 -0.208636 0.774696 0.176746 -0.837541 0.516997 0.221956 -0.89059 0.396969 0.671603 0.571988 0.470934 0.701116 0.365555 0.612213 0.282715 0.575329 0.767508 0.199792 0.73437 0.648678 0.319966 -0.891375 0.321049 0.574856 -0.734379 0.360871 0.668175 -0.575343 0.471723 0.656381 0.12587 0.743855 0.180889 0.839736 0.511979 0.447717 -0.839734 0.307239 0.548623 -0.125863 0.826542 0.227304 0.89137 0.392163 0.699365 -0.368139 0.612668 0.409881 -0.36556 0.835681 0.326003 0.890594 0.31712 0.655939 -0.126831 0.744082 0.453639 0.837538 0.304535 0.548957 0.126829 0.826172 0.579856 0.731205 0.359312 0.410771 0.368135 0.834113 0.197 -0.731207 0.653091 0.227702 -0.897463 -0.377772 0.12102 -0.897471 -0.424145 0.00617617 -0.99998 0.00165495 0.0064572 -0.999972 0.00372812 -0.0397444 0.896785 -0.440678 -0.152589 0.896779 -0.415335 -0.0345905 0.999359 0.00926769 -0.0356782 0.999363 -1.62983e-07 0.441005 0.897453 0.00962017 0.428602 0.897448 -0.104342 0.00235544 0.999959 0.00879107 0 0.999963 0.00863417 0.00664821 -0.897475 -0.441016 0.00596575 -0.999982 1.62923e-07 0.384218 -0.897484 0.216559 0.42707 -0.897486 0.110136 0.000962965 -0.999993 -0.00359392 0.00204806 -0.999992 -0.00354728 0.38771 0.897434 -0.210461 0.00520212 0.999946 0.00901043 -0.107692 -0.897474 -0.427718 0.00578603 -0.999982 -0.00155009 0.441022 -0.897487 -0.00406098 0 -0.999993 -0.00364491 0.320749 0.897418 -0.302921 0.00799318 0.999936 0.00799302 -0.214261 -0.897471 -0.385536 0.0056067 -0.999979 -0.00323677 0.27271 0.896145 -0.350075 0.177243 0.896387 -0.406294 -0.0386226 0.999005 -0.0222983 -0.0346213 0.998801 -0.0346215 -0.306458 -0.897463 -0.317243 0.00483808 -0.999977 -0.00483792 0.3153 -0.897479 0.308411 0.00308989 -0.99999 -0.00308972 0.072915 0.89668 -0.436632 -0.036923 0.999269 -0.00989295 0.303714 0.89743 0.319964 0.376526 0.897442 0.22984 -0.0048389 0.999953 0.0083813 -0.0072952 0.999947 0.00729504 0.379495 -0.897483 -0.224739 0.308108 -0.897477 -0.315603 -0.0033643 -0.999989 -0.00336413 -0.00219041 -0.99999 -0.00379384 -0.257648 0.896659 -0.360027 -0.343658 0.896563 -0.279418 -0.0289094 0.999164 0.0289092 -0.03351 0.999251 0.0193463 0.423441 0.897451 0.123611 -0.00227871 0.999961 0.0085047 0.318296 -0.897452 -0.305397 0.00578926 -0.999966 0.00578943 0.338056 0.921741 0.190029 0.346928 0.921763 0.173187 0.439975 0.891839 0.105095 0.424136 0.896911 0.125139 -0.508309 -0.85373 -0.112994 -0.348275 -0.92945 -0.121765 -0.172346 -0.981151 -0.0874037 0.5291 -0.840028 0.120023 0.0802017 -0.840094 -0.536478 -0.0802754 -0.981138 0.17585 -0.145305 -0.929407 0.339247 -0.243821 -0.853659 0.460237 -0.383044 -0.770436 0.509614 -0.545075 -0.703212 0.456493 -0.671599 -0.676958 0.301137 -0.702482 -0.703302 0.109022 -0.636195 -0.770529 -0.0392573 0.63595 -0.67887 -0.367019 0.63595 0.67887 -0.36702 0.548103 0.655765 -0.519188 0.723812 -0.655697 -0.214845 0.319179 0.9232 0.21407 0.39559 0.904531 0.159158 0.00437277 -0.214404 0.976735 0.170432 -0.174012 0.969883 0.605451 0.103213 0.789162 0.637668 0.102203 0.763501 0.466217 0.587993 -0.660989 0.805672 -0.587841 -0.0730419 -0.291283 0.185515 0.938477 -0.276804 -0.0162456 0.960789 0.671222 0.117768 0.731842 0.670586 0.130192 0.730318 0.395907 0.480167 -0.78275 0.875957 -0.479925 0.0486973 0.609106 -0.151698 0.778445 0.63942 -0.145259 0.755011 0.712313 -0.137072 0.688347 0.669878 -0.148731 0.727422 0.12919 0.403138 0.905975 -0.0408315 0.420747 0.906259 0.635455 0.148143 0.757793 0.603476 0.148894 0.783357 -0.887158 0.456293 -0.0689069 -0.407308 -0.503138 0.762203 -0.349503 -0.366128 0.862437 -0.937149 0.312425 -0.155382 0.660028 -0.141994 0.7377 0.670658 -0.131324 0.730049 0.754484 -0.125641 0.644181 0.740577 -0.134302 0.658413 0.553233 0.0588432 0.830946 0.430867 0.197828 0.880464 0.521683 0.1265 0.843709 0.471085 0.127598 0.87281 0.32782 0.932369 0.152387 0.302773 0.940834 0.152184 0.388536 0.916279 0.0973251 0.421359 0.902326 0.0909081 0.293762 0.0797826 -0.952543 0.946349 -0.269888 0.177717 0.944253 0.3292 -0.00360019 0.514534 -0.418701 -0.748294 0.375662 0.127388 0.91796 0.456312 0.127535 0.880633 0.485103 0.127182 0.865158 0.463359 0.127247 0.876987 0.315297 0.251432 -0.915079 0.900276 -0.424115 0.0981333 0.75472 -0.174015 0.632547 0.659421 -0.073434 0.748179 0.42087 0.128029 0.898041 0.375237 0.12762 0.918102 0.355111 0.400421 -0.844724 0.832206 -0.554162 -0.0183531 0.443001 0.0588399 0.894588 0.547075 0.197837 0.813369 0.469617 0.125039 0.873971 0.519498 0.121158 0.845838 0.41251 0.525611 -0.744022 0.750876 -0.641181 -0.15834 -0.921143 -0.367663 -0.127745 -0.333534 0.310858 0.890013 -0.382986 0.454524 0.804195 -0.862817 -0.504803 -0.0268605 0.970476 -0.0162841 0.240646 0.922792 -0.165279 0.348048 0.311252 0.125747 0.941971 0.297476 0.12527 0.946475 -0.502467 -0.629846 0.592301 -0.677559 0.676298 0.289025 -0.759948 0.633523 0.145353 -0.422885 -0.537705 0.729412 -0.842019 -0.539428 0.00457602 -0.364278 0.418047 0.832189 -0.42878 0.544592 0.72081 -0.767124 -0.627171 0.134824 -0.593275 -0.676637 0.436104 -0.593315 0.676641 0.436045 -0.508216 0.63326 0.583694 -0.683383 -0.67411 0.280291 0.636592 0.320415 0.701488 0.419899 0.126253 0.898746 -0.68338 -0.674111 0.280296 -0.508212 0.633258 0.583699 -0.593318 0.676641 0.43604 -0.593279 -0.676637 0.436099 -0.159989 -0.165236 0.973191 0.660053 0.107508 0.743486 -0.767121 -0.627178 0.134804 -0.428778 0.54459 0.720813 -0.67758 0.676279 0.289018 -0.502471 -0.629849 0.592295 -0.196691 0.349122 0.916202 0.658337 0.141317 0.739338 -0.842018 -0.53943 0.00457733 -0.364278 0.418045 0.83219 -0.759951 0.63352 0.145348 -0.42289 -0.53771 0.729405 0.289212 0.320405 0.902051 0.566254 0.135291 0.813052 -0.831069 -0.555698 -0.0228741 -0.264479 0.100693 0.95912 -0.277605 0.256707 0.925763 -0.745651 -0.655277 0.120899 0.479114 0.602835 -0.637996 0.818462 -0.572362 -0.0502025 0.88563 -0.459671 0.0660488 0.405783 0.500046 -0.765046 -0.905285 -0.400489 -0.141659 -0.268471 -0.0586144 0.961503 0.935998 -0.316933 0.153173 0.348262 0.361705 -0.864802 0.843687 -0.214441 0.492147 0.337785 0.126666 0.932661 -0.965228 0.256785 -0.0489565 -0.534585 -0.469398 0.702769 0.96672 -0.151246 0.206343 0.311167 0.200055 -0.92906 0.974982 0.0265302 0.220696 0.296325 0.0265216 -0.954719 0.891802 0.349143 0.287732 0.958401 0.185483 0.216943 0.297341 0.125216 0.946525 0.310919 0.125385 0.942129 0.959414 0.204762 0.193898 0.303952 -0.146494 -0.941357 0.720014 0.403143 0.564849 0.37449 0.125814 0.918655 0.805242 0.420778 0.417771 0.337234 0.125588 0.933007 0.921194 0.36751 0.127823 0.333523 -0.31082 -0.89003 0.0250829 -0.926829 -0.374646 0.106913 -0.850444 -0.515087 0.227612 -0.76612 -0.601043 0.385842 -0.69738 -0.603976 0.546315 -0.66987 -0.502806 0.640205 -0.696403 -0.324285 0.626397 -0.765052 -0.149405 0.525746 -0.849693 -0.0401633 0.376503 -0.926404 -0.00457315 0.204126 -0.978664 -0.0234421 -0.489875 -0.837712 -0.241375 -0.211398 -0.836992 0.504733 -0.0299648 -0.978846 -0.202391 0.318239 -0.0734282 0.945162 0.565295 0.110165 0.8175 0.341971 -0.339632 -0.876188 0.929905 0.339227 0.14213 0.875973 0.479894 0.0487239 0.395923 -0.4802 -0.782721 0.805676 0.587837 -0.0730353 0.466221 -0.587998 -0.660982 0.448202 0.217844 0.866982 0.57061 0.0790138 0.817411 0.677403 -0.0507602 0.733859 0.773476 -0.145837 0.61682 0.862069 -0.176724 0.474979 0.936595 -0.114352 0.33123 0.972408 0.0456766 0.228773 0.945246 0.246432 0.213966 0.869591 0.398134 0.292061 0.781231 0.456874 0.425375 0.697252 0.430343 0.573275 0.61539 0.342577 0.709884 0.526734 0.217851 0.82164 0.422592 0.0790105 0.90287 0.296846 -0.050754 0.953576 0.147442 -0.145836 0.97826 -0.0196699 -0.176713 0.984066 -0.181439 -0.114345 0.976732 -0.288046 0.0456789 0.956527 -0.287288 0.246423 0.925603 -0.181837 0.398113 0.899134 -0.0222245 0.456875 0.889253 0.147863 0.43033 0.890479 0.30708 0.342578 0.887886 0.536615 0.126411 0.834305 0.723814 0.655695 -0.214842 0.548105 -0.655766 -0.519184 0.301552 0.124692 0.945261 0.374153 0.125972 0.918771 -0.925678 0.376307 0.0389048 -0.496514 0.376371 0.782188 -0.925677 -0.376308 0.0389059 -0.496515 -0.376372 0.782187 0.663263 -0.101517 0.741469 0.645247 -0.0874363 0.758954 0.718865 -0.0878936 0.689571 0.743585 -0.101827 0.660843 0.671727 -0.116628 0.731561 0.755408 -0.113873 0.645284 0.604846 0.137542 0.784375 0.302627 0.126068 0.944735 0.243458 0.124193 0.961927 0.202213 0.122547 0.971644 0.453018 0.121675 0.883159 0.181047 0.121661 0.97592 0.180938 0.121658 0.975941 0.201787 0.122337 0.971759 0.242751 0.123417 0.962206 0.506697 0.127056 0.85271 0.48452 0.127171 0.865487 0.462842 0.127206 0.877266 0.443218 0.127181 0.887346 0.427093 0.127129 0.895226 0.415655 0.127068 0.900602 0.409757 0.127024 0.903307 0.409825 0.127019 0.903277 0.415861 0.127068 0.900507 0.427419 0.127155 0.895067 0.443653 0.127229 0.887122 0.507275 0.127026 0.852371 0.52835 0.126805 0.839504 0.546925 0.126561 0.82756 0.561823 0.12632 0.817556 0.572186 0.126126 0.810367 0.577472 0.126022 0.806626 0.577382 0.126022 0.80669 0.571952 0.126134 0.810531 0.561443 0.126348 0.817813 0.546422 0.126606 0.827885 0.527789 0.126859 0.839848 0.660913 0.149713 0.735377 0.75432 0.125738 0.644354 0.754946 0.11195 0.64616 0.708693 0.0959714 0.698959 0.662584 0.0981005 0.742535 0.738084 0.138748 0.660289 0.739711 0.101054 0.665294 0.706664 0.147522 0.691999 0.532766 0.120131 0.837693 0.225339 0.137026 -0.964597 0.559195 0.37879 -0.737441 0.866031 -9.18805e-06 -0.499991 0.866032 1.80649e-12 -0.499989 -0.866026 8.14601e-08 0.499998 -0.86603 1.02675e-05 0.499992 -0.928268 0.358499 0.0989768 -0.655846 0.722573 0.218528 -0.866032 -1.56424e-12 0.499989 -0.86603 -1.09287e-05 0.499992 -0.918247 -0.378764 0.115584 -0.948039 -0.137021 -0.287138 -0.438351 -0.742363 0.5067 -0.829841 -0.509464 0.227618 -0.791597 -0.122632 0.598611 -0.719549 1.13139e-07 0.694442 -0.832981 -0.0598874 0.550051 -0.832979 0.0598902 0.550054 -0.521406 -0.310357 0.794867 -0.874108 -0.450255 0.182225 0.436547 -0.742151 -0.508566 0.0280452 -0.807338 -0.589423 -0.182686 -0.80695 0.561655 -0.578523 -0.74215 0.338414 0.870982 0.0100689 -0.491212 0.860902 0.0100902 -0.50867 0.922287 0.370791 -0.10909 0.934077 -0.34589 -0.0886613 -0.866025 8.14605e-08 0.500001 -0.866034 2.00322e-06 0.499984 -0.549838 -0.358533 0.754409 -0.517162 -0.722578 0.45872 0.517181 -0.722585 -0.458688 0.549839 -0.358535 -0.754407 0.866037 -3.20316e-06 -0.49998 0.866039 -8.14567e-08 -0.499977 -0.638003 -0.746125 0.190393 -0.541815 -0.809319 -0.226802 0.561592 -0.8093 0.172188 0.609658 -0.746126 -0.267608 -0.892086 -0.057923 0.448139 -0.834155 -0.0579385 0.548479 -0.511325 0.28153 0.811966 -0.579685 -0.425085 0.695175 0.38676 -0.0218743 0.921921 0.147177 0.15295 0.977213 -0.0936035 0.385876 0.91779 -0.123826 -0.347572 0.929441 0.575286 0.0579333 0.815898 0.793535 -0.0854008 0.602503 -0.866039 -2.11249e-05 0.499976 -0.866039 2.12818e-05 0.499976 -0.667796 0.695226 0.265912 -0.564223 0.695224 0.445326 0.827766 0.0591042 -0.557951 0.827768 -0.0591026 -0.55795 0.468172 0.374625 -0.800294 0.840265 0.519985 -0.153526 -0.725761 -0.641647 -0.248113 -0.841238 -0.0459316 0.53871 -0.841191 -0.0396032 0.539286 -0.861833 -0.491957 0.123375 0.880847 0.0313035 -0.472364 0.136316 0.614547 -0.777013 0.529912 0.478009 -0.7005 0.881116 0.0269927 -0.472128 0.757259 -0.360367 0.544697 0.129687 0.400517 0.907065 -0.487374 0.245743 0.8379 -0.554806 -0.411903 0.72286 -0.891245 -0.067043 0.448539 -0.834072 -0.0670483 0.547566 0.8709 0.0116644 -0.491323 0.860948 0.0116757 -0.508559 0.934284 0.348746 -0.0740967 0.94592 -0.319886 -0.0539339 0.852318 0.0262441 -0.522366 0.747582 0.602109 0.280333 0.926559 0.366105 -0.0863396 0.854194 0.0265214 -0.519278 -0.0742488 -0.46392 0.88276 -0.84185 0.0448749 0.537842 -0.845145 0.0453659 0.532609 -0.503546 -0.281957 0.816665 -0.525613 0.334514 0.782196 -0.866033 1.27398e-05 0.499986 -0.866033 -1.08183e-05 0.499988 -0.940225 0.334467 0.0640918 -0.398489 -0.87945 0.260334 -0.332044 -0.873518 0.355968 -0.418534 -0.81762 0.395382 -0.481717 -0.821034 0.306353 0.646236 -0.665722 -0.373086 0.866038 -8.14566e-08 -0.499978 0.86604 -6.60099e-07 -0.499975 0.773635 -0.615022 -0.152436 -0.840204 -0.118536 -0.529157 -0.804536 -0.235907 -0.54504 -0.860383 -0.227341 -0.456134 -0.894186 -0.111093 -0.433692 0.380684 0.28817 0.878657 0.146282 0.441201 0.885406 0.217308 0.176453 0.960022 0.406394 0.218959 0.887074 0.86604 8.46436e-06 -0.499975 0.881613 -0.470705 0.0345834 0.256057 -0.882693 -0.394066 0.350597 -0.882408 -0.313748 0.435287 -0.82703 -0.355734 0.339483 -0.834213 -0.434556 0.863107 -0.189313 0.468195 0.726755 -0.112953 0.677546 0.686201 0.0624052 0.72473 0.785443 0.0450653 0.617291 -0.89214 0.448576 -0.0535353 -0.87395 -0.0162904 0.485742 -0.869946 -0.0198707 0.492747 -0.958871 0.228026 -0.16903 0.479741 -0.871468 -0.101938 0.511785 -0.858863 0.020767 0.586642 -0.80904 -0.0361358 0.556913 -0.815478 -0.157618 0.822158 0.453416 0.344195 0.946953 0.254119 0.196734 0.835265 0.195003 0.514108 0.775329 0.267821 0.571959 -0.865856 -0.0201602 0.499888 -0.978736 -0.0270129 -0.203338 -0.851608 0.00343195 -0.524168 -0.904727 0.00320256 -0.42598 0.223401 -0.112957 0.968159 0.421887 0.0769871 0.903374 0.431559 0.133809 0.892105 0.28452 0.0623957 0.956638 -0.86151 -0.0207345 0.507317 -0.947565 -0.282436 -0.149504 -0.454316 -0.880251 0.136948 -0.532769 -0.824671 0.189936 -0.857093 -0.0173635 0.51487 -0.869551 -0.493631 -0.014492 0.424229 -0.879472 -0.215775 0.505728 -0.821052 -0.264789 -0.112992 0.453417 0.884107 0.0894072 0.161007 0.982895 -0.866528 -0.499034 -0.0096854 -0.854987 -0.0213108 0.518212 -0.852143 -0.0112062 0.52319 -0.754925 -0.629558 0.183699 -0.0113324 0.156747 0.987574 0.141701 0.172686 0.974731 0.571379 0.0770155 0.817064 0.556807 0.133807 0.819794 -0.850705 8.54505e-08 0.525644 -0.625684 -0.665188 0.407486 0.027944 0.171235 0.984834 0.105262 0.144098 0.983949 0.00927179 0.129559 0.991528 -0.0825189 0.161974 0.983339 0.570599 0.288171 0.769008 0.565023 0.21895 0.795494 -0.851121 0.0120074 0.524833 -0.499107 -0.598517 0.626633 0.965119 -0.0520396 0.256586 0.840059 0.0992112 0.533347 0.549453 0.639948 -0.537186 0.888859 0.0198712 -0.457751 0.881698 0.0332414 -0.470641 0.432349 0.514402 -0.740584 -0.840134 0.130007 -0.526567 -0.894113 0.121837 -0.430949 0.693643 0.441205 0.569383 0.680669 0.274595 0.679182 0.87319 0.0381803 -0.485881 0.348771 0.305504 -0.886017 -0.486664 -0.873566 0.00640063 -0.562707 -0.82445 0.0603621 -0.0260732 -0.189319 0.981569 0.865223 0.0432074 -0.499522 0.312846 0.0578057 -0.948043 -0.24438 -0.867624 0.433021 -0.329942 -0.818193 0.47085 -0.303082 0.25413 0.918455 0.0277396 0.167694 0.985449 0.854217 0.0507002 -0.517438 0.323778 -0.186411 -0.927587 0.84167 0.0451916 -0.538099 0.378755 -0.407832 -0.830793 -0.8046 0.252229 -0.537586 -0.860449 0.242248 -0.448266 0.41088 -0.470766 -0.780741 0.86604 -1.02927e-05 -0.499974 0.86604 6.19546e-07 -0.499975 0.518867 -0.61505 -0.593709 -0.0823334 0.162283 0.983303 0.424657 0.116783 0.897791 0.571765 0.239654 0.784634 0.698198 0.322405 0.639199 0.80801 0.316582 0.496886 0.884884 0.20831 0.416637 0.893087 0.0610633 0.445722 0.825995 -0.0181577 0.563385 0.710763 0.0116193 0.703336 0.565172 0.116781 0.816666 0.393625 0.239662 0.887481 0.253714 0.0116165 0.967209 -0.230245 -0.245469 0.941665 -0.230244 -0.245473 0.941664 -0.930633 -0.245469 -0.271416 -0.930634 -0.245465 -0.271415 0.957015 0.1203 0.263912 0.957013 0.120313 0.263913 -0.252597 -0.100882 0.962298 -0.252595 -0.100895 0.962297 -0.252161 -0.104113 0.962068 -0.252161 -0.104112 0.962068 -0.959262 -0.10411 -0.262637 -0.959261 -0.104112 -0.262637 0.964055 0.0600745 0.258824 0.964055 0.0600745 0.258824 -0.244039 -0.160842 0.956334 -0.24404 -0.160842 0.956334 0.815822 -0.33447 0.471768 0.957013 0.120314 0.263913 -0.252597 -0.100882 0.962298 0.00679117 0.344203 0.938871 0.959262 0.104111 0.262637 0.252161 0.104113 -0.962068 0.252161 0.104115 -0.962068 0.959261 0.104113 0.262637 -0.252596 -0.100889 0.962298 0.957015 0.120306 0.263912 0.957015 0.120306 0.263912 -0.252596 -0.100889 0.962298 0.930635 0.245465 0.271415 0.230245 0.245469 -0.941665 0.230245 0.245472 -0.941664 0.930634 0.245468 0.271415 -0.244038 -0.160852 0.956333 0.964055 0.0600648 0.258823 0.964055 0.0600733 0.258824 -0.244039 -0.160844 0.956334 -0.50736 0.212179 0.835204 -0.230246 -0.245466 0.941665 -0.930636 -0.245462 -0.271415 -0.808136 -0.585648 0.0627008 0.634799 -0.74999 0.18586 -0.463825 -0.87678 -0.126977 0.156414 -0.749998 -0.64268 -0.12194 -0.876779 0.465177 0.0427108 0.871231 -0.489011 -0.247487 0.743499 0.621256 -0.666087 0.741594 -0.0797852 0.440544 0.869336 0.223998 -0.84439 -0.535308 0.0212294 -0.43735 -0.526593 0.728989 -0.956203 0.279849 0.0857954 -0.546778 0.271153 0.792155 0.437919 0.528127 -0.727536 0.252162 0.104107 -0.962069 0.959262 0.104105 0.262636 0.956795 -0.278279 -0.0842925 0.724094 0.448149 0.524261 0.964055 0.0600697 0.258824 -0.244039 -0.160848 0.956333 0.135832 -0.484913 0.86395 -0.844388 -0.535312 0.0212327 -0.43735 -0.526593 0.728989 -0.956203 0.279848 0.0857952 -0.546775 0.271149 0.792159 -0.6348 0.74999 -0.185857 0.463824 0.87678 0.126979 -0.156428 0.749997 0.642677 0.121928 0.876778 -0.465181 -0.0427088 -0.871231 0.489012 0.247491 -0.743499 -0.621256 0.666087 -0.741594 0.0797876 -0.440545 -0.869337 -0.223995 -0.441492 -0.869771 -0.220418 0.66514 -0.742038 0.0834777 -0.029842 -0.869768 0.492558 0.260258 -0.742044 -0.617767 -0.84439 -0.535308 0.0212298 -0.437351 -0.526596 0.728986 -0.956204 0.279846 0.0857931 -0.546777 0.271152 0.792156 0.515213 -0.223636 -0.827371 0.934171 -0.330418 -0.134717 0.41892 0.478408 -0.771772 0.808592 0.585072 -0.0622121 -0.634797 0.749991 -0.185868 0.463827 0.87678 0.126969 -0.156413 0.749998 0.64268 0.121939 0.876779 -0.465177 -0.0427318 -0.871234 0.489005 0.247471 -0.743501 -0.621261 0.666085 -0.741596 0.0797958 -0.440546 -0.869338 -0.223989 -0.441487 -0.869768 -0.220438 0.665145 -0.742036 0.0834588 -0.0298346 -0.869767 0.49256 0.260263 -0.742043 -0.617766 0.299008 -0.736781 -0.606422 0.00700473 -0.864716 0.502213 -0.453681 -0.874444 -0.171814 0.65246 -0.746664 0.129573 0.844389 0.535309 -0.0212306 0.43735 0.526592 -0.72899 0.956202 -0.279851 -0.0857977 0.546776 -0.271149 -0.792158 0.515212 -0.223634 -0.827372 0.934168 -0.330424 -0.134723 0.418917 0.478402 -0.771777 0.808589 0.585076 -0.0622154 0.634798 -0.749991 0.185865 -0.463826 -0.87678 -0.126969 0.156387 -0.749999 -0.642686 -0.121957 -0.876779 0.465171 -0.0427082 -0.871231 0.489012 0.247489 -0.743499 -0.621256 0.666092 -0.741592 0.0797688 -0.44054 -0.869335 -0.224012 0.44149 0.86977 0.220426 -0.665142 0.742037 -0.0834706 0.0298448 0.869768 -0.492557 -0.260257 0.742044 0.617767 0.299015 -0.73678 -0.60642 0.00701077 -0.864715 0.502214 -0.453681 -0.874444 -0.171816 0.652461 -0.746663 0.129571 0.844388 0.535311 -0.0212326 0.437352 0.526598 -0.728984 0.956205 -0.279843 -0.0857902 0.546776 -0.271149 -0.792158 0.515216 -0.22364 -0.827368 0.934166 -0.330427 -0.134726 0.418915 0.478396 -0.771782 0.808592 0.585072 -0.0622124 0.634781 -0.750004 0.185869 -0.463828 -0.876781 -0.12696 0.15643 -0.75 -0.642673 -0.121946 -0.876779 0.465175 0.0427112 0.871231 -0.489011 -0.247503 0.743502 0.621246 -0.666075 0.741607 -0.0797702 0.440543 0.869336 0.224001 -0.441498 -0.869773 -0.220396 0.665122 -0.742053 0.0834868 -0.0298592 -0.86977 0.492553 0.260257 -0.742049 -0.617761 -0.29902 0.736785 0.606411 -0.0069965 0.864717 -0.502211 0.453675 0.874442 0.171842 -0.652454 0.746674 -0.129541 -0.844394 -0.535302 0.0212255 -0.437349 -0.52659 0.728992 -0.956197 0.279874 0.0857796 -0.546765 0.271162 0.792161 0.5152 -0.223643 -0.827377 0.93416 -0.330453 -0.134711 0.418915 0.478397 -0.771781 0.808593 0.58507 -0.0622109 0.182876 -0.071124 0.98056 -0.626796 -0.533191 -0.568185 -0.995264 0.0832113 -0.0502523 -0.418419 -0.478548 0.771957 -0.813152 -0.0854524 -0.575745 -0.137995 -0.113241 -0.983938 0.115774 -0.484377 -0.867165 -0.795308 0.162343 -0.584063 0.448353 0.581127 -0.679169 0.507323 -0.218562 -0.833579 0.960103 0.259105 0.105201 0.845236 -0.431193 -0.31567 -0.884259 0.147739 -0.443013 0.00408311 -0.290706 0.956804 -0.321849 -0.112372 0.940099 -0.97508 -0.112366 -0.191293 -0.883568 0.397134 0.24818 -0.933368 -0.350975 -0.0751024 -0.48139 0.144062 0.864587 -0.491407 -0.629088 0.602302 -0.411284 0.209387 0.887132 -0.8885 -0.435761 -0.143807 0.024493 -0.677516 0.7351 0.75386 0.208328 0.623133 0.791009 -0.53733 0.292542 0.12142 0.0926769 0.988265 -0.889997 -0.43219 -0.14532 -0.412814 0.212977 0.885565 -0.565773 0.445008 0.694167 -0.739085 -0.672422 0.0400163 0.722044 -0.621929 0.303079 0.0563926 0.0132749 0.99832 0.754669 0.207625 0.622388 0.0290501 -0.682111 0.730671 -0.740846 0.526712 0.416799 -0.563869 -0.763586 0.314624 0.734976 0.224335 0.639909 0.00398168 -0.656339 0.754456 0.140046 0.115532 0.983382 0.811187 -0.508724 0.288403 -0.891234 0.4353 0.127342 -0.411395 -0.682138 0.604518 -0.745032 -0.181771 -0.641783 -0.107573 0.0826541 -0.990755 -0.192746 0.294017 -0.936164 -0.684166 -0.602644 -0.410778 0.405683 0.67442 -0.61691 0.885558 -0.443033 -0.139678 0.974061 -0.20853 0.0878617 0.319827 0.436629 -0.840872 -0.0459421 0.174017 0.98367 -0.518156 -0.847831 -0.112678 -0.674928 -0.698689 0.237288 -0.496766 0.24885 0.831443 0.974945 0.113388 0.191375 0.321712 0.113388 -0.940024 -0.146079 0.26121 -0.954165 -0.832872 0.0943621 -0.545363 0.077227 -0.557363 -0.82667 -0.630997 -0.645656 -0.430083 0.888262 0.436323 0.143568 0.411046 -0.208832 -0.887373 -0.798168 0.0948073 -0.594928 -0.955333 0.00822431 -0.295417 -0.894948 -0.395701 -0.206129 -0.691392 -0.561428 -0.454725 -0.550946 -0.385318 -0.740262 -0.403092 -0.0664603 -0.912743 -0.158216 0.211818 -0.964417 0.19082 0.21784 -0.957149 0.346343 -0.168633 -0.922827 -0.00285157 -0.211581 -0.977356 -0.513569 -0.653413 0.556146 -0.933507 -0.350576 -0.075237 -0.482122 0.146052 0.863844 -0.905017 0.373542 0.203497 0.374184 -0.126041 -0.918749 0.848135 0.518888 0.106879 0.6929 0.713741 -0.102292 0.519676 -0.399936 -0.754976 0.641569 0.727651 0.242721 0.213815 -0.444251 -0.870014 -0.785951 -0.312439 -0.533537 -0.91707 -0.34222 -0.204617 -0.949483 0.0581861 -0.308377 -0.78456 0.122743 -0.607783 -0.553515 -0.0765464 -0.829314 -0.253735 -0.312088 -0.915543 0.0993391 -0.385245 -0.917452 0.343563 -0.111714 -0.932462 0.163797 0.261774 -0.951128 -0.182825 0.232773 -0.955192 -0.227948 -0.155152 0.961232 -0.22792 -0.155166 0.961237 -0.945128 0.296125 -0.138 -0.945125 0.296134 -0.137996 -0.967635 0.160596 -0.194655 -0.967627 0.160618 -0.194677 -0.237577 -0.298764 0.924282 -0.237585 -0.298773 0.924277 0.235155 0.254964 -0.937921 -0.969565 0.0346329 -0.242373 -0.969566 0.0346519 -0.242366 0.235163 0.254981 -0.937914 0.965563 0.0146798 0.259756 -0.231755 -0.204309 0.951077 -0.231782 -0.204287 0.951075 0.965553 0.0146924 0.25979 -0.507349 0.212164 0.835215 -0.458358 -0.585656 0.668517 -0.976992 0.212157 0.021802 -0.80813 -0.585656 0.0627075 0.815819 -0.334474 0.47177 0.697922 0.470622 0.539833 0.110131 -0.463519 0.879216 0.00678846 0.344199 0.938872 0.437916 0.52812 -0.727543 0.551391 -0.278317 -0.786452 0.849037 0.528107 -0.0154816 0.956791 -0.278288 -0.0843011 -0.724088 -0.448155 -0.524265 -0.79675 0.364042 -0.482352 0.0124655 -0.313435 -0.949528 -0.135826 0.484907 -0.863954 -0.844391 -0.535307 0.0212288 -0.437348 -0.526587 0.728995 -0.956201 0.279854 0.0858008 -0.546778 0.271153 0.792155 0.515219 -0.223644 -0.827365 0.934166 -0.330427 -0.134726 0.418916 0.478397 -0.771781 0.808597 0.585066 -0.062207 -0.785342 0.194575 -0.58769 -0.910478 -0.410075 -0.0535614 -0.488678 0.160136 0.857642 0.184676 -0.28412 0.940835 -0.0954415 0.072514 -0.99279 -0.114289 -0.170309 -0.97874 -0.815452 0.474583 -0.331374 -0.782223 0.100117 -0.614902 0.058142 -0.146653 -0.987478 0.321712 0.113383 -0.940024 0.974945 0.113388 0.191375 0.826296 0.291741 0.48179 0.579687 -0.333171 -0.743613 0.697268 0.681928 -0.220889 0.996732 -0.0159675 0.0791879 0.412096 0.465019 -0.78354 0.669533 0.641281 0.374812 0.772435 -0.130301 0.621583 -0.165152 0.488603 0.856733 0.202141 -0.234597 0.950843 0.319827 0.436635 -0.840869 0.405677 0.674444 -0.616888 0.885552 -0.443039 -0.139689 0.974062 -0.208528 0.0878626 -0.103659 0.612504 0.783642 0.609254 0.688758 0.392966 0.151446 -0.200763 0.967863 0.832225 -0.02209 0.553998 -0.411389 -0.682161 0.604496 -0.563875 -0.763586 0.314614 -0.740854 0.526712 0.416786 -0.891237 0.435295 0.127335 -0.179098 0.219267 -0.959086 0.151399 -0.518094 -0.841817 -0.785971 0.108283 -0.608707 -0.642667 -0.663342 -0.383347 -0.739092 -0.672416 0.0400077 -0.565743 0.445022 0.694183 -0.184445 0.250626 -0.950351 -0.0514702 0.64035 -0.766356 -0.749203 -0.264833 -0.60709 -0.827359 -0.0229539 -0.561204 -0.890006 -0.432178 -0.145297 -0.412809 0.212965 0.88557 0.793206 -0.601758 0.0933413 0.875426 -0.407506 -0.259938 0.448941 0.571194 -0.68716 0.0412632 0.534292 -0.844292 -0.888514 -0.435738 -0.143788 -0.975079 -0.112371 -0.191294 -0.321849 -0.112375 0.940099 -0.411285 0.209389 0.887131 -0.745173 -0.268345 -0.610498 -0.0497756 0.638708 -0.767837 -0.746448 0.567181 -0.348024 -0.0486882 -0.085032 -0.995188 -0.973915 0.209415 -0.0873764 -0.319689 -0.43575 0.84138 -0.847432 0.197946 -0.492622 -0.97496 0.150378 -0.16383 -0.918458 -0.232335 -0.320085 -0.749546 -0.218713 -0.624777 -0.58321 0.0620494 -0.809948 -0.35975 0.380529 -0.851926 -0.0412995 0.552945 -0.832194 0.273029 0.378582 -0.884382 0.217243 -0.0245704 -0.975808 -0.122007 -0.103959 -0.98707 0.980731 -0.155034 0.118874 0.90502 -0.414615 -0.0950448 0.425668 0.701282 -0.571847 0.327691 0.490065 -0.807747 0.855272 -0.462643 0.233392 0.10338 0.708952 -0.697639 -0.769825 -0.197019 -0.607086 -0.935962 -0.186697 -0.298529 -0.965831 0.20677 -0.156259 -0.813047 0.441371 -0.379665 -0.63813 0.347644 -0.686975 -0.414242 0.109972 -0.903499 -0.10351 -0.075126 -0.991787 0.231365 0.0268035 -0.972498 0.260113 0.430914 -0.864092 -0.0874798 0.377489 -0.921873 0.737048 0.658359 0.152722 0.174393 0.230474 -0.957324 0.174396 0.230466 -0.957325 0.737026 0.65838 0.152736 0.944566 0.17035 0.280672 0.944565 0.170374 0.28066 -0.246061 -0.0473762 0.968096 -0.246054 -0.047395 0.968097 0.119151 0.650294 0.750281 -0.427579 0.834875 0.346642 -0.546101 0.827549 -0.130137 -0.439834 0.672842 -0.594836 -0.274596 0.75062 -0.600971 -0.528002 0.809199 -0.257704 -0.545471 0.7597 -0.354002 0.16266 0.977944 -0.131024 0.188239 0.968108 0.165325 -0.619022 -0.761011 0.194098 -0.235336 0.452594 0.860102 -0.591748 0.0170375 0.805943 -0.314241 0.698046 0.643416 -0.576372 -0.81717 -0.00543988 -0.211165 0.00485671 -0.977438 -0.495158 -0.223778 -0.839489 -0.683064 -0.646715 -0.339386 0.431563 0.732603 -0.526351 0.286319 0.732898 -0.617156 -0.391415 0.732892 0.556473 -0.525812 0.732643 0.432153 0.770491 0.192092 0.607819 0.679924 -0.178546 0.711213 0.800447 -0.0743239 0.594778 0.0761985 0.118144 -0.990069 0.670755 -0.032152 0.740982 0.329953 0.118089 -0.936582 0.990049 0.12273 -0.068854 0.977326 0.115017 0.177776 0.482001 0.172484 -0.859025 0.670747 0.032135 -0.74099 0.281069 -0.57198 0.77061 0.42489 -0.897486 -0.11827 -0.000993319 -0.999993 -0.00370721 0.34284 0.925717 0.159716 0.438424 0.893943 0.0930043 -0.31151 -0.20278 0.928354 -0.967013 0.148504 -0.206961 -0.296317 -0.027446 0.954695 -0.974957 -0.027448 -0.220691 -0.304131 0.147779 0.941098 -0.959627 -0.203475 -0.1942 0.602994 0.106919 0.790548 0.952601 0.0420013 0.301308 0.804567 -0.370531 0.464089 0.146091 0.513566 0.845522 -0.169829 0.264362 0.949353 0.833517 0.397383 0.383843 0.874543 -0.334965 0.350675 -0.260345 -0.0520357 0.964112 -0.441489 -0.869769 -0.220428 0.665142 -0.742037 0.0834696 -0.0298353 -0.869767 0.492559 0.260263 -0.742043 -0.617766 -0.299011 0.736781 0.606421 -0.00700679 0.864715 -0.502213 0.45368 0.874444 0.171821 -0.652462 0.746663 -0.129567 -0.515216 0.223639 0.827368 -0.934168 0.330424 0.134723 -0.418916 -0.4784 0.771779 -0.808591 -0.585072 0.0622127 0.29901 -0.736781 -0.606422 0.00700552 -0.864716 0.502213 -0.453674 -0.874442 -0.171846 0.652468 -0.746662 0.129548 -0.631821 -0.71624 0.296315 -0.482247 0.255712 0.837884 -0.415433 -0.551643 0.72326 -0.981367 -0.123914 -0.146846 0.713977 -0.214476 0.666511 -0.0219169 -0.0821522 0.996379 0.392345 0.81086 0.434248 -0.186152 0.441423 0.877777 -0.246179 -0.0470505 0.968082 -0.841341 -0.499668 -0.206098 -0.841332 -0.499682 -0.206101 -0.246176 -0.0470607 0.968082 0.263342 -0.0011224 -0.964702 0.263342 -0.00112283 -0.964702 -0.936723 -0.220593 -0.271825 -0.936715 -0.220591 -0.271853 0.8913 -0.332499 -0.308267 0.80898 -0.502406 -0.305187 0.826736 -0.484629 -0.285731 0.895858 -0.326613 -0.30127 -0.0557666 -0.771408 0.633892 -0.0757566 -0.135875 0.987825 -0.238561 -0.1614 0.957621 -0.0464954 -0.779622 0.624522 0.737702 -0.522058 0.428079 0.712359 -0.643303 0.280547 0.131768 -0.726652 0.67425 0.112102 -0.728886 0.675395 0.625589 -0.761811 -0.168173 0.575779 -0.817487 -0.0139248 0.639576 -0.768611 -0.0134064 0.677509 -0.720732 -0.146724 -0.392016 -0.213159 0.894923 -0.0391181 -0.786155 0.61679 -0.730354 -0.446408 0.517014 -0.673767 -0.326944 0.66268 -0.105561 -0.741092 0.663054 -0.121977 -0.780559 0.613066 0.667742 -0.672066 0.320074 0.774314 -0.519388 0.361488 0.79735 -0.531929 0.285104 0.712485 -0.654919 0.251885 -0.522948 -0.289865 0.801563 -0.0322214 -0.792261 0.609331 0.587811 0.805168 -0.0786318 0.684593 0.698444 -0.208588 0.0885245 0.830499 -0.549941 0.0736906 0.828328 -0.555375 0.935752 -0.315415 0.15774 0.96098 -0.276146 -0.0161326 0.954399 -0.295539 -0.0421924 0.932331 -0.34368 0.112439 -0.620273 -0.388037 0.681681 -0.0247345 -0.798879 0.600983 0.0595259 0.987248 0.14764 0.259119 0.959312 0.112152 0.0635787 0.826733 -0.55899 0.0659761 0.829713 -0.554277 0.891301 -0.237963 -0.385947 0.808976 -0.201999 -0.552045 0.826741 -0.186362 -0.530819 0.895858 -0.232242 -0.378816 -0.672429 -0.498073 0.547506 -0.0135709 -0.803704 0.594875 0.625593 -0.01729 -0.779958 0.575777 0.144825 -0.804678 0.639576 0.13584 -0.756631 0.677516 -0.00422806 -0.735496 0.0103724 0.796567 -0.604462 0.668932 0.488675 -0.560113 0.67795 0.599507 -0.425412 0 0.796289 -0.604917 0.667742 0.444299 -0.59726 0.77432 0.455317 -0.439449 0.797347 0.382825 -0.466565 0.712487 0.374074 -0.593659 0.642351 0.707924 -0.293647 -0.00926977 0.794079 -0.607744 0.639161 -0.287776 0.713203 0.712711 -0.40079 0.575682 0.101879 -0.73346 0.672054 0.0994987 -0.734505 0.67127 0.935751 0.215889 -0.27886 0.960974 0.0376964 -0.274057 0.954396 0.0158992 -0.298122 0.932326 0.176919 -0.315387 0.562624 0.808888 -0.170746 -0.0180539 0.791975 -0.610287 0.19169 -0.0693224 0.979004 0.369454 -0.11624 0.92195 0.11729 -0.726644 0.676928 0.184337 -0.71618 0.673132 0.944939 -0.149286 -0.291212 0.941168 -0.156324 -0.299608 0.441553 0.894808 -0.0659562 -0.027734 0.789641 -0.612942 -0.259171 -0.0807085 0.962453 -0.0823239 -0.0530746 0.995191 -0.102045 -0.692771 0.713901 -0.115678 -0.710762 0.693856 0.712994 -0.649722 -0.263631 0.74753 -0.620208 -0.237783 0.283779 0.958807 0.0126199 -0.0403391 0.78657 -0.616182 -0.568103 -0.220279 0.792929 -0.0983432 -0.729074 0.677333 0.589867 -0.788819 0.172687 0.651728 -0.745997 0.136891 0.107895 0.992677 0.054317 -0.0498461 0.780058 -0.623719 0.73387 0.583531 -0.347746 0.111604 0.833504 -0.541125 0.870752 -0.393341 0.295084 0.877021 -0.421434 0.230711 0.0273178 -0.776946 0.628974 -0.138256 -0.989225 -0.0481613 0.0383742 -0.997563 -0.0582783 0.0282815 -0.772302 0.634626 0.445038 0.894957 0.031504 0.065206 0.826997 -0.558412 0.944941 -0.256743 -0.202904 0.941171 -0.26362 -0.211428 0.0083852 0.772583 -0.634858 0.0114008 0.998233 0.0583174 -0.165272 0.985327 0.0426212 0.00765997 0.773887 -0.633277 -0.179553 0.975871 0.124243 0.0123962 0.989886 0.141321 -0.109519 0.833993 -0.540797 -0.068097 0.82928 -0.554669 0.712993 -0.132668 -0.688506 0.747528 -0.113033 -0.654542 -0.330766 0.943678 -0.00806446 0.00634219 0.774926 -0.63202 -0.633015 0.762122 -0.135874 -0.513925 0.857609 -0.0196812 -0.0648895 0.82719 -0.558163 -0.0709018 0.831145 -0.551517 -0.472964 0.876489 -0.0898438 0.00515343 0.77588 -0.63086 0.10227 -0.0539592 0.993292 -0.0303391 -0.687414 0.725631 0.870754 0.365734 -0.328675 0.877022 0.308038 -0.368708 -0.582561 0.788613 -0.196755 0.00390789 0.776899 -0.629613 -0.652796 0.685686 -0.322012 0.00213422 0.777641 -0.628705 0.522071 -0.190736 0.831301 0.104043 -0.732526 0.672742 -0.00013029 -0.772919 0.634504 0.655568 -0.679258 0.329907 0.678866 -0.567704 0.465676 0 -0.77291 0.634515 -0.425855 -0.136955 0.894366 -0.104528 -0.72261 0.683307 0.655883 -0.456107 0.601485 0.000111127 -0.772874 0.63456 0.736353 0.464352 -0.492099 0.153974 0.848765 -0.505855 0.588201 -0.352099 0.728043 0.000198433 -0.772844 0.634596 0.480439 -0.262797 0.836729 0.000293874 -0.772815 0.634631 -0.989626 0.142226 0.0203048 -0.974125 0.116392 0.193738 -0.962793 0.210792 0.169104 -0.996363 0.0714913 -0.0463581 0.589858 0.322344 -0.740379 0.651719 0.278908 -0.705317 0.34002 -0.194232 0.920141 0.000419436 -0.772776 0.634679 0.176414 -0.151087 0.972652 0.000515876 -0.772696 0.634776 0.39976 0.825475 -0.398475 0.440615 0.818499 -0.36867 -0.0589344 -0.761144 0.6459 0.0943624 -0.136705 0.986107 -0.359389 0.930621 0.0691705 -0.0639725 0.826586 -0.559163 0.402258 -0.552367 0.730123 0.388446 -0.563448 0.729134 0.721277 -0.196473 0.664197 0.709278 -0.164038 0.685577 -0.242316 -0.442917 0.863196 -0.277955 -0.473087 0.83602 0.326135 -0.658329 0.678409 0.347088 -0.452029 0.821705 0.336422 -0.391014 0.856696 -0.268823 0.915957 -0.297922 -0.285173 0.918194 -0.274948 -0.200365 -0.406796 0.891275 0.401452 -0.510436 0.760455 -0.268691 0.915961 -0.298028 0.430542 0.806103 -0.405994 0.395072 0.825879 -0.402296 -0.28349 0.918943 -0.274186 0.474301 0.75181 -0.458062 -0.314349 0.92364 -0.219256 0.396307 -0.557547 0.72944 0.248681 0.867241 -0.431337 0.52127 0.702255 -0.484887 -0.205246 0.851519 -0.482484 -0.317367 0.939137 -0.131533 0.431687 -0.564906 0.703227 -0.315929 -0.500233 0.806198 -0.353772 -0.525151 0.773991 0.476296 0.826251 -0.300751 0.465703 -0.635924 0.615403 0.740303 0.672273 0.00117979 0.693142 0.720687 -0.0128269 0.827452 0.468178 0.310053 0.830957 0.456199 0.318423 0.371042 0.926104 -0.0682637 0.486163 0.873205 0.0340362 0.737465 0.654621 0.166184 0.685049 0.718722 0.118936 -0.460617 0.854974 0.238435 -0.464785 0.86611 0.183924 0.74302 -0.212483 0.634644 0.626142 0.76191 0.165649 0.788755 0.567408 0.236463 -0.446707 0.836328 0.317819 0.774998 -0.213882 0.59467 0.766189 0.571487 0.293868 0.833171 0.453137 0.317007 0.741222 0.671259 0.000532138 0.753062 0.653567 0.0758087 -0.349582 0.936803 0.0138937 -0.305201 0.933725 -0.187113 -0.589484 0.792252 0.157621 -0.641332 0.741955 0.195438 0.862583 0.310509 0.399417 0.86029 0.317492 0.398873 0.728514 0.68343 -0.0468194 -0.553293 0.822863 0.129474 0.882383 0.0237481 0.469931 0.865264 0.174341 0.470024 0.828532 -0.232497 0.509392 0.731798 -0.42531 0.532525 0.827402 -0.0727944 0.556872 0.851605 0.0402497 0.522637 -0.517586 0.845854 0.128982 0.6359 -0.551516 0.539872 0.805452 -0.161745 0.570163 -0.486272 0.861161 0.148127 0.703291 -0.111906 0.702039 0.783352 0.60937 -0.122587 0.75414 0.647634 -0.108826 0.863803 0.284101 0.416089 0.866126 0.247727 0.434116 0.866971 0.215987 0.449123 0.86687 0.191084 0.460461 0.866483 0.174827 0.467593 0.866343 0.168379 0.470211 0.866709 0.172443 0.46806 0.867392 0.187047 0.461134 0.867775 0.211639 0.44964 0.86699 0.244839 0.434031 0.864227 0.284305 0.415069 0.859153 0.326678 0.393875 0.852178 0.368131 0.371848 0.844316 0.405089 0.350763 0.836859 0.434936 0.332412 0.826763 0.470804 0.307906 0.828919 0.464227 0.312068 0.833555 0.448932 0.321942 0.839923 0.425702 0.336612 0.847069 0.395721 0.354794 0.85395 0.360645 0.375106 0.859705 0.322627 0.396004 0.758297 -0.0119873 0.651799 0.797478 0.10005 0.594995 0.663239 0.748334 0.0105317 0.835806 0.216787 0.504413 0.860169 0.330004 0.388852 0.771383 -0.212202 0.599949 0.861301 0.434358 0.263617 0.73865 -0.216522 0.638368 0.836973 0.52713 0.147006 0.723692 -0.180168 0.666191 0.792811 0.606911 0.055757 0.730912 -0.108965 0.673717 -0.964703 0.0247734 0.262174 -0.979951 -0.1855 -0.0726976 -0.634494 -0.51446 -0.576843 -0.285432 -0.622045 -0.729101 0.479822 -0.832635 -0.276567 0.383327 -0.920213 -0.0791681 0.803821 0.0446177 -0.593195 0.81727 -0.0298147 -0.575483 0.999029 -0.0428209 0.010357 0.9719 -0.0853363 -0.219383 0.971401 -0.182949 -0.151359 0.999702 -0.00854198 0.0228875 -0.710874 0.455079 0.536247 -0.512819 0.568894 0.642943 -0.491388 0.565958 0.661989 -0.666139 0.539866 0.51459 -0.591149 -0.768697 0.24423 -0.6902 -0.671584 0.269441 -0.392588 -0.868408 -0.30289 -0.142668 -0.934642 -0.325714 0.970649 -0.0082849 0.24036 0.948326 0.127816 0.290414 0.478775 0.823327 -0.304807 0.439592 0.817283 -0.372568 0.158749 0.211077 -0.964492 0.447635 0.201072 -0.871317 -0.244014 0.591161 0.768756 -0.268289 0.598394 0.754948 -0.780587 -0.543543 0.308617 -0.652271 -0.717604 -0.244105 0.399616 0.823043 -0.403619 -0.179196 0.325395 -0.928443 0.00536863 0.626224 0.779625 -0.0524518 0.561539 0.825786 -0.859608 -0.378253 0.34351 -0.856365 -0.501092 -0.124682 0.38537 0.824479 -0.414397 -0.41959 0.49241 -0.762546 0.26222 0.0879827 0.960989 0.443272 0.109597 0.889662 0.0832308 0.384006 0.919572 -0.154821 0.397717 0.904351 -0.913662 -0.170335 0.369065 -0.971055 -0.235726 0.0385477 0.393037 0.823808 -0.408487 -0.522441 0.683809 -0.509374 0.61932 0.0856189 0.780456 0.352954 0.37917 0.855368 -0.92302 0.0740352 0.377563 -0.974432 0.0523244 0.218507 0.424317 0.820365 -0.383348 -0.463724 0.860222 -0.212081 0.77124 0.0575245 0.63394 0.60436 0.332732 0.723905 -0.871766 0.33004 0.362073 -0.862049 0.331962 0.382978 0.891637 0.0258292 0.452013 0.810825 0.246214 0.530982 -0.754722 0.540632 0.371635 -0.700862 0.464312 0.541485 0.836765 0.11179 -0.536029 0.853308 0.063283 -0.517552 0.933258 -0.228054 -0.277527 0.541263 0.625332 -0.562133 0.720025 0.626601 -0.298218 0.865657 -0.498493 0.0462919 0.832291 -0.55308 0.0373388 0.954434 -0.232391 -0.187216 0.879852 -0.258583 -0.398741 0.909395 -0.300521 -0.287556 0.910876 -0.195685 -0.363336 0.397248 -0.888027 0.231522 0.809295 0.107613 -0.577461 0.859982 0.481646 -0.168664 0.899435 -0.436772 0.0156932 0.763568 -0.262193 -0.590101 0.878592 -0.406127 -0.25127 0.541265 -0.672654 0.504548 0.828745 0.139008 -0.542087 0.946748 0.2845 -0.150759 0.924673 -0.377459 -0.0500426 0.9781 0.0727766 -0.194998 0.954434 -0.13861 -0.264278 0.929963 -0.274218 -0.244895 0.935553 -0.323883 -0.140858 0.621471 -0.221303 -0.751531 0.844925 -0.495018 -0.202631 0.720022 -0.414033 0.556907 0.879851 -0.341057 -0.330972 0.909396 -0.223848 -0.350557 0.479833 -0.109905 -0.870449 0.817268 -0.55879 -0.140809 0.859998 -0.258826 0.439787 0.763575 -0.528062 -0.371623 0.87859 -0.16777 -0.447138 0.383307 0.100717 -0.918113 0.803824 -0.590589 -0.0712186 0.946746 -0.203066 0.249872 0.873569 -0.00700709 -0.48665 0.621464 -0.694389 -0.362776 0.844923 -0.102823 -0.524912 0.397241 0.399271 -0.826306 0.809293 -0.587371 -0.00638014 0.978101 -0.205403 0.0335892 0.895709 -0.0949097 -0.434394 0.559349 -0.672518 -0.484612 0.350363 -0.737896 -0.576849 0.162557 -0.626436 -0.762334 0.254986 -0.612318 -0.748364 0.0984559 -0.669887 -0.735906 0.608763 -0.503684 -0.612953 -0.107972 -0.587532 -0.801966 -0.204634 -0.64313 -0.737908 -0.63532 -0.490286 -0.596648 -0.341459 -0.662123 -0.667082 -0.0593805 -0.749022 -0.659878 -0.247116 -0.707574 -0.662021 -0.473818 -0.662079 -0.580645 0.934523 -0.184776 -0.304179 0.868001 -0.316813 -0.382367 -0.418651 -0.64123 -0.643082 -0.600014 -0.640589 -0.479196 0.70807 -0.448835 -0.545146 -0.522481 -0.551619 -0.650177 -0.717044 -0.595506 -0.362243 -0.820053 -0.524805 -0.22824 -0.865516 -0.489068 -0.108139 0.49883 -0.549716 -0.67006 0.669938 -0.640035 -0.376216 -0.414983 -0.0253673 -0.909475 0.149664 0.129633 -0.980202 0.205709 0.459558 -0.863997 0.176374 0.969996 0.16733 0.256355 0.94223 -0.215605 -0.4418 0.847574 0.293992 0.501697 0.276869 -0.819539 0.219022 0.476586 -0.851408 0.820207 0.441994 -0.363184 0.674915 0.366994 0.64016 0.341506 0.534316 0.773227 -0.350103 0.585292 0.731342 -0.68597 0.467289 0.557751 0.846112 0.411805 -0.338394 0.228793 0.935282 -0.270003 0.52339 0.849077 -0.0716276 0.499078 -0.502115 -0.706259 0.984921 0.0507428 0.165394 0.97314 -0.134554 -0.1868 0.454475 0.82832 0.327625 0.364302 0.875234 0.318198 0.524238 0.321389 0.788596 0.525788 0.304858 0.794109 0.212556 0.890265 0.402801 0.170523 0.856435 0.48728 0.526755 0.308103 0.792213 0.524378 0.323158 0.787779 0.620706 0.231286 0.749153 0.652461 0.391901 0.64862 0.530595 0.144178 0.835273 0.529527 0.0851131 0.844012 -0.083166 0.867413 0.490589 -0.0171282 0.893537 0.448662 -0.0272984 0.874763 0.483781 -0.0414504 0.857535 0.512753 -0.40974 -0.897936 -0.1607 -0.411592 -0.896943 -0.161512 -0.373887 -0.896933 -0.236052 -0.37223 -0.897921 -0.234912 -0.323569 -0.896897 -0.301459 -0.322151 -0.897887 -0.300028 -0.263097 -0.896823 -0.355652 -0.261988 -0.897813 -0.35397 -0.142432 0.648832 0.747483 -0.151373 0.745839 0.648699 -0.126108 0.735266 0.665944 -0.116946 0.64142 0.758225 0.606642 0.657686 0.446581 0.539093 0.755668 0.371947 0.527656 0.278278 0.802583 0.529326 0.242116 0.813138 -0.1928 -0.896774 -0.398277 -0.19202 -0.897763 -0.396422 0.273271 0.744704 0.608883 0.306565 0.626907 0.716244 0.284193 0.620125 0.731218 0.251728 0.734182 0.630563 -0.13193 -0.89768 -0.420435 -0.132645 -0.896691 -0.422315 -0.0531755 -0.896778 -0.439275 -0.0528251 -0.897768 -0.43729 0.0264203 -0.896892 -0.441459 0.0263905 -0.897879 -0.439451 0.280138 0.8961 0.344278 0.523601 0.327553 0.78648 0.10696 -0.896951 -0.428997 0.106551 -0.897941 -0.427024 0.184971 -0.896977 -0.401519 0.1842 -0.897966 -0.39966 0.0603137 0.896557 0.438804 0.140679 0.875 0.463232 0.130944 0.858919 0.495087 0.0593265 0.879406 0.472362 0.257249 -0.896987 -0.359495 0.25614 -0.897973 -0.357822 0.320913 -0.896978 -0.304047 0.319498 -0.897968 -0.302613 0.170012 0.79991 0.575534 0.533637 0.283091 0.796926 0.372871 -0.896971 -0.23751 0.371215 -0.897958 -0.236368 -0.130077 0.8184 0.559734 -0.108124 0.804925 0.583443 0.646873 0.535544 0.542908 0.530411 0.197058 0.824519 -0.0808825 0.553339 0.82902 -0.0581689 0.547224 0.834963 0.214856 0.825828 0.521387 0.197855 0.812038 0.549042 0.5318 0.109508 0.83976 0.520278 0.0247255 0.853639 -0.848246 -0.0252861 0.528998 -0.926051 0.0112432 0.37723 -0.913582 0.0307185 0.405493 -0.850328 -0.0142833 0.52606 0.268368 0.516815 0.812946 0.248613 0.511316 0.822647 0.0848639 0.638562 0.764877 0.0551228 0.621167 0.781737 0.0400689 -0.873339 -0.485463 0.1004 -0.876506 -0.470804 0.128104 -0.634502 -0.762231 0.0217704 -0.630656 -0.775757 0.155677 -0.878941 -0.450807 0.22972 -0.637378 -0.735512 0.212846 -0.880251 -0.424094 0.332786 -0.638927 -0.69356 0.268372 -0.880855 -0.389962 0.43153 -0.639649 -0.636107 0.319623 -0.880912 -0.349049 0.521496 -0.639716 -0.564629 0.365491 -0.88044 -0.302062 0.600143 -0.639156 -0.480945 -0.437689 -0.046797 0.897908 -0.584786 -0.0109386 0.811114 -0.586065 -0.00619189 0.81024 -0.469608 -0.0507934 0.881413 -0.73042 -0.0184416 0.682749 -0.732275 -0.0104325 0.680929 0.393414 0.401963 0.826832 0.379546 0.307617 0.872535 0.44168 0.31987 0.838214 0.465297 0.425418 0.776221 0.339357 0.212341 0.916378 0.385789 0.218018 0.896457 -0.0294434 0.306675 0.951359 -0.0595039 0.40102 0.914135 -0.144892 0.42435 0.893831 -0.099674 0.318826 0.942558 -0.0582953 0.490366 0.869565 -0.149848 0.53037 0.834418 -0.0211693 0.567075 0.823394 -0.104462 0.627796 0.771336 -0.00669747 0.699957 0.714154 0.128535 0.727298 0.674179 0.242074 0.620745 0.745705 0.269088 0.700477 0.661002 0.323565 0.567743 0.75695 0.381464 0.628669 0.677688 0.375468 0.491215 0.785959 0.447471 0.531408 0.719288 0.493468 -0.727019 -0.477423 0.575146 -0.727011 -0.375048 -0.542478 -0.727009 0.420922 -0.453406 -0.727019 0.515623 -0.636353 -0.726973 -0.258001 -0.576395 -0.726964 -0.373217 0.541215 -0.726964 0.422623 0.61167 -0.726971 0.312047 -0.496705 -0.726919 -0.474207 0.450028 -0.726919 0.518713 -0.40096 -0.726837 -0.557619 0.340643 -0.726836 0.596382 -0.290383 -0.726772 -0.622479 0.219573 -0.726777 0.650832 -0.216091 -0.72667 -0.652116 -0.0923605 -0.72677 -0.680643 0.167261 -0.726769 0.666206 0.293407 -0.726676 0.621172 0.0325778 -0.726917 -0.685952 0.0325945 -0.726917 0.685952 0.15871 -0.726984 -0.668061 -0.100945 -0.726984 0.679194 0.280728 -0.727024 -0.6266 -0.229222 -0.727024 0.64722 0.393789 -0.727035 -0.56245 -0.348034 -0.727035 0.591855 -0.156106 -0.268007 0.950686 -0.212674 -0.371847 0.903604 -0.173009 -0.365628 0.91454 -0.125423 -0.265611 0.955887 -0.233709 -0.478322 0.846515 -0.188456 -0.465396 0.864807 -0.208392 -0.58161 0.786322 -0.163603 -0.558878 0.812951 -0.130426 -0.668745 0.731962 -0.0951992 -0.634888 0.766717 -0.00641066 -0.720385 0.693544 0.00957954 -0.678599 0.734446 0.138058 -0.720339 0.679744 0.130091 -0.67855 0.722942 0.267039 -0.668605 0.694015 0.238999 -0.63478 0.734802 0.353808 -0.58143 0.732638 0.314877 -0.558725 0.767254 0.389998 -0.478127 0.786954 0.349028 -0.46521 0.813486 0.380079 -0.371658 0.847001 0.343219 -0.365453 0.865242 0.333414 -0.267827 0.903938 0.304281 -0.265435 0.914854 0.649774 -0.684028 0.331511 0.574938 -0.684008 0.448975 -0.612327 -0.684009 -0.39647 -0.676006 -0.684031 -0.274075 0.478057 -0.68396 0.551053 -0.527662 -0.683961 -0.503756 0.361859 -0.683863 0.633554 -0.425951 -0.683864 -0.592365 0.233242 -0.68381 0.691377 -0.308495 -0.683804 -0.661243 0.311675 -0.683703 0.659855 0.177657 -0.683805 0.707706 -0.0980865 -0.683806 -0.723041 -0.229511 -0.683695 -0.692738 0.0346415 -0.683955 0.728701 0.0346207 -0.683956 -0.728701 -0.107196 -0.684033 0.721531 0.168587 -0.684034 -0.709702 -0.243495 -0.684072 0.687572 0.298235 -0.684072 -0.665659 -0.369723 -0.684074 0.628767 0.418351 -0.684074 -0.597516 -0.481662 -0.684067 0.547773 0.524226 -0.684067 -0.507188 -0.57628 -0.684056 0.447178 0.611001 -0.684059 -0.398424 -0.636353 -0.726973 -0.258001 -0.576396 -0.726964 -0.373217 0.541215 -0.726964 0.422623 0.61167 -0.726971 0.312047 -0.063692 0.314852 0.947001 -0.100739 0.415215 0.904128 -0.144893 0.424349 0.893831 -0.0996776 0.318823 0.942559 -0.101974 0.512944 0.852344 -0.149847 0.530371 0.834418 -0.0604033 0.599508 0.798087 -0.104457 0.627798 0.771336 0.0235332 0.661427 0.749641 -0.00669469 0.699957 0.714153 0.136742 0.684367 0.7162 0.128537 0.727298 0.674178 0.254338 0.661861 0.705161 0.269089 0.700477 0.661001 0.350544 0.600287 0.71887 0.381467 0.628667 0.677687 0.409652 0.513881 0.753731 0.447471 0.531407 0.719288 0.428043 0.416214 0.802212 0.465299 0.425416 0.77622 0.409813 0.315863 0.855736 0.441682 0.319868 0.838213 0.362139 0.216698 0.906586 0.385789 0.218018 0.896457 -0.212674 -0.371846 0.903604 -0.233708 -0.478323 0.846515 -0.144671 -0.446186 0.88317 -0.133764 -0.354028 0.925619 -0.496705 -0.726919 -0.474207 0.450029 -0.726919 0.518713 -0.400956 -0.726837 -0.557622 0.340647 -0.726837 0.596379 -0.290384 -0.726772 -0.622479 0.219572 -0.726777 0.650833 -0.216091 -0.72667 -0.652116 -0.0923735 -0.72677 -0.680641 0.167248 -0.726769 0.666209 0.293405 -0.726676 0.621172 0.0325773 -0.726918 -0.685952 0.0325946 -0.726917 0.685952 0.15871 -0.726984 -0.668061 -0.100945 -0.726983 0.679194 0.280728 -0.727024 -0.6266 -0.229222 -0.727024 0.64722 0.393789 -0.727035 -0.56245 -0.348034 -0.727035 0.591855 0.493468 -0.727019 -0.477423 -0.453406 -0.727019 0.515623 0.575146 -0.727011 -0.375048 -0.542478 -0.727009 0.420922 0.723735 1.10186e-06 -0.690078 0.838065 0.00484884 -0.545549 0.843693 0.00484132 -0.536804 0.723736 -2.89198e-06 -0.690077 -0.208389 -0.581612 0.786321 -0.121405 -0.529858 0.839351 -0.130424 -0.668746 0.731962 -0.0627684 -0.595693 0.800756 -0.00640323 -0.720386 0.693544 0.0242019 -0.63261 0.774092 0.138062 -0.720338 0.679744 0.123217 -0.632564 0.764644 0.267034 -0.668607 0.694015 0.213592 -0.595605 0.77436 0.35381 -0.581429 0.732638 0.278422 -0.529714 0.801177 0.389993 -0.47813 0.786954 0.309524 -0.446028 0.839794 0.380081 -0.371656 0.847001 0.306802 -0.353856 0.883549 0.333413 -0.267828 0.903938 0.274991 -0.258998 0.925905 -0.156107 -0.268005 0.950686 -0.0945507 -0.259158 0.961196 -0.106278 0.628802 0.770269 -0.0079555 0.701405 0.712719 -0.305945 0.823318 0.478063 -0.480142 0.631031 0.609314 0.900781 0.0540001 -0.430903 0.912878 -0.0403142 -0.406237 0.952413 -0.0639186 -0.298034 0.985006 -0.0145406 -0.171907 0.979149 -0.014551 -0.202624 0.938137 0.0302801 -0.344937 0.999901 -0.00894685 0.010815 0.999925 -0.00894049 -0.00839623 0.98123 -0.00303538 0.192816 0.982457 -0.00301119 0.186465 0.929718 0.00300571 0.368261 0.927309 0.00301735 0.374285 0.847019 0.00894315 0.531487 0.836651 0.00893971 0.547663 0.735688 0.014555 0.677164 0.714164 0.0145499 0.699827 0.640082 0.0639264 0.765643 0.602715 -0.0302932 0.797381 0.473278 -0.0540015 -0.879256 0.584813 -0.00484418 -0.811154 0.576349 -0.00484727 -0.81719 0.449211 0.0403217 -0.892515 0.172024 -0.877421 -0.447816 0.508533 -0.758411 -0.407684 0.523198 -0.381498 0.762052 0.519017 -0.402147 0.754254 0.128211 0.72894 0.672465 0.0679888 0.928168 0.365898 0.269725 0.70193 0.659199 0.458031 0.825087 0.330816 0.382757 0.629685 0.676013 0.67023 0.632899 0.387595 0.449027 0.531973 0.717899 0.733546 0.465857 0.494862 0.466801 0.42566 0.775184 0.71021 0.338036 0.617522 0.442957 0.319935 0.837515 0.63359 0.238214 0.736083 0.386724 0.217998 0.896059 0.520893 0.155888 0.839267 -0.101131 0.31889 0.942381 -0.146684 0.424608 0.893416 -0.430449 0.336909 0.83738 -0.315052 0.237313 0.918926 -0.151801 0.530936 0.833704 -0.498137 0.464411 0.732244 0.621905 -0.140426 0.770399 0.60458 -0.0706977 0.793401 0.580872 1.32617e-07 0.813995 0.750099 -0.613825 -0.246111 0.528928 -0.348421 0.773846 0.848776 -0.526257 -0.0513164 0.561744 -0.294033 0.773297 -0.477392 -0.777457 -0.40946 -0.16809 -0.878703 -0.446796 -0.472746 -0.406022 0.782085 -0.449125 -0.393005 0.802392 0.190632 -0.928099 -0.319831 -0.497608 -0.410559 0.764086 0.461915 -0.885506 -0.0501402 -0.524067 -0.406682 0.748307 0.564804 -0.786624 0.249439 -0.55214 -0.39435 0.734595 0.335973 0.928157 0.160144 0.103725 0.880344 0.462855 -0.819302 0.406184 -0.404671 -0.83055 0.410562 -0.376331 -0.177302 0.779442 0.600861 -0.810363 0.393311 -0.434301 -0.455129 -0.888516 -0.0582784 -0.187955 -0.928058 -0.321531 0.517012 -0.410394 0.751182 0.515501 -0.40606 0.754569 0.630365 -0.207253 0.748122 0.489441 -0.383994 0.782941 0.47937 -0.347099 0.806056 0.58073 0.000376508 0.814096 0.525351 1.38627e-07 0.850886 0.139613 0.603745 -0.784857 0.00624937 0.595615 -0.803246 0.406892 0.713957 0.569828 0.169063 0.725884 0.666716 -0.983756 0.169297 -0.0596923 -0.998203 0.0390673 0.0454489 -0.998037 0.0381855 0.0496404 -0.985404 0.164979 -0.0419664 0.499994 2.54392e-06 -0.866029 0.499997 -5.32071e-06 -0.866027 0.673338 0.0394731 -0.738281 0.72664 0.0392064 -0.685899 -0.589707 0.609188 -0.530222 -0.676159 0.6096 -0.413759 0.597906 0.736265 0.316896 0.441682 0.735531 0.513724 -0.944072 -0.229456 0.236808 -0.884973 -0.354125 0.302354 -0.899709 -0.34158 0.27175 -0.95019 -0.215382 0.225278 0.815661 0.0763452 -0.57347 0.890099 0.0760277 -0.449381 -0.789251 -0.607126 -0.0920902 -0.797008 -0.601978 0.0489933 0.594159 -0.723769 -0.350904 0.67222 -0.731908 -0.111494 -0.773172 -0.590476 0.231396 -0.754241 -0.648335 0.103838 -0.788695 -0.606698 0.0993894 -0.804541 -0.556567 0.207237 0.890694 0.156289 -0.426893 0.971374 0.032875 -0.235269 -0.628951 -0.606616 -0.486249 -0.70359 -0.609349 -0.365589 0.564004 -0.735818 0.374795 0.388388 -0.730974 0.561099 -0.822093 -0.551973 -0.139603 -0.884754 -0.433037 -0.172306 -0.899516 -0.414976 -0.136625 -0.845905 -0.5226 -0.106457 0.968753 0.0158453 -0.247521 0.985219 -0.110522 -0.130873 0.998319 -0.0377804 0.0439519 0.998904 -0.0377128 -0.0277118 0.157311 -0.602125 -0.782751 0.0257794 -0.592919 -0.804849 0.425937 -0.709905 0.560903 0.190355 -0.723018 0.664085 -0.983756 -0.169298 -0.0596913 -0.998202 -0.0390681 0.0454499 -0.998037 -0.0381877 0.0496432 -0.985404 -0.16498 -0.0419655 0.959616 -0.0195197 0.280635 0.969347 -0.0194706 0.244923 -0.741907 0.607688 -0.283354 0.675769 0.732896 0.0787409 0.866028 -3.89456e-06 0.499995 0.866028 4.8917e-06 0.499995 0.528834 -0.609139 -0.591003 0.411659 -0.609629 -0.677414 -0.319478 -0.736315 0.596468 -0.515276 -0.735443 0.440016 -0.772961 0.63331 -0.0380717 -0.822093 0.551974 -0.139601 -0.845905 0.5226 -0.106457 -0.80439 0.593779 -0.0195892 0.722847 0.0195199 0.690732 0.696796 0.0194834 0.717005 -0.783564 0.602751 -0.150727 -0.803925 0.594568 -0.0138884 0.566361 0.712395 -0.414402 0.665126 0.724184 -0.182116 -0.943201 0.301509 -0.139512 -0.950063 0.291894 -0.110357 0.537218 0.0377832 0.842597 0.475447 0.0377106 0.878936 -0.383452 0.598804 -0.703135 -0.493403 0.605668 -0.624275 0.213991 0.729271 0.649901 -0.0395055 0.718823 0.694069 -0.98482 -0.103241 0.139536 -0.985466 -0.0883725 0.145079 0.379265 0.110522 0.918664 0.270009 -0.0158387 0.962727 0.398323 0.609724 -0.685256 0.26798 0.608416 -0.747006 -0.0978504 0.734179 0.671868 -0.335776 0.736483 0.587237 -0.822364 -0.482787 0.301054 -0.846131 -0.460469 0.268387 -0.203406 -0.0764275 -0.976107 -0.200781 0.0509412 -0.978311 -0.0122264 -0.0105098 -0.99987 0.00775164 -0.0105493 -0.999914 0.698509 0.597444 -0.393887 0.61609 0.604617 -0.504848 -0.656776 0.727434 0.198707 -0.695409 0.716737 -0.0519103 -0.772961 -0.63331 -0.0380753 -0.804375 -0.593798 -0.0195967 0.254781 -0.0035879 -0.966992 0.261371 -0.00360165 -0.965232 -0.758536 -0.609516 -0.230464 0.661323 -0.736112 0.14419 -0.943201 -0.301511 -0.139509 -0.950063 -0.291896 -0.110353 0.503604 0.0035931 -0.863927 0.497698 0.00359696 -0.867343 -0.451134 -0.588407 -0.67101 -0.547083 -0.599573 -0.584134 0.139578 -0.718471 0.681409 -0.119547 -0.703291 0.700778 -0.98382 0.0904904 0.154624 -0.94334 0.221483 0.247095 -0.95019 0.215384 0.225275 -0.985465 0.088369 0.145084 0.71566 0.0105098 -0.698369 0.701566 0.0105476 -0.712527 0.283288 -0.607692 -0.741929 -0.0787844 -0.732885 0.675775 -0.822364 0.482788 0.301055 -0.773171 0.590475 0.231399 -0.804541 0.556567 0.207237 -0.846131 0.460469 0.268387 0.833745 -0.0509484 -0.549793 0.834043 0.0764352 -0.546378 0.705858 -0.599559 -0.377218 0.625898 -0.605864 -0.491101 -0.648398 -0.729639 0.21727 -0.693229 -0.720003 -0.0320679 -0.754241 0.648336 0.10383 -0.788695 0.606698 0.099384 -0.805667 -0.13231 0.577404 -0.874419 -0.243582 0.419595 -0.884754 0.433037 -0.172305 -0.899516 0.414976 -0.136626 0.976662 -0.084364 -0.197517 0.976755 0.0429262 -0.210017 0.999627 -0.0177988 -0.0207062 0.999754 -0.0178682 0.0131298 0.968607 -0.00922523 0.248424 0.9641 -0.00926882 0.265379 0.517281 0.608642 -0.601644 -0.528115 0.73458 0.426013 0.866027 5.45514e-06 0.499997 0.866028 -4.10515e-06 0.499995 0.699447 0.0092258 0.714625 0.711888 0.00925482 0.702232 0.48188 0.0177912 0.876056 0.511243 0.0178735 0.85925 0.306498 -0.0429313 0.950903 0.317274 0.0843658 0.944574 0.84796 -0.339299 -0.407234 0.762465 -0.487033 -0.425964 0.76405 -0.486533 -0.423689 0.848895 -0.339223 -0.405346 -0.884974 0.354129 0.302348 -0.899709 0.341583 0.271745 -0.281937 -0.0328771 -0.95887 -0.0756453 -0.156286 -0.984811 0.0888131 -0.0763426 -0.993118 -0.0558682 -0.0760306 -0.995539 0.3027 -0.0394744 -0.952268 0.230684 -0.0392065 -0.972239 -0.974641 0.191829 -0.115226 -0.910948 0.333197 -0.243217 -0.95541 -0.294072 -0.026728 -0.983736 -0.178299 0.0217607 0.164944 -0.734212 0.658579 0.33063 -0.73421 0.592975 -0.348209 -0.73421 -0.582825 -0.186471 -0.734212 -0.65281 0.760706 0.628089 0.163799 0.846733 0.487031 0.214112 0.847674 0.486531 0.211511 0.762292 0.62681 0.161308 0.977346 -0.198688 0.0729217 0.996058 -0.065329 -0.0600041 0.99603 -0.0653624 -0.0604315 0.97743 -0.198744 0.0716303 0.692385 -0.628107 -0.355084 0.694573 -0.626813 -0.353092 0.924468 0.339296 0.17389 0.924883 0.33922 0.171817 0.66398 -0.722936 -0.191034 0.666453 -0.720832 -0.190374 0.977341 0.198709 0.0729339 0.977425 0.198765 0.0716511 0.977647 0.0653334 -0.199843 0.925164 0.198707 -0.323398 0.925579 0.198761 -0.322176 0.977732 0.0653672 -0.199419 0.690797 -0.722937 0.0126967 0.693018 -0.720831 0.0113847 0.996058 0.0653294 -0.0600044 0.99603 0.0653626 -0.0604316 0.84796 0.339296 -0.407237 0.848895 0.339222 -0.405347 0.762466 0.487038 -0.425957 0.69237 0.628115 -0.355099 0.694572 0.626811 -0.353096 0.764051 0.486537 -0.423682 0.760706 -0.628088 0.163801 0.762292 -0.626809 0.161309 0.977648 -0.0653334 -0.19984 0.977732 -0.0653677 -0.199419 0.663979 0.722935 -0.191042 0.666452 0.720831 -0.190382 0.846726 -0.487035 0.214129 0.847673 -0.486532 0.21151 0.925165 -0.198711 -0.323394 0.925579 -0.198765 -0.322173 0.690811 0.722924 0.0126808 0.693017 0.720832 0.0113781 0.924468 -0.339295 0.173891 0.924883 -0.339219 0.171818 0.0759913 0.341589 0.936772 0.185851 0.201015 0.961796 0.244526 0.193939 0.95005 0.171221 0.32226 0.931038 0.677925 0.733241 -0.0526825 0.640421 0.733129 -0.228874 -0.669188 0.733106 0.121418 -0.677927 0.733243 -0.0526244 -0.488473 0.734202 0.47153 -0.349599 0.734198 0.582009 0.329229 0.734197 -0.59377 0.47153 0.734202 -0.488474 0.473866 -0.734227 0.486171 -0.486172 -0.734227 -0.473865 -0.654197 -0.734241 0.181427 -0.585132 -0.734249 0.344236 0.590705 -0.734237 -0.334611 0.657275 -0.734241 -0.169941 0.583842 -0.734224 0.346474 -0.591975 -0.734236 -0.33236 -0.476449 -0.734245 0.483612 0.483613 -0.734245 -0.476448 -0.187643 0.734198 0.65249 -0.0141494 0.734187 0.6788 -0.0141531 0.734187 -0.6788 0.163721 0.734201 -0.658896 0.653612 -0.73423 0.18357 -0.657841 -0.73423 -0.167785 -0.335134 -0.734239 0.590405 0.343734 -0.734239 -0.58544 0.160814 0.734171 0.659646 -0.19052 0.734171 -0.651687 0.678842 -0.734232 0.00881582 -0.678842 -0.734232 0.00881521 -0.170665 -0.734248 0.65708 0.180744 -0.734248 -0.654379 0.658133 -0.734222 -0.166669 -0.653312 -0.734222 0.184666 0.00595179 -0.734247 0.678856 0.0059536 -0.734248 -0.678856 0.611513 0.733382 0.296989 0.667586 0.733381 0.128381 -0.642357 0.733381 -0.222551 -0.562952 0.733382 -0.381099 -0.659313 0.734182 0.162121 -0.59446 0.734197 0.327982 0.58129 0.734197 -0.350795 0.652046 0.734181 -0.189244 0.181962 -0.734242 0.654048 -0.169433 -0.734242 -0.657405 0.516156 0.733261 0.442618 -0.44258 0.733259 -0.516191 -0.776215 0.615633 -0.135965 -0.792862 0.609329 0.0093884 0.591261 0.708445 -0.385378 0.678813 0.716868 -0.159101 0.613803 0.336837 0.713993 0.610426 0.484089 0.626928 0.534683 0.44202 0.720231 0.543452 0.31808 0.776843 0.362074 -0.719944 0.5921 0.174068 -0.721678 0.669986 0.247843 -0.61336 0.749909 0.365061 -0.612229 0.70136 0.318014 0.0675479 0.945677 0.337565 0.0658826 0.938994 0.52548 0.624713 0.577585 0.471837 0.547882 0.690793 0.0461305 -0.628867 0.776143 0.163766 -0.550808 0.818408 0.0185287 -0.488968 0.872105 0.0759933 -0.341591 0.936771 0.171224 -0.322261 0.931037 0.138641 -0.445883 0.884289 0.447531 -0.0631863 0.892034 0.430207 -0.0616433 0.900623 0.362084 0.719943 0.592096 0.365069 0.612228 0.701357 0.185851 -0.201015 0.961797 0.244524 -0.193937 0.950051 0.552837 -0.196513 0.809787 0.504225 -0.189695 0.84248 0.174068 0.721678 0.669985 0.247841 0.61336 0.74991 0.318012 -0.0675463 0.945677 0.337564 -0.0658813 0.938994 0.613803 -0.336838 0.713993 0.543452 -0.318079 0.776843 0.0461266 0.628866 0.776145 0.163765 0.550808 0.818408 0.447538 0.063197 0.892029 0.430208 0.0616427 0.900623 0.610426 -0.484088 0.626928 0.534683 -0.44202 0.720231 0.0185217 0.488964 0.872108 0.138648 0.445887 0.884286 0.552837 0.196512 0.809786 0.504226 0.189695 0.84248 0.525478 -0.624714 0.577586 0.471834 -0.547883 0.690794 -0.91824 0.0796736 0.387928 -0.969271 0.00864862 0.245843 -0.570678 1.35251e-07 0.821174 0.516368 0.620546 -0.590159 0.391634 0.621396 -0.678594 -0.343919 0.726111 0.595384 -0.52848 0.724751 0.442091 -0.521243 -0.613886 -0.592832 -0.612983 -0.619074 -0.490917 0.412228 -0.722388 0.555179 0.180694 -0.714021 0.676405 0.708822 -0.614211 -0.346866 0.628824 -0.618675 -0.470979 -0.646631 -0.721755 0.246857 -0.698683 -0.715365 0.00974739 0.253511 0.620527 -0.742077 -0.117827 0.724719 0.678896 -0.693686 -0.621098 -0.364742 0.576946 -0.725634 0.374951 0.52821 -0.62099 -0.579107 -0.515557 -0.725462 0.455967 0.11505 0.617277 -0.778288 0.134888 0.719481 0.681287 -0.751307 -0.621263 -0.222644 0.670213 -0.725898 0.154556 0.405387 -0.621319 -0.670541 -0.327705 -0.725987 0.60461 -0.0282996 0.611552 -0.790698 0.366728 0.711567 0.599319 -0.781237 -0.619615 -0.0758055 0.684855 -0.723249 -0.088798 0.269373 -0.619894 -0.737 -0.0987689 -0.723703 0.683007 -0.342162 0.614682 -0.710697 -0.464964 0.619081 -0.632888 0.254431 0.722387 0.642979 0.0152087 0.716046 0.697887 -0.78431 -0.615976 0.0736987 0.617931 -0.717928 -0.320533 0.133521 -0.615839 -0.776476 0.156499 -0.71717 0.679099 -0.572273 0.621181 -0.535386 0.464367 0.725768 0.507566 -0.665513 0.621193 -0.413779 -0.734576 0.619541 -0.276707 0.684812 0.723143 0.089983 0.610166 0.725785 0.3177 0.701646 0.612308 -0.364378 0.618883 0.617561 -0.48539 -0.655378 0.719955 0.228351 -0.70145 0.71264 -0.0105503 -0.007975 -0.609154 -0.793012 0.386764 -0.7082 0.59065 -0.413094 -0.605742 -0.680023 -0.0668071 -0.703493 0.707555 -0.706832 0.660171 -0.25409 -0.614545 0.786562 -0.0604493 -0.841342 -0.536609 0.0647639 -0.873334 -0.487072 -0.0069359 -0.61706 0.660475 0.427797 -0.70915 0.492477 0.504552 -0.874076 -0.401065 0.274112 -0.841852 -0.48721 0.232189 -0.974641 -0.191827 -0.115228 -0.910948 -0.333196 -0.243218 -0.95541 0.294071 -0.0267294 -0.983736 0.178298 0.0217579 -0.706834 -0.660165 -0.254102 -0.614544 -0.786564 -0.0604396 -0.841319 0.536645 0.0647666 -0.873329 0.487081 -0.0069546 -0.816988 -0.33349 0.470442 -0.911638 -0.192083 0.363347 -0.955894 0.178534 0.23322 -0.915996 0.294279 0.272675 -0.996987 0.0625088 0.0459322 -0.99397 -0.0595648 0.0920663 -0.70915 -0.492474 0.504555 -0.874076 0.401064 0.274115 -0.815641 0.492133 -0.304195 -0.915298 -0.400882 -0.0390344 -0.578078 0.786701 0.216628 -0.829505 -0.536671 0.154614 -0.996987 -0.0625085 0.0459321 -0.99397 0.0595647 0.092066 -0.815641 -0.492134 -0.304195 -0.915298 0.400882 -0.0390344 -0.578077 -0.7867 0.216631 -0.617058 -0.66047 0.427808 -0.84185 0.487208 0.232199 -0.829505 0.536671 0.154616 -0.974927 -0.06275 0.213494 -0.983979 0.0597791 0.167963 -0.816988 0.333489 0.470442 -0.915982 -0.294313 0.272683 -0.974927 0.0627502 0.213494 -0.983979 -0.0597795 0.167963 -0.769755 0.484564 0.415542 -0.702443 0.621976 0.346004 -0.94335 0.307142 0.125516 -0.955406 0.267263 0.125581 -0.972529 0.0177809 -0.232102 -0.866027 -6.21921e-06 -0.499997 -0.866026 -8.04357e-08 -0.5 0.114874 0.0743212 0.990596 -0.199695 0.0391287 0.979077 -0.5 1.4148e-07 0.866025 0.963519 0.00589605 -0.267576 0.990021 0.0765498 -0.118319 0.903405 7.35017e-08 0.428789 -0.687279 -0.0177944 -0.726175 -0.499996 -5.2982e-06 0.866028 0.989168 0.0964771 0.110629 -0.748039 -0.0391581 0.662498 0.933404 0.110687 0.341329 -0.453287 -0.0341504 -0.89071 -0.285112 0.0177336 -0.95833 -0.0192119 0.176769 0.984065 -0.189641 0.122694 0.974157 -0.972502 -0.0177024 0.23222 -0.998021 0.0341566 0.0527941 -0.804597 0.100301 0.58529 -0.977733 0.198875 -0.0669874 -0.995928 0.0654582 0.0619833 -0.990154 0.0461859 0.132141 -0.981949 0.133922 0.133569 -0.768055 -0.62198 -0.15242 -0.851075 -0.484567 -0.202153 -0.955352 -0.267265 0.12598 -0.943692 -0.307141 0.12292 -0.852275 0.338826 0.398527 -0.969879 0.208649 0.125702 -0.926378 0.338833 -0.164368 -0.968881 0.209305 0.132138 -0.700969 -0.713159 -0.0068535 -0.937052 -0.327363 0.121524 -0.92707 0.198898 0.317776 -0.982916 0.133361 0.126849 -0.851076 0.484565 -0.202157 -0.954768 0.267882 0.129061 -0.675304 -0.713162 0.188055 -0.936998 -0.327499 0.121567 -0.97804 0.0654489 0.197872 -0.990548 0.0459734 0.12923 -0.76807 0.621963 -0.152415 -0.943107 0.307558 0.126321 -0.702447 -0.621986 0.34598 -0.943666 -0.307561 0.122069 -0.852275 -0.338827 0.398526 -0.769755 -0.484564 0.415541 -0.95564 -0.267882 0.122439 -0.970062 -0.209331 0.123127 -0.995928 -0.0654609 0.0619859 -0.990244 -0.0459752 0.131538 -0.927069 -0.198891 0.317782 -0.983058 -0.133937 0.125133 -0.977733 -0.198874 -0.0669891 -0.982254 -0.133375 0.131865 -0.675306 0.713164 0.188038 -0.700969 0.713159 -0.00685713 -0.936532 0.327509 0.125084 -0.936579 0.327353 0.125138 -0.978041 -0.0654487 0.197872 -0.990617 -0.0461831 0.128628 -0.926378 -0.338832 -0.164368 -0.96937 -0.208624 0.129606 -0.536107 -0.83754 -0.105432 -0.454751 -0.890596 -0.00626252 -0.743652 0.571983 0.346146 -0.88075 0.365556 0.301079 -0.806038 0.57533 -0.138916 -0.661667 0.734372 -0.151308 -0.438019 -0.891375 0.116574 -0.599953 -0.734378 0.317404 -0.742621 -0.575337 0.342785 -0.97239 0.125865 0.196507 -0.533832 0.839736 -0.0993349 -0.489928 -0.839741 0.234107 -0.990118 -0.125863 0.0618489 -0.453263 0.891376 0.000773436 -0.880268 -0.36814 0.299335 -0.928667 -0.36555 -0.0628573 -0.437635 0.890594 0.123767 -0.972365 -0.126826 0.196012 -0.490547 0.837546 0.240586 -0.989965 0.126829 0.0623234 -0.601093 0.731216 0.322508 -0.927753 0.368126 -0.0613019 -0.664092 -0.731209 -0.155931 0.213311 -0.897463 0.386081 0.306814 -0.897466 0.31689 -0.00452119 -0.999979 0.00452136 -0.0064572 -0.999972 0.00372812 0.401511 0.896785 0.18592 0.435987 0.89678 0.0755112 0.00926785 0.999359 -0.0345906 0.0178388 0.999363 -0.0308987 -0.228835 0.897453 0.377112 -0.123928 0.897448 0.423354 -0.00879108 0.999959 -0.00235556 -0.00747749 0.999963 -0.00431717 0.378619 -0.897471 0.226258 -0.00298274 -0.999982 0.00516656 -0.379654 -0.897485 0.224464 -0.308926 -0.897482 0.314788 0.00263085 -0.999993 0.00263101 0.00204792 -0.999992 0.00354736 -0.0115914 0.897434 0.440996 -0.0104043 0.999946 -1.62865e-07 0.424264 -0.897474 0.120585 -0.00155023 -0.999982 0.00578612 -0.216995 -0.897487 0.383967 0.00315654 -0.999993 0.00182254 0.101955 0.897423 0.429229 -0.0109188 0.999936 0.00292533 0.441014 -0.897471 0.0072133 0 -0.999979 0.00647438 0.166811 0.89615 0.411204 0.263241 0.896387 0.356643 0.0386227 0.999005 -0.0222983 0.0472938 0.998801 -0.0126716 0.427962 -0.897468 -0.10677 0.00177079 -0.999977 0.0066093 -0.424735 -0.897483 0.118845 0.00113083 -0.999991 0.00422077 0.341681 0.896676 0.281473 0.0270294 0.999269 -0.0270296 -0.428946 0.897435 0.103034 -0.38731 0.897442 0.211161 -0.00483893 0.999953 -0.00838167 -0.00267009 0.999947 -0.00996576 0.00488133 -0.897484 0.441021 0.119258 -0.897481 0.424623 0.00459567 -0.999989 -0.00123116 0.00438076 -0.99999 1.62923e-07 0.440616 0.89666 -0.0431155 0.413804 0.896568 -0.1579 -0.0105808 0.999164 -0.0394912 0 0.999251 -0.0386937 -0.318781 0.897446 0.304908 -0.00622588 0.999961 -0.00622604 0.105326 -0.897457 0.428343 -0.00790838 -0.999967 0.00211906 -0.333599 0.921742 0.197749 -0.323447 0.921764 0.213852 -0.311002 0.891841 0.328476 -0.320444 0.896913 0.304733 0.352018 -0.85373 -0.383704 0.279595 -0.929447 -0.240737 0.161869 -0.981151 -0.105554 -0.368513 -0.840026 0.398189 0.424499 -0.840095 0.337701 -0.11215 -0.981138 -0.157449 -0.221141 -0.929406 -0.295466 -0.27667 -0.853657 -0.441274 -0.249802 -0.770432 -0.586544 -0.122781 -0.703213 -0.700297 0.0750043 -0.676956 -0.732192 0.256819 -0.703308 -0.662874 0.352088 -0.770521 -0.531348 -0.000128727 -0.678868 0.73426 -0.000128741 0.678868 0.73426 0.175579 0.655773 0.734258 -0.175836 -0.655704 0.734258 -0.344977 0.923203 0.16937 -0.335631 0.904535 0.262999 -0.84805 -0.214407 -0.484604 -0.925166 -0.173999 -0.33733 -0.98616 0.103221 0.129747 -0.980046 0.102201 0.170482 0.339309 0.588004 0.734248 -0.339549 -0.58785 0.73426 -0.667083 0.18552 -0.721514 -0.693649 -0.016245 -0.72013 -0.969401 0.117775 0.215383 -0.96777 0.130193 0.215571 0.479926 0.480147 0.734255 -0.480148 -0.479924 0.734255 -0.978708 -0.151699 0.138265 -0.97357 -0.145259 0.176245 -0.952286 -0.137075 0.272693 -0.964911 -0.14874 0.216386 -0.849181 0.403149 -0.341121 -0.764417 0.420761 -0.488494 -0.973998 0.148151 0.171404 -0.980145 0.148891 0.130944 0.50325 0.456293 -0.73385 -0.456432 -0.503117 -0.733855 -0.572138 -0.366137 -0.733895 0.603138 0.312417 -0.733908 -0.968884 -0.141997 0.202733 -0.967571 -0.131325 0.215777 -0.935122 -0.125642 0.331302 -0.9405 -0.134309 0.312121 -0.996237 0.0588403 0.0636414 -0.977939 0.197825 -0.0670911 -0.991514 0.126504 0.0299457 -0.991418 0.127598 -0.0284266 -0.295884 0.932367 0.207714 -0.283184 0.940832 0.186124 -0.278558 0.916277 0.287824 -0.289407 0.90233 0.319444 0.67803 0.0797791 0.730692 -0.62709 -0.269895 0.730695 -0.469013 0.32921 0.819541 0.390762 -0.418677 0.819765 -0.982811 0.127399 -0.133614 -0.990806 0.127532 -0.0451491 -0.991801 0.127182 -0.0124686 -0.991173 0.127252 -0.0371866 0.634832 0.25144 0.730593 -0.535126 -0.424126 0.730587 -0.925168 -0.173994 0.337327 -0.977655 -0.0734241 0.196977 -0.988162 0.12803 -0.0845249 -0.982719 0.127626 -0.134068 0.553993 0.400401 0.729912 -0.400206 -0.554161 0.729891 -0.996237 0.0588407 -0.0636418 -0.977938 0.197828 0.067088 -0.99169 0.125036 -0.0302726 -0.992267 0.121155 0.0269911 0.438071 0.525627 0.729253 -0.238299 -0.641191 0.729443 0.571203 -0.367655 -0.733865 -0.603999 0.310848 -0.733866 -0.504958 0.454503 -0.733787 0.454667 -0.504802 -0.733793 -0.693654 -0.0162819 0.720124 -0.762806 -0.165263 0.625152 -0.971402 0.125755 -0.201404 -0.968413 0.125271 -0.215603 -0.261717 -0.629853 -0.731292 0.0884496 0.676294 -0.731302 0.254081 0.633535 -0.730806 -0.420232 -0.537719 -0.730933 0.417043 -0.539428 -0.7315 -0.538553 0.418026 -0.731583 -0.409836 0.544605 -0.731737 0.266787 -0.627183 -0.731755 -0.0810361 -0.676636 -0.731845 -0.0809655 0.676639 -0.73185 -0.251387 0.633267 -0.731968 0.098942 -0.674117 -0.731968 -0.925813 0.320395 0.200542 -0.988289 0.126249 -0.0857148 0.0989371 -0.674118 -0.731968 -0.251393 0.633266 -0.731967 -0.0809601 0.676639 -0.73185 -0.0810303 -0.676636 -0.731846 -0.762805 -0.165253 -0.625156 -0.973911 0.107498 0.199854 0.266804 -0.62719 -0.731743 -0.409838 0.544604 -0.731737 0.0884824 0.676285 -0.731306 -0.26171 -0.629856 -0.731293 -0.695088 0.349128 -0.628461 -0.969454 0.141329 0.200462 0.417042 -0.539429 -0.7315 -0.538554 0.418025 -0.731583 0.254089 0.633531 -0.730806 -0.420224 -0.537724 -0.730934 -0.925814 0.32039 -0.200547 -0.987252 0.135289 0.0838526 0.435343 -0.55571 -0.708281 -0.698374 0.100685 -0.708616 -0.662922 0.256689 -0.70331 0.268121 -0.655275 -0.706205 0.312946 0.602847 0.733921 -0.365745 -0.572376 0.733905 -0.500012 -0.45967 0.733956 0.459655 0.500026 0.733956 0.575329 -0.400497 -0.713161 -0.698434 -0.0586153 -0.71327 -0.600656 -0.316943 0.734003 0.574803 0.361696 0.734015 -0.848054 -0.214438 0.484583 -0.976609 0.126668 -0.173755 0.525016 0.256795 -0.811427 -0.341311 -0.469376 -0.814367 -0.662067 -0.151251 0.734023 0.649003 0.200026 0.73402 -0.678629 0.0265325 0.734002 0.678629 0.0265231 0.734002 -0.695095 0.349133 0.62845 -0.667089 0.185478 0.72152 -0.968389 0.125215 -0.215739 -0.971369 0.125384 -0.201793 -0.647624 0.204795 0.733923 0.663248 -0.146487 0.733923 -0.849181 0.403148 0.341122 -0.982825 0.125814 -0.135002 -0.764416 0.420768 0.488489 -0.976629 0.125581 -0.174426 -0.5713 0.367518 0.733857 0.604019 -0.310811 0.733865 0.31191 -0.926827 0.209053 0.392626 -0.850442 0.350134 0.406703 -0.766116 0.497653 0.330124 -0.697366 0.63616 0.162289 -0.669868 0.724527 -0.0392575 -0.696409 0.716571 -0.183796 -0.765044 0.617192 -0.228107 -0.849693 0.475383 -0.184298 -0.926404 0.328344 -0.0817681 -0.978664 0.188498 0.453988 -0.837709 -0.303543 -0.331404 -0.836992 -0.435448 0.19026 -0.978846 0.0752485 -0.977655 -0.0734214 -0.19698 -0.990623 0.110158 0.080821 0.587807 -0.339624 0.73426 -0.588046 0.339236 0.734248 -0.48018 0.479893 0.734255 0.479892 -0.480181 0.734255 -0.339576 0.58785 0.734248 0.3393 -0.58801 0.734248 -0.97493 0.217843 -0.045335 -0.993204 0.079012 0.0854589 -0.974244 -0.0507506 0.21971 -0.920927 -0.145825 0.361426 -0.842378 -0.176728 0.509083 -0.75516 -0.114346 0.645491 -0.684342 0.0456463 0.727731 -0.657933 0.246428 0.711616 -0.687739 0.398127 0.60705 -0.759011 0.456866 0.463871 -0.845097 0.430345 0.317199 -0.92248 0.342565 0.177989 -0.974931 0.217842 0.0453365 -0.993204 0.0790116 -0.0854586 -0.974244 -0.0507498 -0.219711 -0.920927 -0.145828 -0.361424 -0.842379 -0.176729 -0.509082 -0.755145 -0.11435 -0.645508 -0.684338 0.0456713 -0.727733 -0.657932 0.246431 -0.711616 -0.68774 0.398121 -0.607053 -0.75901 0.456869 -0.463869 -0.845096 0.430349 -0.317194 -0.92248 0.342564 -0.177989 -0.990838 0.126406 0.0475541 -0.17584 0.655703 0.734258 0.175575 -0.655774 0.734258 -0.969403 0.124685 -0.211453 -0.982757 0.125969 -0.135353 0.42915 0.376317 -0.821106 -0.429124 0.376347 -0.821106 0.429149 -0.376318 -0.821106 -0.429123 -0.376348 -0.821106 -0.973761 -0.101517 0.203678 -0.979901 -0.0874334 0.1793 -0.956628 -0.0878863 0.277739 -0.944102 -0.101825 0.313532 -0.969417 -0.116629 0.215938 -0.936539 -0.113873 0.331554 -0.981717 0.137531 0.131592 -0.969479 0.12607 -0.210276 -0.954789 0.124201 -0.270097 -0.942581 0.12255 -0.310682 -0.99135 0.121664 -0.0492224 -0.935706 0.121664 -0.331137 -0.935668 0.121658 -0.331246 -0.942472 0.122334 -0.311096 -0.954678 0.123412 -0.270849 -0.991817 0.127057 0.0124564 -0.991794 0.12717 -0.0131099 -0.991157 0.127204 -0.0377727 -0.990076 0.127178 -0.0598022 -0.988838 0.127127 -0.0777049 -0.987774 0.127067 -0.0903147 -0.987167 0.127025 -0.0967793 -0.987175 0.12702 -0.0967017 -0.987796 0.127071 -0.0900729 -0.988862 0.127156 -0.0773445 -0.990098 0.127232 -0.0593178 -0.991813 0.127023 0.0131242 -0.991207 0.126803 0.0378092 -0.990152 0.126561 0.0598501 -0.988938 0.126318 0.0777529 -0.987891 0.126128 0.0903495 -0.987294 0.126022 0.0967917 -0.987304 0.126022 0.0966886 -0.987919 0.126131 0.0900373 -0.98897 0.12635 0.077296 -0.990181 0.126606 0.0592687 -0.991225 0.126858 0.0371506 -0.967315 0.149709 0.204666 -0.935189 0.125737 0.331076 -0.937068 0.111949 0.330713 -0.959666 0.0959745 0.264252 -0.974349 0.0981045 0.202532 -0.940872 0.138747 0.309045 -0.946027 0.101058 0.30793 -0.952631 0.147515 0.265959 -0.991846 0.120136 0.0425305 0.722695 0.137023 0.677448 0.359042 0.37878 0.853003 8.14603e-08 8.14603e-08 1 0 0 1 0 -1.62921e-07 -1 -6.19176e-07 4.56255e-07 -1 0.378415 0.358507 -0.85339 0.13866 0.722576 -0.677243 0 0 -1 -9.67668e-07 -1.13059e-06 -1 0.35904 -0.378782 -0.853003 0.722695 -0.137023 -0.677448 -0.219652 -0.742361 -0.632972 0.21779 -0.509472 -0.832469 -0.122623 -0.122623 -0.984849 -0.241632 -1.58093e-07 -0.970368 -0.0598776 -0.0598778 -0.996408 -0.0598808 0.0598807 -0.996408 -0.427668 -0.310347 -0.84899 0.279256 -0.450273 -0.848098 0.222151 -0.742149 0.632348 0.496435 -0.807332 0.319009 -0.395064 -0.806945 -0.439049 -0.00380452 -0.74215 -0.670224 -0.0100788 0.010079 0.999898 0.0100803 0.0100805 0.999898 -0.366666 0.370799 0.853267 -0.390253 -0.345899 0.853262 0 -1.62921e-07 -1 8.28841e-06 -8.45133e-06 -1 -0.378403 -0.35852 -0.85339 -0.138658 -0.722576 -0.677243 0.138621 -0.722583 0.677243 0.378399 -0.358524 0.85339 -1.58702e-05 -1.57073e-05 1 -2.74655e-05 1.62921e-07 1 0.154103 -0.746116 -0.647737 0.467339 -0.809313 -0.355818 -0.429933 -0.809293 0.400253 -0.0730604 -0.746116 0.661796 0.0579334 -0.0579336 -0.996638 -0.0579252 -0.0579253 -0.996639 -0.447502 0.281521 -0.848816 -0.312183 -0.425071 -0.849621 -0.991789 -0.0218526 -0.126001 -0.91988 0.152949 -0.361149 -0.748026 0.38588 -0.539957 -0.743005 -0.347579 -0.571956 -0.994232 0.0579274 0.0902593 -0.918552 -0.0853983 0.385967 2.58997e-05 1.89469e-06 -1 2.64253e-05 -2.26228e-06 -1 0.103606 0.69523 -0.711281 -0.103531 0.695241 -0.711281 0.0693258 0.059095 0.995842 0.0693208 -0.0590932 0.995843 0.458997 0.374624 0.805592 -0.287182 0.520001 0.804441 0.577753 -0.64165 -0.504467 -0.0459321 -0.0459164 -0.997889 -0.0464477 -0.0395932 -0.998136 0.324079 -0.491972 -0.808045 -0.0313288 0.0313182 0.999018 0.604758 0.614546 0.506559 0.341704 0.47801 0.809163 -0.0316757 0.0270025 0.999133 -0.850358 -0.36035 0.383457 -0.850381 0.400517 -0.341231 -0.481948 0.245741 -0.841034 -0.348604 -0.411899 -0.841911 0.0571735 -0.0670454 -0.99611 -0.0571735 -0.0670454 -0.99611 -0.00994937 0.0116674 0.999882 0.00995399 0.0116728 0.999882 -0.40298 0.348754 0.846154 -0.42626 -0.319895 0.84615 0.026238 0.0262291 0.999312 -0.616567 0.602112 0.507254 -0.388515 0.366114 0.845586 0.022614 0.0265188 0.999393 -0.72737 -0.463918 -0.50568 -0.0448753 0.0448596 -0.997985 -0.0386839 0.045363 -0.998221 -0.455472 -0.281954 -0.844421 -0.414587 0.334511 -0.846298 1.30931e-05 1.51908e-05 -1 1.16259e-05 -1.37961e-05 -1 0.414615 0.334476 -0.846298 -0.0262131 -0.879457 -0.475255 -0.142242 -0.873529 -0.465526 -0.133137 -0.817623 -0.560149 -0.0244498 -0.821032 -0.570359 -3.36957e-05 -0.665721 0.746201 -2.64139e-05 1.62921e-07 1 -2.51892e-05 1.05966e-05 1 -0.25478 -0.615039 0.746199 0.878373 -0.118541 -0.463044 0.874289 -0.235919 -0.424218 0.825222 -0.227365 -0.517023 0.822683 -0.111098 -0.557539 -0.95129 0.288149 -0.109626 -0.839921 0.441205 -0.316023 -0.940066 0.176443 -0.291796 -0.97143 0.218948 -0.0915667 -1.89543e-05 1.91172e-05 1 -0.47076 -0.470705 0.746205 0.213226 -0.882701 0.418776 0.0964007 -0.882417 0.460485 0.0904241 -0.827033 0.554834 0.206595 -0.834215 0.511277 -0.837023 -0.189314 0.513374 -0.950159 -0.112929 0.290594 -0.970737 0.0624135 0.231894 -0.927316 0.0450677 0.371555 0.492437 0.448575 -0.745846 0.0163002 -0.0163004 -0.999734 0.00823217 -0.0198745 -0.999769 0.625822 0.228026 -0.74589 -0.151585 -0.871472 0.466432 -0.273874 -0.858867 0.432828 -0.262017 -0.809052 0.526101 -0.141952 -0.815475 0.561115 -0.709162 0.453413 0.539913 -0.643868 0.254116 0.721706 -0.862871 0.195001 0.466292 -0.883003 0.267814 0.385463 0 -0.0201602 -0.999797 0.665478 -0.0270131 -0.745928 0.879754 0.00343298 -0.475416 0.821273 0.00320195 -0.570527 -0.950159 -0.112931 -0.290592 -0.993288 0.0769994 -0.0863079 -0.988366 0.133807 -0.0723089 -0.970736 0.0624163 -0.231896 -0.00858919 -0.0207364 -0.999748 0.603258 -0.282436 -0.745861 0.108553 -0.880255 -0.461918 0.101892 -0.824668 -0.556364 -0.017353 -0.0173531 -0.999699 0.447329 -0.493631 -0.745805 -0.0252463 -0.879479 0.475267 -0.0235506 -0.821049 0.570372 -0.709161 0.45342 -0.539909 -0.895919 0.161004 -0.414013 0.441656 -0.499033 -0.745591 -0.0213004 -0.0213006 -0.999546 -0.0270282 -0.0111956 -0.999572 0.218351 -0.629574 -0.745626 -0.849596 0.156744 -0.503605 -0.915003 0.172673 -0.364627 -0.993288 0.0770002 0.0863089 -0.988366 0.133807 0.0723087 -0.0298682 -1.62985e-07 -0.999554 -0.0400334 -0.665187 -0.745602 -0.866865 0.171238 -0.468212 -0.904763 0.144108 -0.400795 -0.863328 0.129551 -0.487732 -0.810334 0.161973 -0.563138 -0.95129 0.288147 0.109628 -0.971431 0.218946 0.0915681 -0.0289626 0.0119965 -0.999509 -0.293107 -0.598537 -0.745548 -0.704772 -0.0520404 0.707523 -0.881929 0.0992123 0.460823 0.190468 0.639963 0.744425 -0.0480013 0.0198828 0.998649 -0.0332517 0.0332519 0.998894 0.425192 0.514398 0.744719 0.876095 0.130012 -0.464279 0.820271 0.121842 -0.558847 -0.839922 0.441203 0.316025 -0.928528 0.274587 0.249875 -0.015814 0.0381788 0.999146 0.592927 0.305501 0.745055 0.237784 -0.873571 -0.424656 0.229068 -0.824461 -0.517486 -0.837025 -0.189325 -0.513367 0 0.0432075 0.999066 0.664608 0.0578058 0.744953 -0.252803 -0.867633 -0.428141 -0.242785 -0.818204 -0.52115 -0.643865 0.254129 -0.721703 -0.867301 0.167694 -0.468686 0.0210013 0.050702 0.998493 0.641423 -0.186409 0.744196 0.045182 0.0451822 0.997957 0.530111 -0.407827 0.74341 0.867868 0.252235 -0.427999 0.818444 0.242268 -0.521014 0.470704 -0.470761 0.746205 -2.00053e-05 -1.98424e-05 1 -2.46411e-05 -1.00437e-05 1 0.254713 -0.615067 0.7462 -0.81039 0.162283 -0.562967 -0.989838 0.116785 -0.0811286 -0.965397 0.239653 0.102839 -0.902674 0.322391 0.285031 -0.834323 0.316582 0.451311 -0.80326 0.208312 0.558014 -0.832552 0.0610669 0.550571 -0.900918 -0.0181477 0.43361 -0.96449 0.0116184 0.263866 -0.989839 0.116778 0.0811241 -0.965396 0.239654 -0.102839 -0.964489 0.0116228 -0.263868 -0.700382 -0.245467 -0.670232 -0.700382 -0.245472 -0.670231 0.700382 -0.245472 -0.67023 0.700382 -0.245467 -0.670232 -0.707075 0.120296 0.696831 -0.707075 0.120309 0.696829 -0.707075 -0.100883 -0.699905 -0.707076 -0.100896 -0.699903 -0.707094 -0.104112 -0.699413 -0.707094 -0.10411 -0.699413 0.707094 -0.10411 -0.699413 0.707094 -0.104112 -0.699413 -0.706189 0.0600703 0.705471 -0.706189 0.0600719 0.705471 -0.706189 -0.160843 -0.689512 -0.706189 -0.160845 -0.689512 -0.816473 -0.33447 0.470639 -0.707075 0.120309 0.696829 -0.707075 -0.100884 -0.699905 -0.816474 0.344205 -0.463566 -0.707094 0.104113 0.699413 0.707094 0.104113 0.699413 0.707094 0.104112 0.699413 -0.707094 0.104112 0.699413 -0.707075 -0.100892 -0.699904 -0.707075 0.1203 0.69683 -0.707075 0.1203 0.69683 -0.707075 -0.100893 -0.699904 -0.700382 0.245468 0.670231 0.700382 0.245469 0.670231 0.700382 0.245472 0.67023 -0.700382 0.245471 0.670231 -0.706188 -0.160852 -0.68951 -0.706189 0.0600633 0.705472 -0.706189 0.0600714 0.705471 -0.706189 -0.160844 -0.689512 -0.469621 0.21216 -0.856997 -0.700382 -0.245474 -0.67023 0.700382 -0.245474 -0.67023 0.349778 -0.585647 -0.731214 -0.478369 -0.749998 0.4568 0.341879 -0.876783 -0.338188 0.478365 -0.749998 0.456804 -0.34188 -0.876783 -0.338187 0.402136 0.871235 0.28149 -0.414275 0.743499 -0.524963 0.402147 0.741601 -0.536941 -0.414263 0.869338 0.269512 0.403816 -0.535309 -0.741874 -0.412648 -0.526586 -0.743256 0.403805 0.279853 -0.87099 -0.412637 0.271129 -0.869609 0.41111 0.528115 0.743023 0.707094 0.104115 0.699412 -0.707094 0.104115 0.699412 -0.405398 -0.278288 0.870752 -0.816074 0.448141 0.364955 -0.706189 0.0600672 0.705471 -0.706189 -0.160848 -0.689511 -0.816103 -0.484935 -0.314347 0.403817 -0.535308 -0.741874 -0.412652 -0.526581 -0.743256 0.4038 0.279857 -0.870991 -0.412637 0.271129 -0.869609 0.478362 0.749998 -0.456807 -0.341884 0.876782 0.338184 -0.478352 0.749997 -0.456819 0.341889 0.876777 0.338191 -0.402137 -0.87123 -0.281504 0.41427 -0.743498 0.524968 -0.402149 -0.741601 0.536939 0.414258 -0.869335 -0.269533 0.411633 -0.869768 -0.272142 -0.404871 -0.742045 0.534274 -0.411641 -0.869772 -0.272118 0.404865 -0.742034 0.534294 0.403812 -0.535325 -0.741864 -0.412644 -0.526603 -0.743246 0.403801 0.279872 -0.870986 -0.412638 0.271129 -0.869609 0.458914 -0.223614 0.859881 -0.350418 -0.330425 0.876371 0.458915 0.478399 0.748687 -0.350425 0.585074 0.731363 0.478368 0.749998 -0.456801 -0.341878 0.876783 0.338189 -0.478365 0.749988 -0.456821 0.34188 0.876783 0.338187 -0.402118 -0.871238 -0.281507 0.414285 -0.743491 0.524966 -0.402151 -0.741602 0.536937 0.414257 -0.869335 -0.269533 0.411653 -0.869765 -0.272123 -0.404853 -0.742042 0.534292 -0.411652 -0.86977 -0.272107 0.404855 -0.742033 0.534303 0.375655 -0.73677 0.562186 -0.438432 -0.864718 -0.245031 0.375645 -0.874446 -0.306977 -0.438445 -0.74667 0.500249 -0.403818 0.535307 0.741874 0.412649 0.526597 0.743247 -0.403794 -0.279879 0.870987 0.412637 -0.27113 0.869609 0.458915 -0.223613 0.859881 -0.350406 -0.330449 0.876367 0.458919 0.478394 0.748687 -0.350422 0.585076 0.731362 -0.478378 -0.749988 0.456806 0.341866 -0.876783 -0.3382 0.478378 -0.749998 0.456789 -0.341867 -0.876778 -0.338211 -0.402139 -0.87123 -0.281501 0.414268 -0.743498 0.524969 -0.402129 -0.741598 0.536959 0.414279 -0.869336 -0.269496 -0.411649 0.869771 0.272111 0.40486 0.742043 -0.534285 0.411644 0.869767 0.272131 -0.404861 0.742043 -0.534284 0.375652 -0.736778 0.562177 -0.438436 -0.864713 -0.245042 0.375631 -0.874447 -0.30699 -0.438455 -0.746661 0.500254 -0.403809 0.535328 0.741864 0.412645 0.526588 0.743255 -0.403808 -0.27985 0.87099 0.412637 -0.271145 0.869604 0.458906 -0.223622 0.859883 -0.350407 -0.330435 0.876372 0.458928 0.478385 0.748688 -0.350422 0.585087 0.731353 -0.478386 -0.749999 0.45678 0.341864 -0.876783 -0.338201 0.478369 -0.749998 0.4568 -0.341876 -0.876783 -0.33819 0.402135 0.871235 0.281491 -0.414277 0.743499 -0.52496 0.402139 0.7416 -0.536949 -0.41427 0.869337 0.269505 0.411626 -0.869774 -0.272134 -0.404881 -0.742046 0.534265 -0.411625 -0.869775 -0.272134 0.404881 -0.742037 0.534278 -0.375671 0.736773 -0.562171 0.438417 0.864721 0.245045 -0.375655 0.874445 0.306968 0.438438 0.746669 -0.500257 0.403821 -0.535304 -0.741875 -0.412652 -0.526582 -0.743256 0.403798 0.279875 -0.870986 -0.412631 0.271135 -0.86961 0.458911 -0.223617 0.859882 -0.350409 -0.330434 0.876372 0.458923 0.47839 0.748687 -0.350427 0.585072 0.731363 -0.940631 -0.0711075 -0.331899 0.805465 -0.533186 -0.258726 0.541161 0.0832274 -0.83679 -0.45934 -0.478528 -0.748343 0.905191 -0.0854526 -0.416326 0.921118 -0.113232 0.37245 0.693084 -0.484367 0.533875 0.903463 0.162357 -0.396731 0.363989 0.581132 0.727872 0.468243 -0.218559 0.856143 -0.571162 0.259117 0.778866 -0.149243 -0.431197 0.889829 0.825817 0.147701 -0.544252 -0.830666 -0.290711 -0.474849 -0.653214 -0.112362 -0.74879 0.653199 -0.11236 -0.748803 0.226856 0.397137 -0.889279 0.531734 -0.350973 -0.770764 -0.508037 0.14406 -0.849202 -0.275896 -0.62909 -0.726724 -0.562635 0.209385 -0.79975 0.568796 -0.435766 -0.697552 -0.648852 -0.677532 -0.346327 -0.916578 0.208326 0.341301 -0.64886 -0.537328 0.538757 -0.916577 0.0926704 -0.388972 0.570856 -0.432193 -0.698092 -0.560518 0.212967 -0.80029 -0.318314 0.445 -0.837049 0.334879 -0.672435 -0.660066 -0.623505 -0.62192 0.473769 -0.892772 0.0132718 -0.450313 -0.916337 0.207623 0.342373 -0.647295 -0.682125 -0.340169 0.0094813 0.526712 -0.849991 0.00947708 -0.763587 -0.645635 -0.921666 0.224336 0.316552 -0.655371 -0.656334 -0.373783 -0.921662 0.11553 -0.370394 -0.655365 -0.508716 0.558305 0.335335 0.4353 -0.835502 -0.317805 -0.682166 -0.65852 0.928318 -0.181774 -0.324319 0.911815 0.0826377 0.4022 0.907106 0.294039 0.301163 0.697837 -0.602632 -0.387115 0.331391 0.67445 0.65977 -0.321808 -0.443036 0.836755 -0.563135 -0.208564 0.799612 0.568294 0.436608 0.697435 -0.828918 0.174034 -0.531608 0.356645 -0.847842 -0.392387 0.131967 -0.698685 -0.703152 -0.471671 0.248822 -0.84594 -0.653218 0.113378 0.748633 0.653218 0.113376 0.748633 0.899362 0.261233 0.350579 0.888728 0.0943692 -0.448617 0.677287 -0.557357 0.480245 0.687972 -0.645642 -0.331422 -0.56846 0.436322 0.697479 0.562966 -0.208824 0.799664 0.914324 0.0947777 -0.393736 0.733501 0.00822923 -0.679639 0.625997 -0.395697 -0.671976 0.739522 -0.561407 -0.371389 0.916561 -0.385315 -0.106992 0.992005 -0.0664746 0.107275 0.914307 0.211829 0.345213 0.733504 0.217864 0.643823 0.626015 -0.168603 0.761366 0.847852 -0.211575 0.486193 -0.224842 -0.653414 -0.722839 0.531918 -0.35058 -0.770816 -0.507055 0.146047 -0.84945 0.27628 0.373544 -0.885514 0.608571 -0.126028 0.783427 -0.516627 0.518881 0.681072 -0.257845 0.713769 0.651191 0.393982 -0.399922 0.827551 -0.53097 0.72767 0.434243 0.646535 -0.444279 0.620169 0.855042 -0.312416 -0.413882 0.635734 -0.342221 -0.691901 0.741814 0.0581825 -0.668077 0.918642 0.122734 -0.375544 0.994964 -0.0765361 -0.0647136 0.919767 -0.312067 0.237999 0.74485 -0.385249 0.544776 0.635744 -0.111713 0.763774 0.741792 0.261753 0.617438 0.918629 0.232787 0.319267 -0.71847 -0.155134 -0.678037 -0.718479 -0.155163 -0.678021 0.592082 0.296137 -0.749494 0.592065 0.296141 -0.749506 0.652417 0.16059 -0.74065 0.652403 0.160627 -0.740655 -0.681658 -0.298744 -0.667903 -0.681646 -0.298781 -0.667898 0.694674 0.254965 0.672623 0.69468 0.0346345 -0.718485 0.694694 0.0346413 -0.718471 0.694672 0.25497 0.672622 -0.707751 0.0146652 0.706309 -0.707763 -0.204308 -0.676262 -0.707752 -0.204287 -0.676279 -0.707757 0.0146895 0.706303 -0.469641 0.212139 -0.856992 -0.349772 -0.585662 -0.731204 0.469616 0.212184 -0.856994 0.349761 -0.585673 -0.731201 -0.816488 -0.334457 0.470623 -0.816488 0.4706 0.334489 -0.816473 -0.463538 -0.344243 -0.816474 0.344206 -0.463565 0.411113 0.528112 0.743023 0.405389 -0.278296 0.870753 -0.411119 0.528107 0.743024 -0.405392 -0.278293 0.870753 0.816075 -0.448149 -0.364945 0.816104 0.364039 -0.448833 0.816089 -0.313428 0.485552 0.816103 0.484927 0.314358 0.403813 -0.535325 -0.741864 -0.412656 -0.526578 -0.743257 0.403798 0.279859 -0.870991 -0.412635 0.271132 -0.869609 0.458905 -0.223623 0.859883 -0.350402 -0.330452 0.876367 0.458924 0.478405 0.748677 -0.350433 0.585066 0.731365 0.901621 0.194577 -0.38629 0.501625 -0.410072 -0.761718 -0.498392 0.160143 -0.852032 -0.90713 -0.284098 -0.310488 0.907517 0.0725206 0.413707 0.904757 -0.170325 0.39039 0.694708 0.474576 -0.540517 0.92363 0.100105 -0.369981 0.826109 -0.146654 0.544092 0.653218 0.113374 0.748634 -0.653218 0.113376 0.748633 -0.830395 0.29174 0.474691 0.35413 -0.333187 0.87383 -0.157329 0.68194 0.714287 -0.566944 -0.0159816 0.823601 0.472525 0.465017 0.748652 -0.65937 0.641278 0.39242 -0.924534 -0.130278 0.35814 -0.659379 0.488603 -0.57139 -0.924522 -0.234602 -0.300367 0.568294 0.436609 0.697434 0.331392 0.67445 0.65977 -0.321801 -0.44304 0.836756 -0.563133 -0.20854 0.79962 -0.626827 0.612502 -0.48159 -0.644953 0.688753 0.331143 -0.913914 -0.200767 -0.35278 -0.895885 -0.0220979 0.443736 -0.317798 -0.68217 -0.65852 0.00948717 -0.763587 -0.645635 0.00949383 0.526712 -0.849991 0.33534 0.435297 -0.835502 0.92015 0.219251 0.324428 0.653339 -0.518091 0.552023 0.920139 0.108293 -0.376321 0.653341 -0.663321 -0.364897 0.334902 -0.672414 -0.660076 -0.31831 0.445002 -0.837049 0.915249 0.250631 0.315441 0.689418 0.640357 0.338592 0.900356 -0.264831 -0.345287 0.899704 -0.0229371 -0.435897 0.570843 -0.432191 -0.698104 -0.560526 0.21298 -0.800281 -0.477426 -0.601776 0.640257 -0.212601 -0.4075 0.888113 0.370621 0.571189 0.732382 0.710535 0.534333 0.457851 0.568795 -0.435744 -0.697567 0.653214 -0.112359 -0.74879 -0.653214 -0.112365 -0.748789 -0.562639 0.209405 -0.799741 0.901293 -0.268343 -0.340093 0.689855 0.638712 0.340805 0.674626 0.567174 -0.472433 0.8862 -0.085043 0.455431 0.562627 0.209427 -0.799745 -0.568801 -0.435734 -0.697569 0.850343 0.197949 -0.487579 0.629371 0.150371 -0.762418 0.736441 -0.232327 -0.635358 0.915849 -0.218711 -0.336728 0.993041 0.062034 -0.100108 0.91766 0.38054 0.114409 0.741357 0.552942 0.380321 0.629372 0.378591 0.678645 0.736436 -0.0245913 0.67606 0.915834 -0.103935 0.387874 -0.593315 -0.155043 0.789898 -0.370207 -0.414627 0.831283 0.282397 0.70129 0.654556 0.535677 0.490044 0.687683 -0.629748 -0.462669 0.623983 0.552458 0.708991 0.438318 0.910663 -0.197008 -0.363153 0.726522 -0.186697 -0.661294 0.618249 0.206767 -0.758297 0.735338 0.441356 -0.514279 0.913998 0.347651 -0.209158 0.989574 0.109983 0.0929939 0.910674 -0.075129 0.406237 0.726504 0.0268072 0.686639 0.618257 0.430925 0.657314 0.842104 0.377493 0.385174 -0.500794 0.658351 0.561942 0.741861 0.230464 0.629705 0.741876 0.230452 0.629691 -0.500794 0.658385 0.561903 -0.715355 0.170352 0.677678 -0.715354 0.170358 0.677678 -0.715375 -0.0473916 -0.697131 -0.715361 -0.0473987 -0.697146 -0.709333 0.650297 -0.271956 -0.0863971 0.834874 -0.543618 0.385778 0.827548 -0.407847 0.735066 0.672838 -0.0834641 0.657765 0.750611 0.0626816 0.487154 0.809213 -0.328413 0.579298 0.759709 -0.295392 0.0321408 0.977944 0.206382 -0.237303 0.968108 0.0803345 0.141411 -0.761008 -0.633143 -0.627195 0.452629 -0.63384 -0.402099 0.0170416 -0.915438 -0.400093 0.698036 -0.593861 0.292896 -0.817165 -0.496441 0.952081 0.00483158 0.305808 0.9746 -0.22377 -0.00907396 0.635448 -0.646716 -0.421859 0.240058 0.732606 0.636915 0.391309 0.732898 0.556541 -0.28621 0.732892 -0.617214 -0.111349 0.732645 -0.67144 -0.911638 0.192082 0.363347 -0.955894 -0.178534 0.23322 -0.915321 -0.0743124 0.395811 0.819318 0.118164 0.561031 -0.977092 -0.0321189 0.21038 0.646119 0.1181 0.754044 -0.435375 0.122757 0.89184 -0.642618 0.115019 0.757504 0.50293 0.17249 0.846941 0.306329 0.0321451 0.951383 -0.807902 -0.57198 -0.141892 -0.110009 -0.897486 0.427103 0.00370719 -0.999993 0.000993431 -0.30974 0.925715 0.217057 -0.299755 0.893948 0.333174 -0.648208 -0.202774 -0.733968 0.662749 0.14851 -0.733968 -0.678612 -0.0274452 -0.733984 0.678612 -0.0274481 -0.733984 -0.662934 0.147775 -0.733949 0.648004 -0.203482 -0.733952 -0.986134 0.106924 0.126916 -0.737248 0.0420034 0.674315 -0.804204 -0.370509 0.464736 -0.805282 0.513576 -0.296245 -0.737248 0.26436 -0.621754 -0.749183 0.397368 0.529928 -0.740972 -0.33495 0.582039 -0.704771 -0.0520368 -0.707524 0.411645 -0.869771 -0.272115 -0.404865 -0.742044 0.53428 -0.411641 -0.869767 -0.272135 0.404866 -0.742044 0.53428 -0.375667 0.736781 -0.562164 0.438424 0.864715 0.245055 -0.375643 0.874446 0.306979 0.438447 0.74667 -0.500248 -0.458909 0.223619 -0.859882 0.350411 0.330432 -0.876371 -0.458924 -0.47839 -0.748687 0.350419 -0.58509 -0.731353 0.37566 -0.736771 0.562182 -0.438427 -0.864719 -0.245035 0.375666 -0.874444 -0.306957 -0.43843 -0.746668 0.500266 0.0592905 -0.71623 -0.695341 -0.484511 0.255705 -0.836579 -0.418647 -0.55165 -0.7214 0.617881 -0.123909 -0.776447 -0.934214 -0.21445 0.285053 -0.851938 -0.0821365 -0.517161 -0.572261 0.810845 0.122669 -0.667106 0.441417 -0.600101 -0.715287 -0.0470641 -0.697244 0.599158 -0.499683 -0.625561 0.599165 -0.499669 -0.625565 -0.715284 -0.0470495 -0.697248 0.703777 -0.00111983 0.71042 0.703777 -0.00111842 0.71042 0.703772 -0.220595 -0.67531 0.703802 -0.220591 -0.675279 </float_array>
          <technique_common>
            <accessor count="6756" offset="0" source="#meshId0-tangents-array" stride="3">
              <param name="X" type="float" />
              <param name="Y" type="float" />
              <param name="Z" type="float" />
            </accessor>
          </technique_common>
        </source>
        <source id="meshId0-bitangents" name="meshId0-bitangents">
          <float_array id="meshId0-bitangents-array" count="20268"> 0.955243 0.166897 0.244247 0.962144 0.134273 0.237171 0.974275 0.0541224 0.218767 0.970152 0.0867892 0.226436 -0.529887 -0.0430834 0.846973 -0.563545 -0.0103369 0.826021 -0.70412 0.154079 0.693163 -0.681841 0.126937 0.720403 0.669619 -0.634514 0.386008 0.77616 -0.612765 0.148639 0.719175 -0.682732 0.129092 0.632352 -0.679114 0.372741 0.97994 -0.0585285 0.190506 0.961191 -0.237914 0.139677 0.948897 -0.290482 0.123352 0.976618 -0.130193 0.171075 -0.804662 0.304913 0.509457 -0.791611 0.28222 0.541945 -0.784386 0.580615 -0.21823 -0.849105 0.527281 0.0315446 -0.838232 0.537589 0.0914612 -0.801598 0.572894 -0.170979 0.732143 -0.680721 -0.0241816 0.545093 -0.832022 -0.103019 0.588818 -0.803633 -0.086415 0.745037 -0.666785 -0.0178296 -0.855156 0.431769 0.286853 -0.850872 0.413259 0.324399 0.309162 -0.474577 0.824133 0.503751 -0.549082 0.666891 0.551306 -0.551742 0.625813 0.350722 -0.51147 0.78447 0.260598 -0.946046 -0.192577 0.186847 -0.959344 -0.211538 0.266086 -0.944817 -0.191099 0.336201 -0.926048 -0.171473 -0.850273 0.524866 0.0393862 -0.855654 0.51091 0.0826312 -0.333967 -0.0320874 0.942039 -0.127421 -0.200574 0.971357 -0.102352 -0.324526 0.940323 -0.327101 -0.19619 0.924399 0.150627 -0.963734 -0.220292 0.183535 -0.959802 -0.212354 0.262851 -0.945546 -0.19197 0.230781 -0.952139 -0.200426 -0.787471 0.579398 -0.210207 -0.803479 0.571888 -0.165426 0.370677 -0.914657 -0.161251 0.533442 -0.839004 -0.107291 0.578918 -0.810375 -0.0902576 0.437011 -0.888421 -0.140461 0.797127 -0.581789 0.161588 0.785147 -0.587345 0.196391 0.671528 -0.604554 0.428445 0.689611 -0.604917 0.398136 0.876271 -0.478189 0.0590282 0.958371 -0.251273 0.135595 0.94574 -0.302088 0.119659 0.867311 -0.494962 0.0527646 0.514252 -0.579426 0.632306 0.536253 -0.585179 0.608275 0.330025 -0.549639 0.76745 0.517446 -0.612995 0.597066 0.500996 -0.632075 0.591171 0.332279 -0.546564 0.768673 0.974021 0.0564316 0.219314 0.962783 0.130951 0.236432 0.974631 0.0508173 0.217972 0.979555 -0.0220042 0.19997 0.32329 -0.510651 0.796693 0.349118 -0.521551 0.778525 -0.30905 -0.164259 0.936753 -0.0977548 -0.317351 0.943256 -0.0529764 -0.266701 0.962322 -0.203642 -0.049583 0.977789 0.955481 0.165855 0.244026 0.970302 0.0857309 0.226194 0.110952 -0.401663 0.909042 0.141071 -0.418269 0.897302 -0.707995 0.15895 0.688097 -0.569488 -0.0043924 0.821988 -0.560812 -0.0710635 0.824888 -0.707745 0.100901 0.699225 0.973317 0.062566 0.220771 0.979362 -0.0161362 0.201467 -0.108371 -0.257109 0.960287 -0.0727414 -0.281098 0.956918 -0.855773 0.435067 0.279945 -0.841386 0.429553 0.327955 0.883846 -0.46331 0.0645056 0.874021 -0.482482 0.0574308 -0.317609 -0.0952967 0.943421 -0.281 -0.124232 0.951633 0.665849 -0.578482 0.471173 0.719415 -0.545659 0.429766 0.379706 -0.911427 -0.158504 0.445104 -0.884811 -0.137812 0.294113 0.142404 -0.945102 0.314307 0.126188 -0.940897 0.501566 -0.0383073 -0.864271 0.484253 -0.0218542 -0.874655 0.0940346 -0.357554 0.929146 0.128652 -0.432404 0.892455 0.151689 -0.963624 -0.220045 0.231824 -0.951942 -0.20016 -0.504595 -0.00647414 0.863332 -0.499387 -0.0113844 0.866304 -0.656669 0.153691 0.738353 -0.660475 0.158185 0.733996 -0.655968 0.152858 0.739149 -0.498446 -0.0122691 0.866834 -0.445386 0.0918908 0.890611 -0.63586 0.198002 0.745974 0.254616 -0.947348 -0.194171 0.330598 -0.927763 -0.173093 -0.769321 0.308025 0.559701 -0.771578 0.311767 0.554499 -0.834554 0.541012 0.104045 -0.829695 0.439665 0.34395 -0.837446 0.432031 0.334715 -0.857583 0.50688 0.0873161 -0.829849 0.44022 0.342865 -0.830678 0.443273 0.336873 -0.39433 -0.169927 0.903122 -0.348108 -0.206973 0.914321 0.979808 -0.0681732 0.187959 0.975829 -0.139049 0.168594 -0.834431 0.541442 0.102786 -0.833743 0.543749 0.0959706 -0.782555 0.605585 -0.14448 -0.780223 0.606853 -0.151599 0.120213 -0.448808 0.885505 0.141809 -0.423633 0.894665 0.77599 -0.612858 0.149145 0.776126 -0.612785 0.148737 0.66957 -0.634514 0.386093 0.669364 -0.634515 0.386447 -0.80688 0.308975 0.503468 -0.798999 0.277456 0.533497 0.517397 -0.612984 0.597119 0.517126 -0.612916 0.597424 0.786584 -0.566367 0.245995 0.856162 -0.465915 0.223404 0.329986 -0.549623 0.767479 0.329696 -0.549504 0.767689 0.120139 -0.448766 0.885537 0.119805 -0.448585 0.885674 -0.192961 0.979692 0.0544865 -0.185607 0.980888 0.0583812 0.441194 0.826119 0.350534 0.42686 0.83599 0.344835 0.720584 -0.692729 -0.0297572 0.735444 -0.677209 -0.0225789 -0.0978153 -0.317308 0.943264 -0.0981921 -0.317057 0.94331 -0.309129 -0.164196 0.936738 -0.309493 -0.163908 0.936669 0.101586 -0.560808 0.82169 -0.129177 -0.55333 0.822885 -0.342757 -0.211154 0.915386 -0.38648 -0.176349 0.905281 -0.768914 0.307351 0.560631 -0.76294 0.324909 0.558888 0.232945 -0.378553 0.895787 0.342844 -0.540792 0.768116 0.352256 -0.545195 0.760709 0.316283 -0.424661 0.848309 -0.746988 0.105836 0.65636 -0.809178 0.285965 0.513278 -0.269962 0.227119 0.935702 -0.0956562 -0.0551239 0.993887 -0.205797 0.139679 0.968575 -0.851035 0.396156 0.344674 -0.911945 0.392404 0.119896 -0.647713 -0.0831994 0.757328 0.0891897 -0.212219 0.973143 -0.746395 0.370312 0.552959 0.710183 -0.484797 0.510501 0.53548 -0.530241 0.657348 -0.598292 0.332876 0.728863 0.839256 -0.444544 0.313098 -0.411774 0.305849 0.858428 0.436182 -0.672298 0.598131 0.955212 -0.293452 0.0381654 0.930454 -0.34171 0.132246 -0.189601 0.0427435 0.98093 -0.212415 0.270687 0.93894 0.525824 -0.752136 0.397241 -0.830765 0.445166 0.33415 -0.804774 0.578056 0.134867 -0.344856 -0.522089 0.780063 0.642017 -0.747554 0.17023 0.0664939 -0.668795 0.740468 0.180554 -0.58288 0.792245 0.265454 -0.557053 0.786909 0.239705 -0.586873 0.773383 0.712015 -0.164802 0.682551 0.809639 -0.0187041 0.58663 0.585431 -0.206818 0.783898 0.508002 -0.288011 0.811778 -0.550964 0.443686 0.706811 -0.660945 0.413374 0.626317 0.382178 -0.652823 0.654035 0.826259 0.171558 0.53653 0.61978 -0.117907 0.775868 -0.442312 0.470724 0.7634 0.398451 -0.744152 0.536166 0.758615 0.349061 0.550144 0.613682 -0.043573 0.78835 0.0670539 -0.669808 0.7395 -0.0531715 -0.702756 0.709441 -0.964567 0.0850114 -0.249767 -0.948497 0.30231 -0.0946711 -0.949017 0.286823 0.130766 -0.974853 0.221386 0.0255105 0.626895 0.457339 0.630748 0.574613 -0.00274156 0.81842 0.200869 -0.626155 0.75338 -0.904328 0.346019 0.249924 0.480577 0.454758 0.749827 0.520832 -0.0097413 0.853604 0.372786 0.344005 0.861795 0.329542 0.162742 0.930009 0.444088 -0.15872 0.881813 0.473241 -0.0653916 0.878503 -0.842053 0.379056 0.383748 0.359653 -0.0376009 0.932328 0.442306 -0.273229 0.854232 -0.760287 0.397037 0.514126 0.280113 -0.297137 0.912823 0.612405 -0.477681 0.629906 0.486277 -0.538991 0.687766 0.406768 -0.413806 0.814435 0.401569 -0.429273 0.808992 0.392996 -0.453121 0.800147 0.381655 -0.483552 0.787729 0.367807 -0.518191 0.772138 0.351407 -0.554384 0.754435 0.33234 -0.589358 0.736347 0.310666 -0.620507 0.72004 0.286922 -0.64547 0.707845 0.262477 -0.662319 0.70174 0.239645 -0.669833 0.702776 0.221506 -0.6677 0.710713 0.211162 -0.656664 0.724019 0.210726 -0.638277 0.740404 0.220647 -0.614438 0.757483 0.29483 -0.526271 0.797568 0.324682 -0.495863 0.80542 0.352215 -0.467379 0.810864 0.375241 -0.442532 0.814469 0.392397 -0.423176 0.816668 0.403105 -0.411096 0.817623 0.407621 -0.407723 0.817073 0.187721 -0.842493 0.504941 0.0970626 -0.887033 0.451387 0.300988 -0.486645 0.820111 0.0104979 -0.901198 0.433281 -0.0563644 -0.889008 0.45441 0.424177 -0.402762 0.811084 -0.0891804 -0.855772 0.509608 0.386663 -0.537547 0.749357 -0.078909 -0.80621 0.586343 0.336479 -0.662471 0.669264 -0.0245616 -0.74342 0.668373 0.269868 -0.766574 0.582697 0.539053 0.826241 0.163544 0.552864 0.811059 0.191117 0.56992 0.78979 0.226765 0.582208 0.772441 0.253709 0.956536 0.16118 0.243023 0.979969 -0.0536774 0.191781 0.687862 -0.724451 -0.0449068 0.608744 -0.78947 -0.0785292 0.181368 0.97103 0.155585 0.181864 0.972748 0.143828 0.847465 0.351435 0.397865 0.798905 0.349546 0.489458 0.856356 0.494427 0.148986 0.840167 0.537795 0.0699741 0.0968415 0.816634 0.568973 0.0728369 0.841753 0.534927 0.94091 -0.148257 0.30448 0.984959 -0.0228813 0.171267 0.803599 0.49585 -0.329182 0.91582 0.337097 -0.218263 0.149719 0.976449 0.15534 0.666414 0.375004 0.64441 0.346482 0.525037 -0.777359 0.130409 0.554007 -0.822235 0.483429 0.458417 -0.745755 0.749817 0.341389 -0.56677 0.762205 0.644934 -0.0557186 0.13612 0.76263 0.632351 0.990756 0.115463 0.0712146 0.629652 0.690878 -0.355283 -0.100463 0.56393 -0.819689 0.0925246 0.540253 -0.8364 0.704343 0.703319 -0.09614 0.153473 0.730982 0.664915 0.96513 0.259793 0.0321214 0.435638 0.853544 -0.285802 -0.326732 0.56362 -0.758669 -0.303761 0.564696 -0.767364 0.16602 0.937582 -0.305575 0.11904 0.975934 -0.182706 0.0444652 0.756172 0.652861 0.0072626 0.83155 0.555402 0.921671 0.382861 0.0627676 0.255148 0.958325 -0.128498 -0.535009 0.534604 -0.65419 -0.649356 0.501665 -0.571549 0.0771186 0.99504 -0.0628377 0.168098 0.646216 0.744411 0.878255 0.452886 0.153502 0.120913 0.988385 0.0920622 -0.714279 0.462402 -0.525348 -0.896012 0.331191 -0.295763 0.0775451 0.996049 0.0432755 0.327122 0.535777 0.778418 0.853068 0.447049 0.269114 0.0577838 0.939194 0.338491 0.108 0.987018 0.118872 0.501248 0.44056 0.744753 0.861476 0.399069 0.314011 0.0627313 0.885674 0.460051 0.899225 -0.437418 0.00773768 0.94036 -0.34018 0.00125737 0.804046 -0.592507 0.0494392 0.907139 -0.412635 0.0826491 0.97974 -0.0715477 0.187059 0.693144 -0.719544 -0.0425229 0.775309 -0.631578 -0.00227353 -0.0643197 -0.962098 -0.26501 -0.0652701 -0.961987 -0.26518 0.972209 -0.171517 0.159346 0.980609 -0.162545 0.109473 0.916853 -0.388725 0.0909507 0.770234 -0.637743 -0.00493592 0.958798 0.15077 0.240778 0.613465 -0.785995 -0.0766285 -0.0356769 -0.965016 -0.259753 0.968536 -0.197161 0.151874 0.680404 -0.731247 -0.0482562 0.843459 -0.53644 0.028426 0.923682 0.275722 0.266064 0.546808 -0.830974 -0.102388 0.897662 0.341995 0.277925 0.88446 0.371166 0.282783 0.475256 -0.870525 -0.127746 0.499704 -0.857939 -0.119316 0.0320642 -0.968619 -0.246473 0.958852 -0.249065 0.136272 0.382902 -0.910258 -0.15753 0.884055 0.372023 0.282922 0.474489 -0.870904 -0.128011 0.156431 -0.963122 -0.218918 0.938835 -0.325625 0.112056 0.166979 -0.96192 -0.216399 0.896429 0.344824 0.278408 0.49747 -0.859128 -0.120098 0.366089 -0.91626 -0.162622 0.903146 -0.421931 0.0793881 0.0381069 -0.968714 -0.245236 0.967039 -0.254294 0.0130442 0.921658 0.281407 0.267128 0.543167 -0.833193 -0.103725 0.661007 -0.74823 -0.0567587 0.848094 -0.528332 0.0400139 -0.0326385 -0.965278 -0.259177 0.98015 -0.191191 0.0524613 0.477861 -0.596911 -0.644474 0.380732 -0.470911 -0.795793 0.602109 -0.103214 -0.791714 0.83221 0.208213 -0.513882 0.765237 0.279425 -0.579942 0.803994 -0.386496 -0.4519 0.609235 0.426187 -0.668728 0.573542 0.45883 -0.678619 -0.0389782 0.403342 -0.914219 0.492019 0.516109 -0.701106 0.13127 -0.251232 -0.958984 0.00147011 -0.161736 -0.986833 0.39604 0.572628 -0.717809 0.969466 -0.174847 0.171941 0.988387 -0.139148 0.061073 -0.12348 -0.0842987 -0.98876 0.28241 0.63105 -0.72251 0.986542 -0.0485781 -0.156124 -0.187017 -0.0529345 -0.980929 0.150501 0.691645 -0.706383 0.0029304 0.752017 -0.659137 -0.112821 0.770591 -0.627265 0.933228 0.0700024 -0.3524 0.538265 -0.650663 -0.535638 0.00634153 -0.947943 -0.318376 -0.0498272 -0.963304 0.263746 -0.0817885 -0.752611 0.653367 -0.940182 -0.206624 -0.270859 -0.994265 0.0253898 0.103888 -0.64009 -0.425272 -0.639866 -0.227196 -0.882051 0.412756 0.214191 -0.865897 0.452045 -0.736993 -0.633707 0.235066 0.44868 0.791844 0.41433 0.462265 0.79414 0.394528 0.479588 0.796448 0.368328 0.492522 0.79769 0.348012 0.731718 0.653711 -0.193004 0.951674 -0.203447 0.230055 0.978188 0.20191 0.0488003 -0.528901 -0.804432 -0.270468 -0.455271 -0.830454 -0.321053 -0.500254 -0.815584 -0.290806 -0.141599 -0.344748 0.927954 -0.0426734 -0.197313 0.979411 0.0414332 -0.0634032 0.997128 0.0224174 -0.119878 0.992536 0.18065 0.111346 0.977224 0.276825 0.267367 0.922975 0.0986903 0.111305 0.988874 0.0818631 0.0537454 0.995193 -0.127134 -0.86688 0.482032 -0.206216 -0.807086 0.553252 -0.00242082 -0.29417 0.95575 0.00780801 -0.316344 0.948613 -0.250363 0.233131 0.939664 -0.36762 0.0914021 0.925474 -0.377698 0.104274 0.920038 -0.245815 0.201787 0.948081 -0.588494 0.0215883 -0.808213 -0.588532 0.0215882 -0.808186 -0.42516 0.0220587 -0.904849 -0.425113 0.0220588 -0.904872 -0.246874 0.0234556 -0.968764 -0.246818 0.0234556 -0.968778 -0.0603521 0.026072 -0.997837 -0.0602959 0.026072 -0.99784 0.0235754 0.621104 0.783373 -0.0422859 0.500475 0.864718 -0.0565402 0.485247 0.872547 0.00741203 0.603861 0.797055 -0.253011 -0.610272 0.750703 -0.214949 -0.483679 0.848441 0.00701898 -0.172857 0.984922 -0.00295858 -0.220676 0.975343 0.128684 0.0277822 -0.991296 0.128774 0.027782 -0.991285 -0.624328 -0.502161 0.598372 -0.580992 -0.643235 0.498695 -0.580712 -0.625727 0.520806 -0.620916 -0.486883 0.614335 0.156918 -0.0303401 -0.987145 0.156988 -0.0303386 -0.987135 0.339808 -0.027732 -0.940086 0.339713 -0.0277322 -0.94012 0.509936 -0.0237046 -0.859886 0.509875 -0.0237039 -0.859922 0.0693539 -0.0444593 0.996601 0.0619873 -0.00502648 0.998064 0.662632 -0.0213976 -0.74864 0.662593 -0.0213976 -0.748674 0.792 -0.0201801 -0.610188 0.791973 -0.0201806 -0.610223 -0.476129 -0.0541748 0.877705 -0.562927 -0.202829 0.801233 -0.558986 -0.195825 0.805721 -0.474813 -0.0522726 0.878533 0.893081 -0.0197831 -0.449462 0.893055 -0.0197831 -0.449512 0.962046 -0.0201287 -0.272145 0.962031 -0.0201287 -0.272196 0.35423 0.406331 0.842268 0.113956 0.164845 0.979714 0.996172 -0.0204641 -0.0849885 0.996167 -0.0204654 -0.0850427 -0.137582 0.370088 0.918753 -0.14862 0.358002 0.921817 -0.250173 -0.719839 0.647491 -0.0062558 -0.261716 0.965125 0.0752784 0.707506 0.702686 0.0582352 0.690372 0.721107 -0.615866 -0.353225 0.704231 -0.611142 -0.341594 0.714016 -0.0798438 -0.890498 0.447927 0.0143816 -0.326676 0.945027 -0.473834 0.880593 -0.00616029 -0.470158 0.880885 -0.0547104 -0.766707 0.639023 -0.061725 -0.768569 0.639609 0.0142502 -0.538613 -0.734615 0.412598 -0.54116 -0.717387 0.43875 -0.37106 0.0393073 0.927776 -0.32027 0.153143 0.934866 0.382914 -0.115589 -0.916524 0.538628 -0.0884467 -0.837889 0.581142 -0.0819581 -0.809665 0.444549 -0.1076 -0.889269 0.677528 -0.0595151 -0.733085 0.702584 -0.0552631 -0.709452 0.79713 -0.0352208 -0.60278 0.809346 -0.0327404 -0.586419 0.891976 -0.0131579 -0.451891 0.895417 -0.0122357 -0.44506 0.958179 0.00840967 -0.286045 0.956783 0.007824 -0.290699 0.993366 0.0300012 -0.111013 0.991336 0.0279405 -0.128348 -0.41573 0.879708 0.230831 -0.435561 0.880886 0.185273 -0.703098 0.639731 0.310479 -0.670132 0.637748 0.379738 -0.464697 0.880762 0.0911871 -0.750644 0.639686 0.165336 -0.284455 -0.497724 0.819363 -0.271502 -0.56095 0.782063 -0.248334 -0.653176 0.715326 -0.264821 -0.589911 0.762807 -0.261504 -0.603505 0.753258 -0.23617 -0.693857 0.680284 -0.271387 0.561463 0.781735 -0.284312 0.498464 0.818963 -0.26464 0.590652 0.762297 -0.248189 0.653685 0.714912 -0.298997 0.410893 0.86126 -0.284465 0.497657 0.8194 -0.313248 0.29618 0.902304 -0.305055 0.367178 0.878704 -0.321495 0.197578 0.926069 -0.327961 0.00101189 0.944691 -0.324007 -0.154859 0.933294 -0.321623 -0.195691 0.926425 -0.313378 -0.294902 0.902678 -0.305244 -0.365712 0.87925 -0.299144 -0.409899 0.861682 -0.284672 -0.49656 0.819994 0.964475 -0.0201312 -0.263406 0.996913 -0.0204425 -0.0758039 0.993237 -0.0205174 -0.114281 0.953771 -0.0201286 -0.299859 -0.596372 0.0215644 -0.802418 -0.434136 0.022054 -0.900577 -0.39627 0.0220576 -0.917869 -0.563153 0.0216486 -0.826069 -0.257128 0.023449 -0.966093 -0.214112 0.0234571 -0.976527 -0.0720816 0.0260654 -0.997058 -0.0229291 0.026081 -0.999397 0.116219 0.0278069 -0.992834 0.168037 0.0276679 -0.985392 0.170537 -0.0303666 -0.984883 0.351546 -0.0277259 -0.93576 0.302073 -0.0277515 -0.952881 0.113963 -0.0302024 -0.993026 0.519087 -0.0236939 -0.854393 0.48035 -0.0237061 -0.876757 0.669837 -0.0213895 -0.7422 0.639325 -0.0213959 -0.768639 0.797519 -0.0201741 -0.602956 0.773981 -0.0201768 -0.632887 0.89706 -0.0197785 -0.441465 0.879956 -0.019779 -0.474644 0.305958 0.676112 -0.67027 0.324145 0.625039 -0.71011 0.338714 0.578505 -0.742027 0.322244 0.630713 -0.705947 0.347386 0.547872 -0.761025 0.359201 0.501749 -0.786907 0.373571 0.436665 -0.818394 0.381487 0.394987 -0.835735 0.397918 0.285934 -0.871724 0.401471 0.255516 -0.879507 0.41317 0.100049 -0.905142 0.413616 0.0887132 -0.906119 0.413155 -0.100395 -0.90511 0.413605 -0.0890261 -0.906094 0.397881 -0.286241 -0.87164 0.401444 -0.255767 -0.879446 0.37352 -0.436928 -0.818277 0.381449 -0.395206 -0.835648 0.347334 -0.548061 -0.760913 0.359155 -0.501931 -0.786812 0.324104 -0.625161 -0.710022 0.338674 -0.578637 -0.741942 0.305927 -0.676194 -0.670201 0.322218 -0.63079 -0.705889 -0.560969 0.0216535 -0.827554 -0.393805 0.0220576 -0.918929 -0.436556 0.0220537 -0.899407 -0.598475 0.0215587 -0.800851 -0.211304 0.0234572 -0.977139 -0.25987 0.0234482 -0.965359 -0.0197957 0.0260776 -0.999464 -0.0752807 0.02606 -0.996822 0.171355 0.0276597 -0.984821 0.112849 0.0278165 -0.993223 0.110326 -0.03019 -0.993437 0.298856 -0.0277435 -0.953895 0.354692 -0.0277148 -0.934572 0.174195 -0.0303765 -0.984243 0.477821 -0.0237079 -0.878137 0.521557 -0.0236937 -0.852887 0.637294 -0.0213974 -0.770323 0.671748 -0.0213902 -0.740471 0.772427 -0.0201782 -0.634783 0.799004 -0.0201749 -0.600987 0.87881 -0.0197795 -0.476761 0.898123 -0.0197794 -0.439299 0.953047 -0.0201224 -0.302154 0.965126 -0.0201253 -0.26101 0.992948 -0.0205233 -0.116759 0.997099 -0.0204379 -0.0733149 -0.596372 0.0215644 -0.802418 -0.434136 0.022054 -0.900577 -0.39627 0.0220575 -0.917869 -0.563153 0.0216485 -0.826069 -0.260474 0.60763 0.750293 -0.275185 0.54401 0.79267 -0.26464 0.590652 0.762297 -0.24819 0.653686 0.71491 -0.292376 0.453027 0.842189 -0.284464 0.497657 0.819401 -0.309579 0.330073 0.891747 -0.305053 0.367176 0.878706 -0.322858 0.175739 0.929989 -0.321497 0.19758 0.926068 -0.32796 0.00089705 0.944691 -0.327959 0.00101064 0.944691 -0.322955 -0.174058 0.930271 -0.32162 -0.195694 0.926426 -0.309743 -0.32866 0.892212 -0.305243 -0.365713 0.87925 -0.292551 -0.451979 0.842692 -0.284671 -0.49656 0.819994 -0.275346 -0.54325 0.793135 -0.264817 -0.589913 0.762807 -0.260599 -0.607128 0.750656 -0.248334 -0.653176 0.715326 -0.249468 -0.649147 0.718591 -0.236169 -0.693857 0.680284 0.324145 0.625039 -0.710111 0.347386 0.547872 -0.761026 0.369731 0.455228 -0.809979 0.352118 0.530063 -0.771392 -0.257128 0.023449 -0.966093 -0.214112 0.023457 -0.976527 -0.0720782 0.0260618 -0.997058 -0.0229324 0.0260774 -0.999397 0.116218 0.0278079 -0.992834 0.168039 0.0276694 -0.985392 0.170536 -0.0303661 -0.984883 0.351537 -0.0277162 -0.935764 0.302082 -0.0277417 -0.952878 0.113964 -0.030201 -0.993026 0.519087 -0.0236935 -0.854393 0.48035 -0.0237061 -0.876757 0.669837 -0.0213895 -0.7422 0.639325 -0.0213959 -0.768639 0.797519 -0.020174 -0.602956 0.773981 -0.0201768 -0.632887 0.89706 -0.0197785 -0.441465 0.879956 -0.0197789 -0.474644 0.964475 -0.0201312 -0.263406 0.953771 -0.0201285 -0.299859 0.996913 -0.0204425 -0.075804 0.993237 -0.0205174 -0.11428 -0.748785 -0.637434 0.181653 -0.769249 -0.637414 0.044253 0.684096 -0.72893 -0.0259367 0.665271 -0.72895 -0.161393 0.373571 0.436665 -0.818394 0.388309 0.35434 -0.850682 0.397917 0.285932 -0.871725 0.404425 0.226876 -0.885984 0.413165 0.100043 -0.905144 0.413974 0.0782614 -0.906918 0.413151 -0.1004 -0.905111 0.413967 -0.0785397 -0.906897 0.397884 -0.286238 -0.87164 0.40441 -0.22709 -0.885936 0.373521 -0.436928 -0.818277 0.388274 -0.354581 -0.850597 0.347334 -0.54806 -0.760913 0.369698 -0.455385 -0.809906 0.324105 -0.62516 -0.710021 0.352087 -0.530186 -0.771322 0.305926 -0.676195 -0.670201 0.337545 -0.582448 -0.739471 0.305959 0.676112 -0.67027 0.337575 0.582351 -0.739534 -0.304855 0.368721 0.878128 -0.321435 0.198487 0.925895 -0.296316 0.428562 0.85354 -0.240262 0.680671 0.69207 -0.771977 -0.635142 -0.0254257 0.684435 -0.727832 0.0425377 -0.744546 -0.634216 -0.208377 -0.720469 -0.637267 -0.273524 0.653324 -0.728796 0.204999 0.671105 -0.728318 0.138459 -0.6602 -0.637362 -0.397373 0.598947 -0.728887 0.33164 -0.57921 -0.637415 -0.508152 0.520072 -0.728935 0.445172 -0.480013 -0.637423 -0.602727 0.419917 -0.728943 0.540659 -0.365513 -0.637351 -0.678368 0.302763 -0.728895 0.614042 -0.238935 -0.637254 -0.732678 0.173676 -0.728807 0.662327 -0.172715 -0.634216 -0.753617 0.10637 -0.728318 0.676933 -0.67452 -0.635127 0.376346 -0.70402 -0.637407 0.313158 0.619931 -0.728934 -0.290414 0.588866 -0.727824 -0.351439 0.254661 -0.302696 -0.918435 0.469989 -0.535068 -0.702007 -0.0144928 -0.151717 -0.988318 -0.042485 -0.0827205 -0.995667 -0.327959 0.00100006 0.944692 -0.327958 0.00235297 0.944689 -0.321562 -0.196595 0.926255 -0.296852 -0.425113 0.855078 -0.305049 -0.367221 0.878689 -0.240785 -0.678949 0.693578 -0.284329 -0.498368 0.819016 -0.195543 -0.8028 0.563271 -0.264376 -0.591757 0.761531 -0.164883 -0.864431 0.474944 -0.247819 -0.654995 0.71384 -0.144912 -0.897086 0.417418 -0.235623 -0.695587 0.678705 -0.132327 -0.914988 0.381166 -0.247681 0.655476 0.713446 -0.264192 0.592518 0.761003 -0.164637 0.864867 0.474236 -0.144756 0.89732 0.416968 -0.284124 0.499469 0.818416 -0.195175 0.80364 0.562201 -0.0886169 -0.3858 -0.918317 -0.0878466 -0.404443 -0.910334 -0.096053 -1.62167e-07 -0.995376 0.572412 -0.696223 -0.433148 0.00665157 -0.217152 -0.976115 0.602972 -0.764566 -0.227735 -0.011985 -0.286536 -0.957994 0.39491 0.506993 -0.766162 0.670061 0.298963 -0.67944 0.860911 0.060862 -0.505103 0.826144 0.118731 -0.550808 0.886631 0.0116191 -0.462332 0.89113 0.0022604 -0.453742 0.946806 -0.278207 -0.161741 0.915213 -0.0562939 -0.39902 0.862421 -0.492694 0.116119 0.932099 -0.114201 -0.343729 0.578174 0.00569788 0.815893 0.286727 0.294133 0.911742 0.531749 0.0597897 0.844789 0.582055 0.00110976 0.813149 0.00161499 0.503953 0.863729 0.479979 0.117752 0.869342 -0.330264 0.268412 -0.90492 -0.0417399 -0.0145656 -0.999022 -0.073809 -0.0118341 -0.997202 -0.102355 0.0605951 -0.992901 -0.0898179 -0.354414 -0.930765 -0.095034 0.14527 -0.984817 -0.0937156 0.219258 -0.971156 -0.0875838 -0.410572 -0.907612 0.0295251 1.6285e-07 0.999564 0.590927 0.0851264 -0.802221 0.416566 0.130432 -0.8997 0.0904667 0.180842 -0.979343 0.393759 0.124513 -0.910742 -0.701476 0.629488 -0.334181 -0.685536 0.650676 -0.326589 -0.716389 0.608529 -0.34129 -0.7309 0.586978 -0.348198 -0.5128 0.80584 0.296069 0.65675 0.651848 -0.379175 0.715487 0.650658 -0.254405 -0.583867 0.804889 0.106078 -0.29076 -0.0256527 -0.956452 -0.485985 0.012347 -0.87388 -0.514207 0.0180517 -0.857476 -0.225203 -0.0375169 -0.973589 -0.709803 0.610137 -0.352014 -0.755591 0.547277 -0.359959 -0.779173 0.505079 -0.371195 -0.741516 0.570406 -0.353257 0.753122 0.647373 -0.117115 -0.589497 0.802241 -0.0943508 -0.825856 -0.0561509 -0.561078 -0.921057 -0.0969118 -0.377177 -0.981645 -0.13638 -0.133318 -0.898337 -0.0821158 -0.431563 -0.867684 0.276142 -0.413365 -0.900716 0.0676762 -0.429104 -0.901127 0.0605899 -0.429301 -0.874346 0.249025 -0.41654 0.773192 0.632842 -0.0410396 -0.560917 0.805173 -0.192533 -0.33472 0.0615318 -0.940306 -0.523829 0.0214514 -0.851553 -0.474599 0.0313614 -0.879643 -0.17709 0.0899435 -0.980076 -0.846774 -0.346759 -0.403402 -0.788384 -0.48723 -0.375576 -0.80771 -0.446706 -0.384783 -0.857101 -0.314095 -0.408317 -0.566752 0.805688 -0.172218 0.678015 0.642417 0.357207 0.626667 0.650752 0.42873 -0.53564 0.804958 -0.255212 0.601746 -0.0959168 -0.792907 0.430182 -0.142187 -0.891474 0.0755158 -0.196088 -0.977674 0.379342 -0.140193 -0.914574 -0.701477 -0.629488 -0.334179 -0.685536 -0.650676 -0.326589 -0.71639 -0.608529 -0.341288 -0.730901 -0.586978 -0.348196 0.514816 0.651564 0.557161 -0.435661 0.805609 -0.401489 -0.658952 0.0498163 -0.750534 -0.750911 0.0727738 -0.656382 0.379177 0.651848 0.656749 -0.296067 0.80584 -0.512802 0.955984 0.0268096 -0.292191 0.872951 -0.0108557 -0.487688 0.858535 -0.0158743 -0.512509 0.973884 0.0392007 -0.223639 -0.891961 0.154383 -0.424937 -0.846774 0.346758 -0.403401 -0.857102 0.314094 -0.408316 -0.894083 0.138519 -0.425944 0.22511 0.651563 0.724425 -0.129872 0.805608 -0.578038 -0.796405 0.0919029 -0.59774 -0.896522 0.135039 -0.421915 -0.978744 0.186847 -0.0845472 -0.913141 0.134129 -0.384946 -0.736758 0.57792 -0.350993 -0.762543 0.535309 -0.36328 0.0579555 0.650763 0.757066 0.0468019 0.804953 -0.59149 0.109891 -0.114881 -0.987282 -0.0912866 -0.0702217 -0.993346 0.0944517 -0.102834 -0.990204 0.394918 -0.160412 -0.904604 -0.682266 0.643627 -0.346781 -0.719997 0.603283 -0.343009 -0.0296614 0.642418 0.765781 0.134241 0.805688 -0.576928 0.866955 0.00142255 -0.498385 0.742315 0.039957 -0.668858 0.666927 0.0584354 -0.742828 0.865067 0.00208166 -0.501652 -0.81159 0.437985 -0.386641 -0.827544 0.39968 -0.394241 -0.244174 -0.802211 0.544827 0.27116 -0.649861 -0.710037 0.365163 -0.651763 -0.664726 -0.307379 -0.805771 0.506213 0.987441 -0.121757 0.100679 0.991622 -0.0787592 -0.102385 0.98771 -0.115113 0.10573 0.899727 -0.169486 0.402201 -0.89196 -0.154385 -0.424938 -0.894081 -0.138521 -0.425947 0.532327 -0.651847 -0.540114 -0.421853 -0.805836 0.415534 -0.692116 -0.0160428 -0.721608 -0.721983 -0.0234581 -0.691513 -0.73676 -0.577919 -0.350991 -0.762546 -0.535308 -0.363276 0.659492 -0.651838 -0.374402 -0.510562 -0.805832 0.299934 0.0490599 0.159812 -0.985928 -0.144043 0.110804 -0.983348 0.148702 0.161898 -0.975539 0.441119 0.218629 -0.870411 -0.689482 -0.645543 -0.328465 -0.713223 -0.613077 -0.33978 -0.741515 -0.570405 -0.35326 -0.719999 -0.603283 -0.343003 0.736581 -0.65177 -0.180675 -0.568515 -0.805775 0.165884 0.750498 -0.049773 -0.658996 0.656386 -0.0727692 -0.750908 -0.81159 -0.437985 -0.38664 -0.867684 -0.276144 -0.413362 -0.874346 -0.249026 -0.416539 -0.827544 -0.39968 -0.394241 0.756021 -0.649865 -0.0781507 -0.589469 -0.802203 0.0948475 0.987126 0.110774 0.115376 0.993667 0.0685114 -0.0890635 0.990704 0.100189 0.0920227 0.907484 0.154952 0.390465 -0.900714 -0.0676717 -0.429109 -0.901125 -0.0605867 -0.429305 0.584104 0.794901 -0.164181 0.62343 0.768149 -0.145884 -0.788385 0.487229 -0.375575 -0.80771 0.446706 -0.384783 -0.541713 -0.801415 -0.253536 0.713869 -0.65044 0.259458 0.670157 -0.651605 0.355387 -0.501589 -0.805642 -0.315196 0.546184 -0.651791 0.526166 -0.410538 -0.805791 -0.426801 0.951978 -0.0363788 -0.303996 0.976054 -0.0531822 -0.210926 0.379175 -0.651848 0.65675 -0.296067 -0.80584 -0.512802 0.182583 -0.651789 0.736094 -0.164354 -0.80579 -0.568937 -0.0273015 -0.651616 0.758058 -0.0221742 -0.805638 -0.591993 -0.132234 -0.65044 0.747959 0.0512874 -0.801416 -0.595905 -0.699168 -0.653676 -0.289607 -0.77009 -0.55246 -0.318983 -0.771641 -0.549918 -0.319625 -0.701132 -0.651207 -0.29042 -0.755589 -0.547274 -0.359966 -0.779171 -0.505077 -0.3712 -0.11372 0.805173 0.582035 0.422138 0.632842 -0.649085 0.47799 0.647362 -0.593674 -0.213036 0.802246 0.557689 0.578064 0.65066 -0.492426 -0.383798 0.80489 0.452605 0.574986 -0.782679 0.238336 0.627661 -0.733725 0.260171 0.821818 0.456696 0.340651 0.792906 0.513108 0.328666 0.26607 0.00817519 -0.963919 0.00689086 0.00745295 -0.999948 -0.00688827 0.00745015 -0.999949 0.251454 0.00819092 -0.967835 -0.85282 -0.384596 -0.353248 -0.7701 -0.552443 -0.318988 -0.771647 -0.549908 -0.319629 -0.853646 -0.382442 -0.35359 -0.65135 0.70919 -0.269799 -0.627868 0.733583 -0.260073 -0.630104 0.731333 -0.260999 -0.653527 0.706841 -0.270701 -0.852818 -0.384599 -0.35325 -0.853647 -0.382436 -0.353594 -0.699158 -0.65369 -0.2896 -0.701146 -0.65119 -0.290423 -0.914689 -0.140691 -0.37888 -0.914811 -0.139761 -0.378931 -0.651365 -0.709175 -0.269805 -0.653527 -0.706841 -0.2707 -0.62785 0.733601 -0.260065 -0.651367 0.709172 -0.269806 -0.653522 0.706846 -0.270698 -0.630095 0.731343 -0.260995 -0.914682 0.140744 -0.378877 -0.914807 0.139787 -0.378929 -0.627868 -0.733583 -0.260073 -0.630104 -0.731333 -0.260999 -0.699168 0.653677 -0.289604 -0.701138 0.6512 -0.290421 -0.77009 0.552457 -0.318987 -0.852818 0.384599 -0.353249 -0.853648 0.382438 -0.353592 -0.771641 0.549915 -0.31963 -0.852817 0.3846 -0.353252 -0.853644 0.382445 -0.353594 -0.627865 -0.733586 -0.260071 -0.6301 -0.731337 -0.260997 -0.91469 0.140696 -0.378876 -0.914809 0.139783 -0.378925 -0.770102 0.552441 -0.318986 -0.771649 0.549906 -0.319627 -0.651367 -0.709172 -0.269809 -0.653521 -0.706846 -0.270701 -0.914684 -0.140735 -0.378875 -0.914804 -0.139825 -0.378924 -0.699157 0.65369 -0.289601 -0.701145 0.65119 -0.290425 -0.0959419 0.649949 0.753897 -0.0893767 0.706212 0.702336 -0.101891 0.59036 0.800683 -0.106951 0.531288 0.840414 -0.882707 0.0386825 -0.468329 -0.974177 0.0406363 -0.222097 -0.954594 0.0410389 -0.29507 -0.846964 0.0386399 -0.530244 0.96797 -0.00879514 -0.250912 0.869959 -0.00863394 -0.493049 0.861975 -0.00863598 -0.506877 0.96375 -0.00879607 -0.266661 -0.253069 0.00638911 -0.967427 -0.264521 0.00638989 -0.964359 0.966963 -0.00436722 0.25488 0.999984 -0.00408811 -0.00377971 0.999985 -0.00408866 0.00378022 0.964864 -0.00436136 0.262714 -0.495197 0.00597446 -0.86876 -0.504766 0.00597586 -0.863236 0.965033 -0.00371645 -0.262101 0.966802 -0.00371829 -0.2555 0.713004 -0.00910354 -0.701101 0.508266 -0.0103897 -0.861137 0.491626 -0.0103924 -0.870745 0.701101 -0.00910383 -0.713004 -0.70316 0.00600022 -0.711006 -0.711005 0.00599886 -0.703161 0.86433 -0.00364839 -0.502912 0.867703 -0.00364806 -0.49707 0.268892 -0.0113075 -0.963104 0.248723 -0.0112766 -0.968509 -0.863012 0.00647262 -0.505142 -0.868996 0.00647204 -0.494777 0.704592 -0.00383241 -0.709603 0.709601 -0.00383013 -0.704593 -0.964245 0.00684504 -0.264926 -0.967528 0.00683363 -0.252671 0.496489 -0.00437005 -0.868032 0.503488 -0.00437114 -0.863991 -0.527953 0.0356493 -0.848525 -0.729669 0.0357965 -0.682863 -0.682871 0.0357846 -0.729662 -0.470854 0.0356591 -0.88149 0.963366 -0.0102951 0.267993 0.999913 -0.00966943 0.00893997 0.999913 -0.0096664 -0.00893717 0.968309 -0.0103204 0.249543 0.254532 -0.00475614 -0.967053 0.263036 -0.00476621 -0.964774 -0.292572 0.0381809 -0.955481 -0.224342 0.0382181 -0.973761 -0.804727 0.084491 -0.587601 -0.90741 0.121872 -0.402188 -0.981444 0.159197 -0.106879 -0.909687 0.115525 -0.398902 -0.0956724 -0.652429 0.751787 -0.105261 -0.552074 0.827124 -0.113565 -0.436763 0.892379 -0.106749 -0.533825 0.838829 -0.124924 0.144283 0.981619 -0.125081 -0.135287 0.982879 -0.125613 -0.0996259 0.987064 -0.12553 0.106281 0.986381 -0.0861232 0.731144 0.676766 -0.0992584 0.617897 0.779969 -0.116466 -0.385824 0.915192 -0.120692 -0.293184 0.948407 -0.116821 -0.379027 0.917983 -0.120906 -0.287622 0.950082 -0.105622 -0.547748 0.82995 -0.0959391 -0.649948 0.753899 -0.106948 -0.531286 0.840415 -0.113809 -0.43279 0.894282 -0.0860709 0.731536 0.676349 -0.0992144 0.618337 0.779625 -0.124918 -0.144246 0.981625 -0.125524 -0.106285 0.986381 -0.08938 -0.706197 0.702351 -0.101895 -0.59036 0.800682 -0.0892204 0.707472 0.701088 -0.101767 0.591739 0.799681 -0.125081 0.135287 0.98288 -0.125614 0.0996274 0.987064 -0.0861255 -0.731146 0.676763 -0.0992602 -0.617897 0.779969 -0.0956734 0.652429 0.751787 -0.10675 0.533826 0.838829 -0.116823 0.379029 0.917981 -0.120906 0.287623 0.950082 -0.0860711 -0.731535 0.676349 -0.0992135 -0.618337 0.779625 -0.105259 0.552075 0.827124 -0.113563 0.436764 0.892379 -0.105615 0.547744 0.829953 -0.113802 0.432786 0.894285 -0.0892188 -0.707472 0.701087 -0.101765 -0.591739 0.799681 -0.116466 0.385825 0.915192 -0.120693 0.293183 0.948408 0.830519 0.537327 0.146689 0.806771 0.543119 0.232684 0.904808 -6.93747e-08 -0.425819 0.954038 -0.0324278 -0.297926 0.865985 -7.7635e-05 -0.500069 0.866068 -0.000101209 -0.499926 0.975 -0.0443595 -0.217732 -0.121443 0.0963191 -0.987914 -0.323146 0.0536388 -0.944828 -0.190326 0.0734008 -0.978973 0.124948 0.131952 -0.98335 0.985509 0.0942063 0.141058 0.995621 0.0580871 -0.0732386 0.993984 0.0795265 0.0753048 0.921145 0.124446 0.368788 0.735388 0.0328283 -0.67685 0.67567 0.0449254 -0.735834 -0.520752 0.0192377 -0.853491 -0.478105 0.0263087 -0.877908 0.95801 0.0223683 -0.285859 0.972574 0.0306006 -0.23057 0.574733 0.0714948 -0.815212 0.415119 0.0979434 -0.904479 -0.695529 -0.0128177 -0.718384 -0.718641 -0.0175339 -0.69516 0.87212 -0.00982556 -0.489193 0.859506 -0.0134442 -0.510948 0.388865 0.110172 -0.914683 0.121342 0.144602 -0.982022 -0.833845 -0.0471082 -0.549986 -0.893127 -0.0644768 -0.445159 0.743884 -0.0431658 -0.666913 0.665214 -0.0590653 -0.744313 0.14506 -0.0910816 -0.985222 -0.0675649 -0.0535873 -0.996275 0.0695508 -0.0734501 -0.994871 0.365391 -0.120466 -0.923026 -0.930788 -0.0818955 -0.356269 -0.981687 -0.108707 -0.156441 0.586109 -0.0829723 -0.805973 0.40066 -0.113636 -0.909153 -0.278442 -0.0162126 -0.960316 -0.238377 -0.022185 -0.970919 -0.482455 0.0159035 -0.875777 -0.66224 0.0479573 -0.747755 -0.748121 0.0655663 -0.660316 -0.517623 0.0217523 -0.855333 0.986357 -0.105871 0.126059 0.993828 -0.0689314 -0.0869115 0.991522 -0.0943515 0.0893429 0.913904 -0.139203 0.381315 0.403177 -0.122744 -0.906853 0.105791 -0.160285 -0.981385 0.0834765 0.138589 -0.986826 0.415204 0.179809 -0.891782 0.819227 -0.462122 0.339573 0.909488 -0.175231 0.376996 0.920491 0.0843281 0.381557 0.896678 0.240467 0.371678 0.819432 0.461693 0.339663 0.71146 0.637853 0.294904 0.859561 -0.366349 0.356292 0.896746 -0.240166 0.371709 0.574985 0.78268 0.238338 0.627661 0.733725 0.260172 0.821818 -0.456696 0.340651 0.79291 -0.513099 0.32867 0.81922 0.46213 0.339579 0.909492 0.175221 0.376989 0.920494 -0.0843225 0.381549 0.896674 -0.240471 0.371685 0.627786 -0.7336 0.260223 0.57507 -0.782607 0.238371 0.792953 0.513023 0.328685 0.82188 0.456566 0.340678 0.550041 -0.803413 0.227997 0.777566 0.539916 0.322308 0.71146 -0.637854 0.294902 0.859561 0.36635 0.356291 0.711271 -0.638099 0.294827 0.859492 0.366535 0.356266 0.9096 0.17456 0.377038 0.92052 -0.0839767 0.381564 0.550041 0.803413 0.227997 0.777566 -0.539916 0.322308 0.711271 0.638099 0.294827 0.859492 -0.366535 0.356267 0.9096 -0.174561 0.377037 0.819431 -0.461699 0.339656 0.89674 0.2402 0.3717 0.92052 0.0839771 0.381563 0.550061 -0.803397 0.228005 0.777584 0.539886 0.322314 0.627786 0.7336 0.260222 0.82188 -0.456567 0.340676 0.550061 0.803397 0.228005 0.777584 -0.539886 0.322315 0.777143 0.540763 0.321908 0.856577 0.374691 0.354798 0.902115 0.120568 0.414309 0.884431 0.193517 0.424655 0.616539 -0.542903 0.570207 0.419805 -0.54319 0.727123 0.500001 1.41093e-07 0.866025 0.297368 -0.538084 -0.788694 0.541192 -0.541784 -0.643103 0.866025 -8.14604e-08 -0.5 -0.813757 -0.543157 -0.206835 -0.790327 -0.537771 -0.293573 -0.567977 -1.34091e-07 -0.823045 0.185549 -0.542897 0.819045 0.727123 -0.543191 -0.419805 -0.709854 -0.53457 -0.458631 0.827543 -0.541777 -0.147139 -0.587477 -0.531791 -0.609975 -0.0628791 -0.542128 0.83794 -0.185691 -0.5429 0.819011 0.519828 0.513614 -0.682627 0.604563 0.529152 -0.5954 0.802129 -0.542899 0.248696 0.757124 -0.542116 0.364519 0.844849 0.533847 -0.0351792 0.661286 -0.698336 0.273912 0.63811 -0.723154 0.264318 0.879467 -0.326703 0.346126 0.897056 -0.301561 0.323033 0.856571 0.374698 0.354807 0.777151 0.540752 0.321904 0.925668 0.1935 0.325111 0.930853 0.120561 0.344932 0.708175 0.642217 0.293336 0.870048 0.255618 0.421515 0.708178 -0.642213 0.293337 0.914261 -0.255068 0.31475 0.915217 0.136589 0.379105 0.927757 0.0412975 0.370893 0.661275 0.698346 0.273913 0.863434 0.301787 0.404236 0.777148 -0.540755 0.321908 0.926841 -0.192644 0.322262 0.915224 -0.136559 0.3791 0.916985 -0.040093 0.396901 0.638127 0.723136 0.264326 0.866868 0.326736 0.376542 0.856571 -0.374697 0.354806 0.932118 -0.119492 0.341874 0.856576 -0.37468 0.354813 0.900845 -0.119497 0.417372 0.708175 -0.642218 0.293334 0.777143 -0.540762 0.321908 0.883242 -0.192657 0.427513 0.869041 -0.25506 0.423925 0.638112 0.723154 0.264314 0.879221 0.326733 0.346721 0.661276 -0.698348 0.273904 0.86274 -0.301545 0.405896 0.661284 0.698337 0.273914 0.896374 0.301804 0.324698 0.91522 0.136544 0.379114 0.915216 -0.136592 0.379108 0.929059 -0.0401185 0.36775 0.918286 0.041271 0.393761 0.638113 -0.723151 0.264319 0.866622 -0.326706 0.377132 0.708177 0.642213 0.293338 0.913275 0.255599 0.317172 0.933199 0.322523 0.158487 0.944376 0.111078 0.309541 0.49322 0.69162 0.527633 0.402785 0.819674 0.407306 0.724402 -0.688834 -0.0273784 0.855992 -0.515927 0.0331167 0.885827 -0.104625 0.452067 0.628689 -0.515931 0.581864 0.492864 -0.688831 0.531599 0.385492 0.888623 0.248485 0.935646 -0.316761 0.155655 0.771669 -0.316757 0.551536 0.448285 0.888625 0.096884 0.946035 -0.104632 0.306707 0.402217 -0.818517 0.410186 0.572829 0.819668 -0.0031926 0.886669 0.111057 0.44887 0.38515 -0.888487 0.249502 0.771941 0.32252 0.547803 0.448765 -0.888487 0.0959186 0.628831 0.520418 0.5777 0.574458 -0.818515 -0.00562248 0.853155 0.520403 0.0361538 0.00366438 0.00745692 -0.999965 -0.255766 0.00639425 -0.966718 -0.258797 0.00639405 -0.965911 0 0.00745616 -0.999972 -0.514786 0.03567 -0.856576 -0.718986 0.0358079 -0.694101 -0.706653 0.0358104 -0.706653 -0.499671 0.0356778 -0.86548 0.868106 -0.00863403 -0.496304 0.710232 -0.0090995 -0.703909 0.707077 -0.00910115 -0.707077 0.865999 -0.00863416 -0.499971 -0.497451 0.00596672 -0.867472 -0.49998 0.00596575 -0.866016 0.99999 -0.00409636 -0.00201294 0.965447 -0.00372069 -0.260571 0.965924 -0.00372074 -0.2588 0.999992 -0.00409606 6.67333e-10 0.504395 -0.0104032 -0.863411 0.499962 -0.0104043 -0.865985 -0.70501 0.00598995 -0.709173 -0.707094 0.00599007 -0.707094 0.865122 -0.00364473 -0.501548 0.866026 -0.00364497 -0.499986 0.264157 -0.0113144 -0.964413 0.258786 -0.0113039 -0.965869 -0.864426 0.00647356 -0.502718 -0.866013 0.00647393 -0.499979 0.235115 0.0490975 -0.970727 -0.0218974 0.0445613 -0.998767 0 0.0445972 -0.999005 0.258492 0.0489622 -0.964772 -0.96503 0.00684493 -0.262049 -0.965908 0.00684195 -0.258796 0.966473 -0.0043718 0.256729 0.965921 -0.00436961 0.2588 -0.276709 0.0382087 -0.960194 -0.258613 0.0382249 -0.965224 0.964554 -0.0103122 0.263685 0.999942 -0.00967865 0.00475606 0.999953 -0.00967788 1.57673e-09 0.965879 -0.0103169 0.258788 0.498131 -0.00438127 -0.867091 0.256546 -0.00475656 -0.96652 0.258799 -0.00475792 -0.965919 0.499984 -0.0043811 -0.866023 -0.874727 0.0386958 -0.483069 -0.970117 0.0407679 -0.23919 -0.965123 0.0408838 -0.258586 -0.865383 0.0386936 -0.499615 0.967002 -0.0088039 -0.254616 0.965893 -0.00880468 -0.258792 0.262682 0.00818547 -0.964848 0.258794 0.00818729 -0.965898 -0.386723 0.356024 0.850701 -0.435943 0.338963 0.833701 -0.416772 0.347993 0.839763 -0.340872 0.373991 0.862518 0.931545 -0.0397591 -0.361446 0.960414 -0.0367286 -0.276144 0.972352 -0.0350275 -0.23088 0.969412 -0.0354836 -0.24286 -0.316971 -0.0338148 -0.947832 -0.273076 -0.0355327 -0.961336 -0.212414 -0.0377526 -0.97645 -0.103891 -0.0412845 -0.993732 0.0654647 -0.0457468 -0.996806 0.295876 -0.0497329 -0.953931 0.54628 -0.050915 -0.836053 0.747302 -0.0483713 -0.662721 0.869362 -0.043955 -0.492216 0.500083 9.1508e-05 -0.865977 0.500083 -9.17464e-05 -0.865977 0.483057 0.258752 -0.836483 0.483035 0.258913 -0.836446 -0.341666 0.368625 0.864511 -0.270356 0.392406 0.879162 0.424709 0.827322 0.367642 0.516612 0.751919 0.409547 -0.213691 0.976672 0.0211785 -0.17987 0.98281 0.041601 0.433127 0.499931 -0.74998 0.433075 0.50011 -0.749891 -0.180944 0.98264 0.0409582 0.0612457 0.981641 0.180636 -0.0893569 0.991446 0.0951305 -0.0390221 0.991489 0.124206 0.353689 0.707034 -0.612379 0.353622 0.707169 -0.612261 0.232371 0.970325 -0.0668801 0.194732 0.977374 -0.0825782 0.263375 0.962044 -0.0714491 0.321397 0.945699 -0.0485605 -0.611384 0.753596 -0.241459 -0.527899 0.829571 -0.182031 0.0528727 0.982971 0.17599 0.0877401 0.976827 0.195219 -0.366509 -0.722643 0.586053 -0.382274 -0.690877 0.613642 -0.278712 -0.855088 0.437199 -0.260469 -0.876137 0.405636 0.148375 0.98388 -0.099825 0.0934308 0.989741 -0.108091 0.108394 0.988309 -0.10722 0.19162 0.976793 -0.0956966 -0.676831 0.676315 -0.290684 -0.676587 0.67664 -0.290497 0.127922 0.969476 0.209171 0.121336 0.967696 0.221004 -0.533322 0.288809 0.795083 -0.576061 0.265941 0.772936 -0.624581 0.237723 0.743899 -0.562257 0.27281 0.780668 -0.0339195 -0.97853 0.203296 -0.0984798 -0.943948 0.315063 0.35969 -0.773636 -0.521641 0.38202 -0.729121 -0.567841 0.183272 0.938001 0.294222 0.218718 0.934002 0.282493 0.019909 0.987069 0.159056 0.0130375 0.987383 0.15781 -0.156081 -0.895548 0.416692 -0.214642 -0.827859 0.518246 -0.613 0.751911 -0.242612 -0.657512 0.701128 -0.275857 0.10214 0.969275 0.223769 0.0733321 0.973783 0.215337 -0.256334 -0.75506 0.603471 -0.308365 -0.65063 0.693968 0.590155 0.676315 0.440812 0.589874 0.676636 0.440695 -0.244317 0.969667 -0.00747254 -0.248919 0.968524 -0.000386111 -0.336135 -0.565134 0.753417 -0.376926 -0.429595 0.820594 0.238639 -0.854429 -0.461522 0.219378 -0.876694 -0.428114 0.322077 -0.723785 -0.610247 0.339295 -0.689649 -0.639737 -0.187061 0.981641 0.0372623 -0.392182 0.915379 -0.0909656 -0.00137758 0.986087 0.166222 -0.0427922 0.990525 0.130495 0.416036 0.316663 -0.852431 0.43193 0.199047 -0.879669 0.385885 0.440809 -0.81042 0.354444 0.55364 -0.75356 0.317967 -0.662917 -0.677819 0.277616 -0.745448 -0.606001 0.364961 -0.546887 -0.753471 0.39306 -0.449778 -0.802 0.446827 0.0550094 -0.892928 0.446874 -0.0549618 -0.892907 0.424339 -0.30978 -0.850866 0.438212 -0.206277 -0.874883 0.566703 0.702144 0.431094 -0.226598 0.973962 -0.00717304 0.43821 -0.206274 -0.874885 0.424335 -0.309784 -0.850867 0.446877 -0.0549589 -0.892905 0.44683 0.0550061 -0.892926 0.274871 0.915377 0.294163 -0.137482 0.988245 0.0668701 0.393056 -0.449794 -0.801993 0.364959 -0.546888 -0.753471 0.431932 0.19905 -0.879667 0.416039 0.31666 -0.852431 -0.387651 0.917593 -0.0880265 0.00962541 0.988363 0.151811 0.317976 -0.662896 -0.677835 0.277616 -0.745448 -0.606001 0.385892 0.440817 -0.810412 0.354455 0.553633 -0.75356 -0.656703 0.702126 -0.275248 0.115602 0.972748 0.200992 0.151027 -0.745936 -0.648669 -0.00233645 -0.924708 -0.38067 0.087049 -0.815199 -0.572602 0.231684 -0.548659 -0.803303 -0.457293 -0.481904 0.74743 -0.447048 -0.517754 0.729438 -0.364708 -0.720499 0.589805 -0.37841 -0.693118 0.613509 0.052384 -0.896376 -0.440188 -0.103066 -0.98003 -0.170053 -0.258746 -0.874517 0.410209 -0.273948 -0.856968 0.43653 -0.530744 0.827315 -0.184014 0.0379956 0.979956 0.195555 -0.401798 -0.800594 0.44453 -0.445317 -0.697564 0.561335 -0.137152 -0.970055 0.200457 -0.153712 -0.96118 0.229142 -0.00786523 -0.999648 -0.0253406 -0.0258684 -0.999648 0.00585574 0.270042 0.917603 0.291687 0.0549802 0.982649 0.177139 -0.0846893 0.992129 0.0922328 -0.125664 0.990511 0.0556515 0.120053 -0.960178 -0.252282 0.100275 -0.970787 -0.217985 0.514795 0.753605 0.408736 -0.198646 0.980066 0.00314105 0.421586 0.82957 0.366169 -0.164233 0.986109 0.0248219 0.238701 -0.854495 -0.461367 0.219338 -0.876707 -0.428107 0.256589 0.0788182 0.963302 0.179336 0.0847576 0.98013 0.0492895 0.0934032 0.994408 -0.144735 0.103232 0.984071 -0.390172 0.110173 0.914127 -0.629239 0.109529 0.769456 -0.800383 0.101808 0.590781 -0.896444 0.0919613 0.43351 -0.943488 0.0836788 0.32067 -0.964679 0.0781789 0.25156 -0.981967 0.0717323 0.174918 0.24609 0.0796676 0.965967 0.293111 0.0757941 0.953069 0.567652 0.701133 0.43149 -0.237066 0.971469 0.00688959 0.250211 -0.865953 -0.433035 0.250072 -0.866112 -0.432797 0.35364 -0.70719 -0.612226 0.35373 -0.707012 -0.612381 0.43308 -0.500116 -0.749884 0.433136 -0.499925 -0.749979 0.692543 -0.670463 0.266202 0.689759 -0.674256 0.263839 0.667443 -0.703134 0.2452 0.618913 -0.757893 0.206265 0.530393 -0.836187 0.139553 0.382728 -0.923121 0.0369703 0.169237 -0.980714 -0.0977668 -0.0730467 -0.969163 -0.235347 -0.280259 -0.897435 -0.340684 -0.422974 -0.810246 -0.405702 -0.509745 -0.738412 -0.441483 -0.55722 -0.6916 -0.45956 -0.576813 -0.67046 -0.466658 -0.573371 -0.674256 -0.465429 -0.546065 -0.703139 -0.455422 -0.488094 -0.757888 -0.432862 -0.386057 -0.836185 -0.389557 -0.223387 -0.923118 -0.312971 8.38339e-05 -0.980719 -0.195423 0.240352 -0.96916 -0.0544058 0.43518 -0.897429 0.0723816 0.562844 -0.810239 0.163459 0.637219 -0.738403 0.220712 0.676604 -0.691596 0.252789 0.23417 0.938133 0.255088 0.483037 -0.258915 -0.836444 0.483059 -0.25875 -0.836482 -0.257412 0.963726 -0.070514 -0.304004 0.948998 -0.0835703 -0.329683 -0.751848 0.570994 -0.329685 0.751845 0.570997 -0.329683 0.751848 0.570994 -0.329685 -0.751845 0.570997 -0.022112 0.993241 -0.113946 -0.0735879 0.990221 -0.118523 -0.141972 0.982057 -0.124126 -0.0645948 0.991046 -0.116859 0.0349567 0.993176 -0.111266 0.020758 0.993495 -0.111964 0.219794 0.94739 0.232684 0.134632 0.948986 0.285133 0.0793317 0.963789 0.254592 0.0218415 0.978338 0.205859 -0.335282 0.93876 -0.0794687 -0.0356227 0.988807 0.144887 -0.0925031 0.992572 0.0790177 -0.148874 0.988724 0.0161814 -0.204411 0.978228 -0.0358653 -0.147639 0.987085 0.062175 -0.146392 0.987394 0.0601946 -0.139589 0.988272 0.0619066 -0.127963 0.989478 0.0675125 -0.112432 0.990687 0.0768046 -0.0940517 0.991573 0.0890913 -0.0739427 0.9919 0.103285 -0.0532161 0.991579 0.118064 -0.0330091 0.990694 0.132046 -0.0144735 0.989482 0.143931 0.00124343 0.988269 0.152717 0.0211371 0.987412 0.156752 0.0163734 0.988324 0.151487 0.00579396 0.989558 0.144017 -0.00994772 0.99079 0.135039 -0.0297337 0.991693 0.125146 -0.0520606 0.992027 0.114767 -0.0752226 0.991707 0.104208 -0.0974542 0.990814 0.0937552 -0.117061 0.989586 0.0837695 -0.132597 0.98835 0.0747222 -0.143003 0.987434 0.0672662 0.181863 0.960157 0.21219 -0.0229213 0.992063 0.123632 -0.105881 0.989953 0.0937085 -0.252916 0.967009 0.0304503 -0.305209 0.952284 -0.00183605 0.0570609 0.986554 0.153149 -0.18472 0.98079 0.0626813 0.127233 0.974884 0.18279 -0.350386 0.934981 -0.0551384 -0.0931409 -0.982497 0.161324 -0.362882 -0.687946 0.628528 -0.353556 -0.707104 0.612374 -7.05474e-08 -1 1.22191e-07 -0.500002 1.41093e-07 0.866024 -0.353555 -0.707104 0.612375 -0.343876 -0.725946 0.59561 -0.491039 -0.188489 0.850501 -7.05473e-08 -1 1.22191e-07 0.353553 -0.707104 -0.612376 0.362883 -0.687938 -0.628536 0.0931424 -0.982496 -0.161327 0.275025 0.0807985 -0.958036 0.214446 -0.629251 -0.747032 0.198016 -0.696392 -0.689802 0.275926 -1.56596e-07 -0.961179 0.27895 -0.704565 -0.652515 0.278947 0.704565 -0.652516 0.272213 0.721405 -0.636769 0.300913 -0.643418 -0.703893 0.273302 -0.0827416 -0.958363 -0.381418 -0.061149 -0.922378 -0.294558 -0.0660628 -0.953347 0.411662 -0.0827428 -0.907573 0.365864 0.707032 -0.605186 -0.341174 0.707032 0.61944 -0.334477 0.719745 0.608352 0.353334 0.732038 -0.582474 0.5 -1.41093e-07 -0.866025 0.35356 0.707104 -0.612372 0.34388 0.725952 -0.5956 0.49104 0.18847 -0.850505 0.491064 -0.188444 -0.850497 0.343887 -0.72595 -0.595599 0.353568 -0.707104 -0.612368 0.500022 -1.41091e-07 -0.866013 0.661131 -0.0307112 -0.749642 0.987109 -0.0231761 -0.158364 0.98112 -0.0238502 -0.191923 0.619126 -0.0307112 -0.784691 0.423314 0.704726 -0.569356 -0.281416 0.704728 0.651279 -0.246033 0.759137 0.602643 0.429487 0.689099 -0.583681 0.569608 0.710338 0.413481 -0.3174 0.933593 -0.166318 -0.523681 0.754123 -0.396304 0.480819 0.772525 0.414751 0.622409 0.708301 0.333042 -0.312538 0.942176 -0.120928 -0.498453 0.0792057 0.863291 -0.498453 -0.0792055 0.863291 -0.494563 -0.147402 0.856551 -0.494568 0.147324 0.856562 -0.300039 0.646033 0.701867 -0.30004 -0.646033 0.701867 -0.283583 -0.692479 0.663365 -0.317049 0.591125 0.741654 0.302331 -0.695179 -0.652167 0.296621 -0.705496 -0.643655 0.326944 -0.647521 -0.688349 0.342409 -0.614651 -0.710605 -0.39163 -0.706293 0.589725 -0.385519 -0.719254 0.577969 -0.424672 -0.625605 0.654425 -0.416226 -0.648167 0.63768 -0.63069 0.699981 -0.335047 -0.648574 0.677816 -0.346291 -0.207295 0.810697 0.547538 0.407929 0.740244 -0.534446 0.399477 0.757945 -0.515691 -0.246861 0.757946 0.603803 0.337673 0.760815 -0.554199 -0.311108 0.760816 0.569536 -0.304231 0.772005 0.558079 0.323718 0.784403 -0.529073 -0.32124 0.706502 0.630603 -0.310074 0.729691 0.60943 -0.292145 0.763925 0.575387 -0.294053 0.760443 0.579016 0.234995 0.824482 -0.514788 0.297949 0.705564 -0.642966 0.272224 0.759552 -0.590742 0.250683 0.798825 -0.546843 -0.313973 0.778282 0.543781 -0.324449 0.760905 0.561922 -0.324448 -0.760905 0.561923 -0.313965 -0.778297 0.543764 0.489038 0.023057 -0.871958 0.570008 0.209836 -0.794392 0.577196 0.231623 -0.783068 0.487771 0.0200721 -0.872741 0.500022 4.81606e-05 -0.866013 0.500023 -1.41091e-07 -0.866012 0.461965 0.382673 -0.800094 0.461956 0.382719 -0.800077 0.187557 -0.976142 -0.109403 0.360924 -0.91178 -0.195939 0.40654 -0.886315 -0.221747 0.211325 -0.969531 -0.123904 -0.697343 0.664594 -0.268379 -0.648903 0.725895 -0.228036 -0.353617 0.925127 -0.138186 -0.480214 0.871286 -0.101273 0.353578 0.707104 -0.612362 0.353572 0.70712 -0.612347 0.65358 -0.328377 -0.68191 0.591645 -0.168598 -0.788373 0.60094 -0.195412 -0.775039 0.664969 -0.375944 -0.645354 -0.541416 0.8281 -0.145324 -0.65779 0.715519 -0.235256 -0.437804 0.896203 -0.0717532 -0.339127 0.940723 -0.00578171 -0.366129 -0.721362 0.587866 -0.373425 -0.706915 0.600686 -0.209924 -0.923669 0.320574 -0.201009 -0.930843 0.305166 0.406124 0.218239 -0.887376 0.280221 0.386471 -0.878702 0.247226 0.427434 -0.869586 0.393342 0.239107 -0.887755 0.372232 0.844324 0.385434 0.0796317 0.967174 0.241314 -0.00548698 0.980803 0.194925 0.158248 0.946138 0.282454 -0.0174595 -0.999797 -0.0100798 -0.00846516 -0.999635 -0.0256525 -9.65886e-05 -0.999994 0.00343147 0.000267152 -0.999995 0.00319074 0.532631 0.715521 0.452033 0.584059 0.661253 0.470766 0.330898 0.869517 0.36667 0.281033 0.896205 0.343274 0.171852 -0.92365 -0.342545 0.181051 -0.915803 -0.358505 0.391243 -0.179561 -0.9026 0.375841 -0.205171 -0.903686 0.332195 -0.706891 -0.624461 0.339915 -0.691311 -0.63761 0.510236 0.0222097 -0.859748 0.511497 0.0193472 -0.859067 -0.51992 0.84432 -0.129645 -0.235562 0.970041 -0.059417 0.336595 -0.687421 -0.643549 0.327306 -0.706783 -0.627159 0.436408 -0.38251 -0.814392 0.441253 -0.358305 -0.822747 -0.241589 0.963202 -0.117798 -0.377369 0.898567 -0.223988 -0.699722 0.661256 -0.270425 -0.482994 0.869517 -0.103232 0.473911 -1.43464e-07 -0.880573 0.473728 0.0266258 -0.880268 -0.0464743 0.968288 0.245478 0.0906894 0.930713 0.354329 0.104783 0.905791 0.410565 -0.048708 0.962337 0.267459 0.581096 0.664593 0.469727 0.327821 0.871281 0.365244 0.434568 0.382485 -0.815387 0.429227 0.40805 -0.805766 -0.289043 0.956952 0.0263965 -0.186765 0.978295 0.0897614 -0.514156 -0.339401 0.787687 -0.506313 -0.382155 0.773049 -0.393888 -0.706321 0.588186 -0.40846 -0.676003 0.613335 -0.187992 -0.974681 0.121062 -0.210519 -0.968239 0.13489 0.521933 0.7259 0.447946 0.271487 0.900879 0.338691 -0.226967 -0.92309 0.310469 -0.243837 -0.908369 0.339719 0.270529 -0.35198 -0.896061 0.234922 -0.396904 -0.887287 0.396582 0.828094 0.396211 -0.0374191 -0.999066 -0.0216031 -0.0565965 -0.998328 0.0117584 0.632618 0.366341 -0.68234 0.642143 0.409656 -0.647947 -0.248822 0.967169 0.051694 -0.14281 0.985839 0.0879001 0.143527 -0.922487 -0.358355 0.120977 -0.940063 -0.318821 0.297498 -0.70566 -0.64307 0.276002 -0.745158 -0.607093 -0.362117 -0.907401 0.213298 -0.405889 -0.882354 0.238128 0.353593 -0.707084 -0.612376 0.35358 -0.707104 -0.612361 0.461965 -0.382673 -0.800093 0.461964 -0.382678 -0.800092 -0.146824 0.986744 0.0691301 0.417969 0.812933 0.405514 0.414697 0.815311 0.404098 0.353128 0.856327 0.376834 0.221533 0.923099 0.314342 0.0173811 0.978063 0.207581 -0.214723 0.973962 0.072743 -0.401122 0.914828 -0.0468109 -0.512387 0.849725 -0.124206 -0.560165 0.812935 -0.159223 -0.557308 0.815311 -0.157083 0.363751 0.849728 0.381638 0.266052 0.963075 0.0412534 0.266057 0.963074 0.0412521 0.168749 0.963073 0.209794 0.168748 0.963075 0.209789 -0.137919 -0.986558 -0.087646 -0.137922 -0.986556 -0.0876586 -0.12603 -0.988731 -0.0807932 -0.126043 -0.98873 -0.0807897 -0.12916 -0.988397 -0.079937 -0.129159 -0.988397 -0.0799372 -0.133804 -0.988397 -0.0718903 -0.133805 -0.988397 -0.0718914 0.122462 0.992048 0.0290503 0.122462 0.992048 0.0290503 0.184178 0.980762 0.064682 0.184178 0.980762 0.064682 0.509044 -0.811059 0.288198 -0.137922 -0.986556 -0.0876582 -0.126031 -0.988731 -0.080793 0.513907 -0.806965 0.291046 0.133805 0.988397 0.0718911 0.129159 0.988397 0.079937 0.129162 0.988396 0.0799364 0.133805 0.988396 0.0718934 -0.12604 -0.98873 -0.0807906 -0.13792 -0.986558 -0.0876494 -0.13792 -0.986557 -0.0876503 -0.126039 -0.98873 -0.0807908 -0.168748 -0.963075 -0.209789 -0.266053 -0.963075 -0.0412533 -0.266056 -0.963075 -0.0412522 -0.168749 -0.963074 -0.209793 0.184187 0.980761 0.0646796 0.12246 0.992048 0.0290416 0.122462 0.992048 0.0290494 0.184179 0.980762 0.0646818 -0.171381 0.720178 0.672288 0.266061 0.963073 0.041251 0.16875 0.963072 0.209797 -0.221436 0.65321 0.724074 0.979501 -0.0341675 -0.198518 0.951226 -0.0305778 -0.306977 0.31779 -0.0341638 0.947545 0.209744 -0.0305727 0.977278 -0.24745 0.103107 -0.963399 -0.256926 0.104271 -0.960789 0.956155 -0.117014 -0.268469 0.958649 -0.118039 -0.258956 -0.254999 0.695064 0.672206 -0.444063 -0.701702 0.557155 -0.445898 -0.69665 0.562009 -0.251787 0.700111 0.668167 0.44592 0.70055 -0.557122 0.129164 0.988396 0.0799358 0.133806 0.988396 0.0718955 0.44714 0.697278 -0.56024 0.703917 0.602364 0.376376 0.122461 0.992048 0.0290463 0.184183 0.980762 0.0646809 0.721877 0.573145 0.387811 -0.254996 0.695061 0.672211 -0.444062 -0.701703 0.557155 -0.445897 -0.69665 0.56201 -0.25178 0.700113 0.668168 -0.979504 0.0341585 0.19851 -0.951225 0.0305701 0.306981 -0.317772 0.0341852 -0.947551 -0.209754 0.0305922 -0.977275 0.247456 -0.10312 0.963396 0.256917 -0.104281 0.960791 -0.956157 0.117008 0.268464 -0.958649 0.118033 0.258959 -0.958544 0.114793 0.260797 -0.957162 0.114164 0.266098 -0.253404 0.114803 -0.960524 -0.248087 0.114167 -0.961987 -0.254997 0.695062 0.672209 -0.444066 -0.701701 0.557155 -0.4459 -0.696651 0.562006 -0.251784 0.700112 0.668168 -0.186942 0.716703 0.671855 -0.403983 -0.674134 0.618338 -0.386128 -0.735399 0.55686 -0.221839 0.653726 0.723485 -0.979503 0.0341602 0.198512 -0.951225 0.0305708 0.30698 -0.317785 0.0341692 -0.947547 -0.209747 0.0305781 -0.977278 0.247443 -0.103094 0.963402 0.256934 -0.104262 0.960788 -0.95616 0.116999 0.268457 -0.958649 0.118026 0.258963 -0.958545 0.114808 0.260788 -0.957157 0.114177 0.266108 -0.253406 0.114808 -0.960523 -0.248084 0.11417 -0.961987 -0.220802 0.144282 -0.964588 -0.270177 0.148131 -0.951347 0.955829 -0.0708947 -0.285244 0.968553 -0.0784069 -0.236132 0.254998 -0.695062 -0.672209 0.444064 0.701702 -0.557155 0.445898 0.69665 -0.562009 0.251783 -0.700113 -0.668168 -0.186939 0.716704 0.671855 -0.40398 -0.674132 0.618341 -0.386125 -0.735401 0.556859 -0.221837 0.653723 0.723488 0.979503 -0.0341602 -0.198512 0.951224 -0.0305673 -0.306982 0.317803 -0.0341488 0.947542 0.209738 -0.0305621 0.97728 0.247455 -0.103117 0.963397 0.25692 -0.104278 0.96079 -0.956149 0.11703 0.268482 -0.95865 0.118055 0.258947 0.958545 -0.114808 -0.260788 0.957158 -0.114174 -0.266106 0.253399 -0.114793 0.960527 0.248091 -0.114162 0.961986 -0.220801 0.144283 -0.964588 -0.270177 0.148131 -0.951347 0.955829 -0.0708926 -0.285245 0.968553 -0.078405 -0.23613 0.254995 -0.695059 -0.672213 0.444073 0.701697 -0.557155 0.445904 0.696653 -0.561999 0.251778 -0.700114 -0.668168 -0.186951 0.716701 0.671855 -0.403975 -0.674129 0.618348 -0.386113 -0.735408 0.556859 -0.221841 0.653728 0.723482 0.979506 -0.0341475 -0.198501 0.951223 -0.0305589 -0.306987 0.317775 -0.0341666 0.94755 0.209745 -0.0305755 0.977278 -0.247454 0.103116 -0.963397 -0.256913 0.104274 -0.960793 0.956145 -0.117013 -0.268506 0.958649 -0.118041 -0.258955 -0.958544 0.114777 0.260806 -0.957157 0.114148 0.266122 -0.253399 0.114793 -0.960527 -0.248095 0.114158 -0.961986 0.220801 -0.144283 0.964588 0.270177 -0.14813 0.951347 -0.955831 0.0709152 0.285233 -0.968549 0.0784208 0.236143 -0.255002 0.695068 0.672201 -0.444059 -0.701705 0.557155 -0.445896 -0.696649 0.562012 -0.251794 0.700109 0.668167 -0.186948 0.716698 0.671859 -0.403973 -0.674141 0.618337 -0.386118 -0.735405 0.556859 -0.22184 0.653727 0.723484 -0.206499 -0.969093 -0.134967 0.0468427 -0.844083 -0.534163 -0.407898 -0.86574 0.290024 -0.437371 -0.820433 0.368234 -0.256708 0.96467 0.0592732 0.0596363 0.96508 0.255077 -0.554466 0.817003 -0.158349 -0.598534 0.777093 -0.194634 0.408798 0.507885 -0.758245 -0.205356 0.870478 0.447323 -0.146292 0.930083 0.336964 0.434355 0.383901 -0.814834 -0.259736 -0.952676 0.15794 -0.2525 -0.956809 0.144086 -0.129473 -0.9884 -0.0793886 -0.133486 -0.9884 -0.0724312 0.491736 0.419038 -0.763284 -0.106596 0.899449 0.423827 -0.122006 0.885857 0.447629 0.488126 0.447108 -0.749551 0.13865 -0.854101 -0.501286 0.134637 -0.858069 -0.495572 0.777221 0.588594 0.222449 0.80411 0.538436 0.251981 -0.390476 0.802168 -0.451725 -0.441315 0.766218 -0.467066 0.135965 -0.859873 -0.49207 0.142735 -0.853215 -0.501649 0.373759 -0.489597 -0.787781 0.369156 -0.500327 -0.783196 0.403692 -0.738516 0.540025 0.357081 -0.771687 0.526301 0.804321 0.538707 0.250724 0.782094 0.583263 0.219394 0.506958 0.00501506 -0.861956 0.505272 -0.00725551 -0.86293 -0.798884 -0.531965 -0.280708 -0.754721 -0.61212 -0.236019 0.464881 -0.763107 0.448947 0.385223 -0.820609 0.422143 0.506389 0.498274 -0.703771 0.508164 0.486952 -0.710385 -0.0228289 -0.981705 -0.189036 -0.360423 -0.855227 -0.3724 -0.672359 -0.539886 -0.506414 -0.610241 -0.627112 -0.484083 -0.496673 -0.497583 0.711145 -0.497639 -0.491409 0.714754 -0.365211 -0.854301 0.369853 -0.362739 -0.857645 0.364506 0.106414 0.841408 0.529819 -0.219729 0.468068 0.855939 -0.274113 0.376906 0.884762 -0.15658 0.562158 0.812072 -0.133818 -0.988284 -0.0734024 -0.130474 -0.988284 -0.079192 -0.628443 -0.556501 -0.543476 -0.605658 0.788243 -0.108869 -0.626414 0.769063 -0.127069 -0.60773 -0.582732 -0.539525 0.134425 -0.857779 -0.49613 0.138014 -0.854237 -0.501229 -0.534944 0.832751 -0.142692 -0.266705 0.962344 0.0525582 0.221535 0.912683 0.343413 0.547654 0.676858 0.491872 0.657091 0.537853 0.528152 0.667162 0.522522 0.53091 0.591251 0.626769 0.507526 0.336725 0.851973 0.400946 -0.14845 0.980374 0.129729 -0.181585 0.977358 0.108618 0.530821 0.410742 -0.741296 0.106774 -0.899604 -0.423452 0.124224 -0.885532 -0.447662 0.52703 0.440199 -0.726955 0.0440705 -0.870313 -0.490523 0.102193 -0.810503 -0.576751 0.332249 -0.439369 -0.834605 0.294049 -0.527064 -0.797332 0.249266 -0.639087 -0.727622 0.190966 -0.735452 -0.65011 -0.257106 -0.912036 -0.319512 -0.205601 -0.934051 -0.292023 0.277861 -0.96062 -0.00186365 0.530738 -0.829092 0.175852 0.60646 -0.759776 0.234407 0.588575 -0.777857 0.220268 0.455729 -0.881899 0.120682 0.0920488 -0.988474 -0.120189 -0.384245 -0.839517 -0.384144 -0.616316 -0.619324 -0.486407 -0.112918 -0.980663 0.159841 -0.112954 -0.980657 0.159855 -0.229015 -0.892387 0.388841 -0.229002 -0.892376 0.388875 0.278806 0.926416 -0.253021 0.278794 0.92641 -0.253058 0.251921 0.946847 -0.200041 0.251957 0.946835 -0.200051 -0.209457 -0.959563 0.188061 -0.318637 -0.939595 0.125026 -0.318631 -0.939594 0.125046 -0.209476 -0.959558 0.188067 -0.332607 -0.940119 0.074489 -0.160419 -0.971609 0.173899 -0.160401 -0.971614 0.173889 -0.332614 -0.940119 0.0744629 -0.171359 0.720183 0.672289 0.516348 0.653215 -0.553799 0.496533 0.720161 -0.484587 -0.22143 0.653203 0.724082 0.509044 -0.811057 0.288203 -0.699931 -0.584972 -0.409761 -0.696382 -0.590585 -0.407752 0.513903 -0.806967 0.291048 0.445913 0.700554 -0.557123 -0.261609 0.697295 0.667338 -0.259531 0.70055 0.664736 0.447135 0.697276 -0.560247 -0.703915 -0.602356 -0.376392 0.508676 -0.798222 0.322631 0.482911 -0.819408 0.308817 -0.721866 -0.573154 -0.387821 -0.255 0.695065 0.672206 -0.444056 -0.701707 0.557155 -0.445894 -0.696648 0.562015 -0.251788 0.700111 0.668167 -0.186949 0.716701 0.671855 -0.40398 -0.674132 0.618341 -0.386123 -0.735403 0.556859 -0.221842 0.653729 0.723481 0.261503 0.952025 -0.158949 -0.133989 0.856698 0.498112 -0.135841 0.854859 0.500762 0.252589 0.957112 -0.141897 -0.087909 0.965728 -0.244215 -0.475967 0.775382 -0.415017 -0.412952 0.822728 -0.390626 0.248818 0.96653 -0.0625155 0.00590852 -0.952853 -0.303374 -0.130472 -0.988284 -0.0791924 -0.133818 -0.988284 -0.0734008 -0.00146627 -0.956496 -0.29174 -0.28461 0.4715 0.834677 -0.337679 0.361476 0.869085 0.392101 0.89735 -0.202536 0.432513 0.846142 -0.311409 0.581667 0.627915 0.517095 -0.618408 0.76072 -0.197172 -0.538296 0.832743 -0.129523 0.656667 0.527514 0.538997 -0.362746 -0.857637 0.364518 -0.496673 -0.497583 0.711145 -0.497635 -0.491387 0.714772 -0.365213 -0.854302 0.369849 0.660306 -0.746348 0.0834353 0.580659 0.575436 0.575941 0.609663 0.541296 0.579059 0.633644 -0.771484 0.0575123 0.508169 0.486947 -0.710385 0.505281 -0.007268 -0.862924 0.506973 0.005026 -0.861947 0.506396 0.49826 -0.703776 0.635536 0.534068 0.557554 -0.567459 0.814724 -0.119228 -0.622541 0.764165 -0.168804 0.581658 0.604563 0.544222 0.369162 -0.500338 -0.783186 0.373762 -0.489608 -0.787773 -0.227291 -0.966421 0.119871 -0.765385 -0.588524 -0.260434 -0.783919 -0.554799 -0.278692 -0.508961 -0.85892 -0.0566972 0.135961 -0.859868 -0.49208 0.142732 -0.853216 -0.501648 0.40567 0.613322 -0.677693 0.445026 0.460279 -0.768177 0.423899 0.55132 -0.718579 0.319315 0.807707 -0.495628 0.13464 -0.858072 -0.495564 -0.133486 -0.9884 -0.0724325 -0.129476 -0.9884 -0.0793879 0.138655 -0.8541 -0.501287 -0.782945 -0.55311 -0.284724 -0.763601 -0.590309 -0.261627 -0.424205 0.761851 -0.489523 -0.387239 0.789298 -0.476502 -0.364795 -0.854089 0.370751 -0.361837 -0.858084 0.364371 0.00323149 0.980209 -0.197941 0.044553 0.983335 -0.176258 0.518763 0.848143 0.107419 0.73335 0.624421 0.268879 0.789909 0.523072 0.320061 0.781027 0.541226 0.311564 0.691154 0.683779 0.233992 0.391411 0.919903 0.0239996 -0.104064 0.962065 -0.252192 -0.399771 0.831665 -0.385378 0.390054 0.865615 -0.313958 0.528612 0.515592 -0.67434 0.537247 0.45898 -0.707604 0.418263 0.828265 -0.372871 0.461974 0.724043 -0.512193 0.486853 0.659728 -0.57248 -0.738648 -0.631628 -0.235466 -0.508304 -0.859339 -0.0562439 -0.0245738 -0.973041 0.229318 0.338074 -0.855215 0.392828 0.472819 -0.762625 0.441413 0.481321 -0.755657 0.4442 0.37212 -0.834752 0.405853 0.0529988 -0.962006 0.267836 -0.442718 -0.896579 -0.0121156 -0.460976 -0.887083 -0.0241796 -0.0535416 -0.743183 -0.666943 -0.321113 -0.91155 -0.256834 -0.321124 -0.911547 -0.256831 -0.0535309 -0.743155 -0.666974 -0.078422 0.978135 0.192618 -0.0784103 0.978131 0.192642 0.135344 0.939038 0.316054 0.135363 0.939037 0.316048 -0.782991 0.605337 -0.143154 -0.821751 0.5451 -0.166107 0.327735 -0.558774 0.761814 0.345728 -0.586621 0.732358 0.411877 -0.382791 0.826939 -0.854235 0.332545 -0.399619 -0.944052 0.188986 -0.270277 -0.962119 -0.175563 0.208578 -0.998763 0.0495338 -0.00434236 0.260679 -0.354465 -0.897998 -0.0984827 0.588721 0.802315 -0.050827 0.948129 0.313795 -0.110755 0.182677 0.976915 -0.721985 -0.526317 -0.449142 -0.45248 -0.74258 -0.493798 -0.54101 -0.685975 -0.486565 -0.648805 -0.599475 -0.468702 0.214289 0.0492157 -0.97553 -0.0411498 0.0445073 -0.998161 0.0412347 0.0445991 -0.998154 0.301685 0.0486293 -0.952167 0.57507 0.782607 0.238371 0.792953 -0.513023 0.328685 0.831706 -0.538095 0.136819 -0.422216 -0.530179 -0.735285 0.794271 -0.542236 0.274068 -0.217411 -0.53021 -0.819518 0.738115 0.529159 -0.418542 0.816504 0.530876 -0.226917 -0.100647 -0.515083 -0.851211 0.15979 -0.542238 -0.824891 0.721854 0.691618 -0.0243274 0.705767 -0.00383793 -0.708434 0.707102 -0.00383813 -0.707102 -0.485789 0.31455 0.815516 -0.491844 0.311359 0.813109 -0.15643 -0.960609 0.229694 -0.138012 -0.970478 0.197802 -0.0267661 -0.999623 0.00605892 -0.00813601 -0.999623 -0.026213 0.101564 -0.970598 -0.218231 0.12048 -0.960457 -0.251012 -0.338166 0.940556 -0.0316077 -0.11436 0.991115 0.0679107 -0.666621 0.692439 -0.275943 -0.735074 0.594101 -0.326666 -0.290957 0.95613 -0.034047 0.606395 0.748147 0.269372 -0.597483 0.778097 -0.193853 0.121655 0.956953 0.263519 -0.958545 0.114806 0.260789 -0.957159 0.114173 0.266105 -0.253405 0.114806 -0.960524 -0.248085 0.114169 -0.961987 0.220801 -0.144283 0.964588 0.270177 -0.148131 0.951347 -0.95583 0.0709013 0.28524 -0.968551 0.0784115 0.236136 0.186948 -0.716702 -0.671855 0.403979 0.674131 -0.618343 0.38612 0.735404 -0.556859 0.22184 -0.653727 -0.723483 -0.220799 0.144285 -0.964588 -0.270178 0.148133 -0.951347 0.955831 -0.0709112 -0.285235 0.968549 -0.0784179 -0.236141 -0.278862 0.287554 0.916269 -0.13577 0.517615 0.844773 0.52338 0.792391 -0.313351 0.454224 0.888897 -0.059522 -0.597546 0.741397 -0.3054 -0.435243 -0.571455 -0.695703 -0.553244 -0.384739 -0.738849 -0.491493 0.858687 -0.145228 -0.135015 -0.939053 -0.31615 -0.0061304 -0.85795 -0.513697 -0.00611513 -0.857948 -0.5137 -0.135002 -0.939055 -0.31615 0.0855803 0.940231 0.329609 0.0855796 0.940232 0.329607 -0.0664854 0.968043 0.241812 -0.0664942 0.968043 0.241807 -0.689145 0.166899 0.705141 -0.686469 0.134286 0.714652 -0.676596 0.0541255 0.734363 -0.681176 0.0867968 0.726956 -0.468563 -0.0430882 -0.882378 -0.433553 -0.010309 -0.901069 -0.248246 0.154071 -0.956366 -0.282962 0.126941 -0.950694 -0.669089 -0.634514 0.386925 -0.516797 -0.612763 0.597865 -0.47139 -0.682732 0.558273 -0.63898 -0.679113 0.361261 -0.65496 -0.0584952 0.753396 -0.60154 -0.237963 0.762577 -0.58126 -0.290516 0.76009 -0.636465 -0.130189 0.760239 -0.0388672 0.304916 -0.951586 -0.0735386 0.282215 -0.956528 0.581184 0.580618 -0.570182 0.39724 0.527283 -0.751115 0.339924 0.537597 -0.771648 0.548876 0.572894 -0.60871 -0.345123 -0.680729 0.646142 -0.183316 -0.832032 0.523564 -0.219568 -0.803635 0.553137 -0.357072 -0.666791 0.654133 0.179174 0.431779 -0.884004 0.144503 0.41326 -0.899074 -0.868301 -0.474582 -0.144313 -0.829417 -0.549085 0.102828 -0.817625 -0.551742 0.16453 -0.854732 -0.51147 -0.0885003 0.0364786 -0.946046 0.321972 0.0897713 -0.959343 0.267585 0.0324544 -0.944817 0.325986 -0.0196047 -0.926047 0.3769 0.391026 0.524869 -0.75605 0.356274 0.510916 -0.782326 -0.648837 -0.032082 -0.760251 -0.777517 -0.200588 -0.596013 -0.763181 -0.324541 -0.558773 -0.63699 -0.196177 -0.745492 0.115464 -0.963734 0.240594 0.0921417 -0.959803 0.265118 0.0348203 -0.945544 0.323626 0.058186 -0.95214 0.300073 0.575793 0.579402 -0.57685 0.545009 0.571892 -0.613111 -0.0456921 -0.914656 0.401642 -0.173808 -0.839002 0.515623 -0.211296 -0.810375 0.546486 -0.0968617 -0.888422 0.448692 -0.538509 -0.581792 0.60953 -0.562667 -0.587348 0.581746 -0.706791 -0.604555 0.36737 -0.689611 -0.604917 0.398136 -0.489254 -0.478193 0.729357 -0.596604 -0.251297 0.762177 -0.576494 -0.302095 0.759206 -0.479346 -0.49497 0.724729 -0.804718 -0.579426 0.129204 -0.794912 -0.585177 0.160261 -0.829644 -0.549638 -0.0979199 -0.775798 -0.612994 0.149582 -0.762469 -0.632074 0.138285 -0.831833 -0.546556 -0.0965946 -0.676945 0.0564559 0.733865 -0.686146 0.130942 0.715582 -0.676084 0.0508114 0.735071 -0.662948 -0.0220383 0.748341 -0.851599 -0.510657 -0.118357 -0.848782 -0.521549 -0.086929 -0.656709 -0.164236 -0.736043 -0.768007 -0.317348 -0.556287 -0.806911 -0.26671 -0.52703 -0.744957 -0.0495666 -0.665269 -0.689073 0.165856 0.705457 -0.681043 0.0857497 0.727205 -0.842734 -0.401681 -0.358402 -0.84762 -0.418269 -0.326485 -0.24188 0.158974 -0.957195 -0.427097 -0.00437405 -0.904195 -0.433967 -0.0710635 -0.898122 -0.251661 0.100912 -0.96254 -0.677854 0.0625806 0.732529 -0.664161 -0.0161135 0.747416 -0.777441 -0.2571 -0.574008 -0.792347 -0.281103 -0.541449 0.185452 0.43507 -0.881091 0.136667 0.429548 -0.892642 -0.497786 -0.463313 0.733179 -0.486741 -0.482494 0.728205 -0.658223 -0.0952986 -0.746767 -0.683634 -0.124228 -0.719174 -0.740957 -0.578485 0.341084 -0.731896 -0.545659 0.408147 -0.0525895 -0.911424 0.408093 -0.103199 -0.884813 0.454374 0.671423 0.142401 0.727264 0.657688 0.126191 0.742646 0.497689 -0.0383133 0.866509 0.515353 -0.0218474 0.8567 -0.851681 -0.357554 -0.383137 -0.83722 -0.432416 -0.334783 0.114719 -0.963624 0.241389 0.0574317 -0.951942 0.300846 -0.495375 -0.00648122 -0.868655 -0.500539 -0.0113774 -0.865639 -0.311099 0.15369 -0.937868 -0.305417 0.158188 -0.938987 -0.312125 0.152867 -0.937662 -0.501481 -0.0122743 -0.865082 -0.548593 0.0918932 -0.831024 -0.328083 0.198014 -0.923662 0.0408461 -0.947347 0.317592 -0.0153968 -0.927762 0.372854 -0.10004 0.308036 -0.9461 -0.0944287 0.311764 -0.945456 0.327162 0.541008 -0.774774 0.116978 0.439665 -0.890512 0.128855 0.432032 -0.892606 0.353173 0.50688 -0.786347 0.117966 0.440205 -0.890114 0.123602 0.443276 -0.887823 -0.584943 -0.169906 -0.793079 -0.61776 -0.206958 -0.758644 -0.652681 -0.068177 0.75456 -0.633919 -0.139057 0.760796 0.328192 0.54144 -0.774037 0.333766 0.543754 -0.770021 0.5164 0.605585 -0.605474 0.521406 0.606855 -0.599885 -0.826976 -0.448805 -0.338651 -0.845707 -0.423639 -0.324514 -0.517166 -0.61286 0.597447 -0.516872 -0.612784 0.597778 -0.669134 -0.634515 0.386847 -0.669365 -0.634516 0.386447 -0.032573 0.308977 -0.950512 -0.0625326 0.277446 -0.958704 -0.775824 -0.612982 0.149497 -0.775949 -0.612916 0.149121 -0.60633 -0.56637 0.558202 -0.621559 -0.465918 0.62975 -0.829649 -0.549622 -0.0979668 -0.829687 -0.549501 -0.0983299 -0.826963 -0.448757 -0.338747 -0.82692 -0.448597 -0.339064 0.0492935 0.979692 -0.194353 0.0422434 0.980888 -0.189931 -0.524169 0.82612 0.206815 -0.512066 0.835991 0.197252 -0.334522 -0.692735 0.638915 -0.348172 -0.67721 0.648199 -0.767982 -0.317305 -0.556346 -0.767836 -0.317062 -0.556686 -0.656696 -0.164221 -0.736058 -0.656429 -0.163904 -0.736367 -0.762404 -0.560809 -0.322852 -0.648049 -0.553328 -0.523316 -0.621367 -0.21115 -0.754532 -0.590781 -0.176375 -0.787318 -0.101079 0.307341 -0.946216 -0.102557 0.324901 -0.940171 -0.89225 -0.378539 -0.246167 -0.836629 -0.540794 -0.0871417 -0.834915 -0.545205 -0.0752804 -0.892803 -0.424652 -0.150245 -0.194962 0.105796 -0.975088 -0.0399321 0.285953 -0.957411 -0.675358 0.227117 -0.701648 -0.812919 -0.0551652 -0.579758 -0.735901 0.139691 -0.662523 0.127001 0.396153 -0.909359 0.352116 0.392406 -0.849725 -0.331995 -0.0831868 -0.939606 -0.887362 -0.212232 -0.409323 -0.105675 0.370312 -0.922877 -0.797203 -0.484799 0.359773 -0.83702 -0.530243 0.135055 -0.332046 0.33288 -0.882574 -0.690785 -0.44455 0.570255 -0.53753 0.305847 -0.785824 -0.736092 -0.672294 0.0786732 -0.510676 -0.293465 0.808139 -0.579754 -0.341711 0.739675 -0.754697 0.0427552 -0.654679 -0.706926 0.270692 -0.653438 -0.60694 -0.752133 0.256748 0.126015 0.445178 -0.886531 0.285583 0.578054 -0.764392 -0.50312 -0.522086 -0.688692 -0.468437 -0.747554 0.470882 -0.674515 -0.668791 -0.312647 -0.776373 -0.582888 -0.239764 -0.814213 -0.557049 -0.163563 -0.78962 -0.586874 -0.179109 -0.947116 -0.16481 0.275336 -0.912863 -0.0187166 0.407837 -0.971592 -0.206811 0.115056 -0.957021 -0.288011 0.034054 -0.33665 0.44368 -0.830551 -0.211953 0.413374 -0.885549 -0.757515 -0.652806 0.00394221 -0.877782 0.171549 0.447293 -0.981811 -0.11788 0.148832 -0.439974 0.470725 -0.764749 -0.663552 -0.744158 0.0769842 -0.855767 0.34903 0.381892 -0.989572 -0.0435731 0.137288 -0.673956 -0.669807 -0.311677 -0.58781 -0.702756 -0.400765 0.698598 0.0850089 -0.710447 0.556246 0.302307 -0.774081 0.361226 0.286837 -0.887265 0.465312 0.221399 -0.857011 -0.859691 0.457339 0.227534 -0.99608 -0.00277032 0.0884097 -0.752876 -0.626156 -0.202744 0.235698 0.346026 -0.908137 -0.889658 0.454757 0.0412806 -0.999659 -0.00972177 0.0242548 -0.932726 0.344014 -0.108056 -0.970192 0.162697 -0.179602 -0.985718 -0.15871 -0.0563158 -0.997426 -0.0653931 -0.0294119 0.0887029 0.379052 -0.921114 -0.987247 -0.0376142 -0.154691 -0.960944 -0.273211 -0.0440711 -0.0651063 0.397035 -0.915491 -0.930588 -0.297124 -0.21383 -0.851718 -0.477679 0.215406 -0.838766 -0.53898 0.0772765 -0.908708 -0.4138 -0.0549473 -0.901394 -0.429268 -0.0567332 -0.889447 -0.453118 -0.0597276 -0.873022 -0.483551 -0.0633411 -0.852587 -0.518202 -0.0675422 -0.829056 -0.554394 -0.0728927 -0.803868 -0.589355 -0.0803579 -0.778911 -0.620501 -0.090974 -0.756482 -0.645459 -0.105439 -0.738945 -0.662338 -0.123565 -0.728436 -0.669842 -0.14385 -0.726251 -0.667697 -0.163526 -0.732592 -0.656671 -0.179141 -0.746565 -0.638284 -0.187708 -0.766313 -0.614449 -0.187661 -0.83813 -0.526269 -0.14345 -0.859846 -0.495876 -0.121537 -0.878337 -0.467379 -0.100402 -0.892973 -0.442529 -0.0822642 -0.903449 -0.423185 -0.0685118 -0.909628 -0.411109 -0.0597195 -0.911412 -0.407731 -0.0555313 -0.531151 -0.842494 -0.0898995 -0.439447 -0.887032 -0.141637 -0.860743 -0.48663 -0.149377 -0.380485 -0.901197 -0.207546 -0.365341 -0.88901 -0.27602 -0.914511 -0.402755 -0.0381971 -0.396725 -0.85578 -0.33204 -0.842284 -0.537561 -0.0398216 -0.46834 -0.806208 -0.361505 -0.747858 -0.662449 -0.0432331 -0.566551 -0.743417 -0.355459 -0.639561 -0.766577 -0.0576342 -0.411177 0.826233 0.385061 -0.441956 0.811053 0.383235 -0.481321 0.789803 0.380185 -0.510813 0.772447 0.377354 -0.68873 0.161174 0.706876 -0.656074 -0.0536804 0.752785 -0.305036 -0.724456 0.618155 -0.236367 -0.789466 0.566458 -0.225424 0.97103 0.0792772 -0.215488 0.972749 0.0855847 -0.768298 0.351417 0.534999 -0.823333 0.349546 0.447146 -0.557225 0.494437 0.667108 -0.480681 0.537802 0.692615 -0.541167 0.816635 -0.200612 -0.499686 0.841752 -0.204372 -0.734147 -0.148259 0.662607 -0.640804 -0.022887 0.767364 -0.116695 0.495865 0.860523 -0.268874 0.337106 0.902256 -0.209389 0.976449 0.0519904 -0.891273 0.375029 0.254922 0.499959 0.52503 0.688756 0.646873 0.554006 0.524054 0.404143 0.458425 0.791527 0.11592 0.341384 0.932748 -0.332834 0.644935 0.687954 -0.615692 0.762634 -0.198275 -0.557045 0.11547 0.822415 -0.00713837 0.69088 0.722934 0.760113 0.563932 0.322814 0.678087 0.540256 0.498318 -0.268913 0.703318 0.65805 -0.652571 0.73098 -0.199548 -0.510373 0.25982 0.819764 0.0296906 0.853543 0.520175 0.820395 0.563619 0.0963597 0.81643 0.564698 0.120657 0.181629 0.937582 0.296567 0.0987064 0.975935 0.194442 -0.587626 0.756171 -0.287925 -0.484622 0.83155 -0.271415 -0.515198 0.382856 0.766807 -0.0162929 0.958325 0.285215 0.83405 0.534608 -0.13622 0.819651 0.501661 -0.2766 0.0158601 0.99504 0.0982055 -0.728721 0.646226 -0.226622 -0.572064 0.45288 0.683844 -0.140187 0.988384 0.0586807 0.812105 0.462404 -0.355905 0.704144 0.331191 -0.628087 -0.0762512 0.996049 0.0455183 -0.83769 0.535777 -0.105915 -0.659596 0.447031 0.604232 -0.322034 0.939194 -0.119202 -0.15695 0.987018 0.0340952 -0.895597 0.440565 0.0617131 -0.702684 0.399091 0.589034 -0.429785 0.885675 -0.175686 -0.45632 -0.437401 0.774889 -0.471271 -0.340182 0.813745 -0.444835 -0.592483 0.671629 -0.525134 -0.412663 0.744274 -0.651878 -0.0715292 0.754943 -0.30975 -0.719543 0.62154 -0.38569 -0.631577 0.672573 0.261667 -0.962097 0.0768052 0.262287 -0.961987 0.0760628 -0.624092 -0.171544 0.762287 -0.585116 -0.162526 0.794496 -0.537176 -0.388753 0.74854 -0.380846 -0.637736 0.669514 -0.687919 0.150791 0.70995 -0.240375 -0.785991 0.569595 0.242793 -0.965016 0.0989727 -0.615785 -0.197196 0.762839 -0.298397 -0.731261 0.613365 -0.446354 -0.536425 0.716252 -0.692253 0.275762 0.666889 -0.184734 -0.830972 0.524747 -0.68952 0.34199 0.638439 -0.687129 0.371149 0.624581 -0.127007 -0.870518 0.475466 -0.146518 -0.85794 0.492413 0.197417 -0.96862 0.151003 -0.597432 -0.249093 0.762251 -0.0550119 -0.910267 0.410352 -0.687046 0.372015 0.624157 -0.126389 -0.8709 0.47493 0.111382 -0.963123 0.244926 -0.566459 -0.32563 0.757027 0.103919 -0.961921 0.252804 -0.689323 0.344822 0.637127 -0.144724 -0.85913 0.490867 -0.0422099 -0.916259 0.398356 -0.520314 -0.421946 0.742452 0.193326 -0.968714 0.155624 -0.494818 -0.254286 0.830959 -0.692169 0.281407 0.664615 -0.181759 -0.833191 0.522262 -0.281363 -0.748218 0.600837 -0.458688 -0.528355 0.714456 0.240772 -0.965278 0.101323 -0.535507 -0.191191 0.822604 0.319186 -0.596907 0.736086 0.498812 -0.470913 0.727618 0.384573 -0.103208 0.917307 0.0289282 0.208213 0.977656 0.119644 0.279401 0.952691 -0.0106509 -0.386477 0.922237 0.274542 0.42617 0.861978 0.300943 0.458824 0.836011 0.811229 0.403345 0.423344 0.361155 0.516114 0.776655 0.76488 -0.251238 0.593159 0.853898 -0.161753 0.494666 0.423623 0.572627 0.701885 -0.633642 -0.174829 0.753613 -0.547072 -0.139173 0.825435 0.918032 -0.0842988 0.387443 0.484493 0.631055 0.605835 -0.358048 -0.0486097 0.932437 0.943023 -0.0529527 0.328488 0.536476 0.69165 0.483543 0.569368 0.752016 0.332103 0.599635 0.770592 0.215932 -0.161414 0.0699827 0.984402 0.194723 -0.650657 0.733981 0.272552 -0.947942 0.164686 -0.2035 -0.963304 -0.175022 -0.524944 -0.752606 -0.397516 0.704653 -0.206613 -0.678805 0.407103 0.0254324 -0.913028 0.874188 -0.425276 -0.234384 -0.243869 -0.882053 -0.403125 -0.498579 -0.865896 -0.0405265 0.164921 -0.633711 -0.755785 -0.583161 0.791843 0.181405 -0.57281 0.794139 0.203058 -0.558778 0.796448 0.231169 -0.547639 0.79769 0.252551 -0.198697 0.653727 0.730178 -0.675079 -0.20347 0.709132 -0.531357 0.201917 0.822733 0.498685 -0.804435 -0.322796 0.505675 -0.830448 -0.233771 0.501972 -0.815578 -0.287849 -0.73283 -0.344751 -0.586606 -0.826851 -0.197325 -0.526668 -0.884254 -0.0634057 -0.462682 -0.870764 -0.119898 -0.476858 -0.93663 0.111375 -0.332143 -0.93773 0.267385 -0.221735 -0.905735 0.111323 -0.408963 -0.902797 0.0537652 -0.426694 -0.353895 -0.866875 -0.351121 -0.376029 -0.807082 -0.455215 -0.826498 -0.294157 -0.479971 -0.825423 -0.316354 -0.467544 -0.688593 0.233135 -0.68665 -0.617664 0.0913857 -0.781114 -0.60793 0.104276 -0.787113 -0.698161 0.201793 -0.686914 0.994182 0.0215885 -0.105529 0.994175 0.0215884 -0.105591 0.996204 0.0220589 0.0842031 0.996199 0.0220589 0.0842623 0.962421 0.0234558 0.270549 0.962404 0.0234558 0.270608 0.89434 0.0260723 0.446628 0.894307 0.0260723 0.446694 -0.690208 0.621108 -0.371265 -0.727725 0.500489 -0.468964 -0.727378 0.485255 -0.48523 -0.693973 0.603877 -0.392089 -0.523614 -0.610279 -0.594465 -0.627304 -0.483671 -0.61037 -0.856476 -0.17286 -0.486383 -0.843183 -0.220703 -0.490237 0.794135 0.0277824 0.607106 0.794095 0.0277824 0.607158 -0.206048 -0.502154 -0.839872 -0.141398 -0.643225 -0.752508 -0.160681 -0.625721 -0.763318 -0.221583 -0.486872 -0.8449 0.776438 -0.0303398 0.629462 0.776378 -0.0303384 0.629537 0.644229 -0.0277317 0.76433 0.644295 -0.0277319 0.764274 0.489727 -0.0237044 0.871554 0.489781 -0.0237037 0.871524 -0.897767 -0.0444377 -0.438224 -0.895349 -0.00498632 -0.445337 0.317019 -0.0213974 0.948178 0.317053 -0.0213974 0.948166 0.13242 -0.0201798 0.990988 0.132489 -0.0201804 0.990979 -0.522053 -0.0541717 -0.851191 -0.412412 -0.202844 -0.888128 -0.418285 -0.195822 -0.886956 -0.523438 -0.0522552 -0.85046 -0.0572686 -0.0197829 0.998163 -0.0572298 -0.0197828 0.998165 -0.245304 -0.0201285 0.969237 -0.245257 -0.0201285 0.969249 -0.90654 0.406332 -0.11436 -0.905435 0.164854 -0.391165 -0.424464 -0.020464 0.905214 -0.424421 -0.0204652 0.905234 -0.726874 0.370095 -0.578519 -0.72401 0.358015 -0.589605 -0.435641 -0.719851 -0.5404 -0.832694 -0.261717 -0.48798 -0.646184 0.707503 -0.286156 -0.653615 0.690371 -0.310122 -0.301952 -0.353222 -0.885471 -0.312792 -0.341586 -0.886273 -0.348003 -0.890494 -0.293114 -0.825614 -0.326659 -0.46006 0.242251 0.880593 -0.407271 0.282462 0.880882 -0.379819 0.436807 0.63903 -0.63312 0.371947 0.639596 -0.672735 -0.0880164 -0.734613 -0.672753 -0.109403 -0.717376 -0.688043 -0.617942 0.0392945 -0.785241 -0.64948 0.15315 -0.744796 0.60228 -0.11559 0.789872 0.456339 -0.0884493 0.885399 0.410606 -0.0819559 0.908122 0.547836 -0.107597 0.829638 0.29611 -0.0595154 0.953298 0.263097 -0.0552609 0.963185 0.123473 -0.0352223 0.991723 0.103184 -0.0327406 0.994123 -0.0546207 -0.0131599 0.99842 -0.0622395 -0.0122398 0.997986 -0.231348 0.00840755 0.972835 -0.226603 0.0078199 0.973956 -0.400512 0.0299976 0.9158 -0.384487 0.027937 0.922707 0.0079608 0.879712 -0.47544 0.0573312 0.880887 -0.469842 0.0826655 0.63974 -0.764133 0.00620619 0.637752 -0.770217 0.15338 0.880759 -0.448039 0.232139 0.639668 -0.732759 -0.567362 -0.497719 -0.65603 -0.54153 -0.560955 -0.626158 -0.49532 -0.653179 -0.572726 -0.528209 -0.589891 -0.610757 -0.521596 -0.603489 -0.603108 -0.471067 -0.693842 -0.544682 -0.541306 0.561467 -0.625893 -0.567078 0.498487 -0.655694 -0.527837 0.590675 -0.610321 -0.495036 0.653687 -0.572392 -0.596371 0.4109 -0.689567 -0.567388 0.497655 -0.656056 -0.624787 0.296201 -0.72243 -0.60844 0.367217 -0.703529 -0.641249 0.197565 -0.741463 -0.654146 0.00100996 -0.756368 -0.646252 -0.154874 -0.747244 -0.641493 -0.195717 -0.741742 -0.625046 -0.294927 -0.722728 -0.60883 -0.365709 -0.703977 -0.596669 -0.409891 -0.689909 -0.567796 -0.496572 -0.656524 -0.254118 -0.0201312 0.966964 -0.43278 -0.0204426 0.901268 -0.397618 -0.0205174 0.917322 -0.217197 -0.0201285 0.97592 0.993101 0.0215644 -0.11526 0.996993 0.0220539 0.074284 0.993037 0.0220575 0.115721 0.996974 0.0216485 -0.0746665 0.965226 0.023449 0.260363 0.952755 0.0234571 0.302834 0.899536 0.0260655 0.436067 0.876988 0.0260812 0.479804 0.8017 0.0278072 0.59708 0.769344 0.0276682 0.638235 0.767654 -0.0303661 0.640144 0.634618 -0.0277258 0.772329 0.674181 -0.0277513 0.738045 0.802993 -0.0302019 0.595223 0.48036 -0.0236938 0.876752 0.519097 -0.0237061 0.854387 0.307843 -0.0213894 0.951197 0.345997 -0.0213958 0.937991 0.123398 -0.0201736 0.992152 0.161088 -0.0201764 0.986734 -0.0661684 -0.0197783 0.997612 -0.0288824 -0.0197787 0.999387 0.42749 0.676115 0.600101 0.452891 0.62506 0.63576 0.473256 0.578506 0.664349 0.450249 0.630703 0.632051 0.485375 0.547869 0.681359 0.501871 0.501781 0.704515 0.521955 0.436697 0.732707 0.533025 0.394981 0.748247 0.555978 0.285918 0.780474 0.560941 0.255504 0.787441 0.57729 0.100049 0.810386 0.577916 0.0886802 0.811264 0.577269 -0.100421 0.810356 0.577897 -0.0890355 0.811239 0.555922 -0.28624 0.780395 0.560896 -0.2558 0.787377 0.521885 -0.436941 0.732611 0.532964 -0.395223 0.748163 0.485313 -0.548037 0.681269 0.501818 -0.501941 0.704439 0.452843 -0.625164 0.635692 0.473212 -0.578614 0.664287 0.427456 -0.676178 0.600054 0.450206 -0.630794 0.631991 0.997168 0.0216538 -0.0720202 0.992723 0.0220579 0.11838 0.99719 0.0220539 0.0715909 0.992797 0.021559 -0.117853 0.951897 0.0234575 0.305519 0.965975 0.0234483 0.257569 0.875461 0.0260778 0.482584 0.900916 0.0260602 0.43321 0.767199 0.0276601 0.640813 0.803729 0.027817 0.594345 0.805176 -0.0301895 0.592266 0.676645 -0.0277432 0.735786 0.63199 -0.0277144 0.77448 0.765277 -0.030376 0.642984 0.521569 -0.0237071 0.85288 0.477835 -0.0236929 0.87813 0.34844 -0.021397 0.937087 0.305361 -0.0213898 0.951996 0.163519 -0.0201777 0.986334 0.120964 -0.0201745 0.992452 -0.026513 -0.0197793 0.999453 -0.0686114 -0.0197792 0.997447 -0.214794 -0.0201222 0.976452 -0.256466 -0.0201252 0.966344 -0.395322 -0.0205231 0.918314 -0.43502 -0.0204377 0.900189 0.993101 0.0215644 -0.11526 0.996993 0.022054 0.074284 0.993037 0.0220576 0.115721 0.996974 0.0216485 -0.0746665 -0.519539 0.60762 -0.600731 -0.54887 0.544032 -0.634642 -0.527836 0.590675 -0.610321 -0.495032 0.653688 -0.572394 -0.583157 0.453063 -0.674286 -0.56739 0.497654 -0.656056 -0.617487 0.330067 -0.713979 -0.608446 0.367211 -0.703526 -0.643966 0.175727 -0.744599 -0.641252 0.197562 -0.741461 -0.654146 0.000865415 -0.756367 -0.654146 0.00100902 -0.756367 -0.644159 -0.174067 -0.744822 -0.641494 -0.195718 -0.741741 -0.617799 -0.328692 -0.714343 -0.608831 -0.365711 -0.703974 -0.583511 -0.451997 -0.674696 -0.567796 -0.496571 -0.656525 -0.549198 -0.543261 -0.635019 -0.528211 -0.589893 -0.610753 -0.519796 -0.607108 -0.601025 -0.495321 -0.65318 -0.572725 -0.497581 -0.649153 -0.575338 -0.471068 -0.693843 -0.544681 0.452891 0.62506 0.63576 0.485375 0.547869 0.681359 0.516597 0.455226 0.725187 0.491978 0.530083 0.69063 0.965226 0.023449 0.260363 0.952755 0.023457 0.302834 0.899535 0.0260621 0.43607 0.876989 0.0260777 0.479802 0.8017 0.027808 0.59708 0.769344 0.0276694 0.638236 0.767654 -0.0303663 0.640145 0.634625 -0.0277163 0.772323 0.674174 -0.0277418 0.738051 0.802993 -0.0302012 0.595223 0.48036 -0.0236936 0.876751 0.519097 -0.0237062 0.854387 0.307843 -0.0213896 0.951197 0.345997 -0.021396 0.937991 0.123398 -0.0201741 0.992152 0.161088 -0.0201769 0.986734 -0.0661685 -0.0197784 0.997612 -0.0288824 -0.0197788 0.999387 -0.254118 -0.0201312 0.966964 -0.217197 -0.0201286 0.97592 -0.43278 -0.0204426 0.901268 -0.397618 -0.0205175 0.917322 0.21708 -0.637421 -0.739304 0.3463 -0.637412 -0.688319 -0.319584 -0.728934 0.60541 -0.192864 -0.728952 0.656835 0.521956 0.436697 0.732706 0.542548 0.354385 0.761612 0.555982 0.285915 0.780473 0.565074 0.226866 0.793236 0.577294 0.100045 0.810385 0.578427 0.0782241 0.811975 0.57727 -0.100424 0.810354 0.57841 -0.0785451 0.811956 0.555918 -0.286235 0.7804 0.565031 -0.227127 0.793192 0.521884 -0.43694 0.732612 0.5425 -0.354589 0.761552 0.485311 -0.548036 0.681271 0.516552 -0.455376 0.725126 0.452842 -0.625164 0.635692 0.491939 -0.530192 0.690574 0.427456 -0.676178 0.600053 0.471634 -0.582432 0.662068 0.427489 0.676115 0.600102 0.471662 0.582361 0.662111 -0.608053 0.368732 -0.70307 -0.641132 0.198475 -0.741321 -0.59103 0.428554 -0.683392 -0.479219 0.680674 -0.554104 0.408009 -0.63514 -0.65584 -0.379055 -0.727834 0.571468 0.552734 -0.634215 -0.540607 0.597121 -0.637256 -0.487187 -0.504196 -0.728796 0.463295 -0.45546 -0.72832 0.511962 0.674236 -0.637362 -0.373063 -0.586683 -0.728887 0.352883 0.729669 -0.637426 -0.24753 -0.645567 -0.728935 0.22781 0.761983 -0.637424 -0.114339 -0.678185 -0.728941 0.0933296 0.770225 -0.63737 0.0226379 -0.683161 -0.728891 -0.0448195 0.753974 -0.637268 0.159411 -0.660417 -0.72882 -0.180752 0.739012 -0.634213 0.227234 -0.639423 -0.728322 -0.246345 0.0113374 -0.635142 -0.772312 0.0808069 -0.637413 -0.766273 -0.0584608 -0.728931 0.682086 0.00991817 -0.727832 0.685683 0.668049 -0.302704 0.679766 0.372967 -0.535064 0.758025 0.863151 -0.151727 0.481611 0.883508 -0.0827433 0.461049 -0.654148 0.000994071 -0.756366 -0.654146 0.00236611 -0.756364 -0.641376 -0.196632 -0.741602 -0.592085 -0.425141 -0.68461 -0.60844 -0.367222 -0.703526 -0.480265 -0.678944 -0.55532 -0.56712 -0.498372 -0.655744 -0.390034 -0.802799 -0.450984 -0.527322 -0.591748 -0.609727 -0.328868 -0.864435 -0.38026 -0.494289 -0.655004 -0.571532 -0.289038 -0.897086 -0.334207 -0.469966 -0.695585 -0.54341 -0.263934 -0.914989 -0.30518 -0.494013 0.655487 -0.571217 -0.526947 0.592528 -0.609293 -0.328386 0.864863 -0.379703 -0.288731 0.897316 -0.333854 -0.566701 0.499484 -0.65526 -0.389289 0.803643 -0.450124 0.839596 -0.385795 0.382415 0.832305 -0.404419 0.379094 0.910048 6.75312e-08 0.414504 0.088898 -0.696226 0.712297 0.842012 -0.217157 0.49382 -0.104252 -0.764564 0.636061 0.835632 -0.286557 0.46862 0.466064 0.506996 0.725079 0.253372 0.298953 0.920016 0.00695615 0.0608423 0.998123 0.0639319 0.118722 0.990867 -0.0429187 0.0116241 0.999011 -0.0526057 0.00226781 0.998613 -0.333307 -0.278182 0.900845 -0.112029 -0.056278 0.99211 -0.531742 -0.49266 0.688867 -0.168344 -0.114173 0.979094 -0.995674 0.00572346 0.0927401 -0.932956 0.294132 -0.207558 -0.997484 0.0597636 0.0381402 -0.995237 0.00112447 0.0974842 -0.748834 0.503941 -0.430454 -0.992862 0.117744 -0.0189893 0.948815 0.268435 0.166415 0.88605 -0.0145628 0.463361 0.900509 -0.0118252 0.434677 0.911056 0.0606158 0.407803 0.850966 -0.35444 0.387593 0.900388 0.14531 0.410104 0.887904 0.219256 0.404418 0.82981 -0.410564 0.377958 -0.88041 -7.7259e-08 -0.474213 0.399262 0.0851218 0.912877 0.570854 0.130425 0.810626 0.802905 0.180842 0.568014 0.591842 0.124511 0.79638 0.640148 0.629486 -0.440407 0.625603 0.650676 -0.430397 0.653761 0.608528 -0.449766 0.667002 0.586971 -0.458883 -2.58728e-06 0.805836 -0.592139 -1.15666e-07 0.651859 0.75834 -0.137422 0.650659 0.746832 0.200067 0.804889 -0.558683 0.973708 -0.0256402 0.226353 0.999795 0.0123491 0.0160536 0.9997 0.0180523 -0.0165808 0.955752 -0.0375182 0.291773 0.659761 0.610124 -0.438708 0.689531 0.547275 -0.474381 0.711064 0.505051 -0.489195 0.676684 0.570412 -0.465541 -0.275142 0.647363 0.710787 0.376457 0.802245 -0.463339 0.898846 -0.0561472 -0.434653 0.787195 -0.096906 -0.609043 0.606312 -0.136375 -0.783446 0.822918 -0.0821147 -0.562195 0.791826 0.276143 -0.544754 0.821971 0.0676942 -0.565492 0.822348 0.0606113 -0.565748 0.7979 0.249053 -0.548933 -0.351053 0.632844 0.690124 0.447197 0.805173 -0.389501 0.981702 0.0615191 0.18021 0.999381 0.021449 -0.0278833 0.999093 0.0313605 0.0288043 0.937329 0.0899367 0.336639 0.772744 -0.346756 -0.531627 0.719449 -0.487233 -0.494972 0.737082 -0.446719 -0.507102 0.782159 -0.314109 -0.538111 0.432521 0.805689 -0.404712 -0.648356 0.642419 0.408573 -0.684625 0.650752 0.328345 0.48884 0.804957 -0.336273 0.385785 -0.0959125 0.91759 0.556922 -0.14218 0.818305 0.808931 -0.196086 0.55424 0.602364 -0.14019 0.785814 0.640148 -0.629486 -0.440408 0.625603 -0.650676 -0.430397 0.65376 -0.608528 -0.449768 0.667012 -0.586954 -0.45889 -0.739925 0.651563 0.167263 0.565531 0.805608 -0.176549 0.979464 0.0498101 -0.195368 0.943897 0.0727743 -0.32212 -0.75834 0.651859 1.98231e-06 0.592139 0.805836 4.4738e-07 -0.224879 0.0267976 0.974018 -0.014115 -0.0108577 0.999842 0.0145807 -0.0158752 0.999768 -0.293228 0.0391941 0.955239 0.813987 0.154382 -0.559993 0.772743 0.346755 -0.531628 0.782159 0.314109 -0.538111 0.815924 0.138488 -0.561329 -0.739926 0.651562 -0.167261 0.565532 0.805609 0.176547 0.915869 0.0918984 -0.390817 0.81367 0.135033 -0.565427 0.562634 0.18684 -0.805316 0.78995 0.134127 -0.598322 0.67234 0.577934 -0.462549 0.695884 0.535303 -0.478745 -0.684623 0.650752 -0.328347 0.488839 0.804957 0.336275 0.800045 -0.114887 0.588837 0.90591 -0.0702195 0.417608 0.810318 -0.102833 0.576898 0.585955 -0.160411 0.794308 0.641454 0.643629 -0.417468 0.65705 0.603287 -0.452029 -0.648354 0.642419 -0.408578 0.432513 0.805689 0.404719 -0.00185193 0.00142475 0.999997 0.208066 0.039952 0.977299 0.309803 0.0584271 0.949004 0.00191182 0.00208173 0.999996 0.740634 0.43799 -0.509536 0.7552 0.399666 -0.519558 -0.349747 -0.802212 -0.483873 0.479329 -0.649863 0.589849 0.393089 -0.651763 0.648603 -0.284704 -0.805771 -0.519303 -0.58094 -0.121762 0.804787 -0.407136 -0.0787566 0.909966 -0.585413 -0.115111 0.802522 -0.798201 -0.16949 0.578055 0.813987 -0.154383 -0.559991 0.815925 -0.13849 -0.561326 0.20159 -0.651845 0.731068 -0.148936 -0.805836 -0.573103 0.970997 -0.016037 -0.238551 0.959858 -0.0234593 -0.279504 0.672339 -0.577934 -0.462551 0.695882 -0.535302 -0.478747 -0.00550425 -0.651849 0.758329 -0.00446939 -0.805828 -0.592133 0.829288 0.159818 0.53548 0.923629 0.110802 0.366923 0.770493 0.161897 0.616547 0.533251 0.218626 0.817219 0.629198 -0.645545 -0.432875 0.650878 -0.613064 -0.447785 0.676686 -0.570412 -0.465538 0.657046 -0.603287 -0.452034 -0.211822 -0.65177 0.728236 0.140598 -0.805775 -0.575291 0.195424 -0.0497669 0.979455 0.322069 -0.0727613 0.943916 0.740633 -0.437991 -0.509536 0.791824 -0.276145 -0.544756 0.7979 -0.249054 -0.548933 0.7552 -0.399666 -0.519558 -0.310333 -0.649854 0.693818 0.212592 -0.802208 -0.557913 -0.59351 0.11078 0.797166 -0.419694 0.0685094 0.905076 -0.575044 0.100188 0.811965 -0.791913 0.154955 0.590646 0.821975 -0.0676888 -0.565486 0.822351 -0.0606075 -0.565744 -0.149861 0.794906 0.587934 -0.185375 0.768149 0.612848 0.719449 0.487232 -0.494972 0.737072 0.446742 -0.507096 0.490424 -0.801416 -0.342369 -0.581631 -0.650442 0.488499 -0.642853 -0.651605 0.40268 0.523762 -0.805642 -0.276792 -0.728767 -0.651789 0.209927 0.574891 -0.80579 -0.142135 -0.212662 -0.0363674 0.976449 -0.305323 -0.0531747 0.950763 -0.75834 -0.651859 -4.47982e-07 0.592139 -0.805836 -5.60961e-07 -0.728767 -0.651789 -0.209925 0.574891 -0.80579 0.142134 -0.642855 -0.651605 -0.402677 0.523763 -0.805642 0.27679 -0.581634 -0.650442 -0.488496 0.490425 -0.801416 0.342368 0.600399 -0.653663 -0.460701 0.661293 -0.552458 -0.507427 0.662618 -0.54993 -0.508444 0.60209 -0.651187 -0.461999 0.689536 -0.547272 -0.474377 0.711068 -0.505049 -0.489191 -0.447197 0.805174 -0.389501 0.351054 0.632844 0.690123 0.275142 0.647363 0.710787 -0.376456 0.802245 -0.463339 0.137422 0.650659 0.746832 -0.200069 0.804889 -0.558682 -0.493899 -0.782678 0.378785 -0.539148 -0.733722 0.413487 -0.705915 0.456712 0.541385 -0.681098 0.513082 0.522353 0.701719 0.00817473 0.712407 0.862537 0.00745353 0.505939 0.869427 0.0074508 0.494005 0.712418 0.00819075 0.701708 0.732331 -0.384599 -0.561939 0.661291 -0.552462 -0.507424 0.662621 -0.549926 -0.508444 0.733044 -0.382433 -0.562486 0.559333 0.709184 -0.429191 0.539164 0.733583 -0.413713 0.541084 0.731333 -0.415186 0.561194 0.706844 -0.430619 0.732332 -0.384598 -0.561938 0.733045 -0.382436 -0.562484 0.60038 -0.653689 -0.460689 0.602077 -0.651204 -0.461992 0.785463 -0.140701 -0.602703 0.785567 -0.139784 -0.602781 0.559333 -0.709184 -0.429191 0.561202 -0.706835 -0.430624 0.53915 0.733599 -0.413703 0.559342 0.709173 -0.429197 0.561203 0.706833 -0.430626 0.541079 0.731339 -0.415183 0.785464 0.14071 -0.602699 0.785567 0.139795 -0.602778 0.539151 -0.733598 -0.413704 0.541074 -0.731344 -0.41518 0.600388 0.653679 -0.460694 0.602079 0.651203 -0.461991 0.661298 0.552455 -0.507424 0.732333 0.384597 -0.561937 0.733045 0.382436 -0.562484 0.662622 0.549927 -0.508441 0.732327 0.384617 -0.561931 0.733036 0.382463 -0.562476 0.53915 -0.733599 -0.413703 0.541079 -0.73134 -0.415182 0.785461 0.140704 -0.602705 0.785564 0.139789 -0.602784 0.661291 0.552461 -0.507426 0.66262 0.549925 -0.508447 0.559344 -0.709172 -0.429195 0.561205 -0.706832 -0.430623 0.785462 -0.140704 -0.602704 0.785564 -0.139789 -0.602783 0.60038 0.65369 -0.460688 0.602078 0.651204 -0.46199 -0.604931 0.649938 -0.460043 -0.563558 0.706205 -0.428575 -0.64247 0.590354 -0.488585 -0.674348 0.53128 -0.512833 0.846941 0.0386833 -0.530277 0.679456 0.0406369 -0.73259 0.732832 0.0410391 -0.679171 0.882699 0.0386405 -0.468347 -0.266661 -0.00879569 0.96375 -0.00798426 -0.00863557 0.999931 0.00798602 -0.00863747 0.999931 -0.25091 -0.00879667 0.96797 0.96437 0.00638922 0.264482 0.967427 0.00638986 0.253069 -0.704239 -0.00436737 0.70995 -0.496717 -0.00408682 0.867903 -0.503244 -0.00408764 0.864134 -0.709946 -0.00436114 0.704243 0.999967 0.00597446 0.00552375 0.999967 0.00597589 -0.00552507 -0.2555 -0.00371823 0.966802 -0.262104 -0.00371973 0.965032 0.250675 -0.00910293 0.968029 0.491628 -0.0103896 0.870743 0.508269 -0.0103927 0.861136 0.266934 -0.00910293 0.963672 0.967328 0.00600023 -0.253457 0.964467 0.00599885 -0.264134 0.00337005 -0.00364487 0.999988 -0.00336943 -0.00364419 0.999988 0.699629 -0.0113088 0.714417 0.714397 -0.0112784 0.69965 0.868986 0.00647259 -0.494795 0.863012 0.00647207 -0.505142 0.262204 -0.00383174 0.965005 0.2554 -0.00382954 0.966828 0.711551 0.00684506 -0.702601 0.702608 0.00683366 -0.711544 0.503467 -0.00436716 0.864003 0.496472 -0.00436834 0.868042 0.998821 0.0356506 -0.0329612 0.95621 0.0357971 -0.290485 0.973349 0.0357851 -0.226519 0.99882 0.0356604 0.0329702 -0.713768 -0.0102952 0.700307 -0.507679 -0.0096705 0.861492 -0.492195 -0.00966747 0.870431 -0.700289 -0.0103207 0.713784 0.710201 -0.00475563 0.703983 0.703975 -0.00476663 0.710208 0.973755 0.0381816 0.224375 0.955469 0.0382189 0.292605 0.911254 0.0844867 -0.403086 0.802029 0.121867 -0.584721 0.583286 0.159197 -0.796513 0.800289 0.115528 -0.588379 -0.603221 -0.652441 -0.458742 -0.66368 -0.552075 -0.50472 -0.716033 -0.436782 -0.544534 -0.673072 -0.533827 -0.511862 -0.787645 0.144275 -0.598999 -0.788657 -0.135287 -0.599764 -0.792015 -0.0996388 -0.602316 -0.791463 0.106307 -0.601902 -0.543036 0.731143 -0.412968 -0.625847 0.617892 -0.475947 -0.734335 -0.385858 -0.55845 -0.760993 -0.293207 -0.578722 -0.736588 -0.379019 -0.560163 -0.762331 -0.287669 -0.57974 -0.665939 -0.547762 -0.506439 -0.604933 -0.649937 -0.460041 -0.67435 -0.531279 -0.512831 -0.717562 -0.432804 -0.545697 -0.542701 0.731534 -0.412715 -0.625573 0.618329 -0.475739 -0.78765 -0.144285 -0.598991 -0.791467 -0.106313 -0.601895 -0.563557 -0.706206 -0.428576 -0.642467 -0.590355 -0.488588 -0.562556 0.707463 -0.427816 -0.641667 0.591727 -0.487978 -0.788658 0.135286 -0.599764 -0.792014 0.0996396 -0.602317 -0.543034 -0.731143 -0.41297 -0.625846 -0.617892 -0.475948 -0.603221 0.652441 -0.458743 -0.673071 0.533827 -0.511863 -0.736578 0.379048 -0.560157 -0.762331 0.287668 -0.57974 -0.542701 -0.731535 -0.412715 -0.625574 -0.618329 -0.475738 -0.66368 0.552076 -0.504719 -0.716034 0.436783 -0.544533 -0.665945 0.547758 -0.506436 -0.717567 0.4328 -0.545693 -0.562556 -0.707464 -0.427815 -0.641667 -0.591727 -0.487977 -0.734344 0.385829 -0.558457 -0.760992 0.293206 -0.578724 -0.542299 0.537314 0.645914 -0.60489 0.543141 0.582329 -0.0836342 1.6235e-07 0.996496 -0.218948 -0.0324191 0.975198 9.5376e-05 -7.54818e-05 1 -9.70388e-05 -0.000102316 1 -0.298873 -0.04435 0.953262 0.916287 0.0963167 0.388769 0.97983 0.05363 0.192502 0.943002 0.0733913 0.324594 0.789123 0.131955 0.599894 -0.614937 0.0942107 0.782928 -0.43437 0.0580848 0.89886 -0.562196 0.0795246 0.823172 -0.779951 0.124445 0.613343 0.218446 0.0328245 0.975297 0.299382 0.0449211 0.953075 0.999521 0.0192357 -0.0242532 0.999343 0.0263105 0.0249138 -0.231385 0.0223597 0.972605 -0.286541 0.0305907 0.95758 0.4186 0.0714907 0.905352 0.575761 0.0979469 0.81173 0.969911 -0.0128131 -0.243124 0.961357 -0.0175285 -0.274747 -0.0123913 -0.00982767 0.999875 0.0127292 -0.0134426 0.999829 0.597682 0.110168 0.794128 0.789766 0.144599 0.596122 0.893237 -0.0471035 -0.447111 0.83207 -0.0644797 -0.550911 0.205592 -0.0431614 0.977686 0.311953 -0.05906 0.94826 0.780679 -0.0910856 0.618259 0.896589 -0.0535847 0.43961 0.8268 -0.0734518 0.557679 0.616642 -0.120469 0.777972 0.773952 -0.0818911 -0.627928 0.626352 -0.108703 -0.771924 0.404911 -0.0829674 0.910584 0.587038 -0.113638 0.801544 0.970894 -0.0162037 0.238961 0.960049 -0.0221749 0.278952 0.999672 0.0159059 0.0200548 0.978701 0.0479532 -0.19961 0.945922 0.0655616 -0.317701 0.999551 0.0217509 -0.0205962 -0.602372 -0.105875 0.791163 -0.421632 -0.0689286 0.904143 -0.573145 -0.0943531 0.814004 -0.787201 -0.139206 0.60078 0.583744 -0.122739 0.802607 0.796987 -0.160281 0.582342 0.812861 0.138593 0.565729 0.564683 0.179811 0.805482 -0.703687 -0.462133 0.539683 -0.781231 -0.175228 0.599143 -0.790684 0.0843117 0.606392 -0.77022 0.240466 0.590709 -0.703873 0.461693 0.539817 -0.61113 0.637843 0.468695 -0.738337 -0.366354 0.566254 -0.770276 -0.240201 0.590743 -0.4939 0.782679 0.378784 -0.539148 0.733722 0.413486 -0.705916 -0.456712 0.541384 -0.681099 -0.513082 0.522351 -0.703689 0.462142 0.539673 -0.781229 0.175221 0.599148 -0.790682 -0.0842792 0.606398 -0.770225 -0.240471 0.590701 -0.539253 -0.733599 0.413567 -0.493967 -0.782611 0.378837 -0.681133 0.513008 0.52238 -0.705982 0.456549 0.541435 -0.472473 -0.803412 0.362352 -0.667911 0.539914 0.512238 -0.611128 -0.637845 0.468697 -0.738335 0.366355 0.566256 -0.610963 -0.638101 0.468563 -0.738274 0.366562 0.566202 -0.781321 0.174583 0.599215 -0.790703 -0.0839936 0.606411 -0.472473 0.803412 0.362352 -0.667911 -0.539914 0.512238 -0.610962 0.638101 0.468564 -0.738273 -0.366561 0.566202 -0.781321 -0.174582 0.599215 -0.703867 -0.461699 0.53982 -0.770271 0.240205 0.590749 -0.790703 0.0839937 0.606411 -0.472488 -0.803398 0.362364 -0.667913 0.539909 0.512241 -0.539253 0.7336 0.413567 -0.705981 -0.456549 0.541436 -0.472488 0.803398 0.362364 -0.667922 -0.539891 0.512248 -0.667346 0.540774 0.512067 -0.735542 0.37472 0.564414 -0.809859 0.12057 0.5741 -0.809978 0.193501 0.553618 -0.802088 -0.542897 0.248834 -0.839601 -0.543203 -8.45709e-08 -1 1.56597e-13 9.61186e-07 0.534345 -0.538082 0.651877 0.286345 -0.541775 0.790244 1.07672e-07 1.62921e-07 1 0.58599 -0.543178 -0.60131 0.649407 -0.537769 -0.537657 0.996766 -1.30923e-08 -0.08036 -0.802089 -0.542897 -0.248831 9.0683e-07 -0.543203 0.839601 0.752129 -0.534547 -0.385435 -0.286343 -0.541775 0.790245 0.821983 -0.531804 -0.203785 -0.694246 -0.542116 -0.473428 -0.616436 -0.542905 -0.570317 0.331248 0.51363 0.791491 0.213348 0.529155 0.821266 -0.616439 -0.542905 0.570314 -0.694245 -0.542115 0.473429 -0.391957 0.533842 0.749254 -0.567859 -0.698335 0.435735 -0.54796 -0.723155 0.42046 -0.739489 -0.326698 0.588579 -0.728287 -0.301551 0.615357 -0.735552 0.374712 0.564406 -0.667338 0.540783 0.512068 -0.744385 0.193509 0.639097 -0.764141 0.120579 0.633679 -0.608135 0.642199 0.466638 -0.800068 0.255611 0.542729 -0.608124 -0.642216 0.466629 -0.729711 -0.255072 0.634398 -0.785922 0.13659 0.60305 -0.785082 0.0412931 0.618014 -0.567856 0.698342 0.435728 -0.781796 0.301782 0.545639 -0.667339 -0.540785 0.512065 -0.742506 -0.192653 0.641537 -0.785925 -0.136538 0.603059 -0.802225 -0.0401292 0.595671 -0.547965 0.72315 0.420462 -0.759526 0.326745 0.562457 -0.735561 -0.374683 0.564414 -0.762126 -0.11951 0.636303 -0.735558 -0.374704 0.564403 -0.811878 -0.119498 0.571467 -0.608133 -0.6422 0.46664 -0.667346 -0.540774 0.512067 -0.811858 -0.192641 0.551159 -0.80165 -0.255053 0.540652 -0.547958 0.723155 0.420463 -0.739881 0.326728 0.588068 -0.56785 -0.698343 0.435733 -0.782887 -0.30154 0.544208 -0.56786 0.698335 0.435733 -0.729387 0.301794 0.613934 -0.785933 0.136526 0.60305 -0.785927 -0.136558 0.603051 -0.783011 -0.040114 0.620713 -0.800156 0.0413075 0.598368 -0.547965 -0.72315 0.420463 -0.759915 -0.326716 0.561948 -0.608125 0.642217 0.466628 -0.731313 0.255608 0.632334 -0.603854 0.322522 0.72893 -0.740265 0.111067 0.663078 -0.70356 0.691611 0.163334 -0.554131 0.819674 0.145169 -0.338491 -0.688834 0.641039 -0.456662 -0.515942 0.724751 -0.834414 -0.104624 0.541116 -0.818254 -0.51593 0.253527 -0.706816 -0.688822 0.161043 -0.407947 0.888619 0.209608 -0.602626 -0.316763 0.732464 -0.863479 -0.316768 0.392507 -0.308046 0.888625 0.339785 -0.73864 -0.104623 0.665931 -0.55634 -0.818516 0.143237 -0.283646 0.819672 0.497678 -0.832074 0.11108 0.543428 -0.408656 -0.888483 0.208804 -0.860383 0.32253 0.394608 -0.30745 -0.888488 0.340683 -0.814719 0.520418 0.255732 -0.282356 -0.818518 0.500303 -0.457874 0.520416 0.720777 0.864163 0.00745694 0.503157 0.965091 0.00639425 0.261836 0.965911 0.00639405 0.258797 0.866007 0.00745616 0.499975 0.99921 0.0356704 -0.0175283 0.960606 0.0358082 -0.275598 0.965311 0.0358105 -0.258636 0.999363 0.0356782 -5.81271e-09 -0.00424281 -0.00863402 0.999954 0.254475 -0.00909951 0.967037 0.258791 -0.00910115 0.96589 0 -0.00863417 0.999963 0.999978 0.00596673 0.00293203 0.999982 0.00596575 -9.71944e-10 -0.498253 -0.00409636 0.867022 -0.257039 -0.00372066 0.966394 -0.2588 -0.0037207 0.965924 -0.499985 -0.00409606 0.866024 0.49554 -0.0104032 0.868523 0.499962 -0.0104043 0.865985 0.966669 0.00598995 -0.255959 0.965913 0.00599007 -0.258798 0.00179106 -0.00364467 0.999992 -0 -0.00364491 0.999993 0.703119 -0.0113144 0.710982 0.707062 -0.0113039 0.707062 0.867593 0.00647359 -0.497233 0.866013 0.00647393 -0.499979 0.723108 0.0490974 0.688988 0.875905 0.0445613 0.480421 0.86517 0.0445973 0.499492 0.706259 0.048962 0.706259 0.709465 0.00684498 -0.704708 0.70709 0.00684196 -0.70709 -0.705579 -0.00437184 0.708618 -0.7071 -0.00436964 0.7071 0.969913 0.038209 0.240437 0.965224 0.0382253 0.258613 -0.710644 -0.0103122 0.703477 -0.504091 -0.00967865 0.863596 -0.499966 -0.00967787 0.865991 -0.707069 -0.0103169 0.707069 0.50186 -0.00438097 0.864938 0.70875 -0.00475626 0.705444 0.707099 -0.00475772 0.707099 0.499984 -0.00438076 0.866023 0.855712 0.0386959 -0.516004 0.692211 0.040768 -0.720543 0.706516 0.0408839 -0.706516 0.865383 0.0386937 -0.499615 -0.262974 -0.00880391 0.964763 -0.258792 -0.00880468 0.965893 0.704233 0.00818568 0.709922 0.707083 0.00818737 0.707083 -0.543364 0.356022 -0.760266 -0.504031 0.33896 -0.794393 -0.518859 0.347985 -0.780828 -0.576517 0.373986 -0.726473 -0.152726 -0.0397619 0.987468 -0.241051 -0.0367289 0.969817 -0.286193 -0.0350279 0.957532 -0.27433 -0.0354853 0.960981 0.979343 -0.0338133 0.199358 0.969088 -0.035532 0.244142 0.95184 -0.037752 0.304262 0.912553 -0.0412853 0.406869 0.830527 -0.0457458 0.555096 0.6782 -0.0497329 0.733193 0.450894 -0.0509187 0.891124 0.200293 -0.0483714 0.978541 -0.0084084 -0.043955 0.998998 0.499918 8.4728e-05 0.866073 0.499918 -8.4281e-05 0.866072 0.482889 0.258739 0.836584 0.482865 0.258926 0.83654 -0.577851 0.368623 -0.728152 -0.626203 0.392409 -0.67371 -0.530739 0.827325 0.183983 -0.61298 0.751924 0.242622 0.0885142 0.976672 -0.195646 0.0539065 0.982809 -0.176581 0.432936 0.499935 0.750088 0.432887 0.500107 0.750002 0.0549919 0.982642 -0.177177 -0.187053 0.981642 -0.0372919 -0.0377096 0.991445 -0.124958 -0.0880544 0.991489 -0.0958981 0.353498 0.707018 0.612507 0.353414 0.707185 0.612363 -0.0582682 0.970324 0.234683 -0.0258545 0.977373 0.209936 -0.0698147 0.962043 0.263818 -0.118643 0.945698 0.302619 0.514794 0.753602 -0.408744 0.421585 0.829578 -0.366152 -0.178839 0.982973 -0.042196 -0.212939 0.976826 -0.0216244 -0.324274 -0.722658 -0.610419 -0.340299 -0.69086 -0.637894 -0.239267 -0.855089 -0.459972 -0.221056 -0.876136 -0.428392 0.0122614 0.98388 0.178409 0.0468927 0.989741 0.13496 0.038659 0.988309 0.147481 -0.0129348 0.976793 0.213794 0.590156 0.676315 -0.440811 0.589875 0.676636 -0.440694 -0.245106 0.969477 0.00619662 -0.252035 0.967703 -0.00543857 -0.421884 0.288799 -0.859424 -0.381334 0.265929 -0.885362 -0.331933 0.237714 -0.91286 -0.394968 0.27282 -0.877251 -0.159101 -0.978529 -0.131025 -0.223607 -0.943952 -0.242807 0.271902 -0.773646 0.572311 0.300764 -0.729107 0.614772 -0.346435 0.938002 0.0116044 -0.354008 0.934001 0.04817 -0.147701 0.987069 -0.062286 -0.143185 0.987384 -0.0676122 -0.282823 -0.89555 -0.343514 -0.341492 -0.827859 -0.445009 0.516626 0.751904 -0.409559 0.56765 0.701133 -0.431492 -0.244857 0.969276 -0.023431 -0.223147 0.973784 -0.0441578 -0.394461 -0.755048 -0.523739 -0.446804 -0.650648 -0.614022 -0.676831 0.676315 0.290684 -0.676588 0.67664 0.290495 0.128633 0.969666 -0.207849 0.124796 0.968523 -0.215379 -0.484407 -0.565137 -0.66781 -0.522191 -0.429594 -0.736727 0.280371 -0.854428 0.43743 0.261067 -0.876695 0.404042 0.367458 -0.72377 0.584065 0.384382 -0.689646 0.613709 0.0612623 0.981641 -0.180632 0.274896 0.915372 -0.294154 -0.14326 0.986088 -0.0842996 -0.0916138 0.990525 -0.102306 0.530212 0.316649 0.786516 0.545851 0.199039 0.813898 0.508899 0.440808 0.739398 0.475377 0.553643 0.683737 0.428025 -0.662914 0.61428 0.386011 -0.745434 0.543437 0.470042 -0.546891 0.692799 0.498022 -0.449775 0.741402 0.549886 0.0550167 0.833426 0.549844 -0.0549683 0.833457 0.524705 -0.309766 0.792925 0.538563 -0.206291 0.816942 -0.656696 0.702138 0.275232 0.119507 0.973962 -0.192654 0.538567 -0.206287 0.81694 0.524708 -0.30977 0.792921 0.549841 -0.0549647 0.833459 0.549883 0.0550129 0.833428 -0.392179 0.915382 0.0909479 0.0108229 0.988243 -0.152508 0.49802 -0.44979 0.741394 0.470044 -0.546893 0.692797 0.545845 0.199066 0.813895 0.530208 0.316644 0.786521 0.270041 0.917605 -0.291684 -0.136282 0.988363 -0.0675648 0.428027 -0.662913 0.61428 0.386012 -0.745435 0.543435 0.508893 0.440813 0.739399 0.475372 0.553637 0.683745 0.56672 0.70213 -0.431093 -0.231868 0.972747 -0.000379033 0.486248 -0.745937 0.455127 0.330835 -0.924709 0.188309 0.45237 -0.815191 0.361697 0.579833 -0.548681 0.602282 -0.418646 -0.481909 -0.76974 -0.408188 -0.51775 -0.751876 -0.328423 -0.720514 -0.610735 -0.342116 -0.693102 -0.634481 0.355014 -0.896384 0.265445 0.198802 -0.980031 -0.00423431 -0.22588 -0.874515 -0.429187 -0.24107 -0.856969 -0.45551 0.424729 0.827317 -0.36763 -0.18835 0.979957 -0.0648737 -0.184066 -0.800602 -0.570225 -0.263482 -0.697547 -0.666337 -0.105023 -0.970056 -0.219001 -0.121592 -0.961178 -0.247696 0.0258755 -0.999648 0.00585734 0.00786182 -0.999648 -0.0253296 -0.387643 0.917597 0.0880288 -0.180906 0.982647 -0.04095 -0.0375271 0.99213 -0.11946 0.0146354 0.990511 -0.136654 0.158431 -0.960191 0.230069 0.138645 -0.970785 0.195841 -0.611377 0.753601 0.241464 0.0965987 0.980067 -0.173603 -0.52792 0.82956 0.18202 0.060618 0.986109 -0.154646 0.280206 -0.854494 0.437407 0.261081 -0.876708 0.404004 -0.96254 0.0788183 -0.25943 -0.938494 0.0847544 -0.334731 -0.885828 0.0934037 -0.454516 -0.779849 0.103234 -0.617396 -0.596566 0.110172 -0.794966 -0.351761 0.109528 -0.92966 -0.11144 0.101807 -0.988543 0.0727623 0.0919635 -0.9931 0.194027 0.0836803 -0.977421 0.264446 0.0781815 -0.961226 0.339451 0.0717357 -0.937884 -0.959613 0.0796638 -0.26981 -0.971946 0.0757914 -0.222658 -0.657512 0.701129 0.275856 0.112567 0.971468 -0.208753 0.249913 -0.865955 0.433204 0.249778 -0.866111 0.43297 0.353375 -0.707206 0.612361 0.35348 -0.706996 0.612543 0.43288 -0.500112 0.750003 0.432932 -0.499929 0.750095 -0.576813 -0.67046 0.466659 -0.573371 -0.674256 0.465429 -0.546065 -0.703139 0.455421 -0.488092 -0.757889 0.432864 -0.386055 -0.836186 0.389558 -0.223389 -0.923118 0.31297 9.03793e-05 -0.980719 0.195425 0.240352 -0.96916 0.0544061 0.435187 -0.897426 -0.0723788 0.562842 -0.810241 -0.16346 0.637213 -0.738406 -0.220716 0.676604 -0.691596 -0.252789 0.692542 -0.670464 -0.266204 0.689759 -0.674256 -0.26384 0.667444 -0.703134 -0.245198 0.618912 -0.757893 -0.206266 0.530393 -0.836186 -0.139556 0.382728 -0.923121 -0.0369723 0.1692 -0.980719 0.0977867 -0.0730469 -0.969162 0.235348 -0.280258 -0.897436 0.340682 -0.422974 -0.810242 0.40571 -0.509745 -0.738411 0.441485 -0.55722 -0.6916 0.459561 -0.337998 0.938133 0.0752533 0.482862 -0.258929 0.836541 0.482887 -0.258736 0.836586 0.18977 0.963726 -0.187667 0.224377 0.948998 -0.221489 -0.329645 -0.751861 -0.570998 -0.329663 0.751832 -0.571026 -0.329647 0.75186 -0.570999 -0.329662 -0.751832 -0.571027 0.109736 0.993241 0.0378264 0.139438 0.990221 -0.00446774 0.178482 0.982057 -0.06089 0.133499 0.991046 0.00249258 0.0788807 0.993176 0.0859069 0.0865839 0.993495 0.0739614 -0.311407 0.947391 0.0740048 -0.314249 0.948985 -0.0259721 -0.260143 0.963791 -0.0585933 -0.189202 0.978337 -0.0840156 0.236462 0.93876 -0.250629 -0.107663 0.988807 -0.103295 -0.0221772 0.992572 -0.119619 0.0604273 0.988723 -0.13702 0.133264 0.978228 -0.159093 0.0199738 0.987085 -0.158947 0.0210668 0.987393 -0.156877 0.0161864 0.988272 -0.151842 0.00551586 0.989478 -0.144575 -0.0102972 0.990687 -0.135772 -0.0301269 0.991573 -0.125999 -0.0524741 0.9919 -0.115679 -0.0756357 0.991579 -0.105119 -0.0978477 0.990694 -0.0946076 -0.11741 0.989482 -0.0845015 -0.132877 0.988269 -0.0752832 -0.146318 0.987412 -0.0600714 -0.139375 0.988324 -0.0615665 -0.12762 0.989558 -0.0669932 -0.111974 0.99079 -0.0761378 -0.093509 0.991693 -0.0883231 -0.0733588 0.992027 -0.102469 -0.052635 0.991706 -0.117253 -0.0324676 0.990814 -0.131279 -0.014015 0.989585 -0.143264 0.00158861 0.988349 -0.152194 0.0132513 0.987433 -0.157479 -0.274695 0.960157 0.0514043 -0.0956056 0.992064 -0.0816683 -0.0282129 0.989953 -0.138551 0.100091 0.967008 -0.234261 0.154189 0.952285 -0.263399 -0.161161 0.986554 -0.0271578 0.0380769 0.98079 -0.191312 -0.221918 0.974884 0.0187932 0.222942 0.934982 -0.275872 -0.0931424 -0.982496 -0.161327 -0.362884 -0.687939 -0.628535 -0.353554 -0.707104 -0.612376 7.05473e-08 -1 1.22191e-07 -0.499998 -1.41094e-07 -0.866026 -0.353555 -0.707104 -0.612375 -0.343872 -0.725956 -0.595601 -0.491038 -0.188474 -0.850506 7.05471e-08 -1 1.22191e-07 0.353556 -0.707104 0.612374 0.362883 -0.687945 0.628528 0.0931404 -0.982497 0.161324 0.692171 0.080808 0.717196 0.539716 -0.629269 0.55922 0.498381 -0.696388 0.516391 0.694442 1.17229e-07 0.719549 0.42562 -0.704563 0.567836 0.425624 0.704563 0.567834 0.415354 0.721401 0.554131 0.459127 -0.64343 0.612536 0.69331 -0.0827409 0.715874 0.989517 -0.0611468 0.130835 0.972911 -0.0660606 0.221541 0.580141 -0.082742 0.810303 0.341175 0.707032 0.61944 -0.365865 0.707032 -0.605185 -0.359606 0.719755 -0.593832 0.327766 0.732047 0.597224 0.500001 1.41093e-07 0.866025 0.353545 0.707104 0.612381 0.343866 0.72594 0.595624 0.491038 0.188487 0.850503 0.491018 -0.18846 0.85052 0.343864 -0.725938 0.595626 0.353539 -0.707104 0.612384 0.499977 1.41096e-07 0.866039 0.318634 -0.0307113 0.94738 -0.356373 -0.023177 0.934056 -0.324314 -0.023851 0.945649 0.369989 -0.0307113 0.928528 0.281412 0.704727 0.651281 -0.423315 0.704726 -0.569355 -0.398889 0.759128 -0.514405 0.290742 0.689085 0.663801 -0.642896 0.710331 0.286558 0.302736 0.933593 -0.191717 0.605034 0.754137 -0.255363 -0.599579 0.772539 0.209018 -0.599621 0.70831 0.372496 0.260996 0.942176 -0.210202 -0.498407 0.0792055 -0.863318 -0.498406 -0.0792057 -0.863318 -0.494517 -0.147377 -0.856583 -0.49452 0.147349 -0.856586 -0.457818 0.646031 -0.610775 -0.457815 -0.646032 -0.610777 -0.432706 -0.692466 -0.577283 -0.483751 0.591164 -0.645377 0.413627 -0.695183 0.587906 0.409112 -0.705494 0.57871 0.432657 -0.64752 0.627317 0.444188 -0.614685 0.651813 -0.314902 -0.706294 -0.634023 -0.307779 -0.71925 -0.622857 -0.35442 -0.625588 -0.695001 -0.344133 -0.648168 -0.679301 0.60549 0.699996 -0.378664 0.624181 0.67782 -0.388534 -0.370533 0.810699 -0.45329 0.258879 0.740243 0.620502 0.246862 0.757946 0.603803 -0.399478 0.757945 -0.51569 0.311115 0.760816 0.569532 -0.337679 0.760815 -0.554195 -0.331197 0.772004 -0.542511 0.296333 0.784402 0.544885 -0.385499 0.7065 -0.593504 -0.372744 0.729695 -0.573243 -0.352229 0.763925 -0.540698 -0.354417 0.760443 -0.544165 0.328325 0.82448 0.460908 0.407852 0.705562 0.579516 0.375485 0.759551 0.531124 0.348237 0.798826 0.490517 -0.313941 0.778282 -0.5438 -0.324414 0.760905 -0.561942 -0.324416 -0.760905 -0.561941 -0.313932 -0.778297 -0.543783 0.510621 0.023059 0.859497 0.402951 0.209855 0.890837 0.38954 0.231657 0.891399 0.511929 0.0200835 0.858793 0.499978 -3.35276e-06 0.866038 0.499978 1.41096e-07 0.866038 0.461919 0.382673 0.80012 0.461907 0.382723 0.800103 0.000963867 -0.976141 0.217134 -0.0107712 -0.911779 0.41054 -0.0112226 -0.886328 0.462921 0.00163991 -0.969529 0.24497 0.581096 0.664593 -0.469728 0.521933 0.725898 -0.447949 0.296489 0.925124 -0.237151 0.327821 0.87128 -0.365245 0.353532 0.707104 0.612388 0.353521 0.707123 0.612373 0.263748 -0.328394 0.90697 0.386917 -0.168609 0.906569 0.370727 -0.195417 0.90795 0.226413 -0.375936 0.89856 0.396565 0.828098 -0.39622 0.532632 0.715521 -0.452033 0.281039 0.896205 -0.343269 0.174568 0.940724 -0.290799 -0.326043 -0.721363 -0.611008 -0.333497 -0.706916 -0.623738 -0.172663 -0.923669 -0.342085 -0.163777 -0.930844 -0.32666 0.565423 0.218223 0.795409 0.620863 0.386456 0.682042 0.629472 0.427454 0.648882 0.572145 0.239098 0.784527 -0.519915 0.844322 0.129647 -0.248806 0.967173 -0.0516909 -0.166067 0.980803 -0.102215 -0.323741 0.946137 -0.00417858 0.0174595 -0.999797 -0.0100798 0.0264481 -0.999635 0.0054949 -0.00292277 -0.999994 -0.00179881 -0.00289752 -0.999995 -0.0013641 -0.657788 0.715518 0.235264 -0.699722 0.661256 0.270425 -0.482995 0.869517 0.10323 -0.437803 0.896203 0.071756 0.210732 -0.923646 0.320109 0.219949 -0.915803 0.336046 0.586048 -0.179543 0.790134 0.594692 -0.20516 0.777335 0.374702 -0.70689 0.59992 0.382229 -0.691313 0.613178 0.489446 0.0222123 0.871751 0.488223 0.0193387 0.872505 0.372233 0.844321 -0.38544 0.169234 0.970042 -0.174295 0.389033 -0.687423 0.613273 0.379483 -0.706782 0.597035 0.487081 -0.382509 0.785137 0.491893 -0.358308 0.793509 0.222803 0.963204 -0.150323 0.382638 0.898577 -0.21482 0.584059 0.661252 -0.470766 0.330898 0.869517 -0.36667 0.525644 1.38597e-07 0.850705 0.52547 0.0266774 0.850394 -0.189348 0.968289 -0.162986 -0.352205 0.930712 -0.098623 -0.407953 0.905789 -0.114541 -0.207268 0.962339 -0.175908 -0.697342 0.664595 0.26838 -0.480213 0.871286 0.101274 0.488864 0.382485 0.784039 0.483202 0.408047 0.774605 0.121658 0.956952 -0.263518 0.0156499 0.978294 -0.206628 -0.425081 -0.3394 -0.839115 -0.416323 -0.382157 -0.825004 -0.312439 -0.706322 -0.63521 -0.326935 -0.676001 -0.660406 -0.0108448 -0.97468 -0.223342 -0.0115557 -0.968238 -0.249764 -0.648904 0.725895 0.228035 -0.429051 0.900883 0.0657609 -0.155391 -0.92309 -0.351793 -0.172288 -0.908368 -0.38103 0.640744 -0.351959 0.682328 0.650957 -0.396918 0.647079 -0.541417 0.828097 0.145337 0.037419 -0.999066 -0.0216031 0.0181146 -0.998328 -0.054894 0.274602 0.366359 0.88903 0.240062 0.40966 0.880084 0.0796365 0.96717 -0.24133 -0.00471859 0.985839 -0.167628 0.238581 -0.922487 0.303475 0.21562 -0.940062 0.264181 0.408169 -0.705658 0.579176 0.387759 -0.745157 0.542571 -0.00366627 -0.907399 -0.420254 -0.00328116 -0.882371 -0.470544 0.353539 -0.707083 0.612408 0.35353 -0.707104 0.612389 0.461919 -0.382673 0.80012 0.461919 -0.382674 0.80012 0.0135408 0.986744 -0.161717 -0.560168 0.812934 0.159217 -0.557303 0.815315 0.157083 -0.502896 0.856339 0.117385 -0.383004 0.923095 0.0346873 -0.188465 0.978063 -0.0887367 0.0443682 0.973961 -0.222332 0.241075 0.91484 -0.323961 0.363755 0.849728 -0.381634 0.417975 0.812934 -0.405506 0.414695 0.815309 -0.404102 -0.512388 0.849725 0.124202 -0.168748 0.963074 0.20979 -0.168749 0.963073 0.209794 -0.266057 0.963074 0.0412521 -0.266053 0.963075 0.0412532 0.144868 -0.986557 -0.0756208 0.14488 -0.986556 -0.0756173 0.13298 -0.988732 -0.0687463 0.132983 -0.98873 -0.068759 0.133805 -0.988397 -0.0718916 0.133805 -0.988397 -0.0718905 0.129159 -0.988397 -0.0799372 0.12916 -0.988397 -0.0799369 -0.0863929 0.992048 0.0915321 -0.0863929 0.992048 0.0915321 -0.1481 0.980764 0.127159 -0.1481 0.980764 0.127159 -0.504117 -0.811052 0.29675 0.14488 -0.986556 -0.0756172 0.13298 -0.988732 -0.0687465 -0.508999 -0.806971 0.299529 -0.129159 0.988397 0.079937 -0.133805 0.988397 0.0718911 -0.133805 0.988396 0.0718931 -0.129161 0.988397 0.0799365 0.132982 -0.988731 -0.0687538 0.144873 -0.986556 -0.0756193 0.144873 -0.986557 -0.0756192 0.132982 -0.988731 -0.0687538 0.266053 -0.963075 -0.0412533 0.168748 -0.963074 -0.209789 0.168749 -0.963074 -0.209793 0.266056 -0.963075 -0.0412524 -0.148102 0.980762 0.127168 -0.0863835 0.992048 0.0915347 -0.0863918 0.992048 0.0915324 -0.1481 0.980763 0.12716 -0.496535 0.720161 -0.484583 -0.168747 0.963075 0.209786 -0.26605 0.963076 0.0412542 -0.516347 0.653216 -0.5538 -0.317791 -0.0341632 0.947545 -0.209745 -0.0305743 0.977278 -0.979502 -0.0341666 -0.198517 -0.951225 -0.0305746 -0.306978 0.958058 0.103111 0.267383 0.960541 0.104277 0.257851 -0.245538 -0.117008 0.9623 -0.255044 -0.118036 0.959698 -0.454647 0.69507 -0.556933 -0.260483 -0.701697 -0.663152 -0.263752 -0.69667 -0.667148 -0.452764 0.700092 -0.552156 0.259525 0.700543 0.664746 -0.133803 0.988397 0.0718855 -0.129153 0.988397 0.0799386 0.261598 0.697298 0.667339 -0.677921 0.602351 0.421422 -0.0863882 0.992048 0.0915334 -0.148101 0.980763 0.127164 -0.696786 0.57316 0.43125 -0.454652 0.695067 -0.556933 -0.260482 -0.701697 -0.663152 -0.263752 -0.69667 -0.667148 -0.452767 0.700094 -0.552151 0.317789 0.0341656 -0.947546 0.209745 0.0305759 -0.977278 0.9795 0.0341769 0.198526 0.951227 0.0305854 0.306973 -0.958058 -0.103113 -0.267382 -0.96054 -0.10428 -0.257853 0.245539 0.117006 -0.962299 0.255042 0.118033 -0.959699 0.253399 0.114793 -0.960527 0.248092 0.114161 -0.961986 0.958545 0.114801 0.260792 0.95716 0.11417 0.266102 -0.454647 0.695069 -0.556933 -0.260481 -0.701695 -0.663155 -0.263749 -0.696671 -0.667148 -0.452765 0.700093 -0.552155 -0.488382 0.716687 -0.497839 -0.333488 -0.674157 -0.659013 -0.289193 -0.735394 -0.612832 -0.515634 0.653733 -0.553855 0.317796 0.0341569 -0.947544 0.209741 0.030567 -0.977279 0.979502 0.034166 0.198517 0.951225 0.0305754 0.306978 -0.958057 -0.103092 -0.267393 -0.960545 -0.104264 -0.257841 0.245545 0.117 -0.962299 0.255039 0.118027 -0.9597 0.253408 0.114811 -0.960522 0.248079 0.114175 -0.961988 0.958545 0.114808 0.260788 0.957158 0.114174 0.266106 0.945771 0.144284 0.291031 0.958984 0.14813 0.241677 -0.230867 -0.0708893 0.9704 -0.279744 -0.0783987 0.956868 0.454649 -0.695068 0.556933 0.260483 0.701697 0.663152 0.263755 0.696669 0.667147 0.452767 -0.700094 0.552152 -0.488383 0.716687 -0.497836 -0.333495 -0.674155 -0.659012 -0.289196 -0.735398 -0.612826 -0.515639 0.653729 -0.553854 -0.317794 -0.0341593 0.947544 -0.209741 -0.0305673 0.977279 -0.979506 -0.0341456 -0.198499 -0.951223 -0.0305585 -0.306987 -0.958058 -0.103114 -0.267381 -0.96054 -0.104279 -0.257853 0.245526 0.11702 -0.962301 0.25505 0.118048 -0.959695 -0.253403 -0.1148 0.960525 -0.248087 -0.114166 0.961987 -0.958545 -0.114798 -0.260793 -0.95716 -0.114169 -0.266102 0.945769 0.144289 0.291035 0.958984 0.148136 0.241674 -0.230867 -0.070891 0.970399 -0.279743 -0.0784003 0.956869 0.454651 -0.695067 0.556933 0.260479 0.701693 0.663157 0.263744 0.696672 0.667148 0.452767 -0.700094 0.552152 -0.488379 0.716685 -0.497844 -0.333499 -0.674153 -0.659011 -0.2892 -0.735402 -0.61282 -0.515634 0.653733 -0.553855 -0.317793 -0.0341462 0.947545 -0.209737 -0.030559 0.97728 -0.979495 -0.0341596 -0.19855 -0.951225 -0.0305689 -0.306981 0.958058 0.103111 0.267383 0.960533 0.10427 0.257884 -0.245526 -0.11701 0.962302 -0.255045 -0.118038 0.959697 0.253389 0.114773 -0.960532 0.248097 0.114145 -0.961987 0.958544 0.114785 0.260801 0.957156 0.114151 0.266124 -0.945763 -0.144275 -0.291061 -0.958984 -0.148123 -0.241681 0.230879 0.0709141 -0.970395 0.279719 0.0784143 -0.956874 -0.454641 0.695073 -0.556933 -0.260484 -0.701699 -0.663149 -0.263759 -0.696662 -0.667153 -0.452755 0.700102 -0.55215 -0.488373 0.716698 -0.497832 -0.333508 -0.674143 -0.659017 -0.289199 -0.735401 -0.612821 -0.515632 0.653734 -0.553855 0.220133 -0.969094 -0.111348 0.439169 -0.844092 0.307634 -0.0472238 -0.865737 -0.498266 -0.100239 -0.820411 -0.562918 0.0770185 0.96467 -0.251954 -0.250719 0.965079 -0.0759077 0.41439 0.816983 -0.401023 0.467826 0.777089 -0.421035 0.452255 0.507905 0.733142 -0.284716 0.870473 -0.401516 -0.218662 0.930087 -0.29517 0.48849 0.383905 0.783578 -0.00691207 -0.952676 -0.303908 0.00147065 -0.956809 -0.290714 0.13349 -0.988399 -0.0724443 0.129476 -0.9884 -0.079388 0.415157 0.419041 0.807496 -0.313742 0.899452 -0.304224 -0.326655 0.885854 -0.329483 0.405061 0.447129 0.797497 0.36481 -0.854097 0.370719 0.361862 -0.858071 0.364375 -0.58124 0.588611 0.56187 -0.620276 0.538433 0.570393 0.586442 0.802168 -0.112301 0.62515 0.766216 -0.148661 0.358165 -0.859876 0.363774 0.363077 -0.853209 0.374446 0.495358 -0.489578 0.717589 0.493691 -0.500304 0.711312 -0.669524 -0.738513 0.079595 -0.63433 -0.771687 0.046093 -0.619292 0.538704 0.571205 -0.58103 0.58328 0.567617 0.493002 0.00497088 0.870014 0.494676 -0.00721556 0.869048 0.64254 -0.531963 -0.551506 0.581742 -0.612136 -0.535598 -0.621242 -0.763105 0.178126 -0.5582 -0.820608 0.122541 0.3563 0.498257 0.790437 0.361119 0.48698 0.795263 0.175127 -0.981704 0.0747458 0.502718 -0.855229 -0.125931 0.774744 -0.539891 -0.329073 0.724361 -0.627094 -0.286453 -0.367524 -0.497614 -0.785688 -0.370184 -0.491394 -0.78835 -0.137684 -0.854308 -0.501199 -0.134316 -0.85763 -0.496417 -0.512042 0.841407 -0.172764 -0.631396 0.468051 -0.618277 -0.629165 0.376904 -0.679776 -0.624982 0.562141 -0.54166 0.130483 -0.988283 -0.0791902 0.133821 -0.988283 -0.0734108 0.784882 -0.556505 -0.27251 0.397116 0.788238 -0.470085 0.423271 0.769045 -0.478969 0.771118 -0.582713 -0.256558 0.362444 -0.857786 0.36447 0.365077 -0.854233 0.370142 0.391043 0.832754 -0.391925 0.0878346 0.962344 -0.257252 -0.408183 0.912678 0.0201566 -0.699806 0.67685 0.228354 -0.785943 0.537844 0.304988 -0.793361 0.522526 0.312322 -0.735151 0.626779 0.258266 -0.515585 0.85198 0.0911161 -0.0381181 0.980369 -0.193454 -0.00327151 0.977357 -0.211571 0.376566 0.410765 0.830343 0.313329 -0.899607 0.30419 0.325573 -0.885528 0.331424 0.366049 0.440201 0.819897 0.402774 -0.870309 0.283435 0.448379 -0.810512 0.376864 0.556665 -0.439366 0.70504 0.543483 -0.527079 0.65331 0.505506 -0.639073 0.579698 0.467526 -0.735452 0.490439 0.405267 -0.912031 -0.0629123 0.355707 -0.934048 -0.0320518 -0.137325 -0.960619 0.241565 -0.417665 -0.82909 0.371708 -0.506235 -0.759774 0.408008 -0.485048 -0.777858 0.399581 -0.332358 -0.881907 0.334332 0.0580633 -0.988473 0.139818 0.524796 -0.839523 -0.140681 0.729391 -0.619337 -0.290534 -0.0819628 -0.980661 -0.177725 -0.0819657 -0.980659 -0.177736 -0.222251 -0.892383 -0.392756 -0.222261 -0.89238 -0.392757 0.079733 0.926415 0.367966 0.0797445 0.926412 0.36797 0.0472781 0.946841 0.318208 0.0472769 0.946838 0.318219 -0.0581393 -0.959563 -0.275424 0.0510469 -0.939594 -0.338462 0.0510273 -0.939593 -0.338467 -0.0581365 -0.959558 -0.275442 0.101804 -0.940117 -0.325294 -0.0703947 -0.97161 -0.225873 -0.0703924 -0.971615 -0.225854 0.101826 -0.940117 -0.325285 -0.496546 0.720166 -0.484564 0.221437 0.653212 0.724072 0.171391 0.720176 0.672288 -0.516357 0.653209 -0.553799 -0.504121 -0.81105 0.296747 0.704836 -0.584961 -0.401282 0.701308 -0.590595 -0.399205 -0.508999 -0.806973 0.299524 0.259529 0.700548 0.664738 -0.447134 0.697275 -0.560249 -0.44591 0.700556 -0.557123 0.26161 0.697295 0.667338 0.677927 -0.602347 -0.421417 -0.53375 -0.798216 0.279217 -0.508892 -0.819413 0.263804 0.696787 -0.573165 -0.431242 -0.454646 0.69507 -0.556933 -0.260486 -0.701701 -0.663146 -0.26376 -0.696668 -0.667147 -0.452763 0.700092 -0.552156 -0.488376 0.716684 -0.497848 -0.3335 -0.674153 -0.659011 -0.289199 -0.735401 -0.612821 -0.515626 0.653738 -0.553855 0.006914 0.952019 0.30596 -0.364379 0.856704 -0.365083 -0.365752 0.854861 -0.36802 -0.00340398 0.95711 0.289703 0.255453 0.965728 0.0459795 0.597394 0.775388 -0.204682 0.544775 0.822724 -0.162314 -0.070264 0.966528 0.246751 0.259775 -0.952853 0.156806 0.13382 -0.988283 -0.073406 0.130484 -0.988283 -0.0791901 0.253393 -0.956494 0.144607 -0.580547 0.471497 -0.66382 -0.583809 0.361456 -0.726991 -0.020648 0.89735 0.440837 0.0534349 0.84614 0.530275 -0.738665 0.627893 0.245202 0.479958 0.760722 -0.43697 0.381317 0.832744 -0.401416 -0.795117 0.527519 0.299188 -0.134314 -0.857627 -0.496423 -0.367533 -0.497582 -0.785704 -0.370196 -0.491388 -0.788348 -0.137682 -0.854308 -0.501199 -0.402409 -0.746348 0.530125 -0.78912 0.575416 0.214909 -0.80631 0.541301 0.238449 -0.366629 -0.771484 0.519995 0.361129 0.486949 0.795278 0.49467 -0.00722352 0.869051 0.492991 0.00497882 0.87002 0.356292 0.498261 0.790438 -0.800622 0.534073 0.271607 0.386984 0.814723 -0.431821 0.457456 0.764167 -0.454735 -0.762154 0.60454 0.23163 0.493682 -0.500312 0.711313 0.49535 -0.489609 0.717573 0.00983143 -0.966422 -0.256773 0.60822 -0.588542 -0.532622 0.633317 -0.554795 -0.539549 0.303582 -0.858919 -0.412427 0.358164 -0.859881 0.363764 0.363083 -0.853212 0.374434 0.38407 0.613316 0.690169 0.442745 0.460297 0.769482 0.410357 0.551334 0.726387 0.26956 0.807725 0.524325 0.361849 -0.858082 0.364363 0.129481 -0.988399 -0.079387 0.133491 -0.988399 -0.0724465 0.364809 -0.854096 0.370722 0.638053 -0.553105 -0.535689 0.608361 -0.590324 -0.530485 0.636048 0.761846 -0.122612 0.606276 0.789304 -0.0971018 -0.138676 -0.854093 -0.501292 -0.134643 -0.858077 -0.495556 0.169802 0.98021 0.101769 0.130378 0.983334 0.12671 -0.352401 0.848143 0.395558 -0.599524 0.624428 0.500659 -0.672138 0.523068 0.524051 -0.660316 0.541257 0.5206 -0.54821 0.683795 0.481549 -0.216476 0.91991 0.32696 0.270435 0.962066 0.0359823 0.533636 0.831658 -0.153551 0.0768657 0.865618 0.49477 0.319692 0.515588 0.794963 0.344179 0.458983 0.81907 0.113792 0.828257 0.548672 0.212591 0.724038 0.656182 0.252345 0.659754 0.707847 0.573266 -0.631601 -0.521964 0.302849 -0.859345 -0.412079 -0.18632 -0.97304 -0.135937 -0.509261 -0.855198 0.0963819 -0.618683 -0.762627 0.188765 -0.625345 -0.75566 0.194735 -0.537532 -0.834757 0.119332 -0.258457 -0.962006 -0.0880033 0.231835 -0.89659 -0.377332 0.251417 -0.887095 -0.387106 0.604358 -0.743189 0.287091 0.382979 -0.911548 -0.149687 0.382978 -0.911551 -0.149679 0.60437 -0.743171 0.287112 -0.127606 0.978135 -0.16422 -0.127632 0.978131 -0.164223 -0.341379 0.939039 -0.0408142 -0.341384 0.939038 -0.0407948 0.515463 0.605333 -0.606523 0.554734 0.545101 -0.628598 -0.823619 -0.558773 -0.0970749 -0.80711 -0.586615 -0.0667493 -0.922101 -0.382764 -0.0567503 0.773205 0.332554 -0.539965 0.706098 0.188988 -0.682429 0.300411 -0.175573 -0.937511 0.503118 0.0495144 -0.862798 0.647342 -0.354461 0.674763 -0.645575 0.588737 -0.486438 -0.246344 0.948128 -0.200917 -0.790652 0.182707 -0.58437 0.749965 -0.526303 -0.400697 0.65388 -0.742583 -0.144954 0.691879 -0.685984 -0.225233 0.73031 -0.599477 -0.327527 0.737691 0.049214 0.673342 0.88501 0.0445073 0.46344 0.84381 0.0445992 0.534785 0.673763 0.0486279 0.737346 -0.493967 0.782611 0.378837 -0.681133 -0.513008 0.52238 -0.534345 -0.538082 0.651877 0.84788 -0.530185 0.00198899 -0.634483 -0.542242 0.550822 0.818435 -0.530199 0.22148 -0.00658394 0.529142 0.848508 -0.211738 0.530887 0.820564 0.787488 -0.515098 0.338434 0.634476 -0.542258 0.550814 -0.339859 0.691618 0.637307 0.260627 -0.00383783 0.965432 0.2588 -0.00383798 0.965923 -0.463347 0.31454 -0.828477 -0.458239 0.311351 -0.832513 -0.120709 -0.960606 -0.250329 -0.10229 -0.97048 -0.218417 0.00813583 -0.999623 -0.0262124 0.0267707 -0.999623 0.00605996 0.138215 -0.970596 0.197078 0.15714 -0.960459 0.229837 0.19646 0.940554 -0.277058 -0.00163367 0.991116 -0.132993 0.572306 0.692414 -0.43935 0.650416 0.594131 -0.473253 0.174961 0.956131 -0.234951 -0.536494 0.748132 0.390478 0.466638 0.778083 -0.420518 -0.289041 0.956953 -0.0264022 0.253404 0.114802 -0.960524 0.248087 0.114167 -0.961987 0.958545 0.114807 0.260789 0.957158 0.114174 0.266106 -0.94577 -0.144286 -0.291033 -0.958984 -0.148132 -0.241676 0.23087 0.0708951 -0.970398 0.27974 0.0784035 -0.956869 0.488379 -0.716686 0.497843 0.333495 0.674155 0.659012 0.289198 0.735399 0.612823 0.515635 -0.653732 0.553855 0.945771 0.144285 0.291032 0.958984 0.148131 0.241676 -0.230881 -0.0709175 0.970394 -0.279727 -0.0784185 0.956872 -0.654078 0.287536 -0.699647 -0.663709 0.517613 -0.539969 0.00968583 0.792392 0.609935 -0.175553 0.888896 0.423136 0.563252 0.741401 -0.364789 0.820117 -0.571457 -0.0290773 0.916497 -0.384704 -0.109709 0.371518 0.858686 -0.353034 0.341294 -0.939055 0.0411499 0.447926 -0.857962 0.251521 0.447937 -0.857954 0.251531 0.341297 -0.939055 0.0411395 -0.328233 0.940233 -0.0906942 -0.328233 0.940233 -0.0906946 -0.176175 0.968042 -0.178484 -0.176168 0.968043 -0.178488 -0.266097 0.166894 -0.949388 -0.275667 0.134304 -0.951825 -0.297673 0.0541491 -0.953131 -0.288967 0.0868189 -0.953394 0.998444 -0.0430859 0.0354051 0.997126 -0.0103231 0.07505 0.952351 0.15409 0.263218 0.96481 0.126929 0.230282 -0.000522822 -0.634513 -0.772911 -0.259371 -0.612761 -0.746492 -0.247763 -0.682735 -0.687376 0.00663694 -0.679114 -0.734002 -0.324979 -0.0584964 -0.94391 -0.359634 -0.237932 -0.902248 -0.367624 -0.290498 -0.883439 -0.340145 -0.130152 -0.931323 0.843533 0.304914 0.442131 0.865145 0.282217 0.41458 0.203226 0.580615 0.788407 0.451872 0.527281 0.719574 0.498313 0.537596 0.680202 0.252724 0.572894 0.779694 -0.387012 -0.68073 -0.621955 -0.361763 -0.832024 -0.420552 -0.369247 -0.803641 -0.46671 -0.38796 -0.666786 -0.636304 0.675993 0.431773 0.597165 0.706381 0.413253 0.574672 0.55913 -0.474582 -0.679813 0.32567 -0.549081 -0.769707 0.266295 -0.551745 -0.790357 0.503998 -0.511473 -0.695976 -0.297072 -0.946047 -0.129396 -0.276617 -0.959345 -0.0560454 -0.298535 -0.944819 -0.134887 -0.316591 -0.926052 -0.205421 0.459259 0.524864 0.716659 0.499379 0.510915 0.699705 0.982817 -0.0320746 -0.181777 0.904943 -0.200557 -0.375305 0.865519 -0.324525 -0.381523 0.964108 -0.196182 -0.178912 -0.266094 -0.963733 -0.0203048 -0.275667 -0.959804 -0.0527651 -0.297674 -0.945546 -0.131657 -0.288969 -0.952138 -0.0996522 0.211689 0.579398 0.787074 0.258456 0.571893 0.778549 -0.324986 -0.914657 -0.24039 -0.359638 -0.839001 -0.408336 -0.367624 -0.81037 -0.456238 -0.340147 -0.888424 -0.308226 -0.258604 -0.581792 -0.77113 -0.222492 -0.587345 -0.778153 0.0352532 -0.604555 -0.795783 0 -0.604917 -0.796289 -0.387012 -0.478177 -0.788396 -0.361759 -0.251269 -0.897772 -0.369242 -0.302063 -0.878873 -0.387959 -0.494961 -0.777497 0.290461 -0.57943 -0.761507 0.258646 -0.585183 -0.768546 0.499623 -0.549638 -0.669533 0.258378 -0.612994 -0.746646 0.261474 -0.632072 -0.729463 0.499559 -0.546561 -0.672095 -0.297076 0.0564403 -0.953184 -0.276637 0.130949 -0.952011 -0.298545 0.0508268 -0.953041 -0.316608 -0.0220421 -0.9483 0.528311 -0.510653 -0.678322 0.499665 -0.521553 -0.691605 0.965778 -0.164258 -0.200731 0.865775 -0.317335 -0.386952 0.859884 -0.266702 -0.43528 0.948617 -0.0495714 -0.312521 -0.26641 0.165853 -0.949483 -0.289264 0.0857258 -0.953403 0.731755 -0.40168 -0.550625 0.706562 -0.418264 -0.570811 0.949896 0.158973 0.269121 0.996606 -0.0043842 0.0822071 0.99478 -0.0710649 0.0732325 0.95942 0.100899 0.26331 -0.295461 0.0625779 -0.953303 -0.315197 -0.0161069 -0.94889 0.885829 -0.257096 -0.386275 0.865085 -0.281101 -0.415465 0.670344 0.435057 0.601136 0.704718 0.429547 0.564678 -0.386055 -0.463314 -0.797685 -0.387271 -0.482497 -0.785632 0.975829 -0.0953026 -0.19666 0.964643 -0.124221 -0.232449 0.0751002 -0.578484 -0.812229 0.0124716 -0.545658 -0.837915 -0.327132 -0.911423 -0.249586 -0.341906 -0.884814 -0.316551 -0.965544 0.142393 0.217828 -0.971992 0.126195 0.198257 -0.999264 -0.0383088 -0.00223802 -0.9996 -0.0218506 0.0179554 0.757662 -0.357545 -0.545994 0.708551 -0.43241 -0.557653 -0.266403 -0.963625 -0.0213436 -0.289256 -0.951942 -0.10069 0.999965 -0.00647849 0.00532359 0.999935 -0.0113814 -0.000664907 0.967765 0.153696 0.199522 0.9659 0.158177 0.204982 0.968108 0.152852 0.198504 0.999923 -0.0122717 -0.00175197 0.993985 0.0918906 -0.0595858 0.96396 0.198007 0.177692 -0.295464 -0.947347 -0.123429 -0.315198 -0.927764 -0.19976 0.869378 0.308025 0.386397 0.866001 0.311767 0.390951 0.507386 0.54101 0.670722 0.712735 0.439652 0.546548 0.70858 0.43204 0.557902 0.504398 0.506883 0.699037 0.711857 0.44022 0.547235 0.707087 0.44327 0.550944 0.979292 -0.169925 -0.11006 0.965885 -0.206959 -0.155675 -0.327127 -0.0681772 -0.942518 -0.3419 -0.139017 -0.929397 0.506242 0.54144 0.67124 0.499976 0.543754 0.674059 0.266156 0.605582 0.749954 0.258803 0.606857 0.751496 0.706784 -0.448795 -0.546845 0.7039 -0.423633 -0.570141 -0.258812 -0.612859 -0.746605 -0.259253 -0.612784 -0.746514 -0.000427648 -0.634514 -0.772911 0 -0.634515 -0.77291 0.83947 0.308961 0.447027 0.861529 0.277446 0.425196 0.258439 -0.61298 -0.746636 0.258812 -0.612917 -0.746558 -0.18028 -0.566366 -0.804194 -0.234605 -0.465915 -0.853161 0.499678 -0.549618 -0.669509 0.499991 -0.549503 -0.669369 0.706838 -0.448762 -0.546802 0.707106 -0.448592 -0.546595 0.143668 0.979692 0.139865 0.143364 0.980888 0.131552 0.0829775 0.826123 -0.557348 0.0852061 0.835989 -0.542091 -0.386058 -0.692728 -0.609169 -0.387272 -0.677203 -0.625633 0.8658 -0.317306 -0.38692 0.866024 -0.31706 -0.38662 0.965796 -0.164215 -0.200679 0.96593 -0.163897 -0.200292 0.660811 -0.560808 -0.498822 0.777232 -0.553329 -0.299561 0.964131 -0.211143 -0.160844 0.97723 -0.176368 -0.117963 0.870003 0.307323 0.385549 0.86549 0.324901 0.381268 0.659297 -0.378559 -0.649631 0.493781 -0.540796 -0.68097 0.482658 -0.545208 -0.685412 0.576529 -0.424643 -0.698064 0.941929 0.105807 0.318708 0.849106 0.285958 0.444124 0.945323 0.227123 -0.23405 0.908558 -0.0551358 -0.414105 0.941711 0.139688 -0.306051 0.724026 0.396155 0.564666 0.559815 0.392406 0.729812 0.979721 -0.0831947 0.182276 0.798171 -0.212224 -0.563812 0.852078 0.37031 0.369911 0.087002 -0.484791 -0.870292 0.301541 -0.530241 -0.792413 0.930366 0.332868 0.153681 -0.148481 -0.444543 -0.883366 0.949308 0.30585 -0.0726035 0.299914 -0.672293 -0.676811 -0.444541 -0.293462 -0.846323 -0.350696 -0.34172 -0.871917 0.944315 0.0427523 -0.326254 0.919362 0.270702 -0.285473 0.0811307 -0.752134 -0.653997 0.70475 0.445176 0.552399 0.519187 0.578059 0.629519 0.847991 -0.522079 -0.0913478 -0.173579 -0.74755 -0.641123 0.608018 -0.668794 -0.427819 0.595829 -0.58289 -0.552474 0.548757 -0.557056 -0.623342 0.549923 -0.586874 -0.594276 0.235082 -0.164793 -0.957904 0.103213 -0.0187012 -0.994484 0.38615 -0.206807 -0.898954 0.449014 -0.288006 -0.845836 0.887599 0.443686 0.123735 0.872886 0.413375 0.259212 0.375332 -0.652816 -0.657994 0.0515323 0.171547 -0.983827 0.36203 -0.117905 -0.92468 0.882279 0.470724 0.00138474 0.265111 -0.744153 -0.61315 0.0971563 0.349025 -0.932063 0.375881 -0.0435585 -0.925644 0.606896 -0.669811 -0.42782 0.640984 -0.702763 -0.308648 0.265948 0.0850012 0.960233 0.392252 0.302308 0.868763 0.587767 0.286831 0.756477 0.50951 0.221385 0.831498 0.23279 0.457348 -0.858278 0.421468 -0.00274719 -0.906839 0.55202 -0.626158 -0.550636 0.66863 0.346026 0.658179 0.40908 0.45476 -0.791105 0.478824 -0.0097248 -0.877857 0.559942 0.34402 -0.753734 0.640639 0.162732 -0.750399 0.541628 -0.158714 -0.825499 0.524184 -0.0653908 -0.849091 0.753368 0.379052 0.53736 0.627592 -0.0375991 -0.777634 0.518636 -0.273216 -0.810167 0.825392 0.397038 0.401358 0.650475 -0.297129 -0.698997 0.239303 -0.477679 -0.845315 0.35247 -0.538986 -0.765022 0.50194 -0.413822 -0.759478 0.499825 -0.429275 -0.752262 0.49645 -0.453113 -0.740423 0.491367 -0.483544 -0.724392 0.484787 -0.518187 -0.704602 0.47766 -0.554375 -0.68155 0.471525 -0.58935 -0.655997 0.468242 -0.620496 -0.629074 0.46956 -0.645455 -0.602413 0.476486 -0.662329 -0.578171 0.488797 -0.66983 -0.558932 0.504739 -0.667697 -0.547192 0.521433 -0.656654 -0.544897 0.535846 -0.638285 -0.552685 0.545681 -0.614448 -0.569813 0.543298 -0.526279 -0.654108 0.535176 -0.495879 -0.683879 0.526123 -0.467399 -0.710445 0.517734 -0.442546 -0.732191 0.51106 -0.423188 -0.748151 0.506537 -0.411118 -0.757893 0.503798 -0.407725 -0.761543 0.343434 -0.842492 -0.415043 0.342388 -0.887033 -0.309748 0.559745 -0.486656 -0.67071 0.369983 -0.901195 -0.225741 0.421713 -0.889007 -0.178393 0.490336 -0.402741 -0.772898 0.485917 -0.85578 -0.177553 0.455626 -0.53756 -0.709531 0.547245 -0.806209 -0.224835 0.411367 -0.662463 -0.626034 0.591112 -0.743427 -0.312893 0.369694 -0.766574 -0.525062 -0.127878 0.826236 -0.548618 -0.110921 0.811059 -0.574352 -0.0885836 0.789793 -0.606943 -0.0713748 0.772434 -0.631072 -0.267801 0.16119 -0.949895 -0.323898 -0.0536606 -0.944569 -0.382826 -0.724454 -0.573246 -0.372377 -0.789469 -0.487928 0.0440557 0.97103 -0.234861 0.0336272 0.972749 -0.22941 -0.0791689 0.351424 -0.932863 0.0244295 0.349554 -0.936598 -0.299134 0.494421 -0.816129 -0.359477 0.537805 -0.762589 0.444327 0.816634 -0.368351 0.426837 0.841751 -0.330554 -0.206761 -0.14826 -0.967093 -0.344162 -0.0228799 -0.938631 -0.686881 0.49585 -0.531344 -0.646942 0.337111 -0.683976 0.0596746 0.97645 -0.207328 0.224867 0.37501 -0.899335 -0.84646 0.525029 0.0886028 -0.777285 0.554004 0.298173 -0.887553 0.458427 -0.0457599 -0.865743 0.341378 -0.365992 -0.429349 0.644938 -0.632229 0.479558 0.762635 -0.434064 -0.4337 0.11545 -0.893631 -0.622511 0.69089 -0.367628 -0.659636 0.563932 0.496851 -0.770602 0.540255 0.338077 -0.435411 0.703315 -0.56193 0.49907 0.730993 -0.46538 -0.454746 0.259807 -0.851884 -0.465325 0.853552 -0.234355 -0.493653 0.563621 0.662298 -0.512673 0.564697 0.646748 -0.347637 0.937586 0.00901807 -0.217741 0.975936 -0.0117359 0.543157 0.756177 -0.364935 0.477339 0.831564 -0.283988 -0.406476 0.382872 -0.82957 -0.238857 0.958326 -0.156713 -0.299037 0.534605 0.790427 -0.170301 0.501667 0.848132 -0.0929834 0.995039 -0.0353737 0.560636 0.646205 -0.51779 -0.306194 0.452873 -0.837348 0.0192715 0.988385 -0.150741 -0.0978082 0.462395 0.881263 0.19186 0.331195 0.92385 -0.00128127 0.996047 -0.0888237 0.510573 0.535762 -0.672513 -0.193485 0.447036 -0.87334 0.264249 0.939195 -0.219286 0.0489529 0.987018 -0.152965 0.394354 0.440554 -0.806472 -0.158802 0.399082 -0.903059 0.367047 0.885671 -0.284364 -0.442914 -0.437397 -0.78263 -0.469088 -0.340193 -0.815 -0.359207 -0.592507 -0.721045 -0.381999 -0.412687 -0.826901 -0.32787 -0.071574 -0.942007 -0.383392 -0.719549 -0.579016 -0.389623 -0.63157 -0.670308 -0.197342 -0.962101 0.188197 -0.197017 -0.961987 0.189115 -0.348109 -0.171532 -0.921627 -0.3955 -0.162541 -0.903969 -0.37967 -0.38871 -0.839497 -0.389402 -0.637731 -0.664579 -0.270892 0.15075 -0.950732 -0.373089 -0.786005 -0.49295 -0.207112 -0.965015 0.16078 -0.35274 -0.197166 -0.914713 -0.381995 -0.731257 -0.565105 -0.397116 -0.536435 -0.744672 -0.231422 0.275734 -0.93296 -0.36207 -0.830979 -0.422349 -0.208137 0.342 -0.91636 -0.197341 0.371156 -0.907359 -0.348259 -0.870521 -0.34772 -0.353187 -0.857929 -0.373117 -0.229482 -0.96862 0.0954615 -0.361416 -0.249085 -0.898518 -0.327872 -0.910262 -0.252832 -0.197015 0.372006 -0.907081 -0.348105 -0.8709 -0.346923 -0.267797 -0.963124 -0.0260161 -0.372378 -0.325629 -0.86908 -0.27089 -0.961922 -0.0363941 -0.207106 0.34483 -0.915532 -0.352747 -0.859127 -0.370769 -0.323879 -0.91626 -0.235732 -0.382821 -0.421935 -0.821839 -0.231432 -0.968714 0.0896203 -0.472221 -0.254289 -0.844005 -0.229503 0.281381 -0.931748 -0.361414 -0.83319 -0.418539 -0.379665 -0.748229 -0.544066 -0.3894 -0.528328 -0.754478 -0.208132 -0.965279 0.15785 -0.444642 -0.191191 -0.875066 -0.797062 -0.596905 -0.091634 -0.879544 -0.470909 0.0681674 -0.986699 -0.103204 -0.125593 -0.861147 0.2082 -0.463766 -0.884867 0.27942 -0.372738 -0.793353 -0.386491 -0.470336 -0.883757 0.426182 -0.193243 -0.874478 0.458823 -0.157384 -0.772249 0.403352 0.490855 -0.853183 0.516111 -0.0755558 -0.896141 -0.251229 0.365808 -0.855347 -0.161749 0.492158 -0.819664 0.572623 0.0159293 -0.33583 -0.174843 -0.925553 -0.441309 -0.139161 -0.886499 -0.794559 -0.0842884 0.601309 -0.766918 0.631047 0.116694 -0.62848 -0.0485848 -0.776307 -0.755998 -0.0529348 0.65243 -0.686995 0.691647 0.222851 -0.572288 0.752012 0.327053 -0.486823 0.770594 0.411326 -0.771809 0.069984 -0.631992 -0.733006 -0.650659 -0.198354 -0.278891 -0.947944 0.153695 0.253321 -0.963306 -0.0887195 0.60673 -0.752607 -0.255853 0.235495 -0.206641 0.949654 0.587122 0.0254022 0.8091 -0.234103 -0.425276 0.874263 0.471054 -0.882052 -0.00962329 0.284376 -0.865891 -0.411538 0.572067 -0.633713 0.520718 0.134479 0.791844 -0.595733 0.110549 0.794141 -0.597594 0.0791721 0.796451 -0.599498 0.0551046 0.797692 -0.600542 -0.533005 0.653715 -0.53718 -0.276589 -0.203473 -0.9392 -0.446832 0.201915 -0.871534 0.0302148 -0.804439 0.593266 -0.0503817 -0.830453 0.554806 -0.00169554 -0.815582 0.578639 0.87443 -0.344767 -0.341332 0.869535 -0.197335 -0.452733 0.842824 -0.0634294 -0.534438 0.848354 -0.11991 -0.515671 0.75596 0.111374 -0.645073 0.660894 0.267385 -0.70123 0.807041 0.11132 -0.579908 0.82093 0.0537502 -0.568494 0.481019 -0.866881 -0.130914 0.582235 -0.807088 -0.0980353 0.828917 -0.294157 -0.475782 0.817618 -0.316348 -0.481066 0.93896 0.233118 -0.253002 0.985302 0.0913613 -0.144336 0.98563 0.104259 -0.132902 0.943973 0.201781 -0.261151 -0.405687 0.0215886 0.913757 -0.405623 0.0215885 0.913786 -0.571024 0.022059 0.820637 -0.571085 0.022059 0.820594 -0.715513 0.0234558 0.698205 -0.715574 0.0234558 0.698143 -0.83397 0.0260722 0.551193 -0.834 0.0260723 0.551148 0.666638 0.6211 -0.412102 0.770009 0.500476 -0.39574 0.783921 0.485244 -0.387307 0.686557 0.603867 -0.404949 0.776634 -0.610269 -0.15624 0.842247 -0.483677 -0.238071 0.849458 -0.172858 -0.498539 0.846151 -0.220673 -0.48511 -0.922841 0.0277823 0.384177 -0.922871 0.0277821 0.384106 0.830371 -0.502158 0.241496 0.722389 -0.643226 0.253801 0.741397 -0.625717 0.242504 0.842488 -0.486883 0.230562 -0.933358 -0.03034 0.357662 -0.933388 -0.0303385 0.357585 -0.984047 -0.0277318 0.175736 -0.984034 -0.027732 0.175807 -0.999651 -0.0237045 -0.0116676 -0.999652 -0.0237038 -0.0116014 0.828402 -0.0444511 -0.558368 0.833353 -0.00501049 -0.552719 -0.979661 -0.0213974 -0.199518 -0.979674 -0.0213975 -0.199454 -0.924442 -0.0201799 -0.380788 -0.924464 -0.0201804 -0.380736 0.99818 -0.0541733 -0.0265141 0.975358 -0.202805 0.0868737 0.977275 -0.195801 0.0812159 0.998239 -0.0522642 -0.028073 -0.835779 -0.019783 -0.548709 -0.835815 -0.019783 -0.548655 -0.716708 -0.0201287 -0.697082 -0.716763 -0.0201287 -0.697027 0.552299 0.406344 -0.727909 0.791475 0.164856 -0.588548 -0.571688 -0.0204642 -0.820216 -0.571745 -0.0204655 -0.820176 0.86445 0.370093 -0.340231 0.872618 0.358016 -0.332209 0.68583 -0.719839 -0.107089 0.838953 -0.261691 -0.477153 0.5709 0.70751 -0.416537 0.595366 0.690381 -0.41099 0.917823 -0.353209 0.181228 0.923935 -0.341578 0.172244 0.427842 -0.890496 -0.154818 0.811231 -0.326663 -0.484969 0.231584 0.880591 0.413436 0.1877 0.880883 0.434526 0.329895 0.639028 0.694847 0.396626 0.639606 0.658477 0.626635 -0.734609 0.26015 0.65056 -0.717378 0.249279 0.98901 0.0392914 -0.142534 0.969755 0.153139 -0.190065 -0.985194 -0.115586 0.126622 -0.994947 -0.0884481 -0.0475087 -0.991761 -0.0819573 -0.0984559 -0.992405 -0.107597 0.0596216 -0.973641 -0.0595189 -0.220183 -0.965697 -0.0552639 -0.253723 -0.920597 -0.0352239 -0.388921 -0.912532 -0.0327422 -0.407692 -0.837335 -0.0131575 -0.546533 -0.833158 -0.0122392 -0.5529 -0.726827 0.00840718 -0.68677 -0.730154 0.00782238 -0.683238 -0.592835 0.0299996 -0.804765 -0.606821 0.0279401 -0.794347 0.407766 0.87971 0.244616 0.378236 0.880883 0.284575 0.620428 0.639736 0.453659 0.663932 0.637741 0.390487 0.311322 0.880759 0.35685 0.518512 0.639678 0.567412 0.851819 -0.497721 -0.163337 0.813036 -0.560954 -0.155897 0.743655 -0.65318 -0.142594 0.793023 -0.589908 -0.152062 0.783096 -0.6035 -0.150159 0.707232 -0.693853 -0.135612 0.812693 0.561466 -0.15584 0.851389 0.498482 -0.163258 0.792475 0.59067 -0.151961 0.743225 0.653686 -0.142518 0.895368 0.4109 -0.17169 0.85185 0.497664 -0.163345 0.938041 0.296186 -0.179868 0.913496 0.367211 -0.175161 0.96275 0.197564 -0.184608 0.982107 0.00100197 -0.188323 0.970258 -0.154872 -0.186049 0.963116 -0.195708 -0.184679 0.938428 -0.29491 -0.179944 0.914079 -0.365703 -0.175275 0.895816 -0.409888 -0.171774 0.852469 -0.496565 -0.163462 -0.710347 -0.0201312 -0.703564 -0.564108 -0.0204425 -0.825448 -0.595591 -0.0205174 -0.803026 -0.736564 -0.0201286 -0.676068 -0.396702 0.0215643 0.917694 -0.562832 0.022054 0.826277 -0.596739 0.0220575 0.802132 -0.433795 0.0216484 0.900752 -0.708087 0.023449 0.705735 -0.738632 0.0234572 0.6737 -0.827417 0.0260656 0.560983 -0.85402 0.0260812 0.519587 -0.917939 0.0278073 0.395747 -0.937401 0.0276683 0.347151 -0.93821 -0.0303662 0.344732 -0.986166 -0.0277259 0.163424 -0.976257 -0.0277515 0.214829 -0.916977 -0.030202 0.397796 -0.999469 -0.0236939 -0.0223586 -0.999469 -0.0237061 0.0223702 -0.977684 -0.0213895 -0.20899 -0.985325 -0.0213959 -0.169345 -0.920937 -0.0201741 -0.389189 -0.935089 -0.0201769 -0.353839 -0.830853 -0.0197785 -0.55614 -0.851034 -0.019779 -0.524738 -0.73345 0.676112 0.070167 -0.777034 0.625055 0.0743359 -0.811971 0.578506 0.0776781 -0.77248 0.630725 0.0739007 -0.832757 0.547877 0.0796667 -0.861078 0.501756 0.0823761 -0.895522 0.436693 0.0856717 -0.914517 0.394973 0.0874888 -0.953898 0.28592 0.091254 -0.962416 0.255497 0.092069 -0.990461 0.10004 0.094756 -0.991534 0.0886685 0.094859 -0.990424 -0.10041 0.0947518 -0.991502 -0.0890301 0.0948545 -0.953805 -0.286233 0.091246 -0.962347 -0.25576 0.0920629 -0.895407 -0.436932 0.0856588 -0.914418 -0.395206 0.0874777 -0.832639 -0.548057 0.0796578 -0.860981 -0.501924 0.0823691 -0.776945 -0.625166 0.0743241 -0.811894 -0.578616 0.0776671 -0.73338 -0.676189 0.0701568 -0.772426 -0.630792 0.0738925 -0.436176 0.021654 0.899601 -0.598894 0.0220581 0.800524 -0.560611 0.0220541 0.827786 -0.394298 0.0215591 0.918729 -0.740562 0.0234578 0.671578 -0.706076 0.0234487 0.707747 -0.855667 0.026078 0.516869 -0.825635 0.0260604 0.563602 -0.938566 0.02766 0.34399 -0.916591 0.0278167 0.398858 -0.915514 -0.0301899 0.401151 -0.975535 -0.0277433 0.218085 -0.986717 -0.0277144 0.160067 -0.939485 -0.0303763 0.341241 -0.9994 -0.0237075 0.0252584 -0.9994 -0.0236933 -0.0252433 -0.985769 -0.0213971 -0.166739 -0.977144 -0.0213899 -0.211501 -0.935958 -0.0201779 -0.351533 -0.91998 -0.0201747 -0.391445 -0.852298 -0.0197795 -0.522682 -0.829512 -0.0197795 -0.558138 -0.738223 -0.020123 -0.674256 -0.708631 -0.0201261 -0.705292 -0.597603 -0.0205237 -0.801529 -0.562056 -0.0204382 -0.826847 -0.396702 0.0215644 0.917694 -0.562831 0.0220541 0.826277 -0.596739 0.0220576 0.802132 -0.433795 0.0216486 0.900752 0.779999 0.607644 -0.149565 0.824063 0.544013 -0.158017 0.792475 0.59067 -0.15196 0.743224 0.653688 -0.142514 0.875541 0.453035 -0.167889 0.851851 0.497663 -0.163346 0.92707 0.330059 -0.177769 0.913496 0.367208 -0.175166 0.966827 0.175717 -0.185391 0.962751 0.197562 -0.18461 0.982106 0.00085187 -0.188325 0.982106 0.00100034 -0.188325 0.967115 -0.174061 -0.185448 0.963115 -0.19571 -0.18468 0.927551 -0.328656 -0.177861 0.914077 -0.365705 -0.175277 0.876066 -0.451982 -0.167987 0.852469 -0.496565 -0.163463 0.824552 -0.543244 -0.15811 0.793022 -0.589909 -0.152064 0.7804 -0.60711 -0.149643 0.743653 -0.653181 -0.142597 0.74705 -0.64915 -0.143247 0.707232 -0.693853 -0.135612 -0.777033 0.625055 0.0743352 -0.832757 0.547877 0.079668 -0.886332 0.455221 0.0847935 -0.844105 0.530061 0.0807516 -0.708087 0.0234491 0.705735 -0.738632 0.0234571 0.6737 -0.827419 0.0260621 0.560981 -0.854018 0.0260777 0.51959 -0.917938 0.0278079 0.395748 -0.937402 0.0276694 0.34715 -0.93821 -0.0303663 0.344732 -0.986165 -0.0277162 0.163433 -0.97626 -0.0277418 0.21482 -0.916977 -0.0302011 0.397795 -0.999469 -0.0236936 -0.0223583 -0.999469 -0.0237062 0.0223702 -0.977684 -0.0213895 -0.20899 -0.985325 -0.0213959 -0.169345 -0.920937 -0.0201741 -0.389189 -0.935089 -0.0201769 -0.353839 -0.830853 -0.0197786 -0.55614 -0.851034 -0.019779 -0.524738 -0.710347 -0.0201312 -0.703564 -0.736564 -0.0201286 -0.676068 -0.564108 -0.0204425 -0.825448 -0.595591 -0.0205174 -0.803026 0.531716 -0.637423 0.557648 0.422949 -0.637414 0.644063 -0.364515 -0.728924 -0.579481 -0.472415 -0.728937 -0.495454 -0.895523 0.436691 0.0856744 -0.93086 0.354358 0.089055 -0.953899 0.285919 0.0912559 -0.969507 0.226835 0.0927493 -0.990461 0.100034 0.0947612 -0.992405 0.0782156 0.0949473 -0.990424 -0.100413 0.0947542 -0.99238 -0.0785413 0.0949407 -0.953807 -0.28623 0.0912423 -0.969449 -0.227086 0.0927384 -0.895406 -0.436933 0.0856603 -0.930787 -0.354551 0.0890452 -0.832642 -0.548054 0.0796535 -0.886247 -0.455388 0.0847815 -0.776944 -0.625167 0.0743264 -0.84403 -0.530183 0.0807444 -0.73338 -0.676189 0.0701557 -0.809189 -0.582427 0.0774078 -0.73345 0.676113 0.0701653 -0.809233 0.582365 0.077415 0.912904 0.368731 -0.175052 0.96257 0.198472 -0.184577 0.887355 0.428542 -0.170154 0.719488 0.680664 -0.137964 0.363973 -0.635128 0.681275 -0.305381 -0.727829 -0.61401 0.191815 -0.634207 0.748992 0.123355 -0.637261 0.760712 -0.149127 -0.728795 -0.668296 -0.215643 -0.728315 -0.650427 -0.014036 -0.637359 0.770439 -0.012265 -0.728891 -0.68452 -0.150466 -0.63742 0.755683 0.125494 -0.728934 -0.672983 -0.281973 -0.637413 0.717075 0.258268 -0.728938 -0.633993 -0.404718 -0.637369 0.655716 0.3804 -0.728886 -0.569229 -0.51505 -0.637257 0.573261 0.486764 -0.728791 -0.481584 -0.566306 -0.634204 0.526387 0.533062 -0.728309 -0.430594 0.663179 -0.635134 0.395978 0.623218 -0.637399 0.453125 -0.561473 -0.728931 -0.391673 -0.598776 -0.727835 -0.334251 -0.922718 -0.30271 0.238657 -0.842938 -0.535083 -0.0560458 -0.848661 -0.151705 0.506714 -0.841032 -0.0827302 0.534622 0.982106 0.000995182 -0.188325 0.982104 0.00230095 -0.188325 0.962938 -0.196615 -0.184646 0.888936 -0.425133 -0.170456 0.913492 -0.367219 -0.175164 0.72107 -0.678926 -0.138267 0.851456 -0.498362 -0.163271 0.585587 -0.802794 -0.112289 0.791698 -0.59175 -0.151811 0.493762 -0.864427 -0.0946802 0.742131 -0.654974 -0.142306 0.433955 -0.897083 -0.0832133 0.705596 -0.695578 -0.135299 0.396259 -0.914989 -0.0759858 0.741684 0.655498 -0.142219 0.791147 0.592513 -0.151707 0.493015 0.864869 -0.094538 0.433475 0.897324 -0.0831182 0.850838 0.499455 -0.163152 0.584476 0.803633 -0.112076 -0.750976 -0.385803 0.535902 -0.744457 -0.404425 0.531247 -0.813995 9.46361e-08 0.580872 -0.661326 -0.696222 -0.279148 -0.848667 -0.217152 0.482297 -0.498729 -0.764562 -0.408306 -0.823657 -0.286523 0.489381 -0.860957 0.507013 0.0411113 -0.923443 0.298968 -0.240563 -0.867891 0.0608705 -0.493011 -0.890086 0.118734 -0.440055 -0.843717 0.0116382 -0.536662 -0.83852 0.00226551 -0.544866 -0.613504 -0.27818 -0.739073 -0.803173 -0.0562851 -0.59308 -0.330677 -0.492676 -0.804936 -0.763742 -0.114181 -0.635343 0.41747 0.00566782 -0.908673 0.646213 0.294109 -0.704207 0.465723 0.0597767 -0.882909 0.413169 0.00109722 -0.910654 0.747206 0.503959 -0.433254 0.512879 0.117747 -0.850348 -0.618555 0.268409 0.738476 -0.844318 -0.0145819 0.535644 -0.826697 -0.0118316 0.562522 -0.808698 0.0606042 0.585094 -0.761159 -0.354408 0.543168 -0.805358 0.145284 0.574709 -0.794183 0.219282 0.566735 -0.742235 -0.410547 0.529658 0.850886 -8.55906e-08 -0.525351 -0.990206 0.0851241 -0.11066 -0.987454 0.13042 0.0890251 -0.893365 0.180843 0.411333 -0.985605 0.124512 0.114363 0.0613295 0.629487 0.774587 0.0599321 0.650687 0.756977 0.0626283 0.60852 0.791063 0.0639026 0.586983 0.807073 0.512803 0.80584 0.296065 -0.65675 0.651848 -0.379175 -0.578064 0.65066 -0.492426 0.383799 0.80489 0.452604 -0.682907 -0.0256465 0.730055 -0.51379 0.0123512 0.857827 -0.485489 0.0180527 0.874056 -0.730555 -0.0375177 0.681822 0.0500504 0.610128 0.790721 0.0660603 0.547278 0.83434 0.0681219 0.505066 0.860388 0.0648273 0.570418 0.818793 -0.477989 0.647362 -0.593674 0.213035 0.802246 0.557689 -0.0729926 -0.0561488 0.995751 0.133815 -0.0968999 0.986258 0.375331 -0.136375 0.916803 0.0754186 -0.082115 0.993765 0.0758581 0.27614 0.958119 0.0787444 0.0676877 0.994594 0.0787779 0.0605995 0.995049 0.0764409 0.248997 0.965483 -0.422138 0.632842 -0.649085 0.11372 0.805173 0.582035 -0.646944 0.0615252 0.760051 -0.475534 0.0214471 0.879436 -0.52449 0.0313604 0.850839 -0.760229 0.0899435 0.643399 0.0740305 -0.346743 0.935034 0.0689337 -0.487233 0.870547 0.0706234 -0.446725 0.89188 0.0749381 -0.314093 0.94643 0.13423 0.805688 0.576931 -0.0296572 0.642417 -0.765781 0.057958 0.650763 -0.757066 0.0467996 0.804953 0.59149 -0.987549 -0.0959152 -0.124688 -0.987137 -0.142175 0.07312 -0.884444 -0.196089 0.423447 -0.981715 -0.140193 0.128766 0.0613307 -0.629486 0.774588 0.0599334 -0.650687 0.756977 0.0626319 -0.608519 0.791063 0.0639037 -0.586982 0.807074 0.225108 0.651562 -0.724426 -0.12987 0.805608 0.578039 -0.320473 0.0498228 0.945947 -0.19295 0.0727809 0.978506 0.379174 0.651848 -0.656751 -0.296067 0.80584 0.512802 -0.731061 0.0268036 -0.681785 -0.858837 -0.0108598 -0.512135 -0.873116 -0.0158762 -0.487254 -0.68065 0.0391935 -0.73156 0.0779749 0.154379 0.98493 0.0740317 0.346743 0.935034 0.0749382 0.314093 0.94643 0.0781635 0.138459 0.987279 0.514814 0.651564 -0.557163 -0.435668 0.805601 0.401497 -0.119469 0.0919009 0.988575 0.0828067 0.135028 0.987376 0.416119 0.186843 0.889907 0.12319 0.134128 0.983277 0.0644095 0.577926 0.813544 0.0666621 0.535316 0.842017 0.626669 0.650752 -0.428729 -0.535641 0.804958 0.25521 -0.909983 -0.114893 0.39841 -0.814626 -0.070224 0.575719 -0.904768 -0.102834 0.413303 -0.980868 -0.160411 0.110302 0.0408113 0.643627 0.76425 0.0629437 0.603289 0.795035 0.678017 0.642417 -0.357203 -0.566755 0.805688 0.172209 -0.865102 0.00142689 -0.501593 -0.950416 0.0399632 -0.308402 -0.97678 0.0584428 -0.20612 -0.866979 0.00208238 -0.49834 0.0709552 0.437975 0.896183 0.0723505 0.399668 0.9138 0.593921 -0.802211 -0.0609524 -0.75049 -0.649861 0.120186 -0.758242 -0.651774 0.0161227 0.592088 -0.805767 0.013091 -0.406466 -0.12177 -0.905515 -0.584469 -0.0787622 -0.807584 -0.402288 -0.115114 -0.908247 -0.101514 -0.169491 -0.980289 0.0779719 -0.154381 0.98493 0.0781591 -0.138459 0.987279 -0.733918 -0.651845 -0.190952 0.57079 -0.805835 0.157569 -0.27884 -0.0160489 0.960203 -0.237834 -0.0234657 0.971022 0.064412 -0.577925 0.813544 0.066666 -0.535315 0.842018 -0.653988 -0.651838 -0.383936 0.515031 -0.805832 0.292193 -0.878398 0.159824 0.450415 -0.779591 0.110807 0.616408 -0.919193 0.161898 0.358989 -0.974357 0.218627 0.0531943 0.0602817 -0.645543 0.761341 0.0623533 -0.613067 0.787567 0.0648243 -0.570417 0.818794 0.0629494 -0.603289 0.795034 -0.524759 -0.651772 -0.54756 0.427917 -0.805775 0.409406 -0.945966 -0.0497803 -0.320421 -0.978497 -0.0727699 -0.192997 0.0709554 -0.437975 0.896183 0.0758604 -0.276141 0.958119 0.0764414 -0.248997 0.965483 0.0723501 -0.399667 0.913801 -0.445697 -0.649854 -0.615665 0.376871 -0.802207 0.463068 -0.393595 0.110783 -0.912584 -0.573954 0.0685135 -0.816016 -0.415656 0.100189 -0.903987 -0.115555 0.154956 -0.98114 0.0787389 -0.0676827 0.994595 0.0787738 -0.060596 0.995049 -0.434236 0.794904 -0.423753 -0.438055 0.768148 -0.466965 0.0689346 0.487233 0.870547 0.0706225 0.446725 0.891879 0.051288 -0.801415 0.595905 -0.132237 -0.65044 -0.747958 -0.0273047 -0.651616 -0.758058 -0.0221735 -0.805638 0.591993 0.182582 -0.65179 -0.736094 -0.164353 -0.80579 0.568938 -0.739281 -0.0363723 -0.672414 -0.670729 -0.0531732 -0.739794 0.379175 -0.651848 -0.65675 -0.296066 -0.80584 0.512802 0.546183 -0.651791 -0.526167 -0.410545 -0.805784 0.426809 0.670156 -0.651605 -0.35539 -0.501589 -0.805642 0.315198 0.713868 -0.65044 -0.259462 -0.541713 -0.801415 0.253536 0.0987763 -0.653674 0.750302 0.108799 -0.552458 0.82641 0.109018 -0.549915 0.828075 0.0990554 -0.651197 0.752416 0.0660543 -0.547275 0.834342 0.0681173 -0.505064 0.86039 0.560917 0.805173 -0.192534 -0.773192 0.632842 -0.0410395 -0.753122 0.647373 -0.117115 0.589497 0.802241 -0.0943499 -0.715487 0.650658 -0.254405 0.583867 0.80489 0.106077 -0.081088 -0.782679 -0.617121 -0.0885151 -0.733729 -0.673651 -0.115896 0.456703 -0.882038 -0.111821 0.513092 -0.851019 -0.967821 0.00817396 0.251508 -0.869428 0.00745346 0.494003 -0.862538 0.00745071 0.505937 -0.963905 0.00819016 0.266122 0.120487 -0.384597 0.915187 0.108797 -0.552462 0.826408 0.109015 -0.549925 0.828069 0.120604 -0.382424 0.916082 0.0920222 0.709194 0.698981 0.0887038 0.733582 0.673787 0.0890181 0.731345 0.676173 0.0923296 0.706845 0.701317 0.120486 -0.384568 0.9152 0.120602 -0.382406 0.91609 0.0987802 -0.653674 0.750302 0.0990594 -0.651191 0.752421 0.129223 -0.140697 0.981583 0.129239 -0.139784 0.981712 0.0920241 -0.709176 0.699 0.0923295 -0.706843 0.701319 0.0887015 0.733601 0.673767 0.092025 0.709174 0.699002 0.0923313 0.706834 0.701328 0.089019 0.731342 0.676176 0.129221 0.140715 0.981581 0.129239 0.139758 0.981715 0.0887043 -0.733582 0.673788 0.0890182 -0.731345 0.676173 0.0987794 0.653675 0.750301 0.0990568 0.651198 0.752415 0.108792 0.552454 0.826413 0.120486 0.384584 0.915193 0.120605 0.382409 0.916088 0.109011 0.549911 0.828079 0.120485 0.384599 0.915187 0.120603 0.382425 0.916082 0.088704 -0.733586 0.673783 0.0890184 -0.731342 0.676176 0.129228 0.140702 0.981582 0.129244 0.13979 0.98171 0.108797 0.552478 0.826397 0.109017 0.549924 0.828069 0.0920203 -0.709172 0.699004 0.0923265 -0.706833 0.701329 0.129226 -0.140704 0.981582 0.129244 -0.139753 0.981716 0.098779 0.653674 0.750302 0.0990579 0.651192 0.75242 0.700858 0.649958 -0.293858 0.652933 0.706209 -0.273766 0.744355 0.590364 -0.312099 0.781288 0.531301 -0.327581 0.0357644 0.0386827 0.998611 0.294681 0.0406378 0.954731 0.221728 0.0410404 0.974244 -0.0357249 0.0386401 0.998614 -0.701305 -0.0087968 -0.712807 -0.861976 -0.00863434 -0.506876 -0.86996 -0.00863597 -0.493048 -0.712807 -0.00879729 -0.701305 -0.711257 0.00638916 0.702903 -0.702903 0.0063898 0.711257 -0.262682 -0.00436892 -0.964872 -0.503245 -0.00408803 -0.864134 -0.496716 -0.00408868 -0.867904 -0.254885 -0.00436259 -0.966962 -0.504764 0.0059744 0.863237 -0.495178 0.0059758 0.868771 -0.709529 -0.00371872 -0.704667 -0.704665 -0.00372031 -0.70953 -0.963683 -0.00910173 -0.266894 -0.9999 -0.0103893 -0.00960555 -0.9999 -0.0103921 0.00960809 -0.968028 -0.00910202 -0.250676 -0.264135 0.00600013 0.964467 -0.253419 0.00599886 0.967338 -0.867702 -0.00364606 -0.497072 -0.864331 -0.00364533 -0.50291 -0.968516 -0.0113062 0.248696 -0.963113 -0.0112749 0.268863 -0.0059847 0.00647318 0.999961 0.00598429 0.00647274 0.999961 -0.966828 -0.0038318 -0.255399 -0.964995 -0.00382992 -0.262241 0.25266 0.00684571 0.967531 0.264877 0.00683431 0.964258 -0.999982 -0.00437016 0.00404048 -0.999982 -0.0043715 -0.00404171 -0.470861 0.0356513 0.881487 -0.226507 0.0357977 0.973351 -0.290437 0.0357855 0.956225 -0.527961 0.0356611 0.848519 -0.249565 -0.0102957 -0.968303 -0.492191 -0.00967227 -0.870433 -0.507678 -0.00966939 -0.861493 -0.267978 -0.0103215 -0.96337 -0.964766 -0.00475702 0.263067 -0.967045 -0.00476723 0.254561 -0.681188 0.0381812 0.731112 -0.731135 0.0382187 0.681162 -0.106527 0.0844892 0.990714 0.10534 0.121863 0.986941 0.398102 0.15919 0.903423 0.109393 0.115526 0.987262 0.698904 -0.652427 -0.293039 0.768937 -0.55208 -0.322402 0.829611 -0.43675 -0.347842 0.779828 -0.533815 -0.326969 0.912571 0.144272 -0.382623 0.913741 -0.135281 -0.383115 0.917631 -0.0996116 -0.384748 0.91699 0.106336 -0.384476 0.629161 0.73114 -0.263799 0.725105 0.617893 -0.304026 0.850806 -0.385839 -0.356732 0.881686 -0.293201 -0.36968 0.853409 -0.37902 -0.357822 0.883242 -0.287644 -0.37033 0.771567 -0.547751 -0.323503 0.700858 -0.649958 -0.29386 0.781287 -0.5313 -0.327583 0.831368 -0.432806 -0.348577 0.62877 0.731537 -0.263634 0.724787 0.618331 -0.303892 0.912567 -0.14428 -0.382629 0.916987 -0.106341 -0.384481 0.652933 -0.706209 -0.273765 0.744356 -0.590364 -0.312096 0.651772 0.707469 -0.273278 0.743433 0.59173 -0.31171 0.913741 0.13528 -0.383116 0.917631 0.0996127 -0.384746 0.629162 -0.731141 -0.263797 0.725105 -0.617893 -0.304024 0.698905 0.652427 -0.293039 0.779829 0.533815 -0.326969 0.853409 0.379023 -0.357819 0.883242 0.287644 -0.37033 0.628783 -0.731524 -0.26364 0.724787 -0.618331 -0.303893 0.768936 0.552081 -0.322403 0.829611 0.43675 -0.347843 0.771552 0.547771 -0.323504 0.831367 0.432802 -0.348585 0.651771 -0.707469 -0.273278 0.743432 -0.59173 -0.311711 0.850807 0.385838 -0.35673 0.881688 0.293199 -0.369677 -0.288228 0.537316 -0.792601 -0.201875 0.543119 -0.815026 -0.821174 -9.29752e-08 -0.570678 -0.735051 -0.0324232 -0.677236 -0.86608 -7.3418e-05 -0.499905 -0.865971 -0.000104606 -0.500094 -0.676087 -0.0443548 -0.735486 -0.794845 0.0963212 0.599119 -0.656649 0.0536346 0.752287 -0.75263 0.0733965 0.65434 -0.914076 0.131951 0.383475 -0.370538 0.0942147 -0.924026 -0.561226 0.058089 -0.825622 -0.431766 0.0795277 -0.898473 -0.141126 0.124453 -0.982138 -0.953873 0.0328327 -0.29841 -0.975093 0.0449303 -0.217197 -0.478743 0.019234 0.877745 -0.521258 0.0263127 0.852993 -0.726588 0.0223636 -0.68671 -0.685992 0.0305954 -0.726965 -0.99336 0.0714927 -0.090141 -0.990861 0.0979448 0.0927454 -0.274345 -0.0128214 0.961546 -0.242673 -0.0175382 0.96995 -0.859729 -0.00982995 -0.510656 -0.872236 -0.0134409 -0.488901 -0.98658 0.110164 0.120515 -0.911153 0.144595 0.385865 -0.059393 -0.0471057 0.997123 0.0610551 -0.0644777 0.99605 -0.949515 -0.0431703 -0.310737 -0.977208 -0.05907 -0.203902 -0.925779 -0.0910898 0.366929 -0.829024 -0.0535892 0.556639 -0.896354 -0.0734484 0.437212 -0.982068 -0.120473 0.145009 0.156796 -0.0818867 0.984231 0.355297 -0.108698 0.928412 -0.991046 -0.0829701 -0.104612 -0.987678 -0.113637 0.107604 -0.692415 -0.016208 0.721317 -0.721628 -0.0221799 0.691925 -0.517192 0.0159081 0.855722 -0.316426 0.0479622 0.947404 -0.197756 0.0655713 0.978056 -0.481949 0.0217493 0.875929 -0.383952 -0.10588 -0.917262 -0.57217 -0.0689331 -0.817233 -0.418397 -0.0943495 -0.90335 -0.126658 -0.139209 -0.98213 -0.986954 -0.122735 0.104205 -0.902831 -0.160277 0.399008 -0.896379 0.138597 0.421065 -0.979911 0.179813 0.0862582 -0.115537 -0.462117 -0.87926 -0.128257 -0.175226 -0.976138 -0.129808 0.0842875 -0.98795 -0.12646 0.240451 -0.962388 -0.115558 0.461689 -0.879483 -0.100336 0.637844 -0.763602 -0.121222 -0.366337 -0.922552 -0.126461 -0.240166 -0.962459 -0.0810855 0.782679 -0.617121 -0.0885139 0.73373 -0.673651 -0.115895 -0.456704 -0.882037 -0.111818 -0.513092 -0.851019 -0.115527 0.462127 -0.879257 -0.128263 0.175219 -0.976139 -0.129815 -0.0842819 -0.98795 -0.12645 -0.240464 -0.962386 -0.0885329 -0.733601 -0.673789 -0.0810985 -0.782613 -0.617203 -0.111827 0.513012 -0.851066 -0.115904 0.456574 -0.882104 -0.0775701 -0.803408 -0.590354 -0.109655 0.539927 -0.834538 -0.100339 -0.637846 -0.7636 -0.121225 0.366338 -0.922551 -0.100306 -0.638105 -0.763388 -0.121208 0.366566 -0.922463 -0.128274 0.174566 -0.976254 -0.129814 -0.0839869 -0.987975 -0.0775698 0.803408 -0.590355 -0.109654 -0.539928 -0.834538 -0.100307 0.638104 -0.763388 -0.121208 -0.366566 -0.922463 -0.128276 -0.174569 -0.976254 -0.115565 -0.461697 -0.879478 -0.12647 0.240171 -0.962457 -0.129816 0.083988 -0.987975 -0.0775724 -0.803397 -0.590369 -0.109659 0.539889 -0.834563 -0.0885336 0.733601 -0.673789 -0.115907 -0.456553 -0.882114 -0.0775722 0.803397 -0.59037 -0.109658 -0.539889 -0.834563 -0.109791 0.540773 -0.833973 -0.12103 0.374674 -0.919223 -0.0922583 0.120559 -0.98841 -0.0744614 0.193487 -0.978273 0.185546 -0.542898 -0.819045 0.419805 -0.543191 -0.727123 0.5 -1.41093e-07 -0.866026 -0.831706 -0.538095 0.13682 -0.827543 -0.541777 -0.147136 -0.866025 -8.14603e-08 -0.5 0.227754 -0.543156 0.808152 0.140923 -0.537782 0.831223 -0.428789 1.47183e-07 0.903405 0.61653 -0.542918 -0.570203 -0.727124 -0.543191 -0.419803 -0.042265 -0.534552 0.844078 -0.541198 -0.541781 -0.6431 -0.234514 -0.531793 0.813756 0.757116 -0.54213 -0.364514 0.80211 -0.542934 -0.248682 -0.851058 0.513658 -0.108884 -0.817904 0.529165 -0.225871 -0.185687 -0.5429 -0.819012 -0.06288 -0.542128 -0.83794 -0.452887 0.533854 -0.714069 -0.0934268 -0.698344 -0.709639 -0.0901482 -0.723161 -0.684771 -0.13998 -0.326698 -0.934705 -0.168772 -0.301556 -0.938392 -0.121014 0.374695 -0.919217 -0.109797 0.540764 -0.833977 -0.181283 0.193509 -0.964205 -0.166701 0.120545 -0.978611 -0.100054 0.642206 -0.759974 -0.0699795 0.255621 -0.964241 -0.100052 -0.642207 -0.759974 -0.184548 -0.255065 -0.949149 -0.129297 0.136526 -0.982162 -0.142673 0.0412863 -0.988908 -0.0934233 0.698339 -0.709644 -0.0816368 0.301797 -0.949871 -0.109793 -0.540767 -0.833976 -0.184335 -0.192654 -0.963797 -0.129301 -0.13655 -0.982158 -0.114759 -0.0401108 -0.992583 -0.0901485 0.723154 -0.684779 -0.10734 0.326737 -0.939 -0.121014 -0.3747 -0.919215 -0.169981 -0.119476 -0.978178 -0.121011 -0.374658 -0.919232 -0.0889693 -0.119488 -0.988841 -0.100053 -0.642206 -0.759975 -0.10979 -0.540772 -0.833973 -0.0713931 -0.192628 -0.978671 -0.06739 -0.255063 -0.964573 -0.090152 0.72316 -0.684771 -0.139342 0.326728 -0.93479 -0.0934315 -0.698341 -0.709641 -0.0798516 -0.301557 -0.950098 -0.0934245 0.698344 -0.709639 -0.166988 0.301798 -0.938634 -0.12929 0.136538 -0.982162 -0.129295 -0.136529 -0.982162 -0.146046 -0.0401076 -0.988464 -0.11813 0.0412886 -0.992139 -0.0901487 -0.723154 -0.684778 -0.106705 -0.326708 -0.939083 -0.100051 0.642207 -0.759974 -0.181963 0.255622 -0.949498 -0.329346 0.322524 -0.887417 -0.204104 0.111058 -0.972629 0.210329 0.691608 -0.69097 0.151345 0.819673 -0.552477 -0.385911 -0.688833 -0.613662 -0.399315 -0.515931 -0.757867 -0.0514119 -0.104624 -0.993182 0.189567 -0.515931 -0.835392 0.21394 -0.688821 -0.692643 0.0224496 0.888625 -0.458086 -0.33302 -0.316764 -0.88812 0.0918063 -0.31675 -0.944055 -0.140239 0.888625 -0.436668 -0.207388 -0.104613 -0.972649 0.154123 -0.818516 -0.553424 -0.289179 0.819676 -0.494476 -0.0545847 0.111081 -0.992311 0.0235013 -0.888488 -0.458298 0.0884388 0.322511 -0.942425 -0.141315 -0.888488 -0.4366 0.185877 0.520398 -0.833448 -0.292098 -0.818523 -0.494671 -0.395269 0.520404 -0.756929 -0.867827 0.00745696 0.49681 -0.709311 0.00639424 0.704867 -0.707092 0.00639405 0.707092 -0.866007 0.00745616 0.499975 -0.484426 0.0356708 0.874105 -0.241605 0.0358084 0.969714 -0.258636 0.0358107 0.965311 -0.499671 0.0356785 0.86548 -0.863863 -0.00863414 -0.503652 -0.964722 -0.00909956 -0.263113 -0.96589 -0.00910119 -0.258791 -0.865999 -0.00863428 -0.499971 -0.502504 0.00596672 0.864554 -0.49998 0.00596574 0.866016 -0.501739 -0.00409636 -0.865009 -0.708393 -0.00372063 -0.705808 -0.707102 -0.0037207 -0.707102 -0.499985 -0.00409606 -0.866024 -0.999933 -0.0104032 -0.00511212 -0.999946 -0.0104043 1.69508e-09 -0.261645 0.00598996 0.965146 -0.258798 0.00599019 0.965913 -0.866913 -0.00364468 -0.498446 -0.866026 -0.00364491 -0.499986 -0.967291 -0.0113144 0.253416 -0.965869 -0.0113039 0.258786 -0.00318119 0.00647393 0.999974 0 0.00647438 0.999979 -0.958238 0.0490974 0.281724 -0.854008 0.0445614 0.518348 -0.86517 0.0445974 0.499492 -0.964772 0.048962 0.258492 0.255551 0.0068454 0.966771 0.258796 0.00684241 0.965908 -0.260879 -0.00437182 -0.965362 -0.2588 -0.00436963 -0.965921 -0.693189 0.0382092 0.719743 -0.70659 0.0382255 0.70659 -0.253896 -0.0103126 -0.967177 -0.495853 -0.00967902 -0.868353 -0.499966 -0.0096782 -0.865991 -0.258788 -0.0103173 -0.965879 -0.999988 -0.00438097 0.00215279 -0.96531 -0.00475625 0.261061 -0.965919 -0.00475773 0.258799 -0.99999 -0.00438076 7.13717e-10 0.019015 0.0386959 0.99907 0.277891 0.0407681 0.959747 0.258586 0.0408841 0.965123 -0 0.0386937 0.999251 -0.704014 -0.00880408 -0.710132 -0.707079 -0.00880483 -0.707079 -0.96693 0.00818565 0.254911 -0.965898 0.00818736 0.258794 0.930092 0.356022 -0.0904311 0.939981 0.338957 -0.0392987 0.935649 0.347979 -0.0589172 0.917405 0.373983 -0.136032 -0.778793 -0.0397583 -0.62602 -0.719364 -0.036732 -0.693661 -0.686135 -0.0350254 -0.726631 -0.69504 -0.0354834 -0.718095 -0.662331 -0.0338147 0.748448 -0.695988 -0.0355338 0.717174 -0.739429 -0.0377524 0.672176 -0.808634 -0.0412834 0.586862 -0.896002 -0.045747 0.441686 -0.974068 -0.0497342 0.220722 -0.997183 -0.0509181 -0.0550727 -0.94759 -0.048372 -0.315805 -0.860965 -0.0439555 -0.506762 -1 8.73883e-05 -9.45188e-05 -1 -8.73984e-05 -9.45297e-05 -0.965948 0.258736 -9.84892e-05 -0.965901 0.258911 -9.73791e-05 0.919529 0.368616 -0.136338 0.896561 0.392401 -0.205426 0.10605 0.827324 -0.551624 0.0963765 0.751919 -0.652173 0.125184 0.976671 0.174478 0.125968 0.982809 0.134975 -0.866078 0.499909 -0.000109851 -0.865987 0.500067 -0.000110015 0.125943 0.982641 0.13622 0.125828 0.981641 -0.143345 0.127078 0.991444 0.0298179 0.127078 0.991489 -0.0283069 -0.707181 0.707032 -0.000114545 -0.707031 0.707183 -0.000116214 -0.174105 0.970325 -0.1678 -0.168882 0.977373 -0.127359 -0.193565 0.962043 -0.192369 -0.202753 0.945699 -0.254057 0.0965788 0.753595 0.650205 0.106307 0.829571 0.548189 0.125973 0.982972 -0.133782 0.125195 0.976827 -0.173597 0.690778 -0.722656 0.02438 0.722568 -0.690875 0.0242388 0.517992 -0.855082 0.0227743 0.481518 -0.876141 0.022756 -0.160639 0.983879 -0.0785891 -0.140326 0.989741 -0.0268702 -0.147053 0.988309 -0.0402616 -0.178687 0.976792 -0.118103 0.0866741 0.676313 0.731497 0.086714 0.676644 0.731186 0.117188 0.969476 -0.215366 0.130727 0.967695 -0.215585 0.955224 0.288804 0.0643401 0.957413 0.265933 0.112426 0.956528 0.237728 0.168936 0.957206 0.272816 0.0965824 0.193023 -0.978529 -0.0722728 0.322088 -0.943949 -0.0722454 -0.631592 -0.773643 -0.0506794 -0.682779 -0.729117 -0.046917 0.163167 0.938001 -0.305826 0.135288 0.934004 -0.330657 0.127791 0.987069 -0.0967698 0.130149 0.987383 -0.0901996 0.438915 -0.895544 -0.0731751 0.556146 -0.827852 -0.0732361 0.0963864 0.751905 0.652187 0.0898578 0.701136 0.707343 0.14272 0.969275 -0.200343 0.149817 0.973784 -0.171172 0.650789 -0.755059 -0.0797446 0.755163 -0.650646 -0.0799333 0.0866747 0.676313 -0.731497 0.0867181 0.676643 -0.731187 0.115686 0.969666 0.215326 0.124125 0.968523 0.215769 0.820561 -0.565112 -0.0856028 0.89913 -0.429571 -0.0838661 -0.519002 -0.854434 0.0240937 -0.480438 -0.876699 0.0240699 -0.68953 -0.723783 0.0261962 -0.72368 -0.689645 0.02603 0.125802 0.981641 0.143372 0.117311 0.915377 0.385127 0.144641 0.986087 -0.0819189 0.134407 0.990525 -0.0281882 -0.946249 0.31665 0.0659201 -0.977789 0.199004 0.0657733 -0.894799 0.440785 0.0710199 -0.829838 0.553619 0.0698198 -0.745996 -0.662912 0.063542 -0.663623 -0.745445 0.0625772 -0.835019 -0.546867 0.0606694 -0.891096 -0.449752 0.0605988 -0.996711 0.0550128 0.0595016 -0.996717 -0.0549649 0.0594498 -0.949046 -0.309765 0.0579449 -0.976777 -0.206275 0.0579382 0.0899823 0.702127 -0.706344 0.107088 0.973962 0.199825 -0.976778 -0.206271 0.0579418 -0.949044 -0.309769 0.0579492 -0.996717 -0.0549612 0.0594458 -0.996712 0.0550089 0.0594973 0.117319 0.915379 -0.385121 0.126652 0.988244 0.0856293 -0.891088 -0.449767 0.0606002 -0.835017 -0.546868 0.0606715 -0.97778 0.199048 0.0657686 -0.946251 0.316645 0.0659141 0.117598 0.917608 0.379692 0.126666 0.988362 -0.084243 -0.745996 -0.662911 0.0635429 -0.663622 -0.745446 0.0625784 -0.894796 0.440791 0.0710136 -0.829842 0.553613 0.0698126 0.0899759 0.702129 0.706342 0.116263 0.972749 -0.200606 -0.637287 -0.745928 0.19354 -0.328495 -0.92471 0.192358 -0.539415 -0.815197 0.210915 -0.811508 -0.548679 0.201009 0.875952 -0.481882 0.0223131 0.85525 -0.51773 0.0224376 0.693125 -0.720513 0.0209458 0.720522 -0.693115 0.0209605 -0.407398 -0.89638 0.174729 -0.095739 -0.98003 0.174285 0.484635 -0.874511 0.0189767 0.515011 -0.856973 0.0189826 0.106017 0.827316 0.551642 0.150349 0.979961 -0.130656 0.585867 -0.800599 0.125704 0.708794 -0.697559 0.104988 0.242176 -0.970055 0.0185491 0.275267 -0.961189 0.0185474 -0.018012 -0.999648 0.0194818 0.0180056 -0.999648 0.0194749 0.117583 0.9176 -0.379716 0.125915 0.982648 -0.136189 0.122219 0.99213 0.027228 0.111028 0.990511 0.0810015 -0.278506 -0.960178 0.0221715 -0.238923 -0.970786 0.0221519 0.0965773 0.753596 -0.650205 0.102047 0.980066 0.170461 0.106315 0.829566 -0.548194 0.103614 0.986109 0.129817 -0.518916 -0.854489 0.0239603 -0.480412 -0.876712 0.0241009 0.705953 0.0788175 -0.703859 0.759131 0.0847551 -0.645396 0.836549 0.0934033 -0.539872 0.924615 0.103234 -0.366647 0.986743 0.110173 -0.119162 0.980991 0.109529 0.160191 0.911833 0.101809 0.397737 0.823652 0.0919619 0.55959 0.749446 0.0836788 0.656756 0.700207 0.0781805 0.709646 0.642477 0.0717337 0.76294 0.713479 0.0796658 -0.696132 0.67881 0.0757928 -0.730392 0.0898617 0.701136 -0.707343 0.124498 0.971468 0.201866 -0.500118 -0.865957 -0.000173047 -0.49986 -0.866106 -0.000171497 -0.707009 -0.707204 -0.000148848 -0.707205 -0.707009 -0.000149593 -0.865973 -0.500091 -0.000116855 -0.866082 -0.499903 -0.000117794 -0.115734 -0.670467 -0.732857 -0.116388 -0.674254 -0.72927 -0.121373 -0.703141 -0.700615 -0.130826 -0.757887 -0.639133 -0.144338 -0.836183 -0.529116 -0.159347 -0.923118 -0.349946 -0.169289 -0.980714 -0.0976806 -0.167292 -0.969161 0.180942 -0.154911 -0.897429 0.413067 -0.139861 -0.810244 0.569161 -0.127461 -0.738403 0.662205 -0.119381 -0.691598 0.712349 -0.115732 -0.670468 0.732857 -0.116387 -0.674254 0.72927 -0.121375 -0.70314 0.700615 -0.130822 -0.757887 0.639135 -0.144337 -0.836183 0.529117 -0.159347 -0.92312 0.34994 -0.169285 -0.980718 0.097642 -0.167294 -0.96916 -0.180944 -0.154906 -0.897432 -0.413063 -0.139863 -0.810242 -0.569162 -0.127467 -0.7384 -0.662206 -0.119381 -0.691598 -0.712348 0.103828 0.938136 -0.330334 -0.965901 -0.258913 -9.99123e-05 -0.965949 -0.258734 -0.000101134 0.0676395 0.963727 0.258175 0.0796284 0.949001 0.305052 0.659327 -0.751857 1.70767e-05 0.659344 0.751842 1.55419e-05 0.659328 0.751856 1.55121e-05 0.659345 -0.751841 1.70022e-05 -0.0876257 0.993241 0.0761208 -0.0658505 0.990221 0.122986 -0.036508 0.982058 0.185012 -0.0689073 0.991046 0.114366 -0.113839 0.993176 0.0253575 -0.107344 0.993495 0.038002 0.0916146 0.947394 -0.306678 0.179615 0.948987 -0.259155 0.180817 0.96379 -0.195997 0.16737 0.978332 -0.121877 0.0988209 0.938763 0.33009 0.143288 0.988807 -0.0415946 0.114683 0.992572 0.0406001 0.0884511 0.988724 0.120836 0.0711383 0.978224 0.194982 0.127666 0.987085 0.0967711 0.125327 0.987394 0.0966793 0.123406 0.988273 0.0899336 0.122447 0.989479 0.0770606 0.122731 0.990687 0.0589645 0.124181 0.991573 0.0369058 0.126419 0.9919 0.0123937 0.128854 0.991579 -0.0129451 0.130858 0.990694 -0.0374401 0.131885 0.989482 -0.0594349 0.131636 0.988269 -0.0774357 0.125181 0.987412 -0.0966777 0.123004 0.988324 -0.0899186 0.12183 0.989558 -0.0770236 0.121923 0.99079 -0.0589013 0.123246 0.991693 -0.0368205 0.125421 0.992027 -0.0122961 0.127861 0.991706 0.013042 0.129921 0.990814 0.0375251 0.131079 0.989585 0.0594977 0.131009 0.988349 0.077473 0.129754 0.987434 0.0902141 0.0928309 0.960158 -0.263588 0.118529 0.992063 -0.0419619 0.134094 0.989953 0.0448436 0.152829 0.967008 0.203808 0.151015 0.952284 0.265233 0.1041 0.986555 -0.125989 0.146642 0.98079 0.128635 0.0946839 0.974885 -0.201579 0.127442 0.934984 0.331004 0.186282 -0.982496 0 0.725763 -0.687945 1.49012e-08 0.707107 -0.707107 0 0 -1 0 1 0 0 0.707107 -0.707107 -7.60445e-07 0.687752 -0.725946 -1.01328e-06 0.982081 -0.188458 -9.68575e-08 0 -1 -0 -0.707107 -0.707107 1.48369e-06 -0.725764 -0.687944 2.47359e-06 -0.186282 -0.982496 -2.08616e-07 -0.967193 0.0808238 0.240841 -0.754167 -0.629255 0.187801 -0.696393 -0.696393 0.173415 -0.970368 3.93669e-08 0.241632 -0.704567 -0.704567 0.0846798 -0.704567 0.704567 0.0846842 -0.687563 0.721407 0.0826423 -0.760039 -0.643425 0.0913481 -0.966623 -0.0827417 0.242476 -0.608073 -0.0611473 0.791523 -0.678325 -0.0660611 0.731786 -0.991814 -0.0827426 0.0972523 -0.707035 0.707035 -0.0142538 0.707035 0.707035 -0.0142558 0.694087 0.719745 -0.0145121 -0.681105 0.732037 -0.0147579 -1 0 -0 -0.707107 0.707107 -1.18368e-05 -0.687759 0.72594 -1.57952e-05 -0.982082 0.188457 -1.34856e-06 -0.982087 -0.18843 -2.65762e-05 -0.687761 -0.725937 -2.13087e-05 -0.707107 -0.707107 -2.23287e-05 -1 -4.4747e-12 -2.74655e-05 -0.979777 -0.0307113 -0.197723 -0.63071 -0.0231764 -0.775672 -0.656779 -0.0238505 -0.753706 -0.989127 -0.0307112 -0.143821 -0.704729 0.704729 -0.0819304 0.70473 0.70473 -0.0819187 0.644936 0.759125 -0.0882417 -0.720238 0.689086 -0.0801115 0.0732837 0.710341 -0.700032 0.0146634 0.933594 0.358033 -0.0813696 0.75413 0.651664 0.118778 0.772532 -0.623768 -0.0227814 0.708313 -0.705531 0.0515423 0.942177 0.331128 0.996859 0.0791957 2.59684e-05 0.996859 -0.0791957 2.65214e-05 0.989082 -0.147369 2.7597e-05 0.989089 0.147316 2.61068e-05 0.757865 0.646021 -0.0910949 0.75785 -0.646039 -0.09109 0.716285 -0.692477 -0.0860908 0.800793 0.591157 -0.096252 -0.715958 -0.69518 0.0642578 -0.705736 -0.705492 0.0649467 -0.75961 -0.647509 0.0610329 -0.786585 -0.614679 0.0587709 0.706535 -0.706291 0.0442981 0.693298 -0.719252 0.0448839 0.77909 -0.625599 0.0405655 0.760354 -0.648173 0.0416231 0.0251891 0.700011 0.713688 0.0243903 0.67783 0.734814 0.577832 0.810696 -0.0942457 -0.666813 0.74024 -0.086055 -0.646343 0.757943 -0.088113 0.646343 0.757943 -0.088113 -0.64879 0.760813 -0.0153336 0.64879 0.760813 -0.0153407 0.63543 0.772002 -0.0155686 -0.620054 0.7844 -0.0158107 0.706742 0.706498 -0.0370998 0.682817 0.729693 -0.0361842 0.644376 0.763922 -0.0346897 0.648472 0.76044 -0.0348516 -0.563317 0.824482 0.0538837 -0.705804 0.70556 0.0634522 -0.647712 0.759549 0.0596175 -0.598924 0.798823 0.0563239 0.627918 0.778279 1.93864e-05 0.648867 0.760902 2.00544e-05 0.648867 -0.760902 1.80411e-05 0.6279 -0.778294 1.88649e-05 -0.999656 0.0230613 0.0124622 -0.97297 0.209829 -0.096438 -0.966749 0.231643 -0.10834 -0.999701 0.0200801 0.0139493 -1 2.24319e-05 -2.51437e-05 -1 -4.30337e-12 -2.64139e-05 -0.92388 0.382682 -2.73269e-05 -0.92388 0.382683 -2.81781e-05 -0.188526 -0.976142 -0.107729 -0.350161 -0.911776 -0.214597 -0.395306 -0.886321 -0.241183 -0.212973 -0.969529 -0.121061 0.11625 0.664598 0.738103 0.126969 0.725898 0.675982 0.0571328 0.925125 0.37534 0.152404 0.871288 0.466509 -0.707107 0.707107 -2.69206e-05 -0.707088 0.707125 -2.9102e-05 -0.917345 -0.328368 -0.22506 -0.978576 -0.168582 -0.11819 -0.971675 -0.195403 -0.132908 -0.891381 -0.375936 -0.253202 0.144851 0.8281 0.541544 0.125158 0.715519 0.687291 0.156763 0.896206 0.415018 0.164553 0.940724 0.296581 0.692167 -0.721366 0.0231438 0.706919 -0.706919 0.0230521 0.382593 -0.923667 0.0215119 0.364784 -0.930844 0.0214953 -0.971559 0.218214 0.09196 -0.901103 0.386446 0.196654 -0.876702 0.427428 0.22068 -0.965494 0.239094 0.103224 0.14768 0.844324 -0.51508 0.16917 0.967174 -0.189621 0.171554 0.980803 -0.0927074 0.165489 0.946139 -0.278269 -0 -0.999797 0.0201602 -0.0179831 -0.999635 0.0201573 0.00302026 -0.999994 -0.00163198 0.00262976 -0.999995 -0.0018267 0.125155 0.715518 -0.687292 0.115663 0.661253 -0.741193 0.152095 0.869524 -0.469888 0.156766 0.896206 -0.415018 -0.382585 -0.923648 0.0224449 -0.400998 -0.915804 0.0224582 -0.977303 -0.179534 0.112459 -0.97054 -0.205156 0.126347 -0.706894 -0.706894 0.0245409 -0.722139 -0.691316 0.0244309 -0.999681 0.0222107 -0.0120026 -0.999723 0.0193416 -0.0134363 0.147686 0.84432 0.515085 0.066324 0.970041 0.233711 -0.725623 -0.687426 0.0302749 -0.706786 -0.706786 0.0301234 -0.923485 -0.382518 0.0292552 -0.933161 -0.358268 0.0292366 0.0187754 0.963203 0.268117 -0.00528045 0.898578 0.438781 0.115664 0.661253 0.741192 0.152095 0.869524 0.469888 -0.999554 4.86614e-09 0.0298682 -0.999198 0.0266511 0.0298729 0.235829 0.968287 -0.0824921 0.261517 0.93071 -0.255712 0.303163 0.905792 -0.296029 0.255978 0.962338 -0.0915488 0.116248 0.664598 -0.738103 0.152401 0.871288 -0.466509 -0.923426 0.382493 0.0313488 -0.912444 0.408012 0.0311628 0.167382 0.956953 0.237118 0.171117 0.978295 0.116866 0.939249 -0.339363 0.0514258 0.922633 -0.382165 0.0519562 0.706324 -0.706324 0.0470252 0.735391 -0.676006 0.047069 0.198843 -0.97468 0.102276 0.222082 -0.968238 0.114872 0.126966 0.725899 -0.675981 0.157573 0.900886 -0.404445 0.382355 -0.923091 0.0413243 0.416123 -0.90837 0.0413098 -0.911292 -0.351949 0.213729 -0.885882 -0.396892 0.240189 0.14484 0.828097 -0.54155 0 -0.999066 0.0432075 0.0384825 -0.998328 0.0431348 -0.907237 0.366335 -0.20669 -0.882221 0.409635 -0.232131 0.169179 0.96717 0.189632 0.14753 0.985839 0.0797246 -0.382105 -0.922488 0.0548794 -0.336595 -0.940063 0.0546414 -0.705662 -0.705662 0.0638972 -0.663755 -0.745162 0.0645228 0.365786 -0.907398 0.206954 0.409156 -0.882363 0.232436 -0.707126 -0.707088 -2.99215e-05 -0.707107 -0.707107 -2.81766e-05 -0.92388 -0.382682 -2.6609e-05 -0.923898 -0.382639 -2.57343e-05 0.13328 0.986744 0.0925874 0.142199 0.812931 -0.564732 0.142614 0.815311 -0.561186 0.149792 0.856343 -0.494206 0.161464 0.923096 -0.349033 0.171081 0.978063 -0.118848 0.170362 0.973961 0.149587 0.160019 0.914839 0.370762 0.148625 0.849724 0.505846 0.142191 0.812932 0.564733 0.142616 0.815311 0.561186 0.148631 0.849724 -0.505845 -0.0973064 0.963075 -0.251035 -0.09731 0.963073 -0.251038 0.0973102 0.963073 -0.251038 0.0973063 0.963075 -0.251035 -0.00694419 -0.986558 0.163266 -0.00695345 -0.986556 0.163275 -0.0069537 -0.988731 0.149539 -0.00694444 -0.98873 0.149548 -0.00464438 -0.988397 0.151824 -0.00464578 -0.988397 0.151823 0.00464586 -0.988397 0.151823 0.00464443 -0.988397 0.151824 -0.0360733 0.992048 -0.120582 -0.0360722 0.992048 -0.120583 -0.0360719 0.980763 -0.191839 -0.0360736 0.980763 -0.191841 -0.00492956 -0.811056 -0.584947 -0.0069534 -0.986556 0.163275 -0.00695337 -0.988731 0.14954 -0.00489542 -0.806973 -0.590568 -0.00464345 0.988397 -0.151825 0.00464346 0.988396 -0.151825 0.00464426 0.988397 -0.151824 -0.0046442 0.988397 -0.151824 -0.00694734 -0.98873 0.149546 -0.00694737 -0.986557 0.163269 -0.00694688 -0.986557 0.163269 -0.00694688 -0.98873 0.149546 -0.0973071 -0.963075 0.251035 0.0973075 -0.963074 0.251036 0.0973098 -0.963074 0.251038 -0.0973096 -0.963074 0.251038 -0.0360785 0.980762 -0.191845 -0.0360783 0.992048 -0.120577 -0.0360725 0.992048 -0.120583 -0.0360728 0.980763 -0.19184 0.667914 0.720175 -0.187718 -0.0973117 0.963073 -0.25104 0.0973118 0.963073 -0.25104 0.737773 0.653223 -0.170267 -0.661677 -0.0341629 -0.74901 -0.741466 -0.030574 -0.670293 0.66168 -0.0341669 -0.749008 0.741466 -0.0305745 -0.670294 -0.710591 0.103112 0.696008 -0.703583 0.104277 0.70292 -0.710585 -0.117013 -0.693813 -0.70359 -0.118039 -0.700734 0.709638 0.695073 -0.11527 0.704539 -0.701705 0.105995 0.709644 -0.696668 0.10516 0.704545 0.700109 -0.116031 -0.705438 0.700555 -0.107616 0.00464245 0.988396 -0.151826 -0.0046425 0.988396 -0.151826 -0.708735 0.697295 -0.107116 -0.0260046 0.602357 -0.797803 -0.0360756 0.992048 -0.12058 -0.0360755 0.980762 -0.191842 -0.0250825 0.573151 -0.819066 0.709638 0.695074 -0.115269 0.704536 -0.701708 0.10599 0.709647 -0.696666 0.105154 0.704545 0.700109 -0.116031 0.661682 0.0341702 0.749006 0.741464 0.0305793 0.670295 -0.661689 0.0341824 0.748998 -0.741477 0.0305899 0.67028 0.710607 -0.103115 -0.695992 0.703587 -0.104283 -0.702916 0.710584 0.117011 0.693815 0.70361 0.118033 0.700715 0.705149 0.114793 0.699705 0.709036 0.114166 0.695869 -0.705127 0.114802 0.699726 -0.709057 0.114166 0.695848 0.709657 0.695055 -0.115267 0.704558 -0.701687 0.105992 0.709663 -0.696649 0.105156 0.704545 0.70011 -0.116031 0.675316 0.716702 -0.174033 0.737469 -0.674154 0.0406962 0.675315 -0.735403 0.0559694 0.737466 0.653737 -0.169625 0.661678 0.0341642 0.749009 0.741467 0.0305727 0.670293 -0.661698 0.0341638 0.748992 -0.741466 0.0305747 0.670294 0.710602 -0.10309 -0.696001 0.703594 -0.10426 -0.702912 0.710583 0.117009 0.693816 0.703611 0.118032 0.700714 0.705137 0.114817 0.699713 0.709047 0.114185 0.695855 -0.705121 0.114815 0.69973 -0.709062 0.114177 0.695841 -0.724955 0.144288 0.673514 -0.68879 0.148138 0.709665 -0.724944 -0.0708987 -0.685149 -0.688781 -0.0784088 -0.720717 -0.709637 -0.695075 0.115268 -0.704555 0.701691 -0.105987 -0.709667 0.696647 -0.105148 -0.704545 -0.700109 0.11603 0.675315 0.716702 -0.174034 0.73749 -0.674131 0.0406857 0.675312 -0.735406 0.0559645 0.737467 0.653734 -0.169628 -0.661688 -0.0341487 -0.749001 -0.741472 -0.0305585 -0.670287 0.66167 -0.0341524 -0.749017 0.741488 -0.0305632 -0.67027 0.710606 -0.103118 -0.695993 0.703587 -0.104284 -0.702915 0.710595 0.117032 0.6938 0.703581 0.118058 0.70074 -0.705123 -0.114811 -0.699728 -0.709042 -0.114178 -0.695861 0.705142 -0.114807 -0.69971 0.709042 -0.114177 -0.695861 -0.72494 0.144299 0.673528 -0.688804 0.148144 0.70965 -0.724951 -0.0708814 -0.685143 -0.688792 -0.0783934 -0.720708 -0.709658 -0.695053 0.11527 -0.704541 0.701703 -0.105998 -0.709642 0.696669 -0.105164 -0.704562 -0.700092 0.116031 0.675321 0.716699 -0.174023 0.737474 -0.674149 0.0406831 0.675306 -0.735412 0.0559554 0.737483 0.653718 -0.16962 -0.661665 -0.0341434 -0.749022 -0.741473 -0.0305565 -0.670287 0.661677 -0.0341628 -0.74901 0.741467 -0.0305707 -0.670292 -0.710592 0.103111 0.696008 -0.703582 0.104275 0.702922 -0.71059 -0.117022 -0.693807 -0.703586 -0.118047 -0.700736 0.705136 0.114783 0.69972 0.709031 0.114156 0.695876 -0.705137 0.114782 0.699719 -0.709048 0.11415 0.69586 0.724947 -0.144272 -0.673526 0.688799 -0.14812 -0.70966 0.724939 0.0709102 0.685153 0.688785 0.0784165 0.720712 0.709635 0.695077 -0.115265 0.704536 -0.701708 0.105991 0.709665 -0.696648 0.105153 0.704549 0.700107 -0.116023 0.675318 0.716701 -0.174029 0.737473 -0.67415 0.0406852 0.675309 -0.735409 0.0559603 0.737465 0.653738 -0.169624 -0.0136499 -0.969095 0.246309 -0.486 -0.844095 0.22651 0.455128 -0.865736 0.20823 0.537587 -0.820434 0.194651 0.179687 0.96467 0.192679 0.191087 0.965081 -0.17918 0.140098 0.817 0.55936 0.130708 0.777088 0.61567 -0.861058 0.507888 0.0250943 0.490079 0.870473 -0.0458178 0.364964 0.930084 -0.0417883 -0.922842 0.383908 0.0312553 0.266594 -0.952691 0.145971 0.251038 -0.956807 0.146628 -0.00401688 -0.9884 0.151822 0.00401933 -0.9884 0.151819 -0.906889 0.419044 -0.0442106 0.420337 0.899452 -0.119591 0.448676 0.885851 -0.118144 -0.893191 0.447114 -0.0479514 -0.503449 -0.854103 0.130568 -0.496499 -0.858067 0.131186 -0.19597 0.588588 -0.784321 -0.18384 0.538439 -0.822366 -0.195971 0.802169 0.564021 -0.183834 0.76621 0.615734 -0.494129 -0.859872 0.128284 -0.505805 -0.853217 0.127211 -0.869105 -0.48962 0.0702082 -0.86287 -0.500287 0.0718918 0.265831 -0.73852 -0.619614 0.277248 -0.771679 -0.572403 -0.185036 0.53871 -0.82192 -0.20105 0.583259 -0.787012 -0.999955 0.00499414 -0.00805938 -0.999955 -0.0072369 -0.00611902 0.156345 -0.531967 0.832206 0.172968 -0.612141 0.771599 0.156356 -0.763097 -0.627084 0.172975 -0.820613 -0.544678 -0.862692 0.49825 -0.0866577 -0.869304 0.486934 -0.0848892 -0.152299 -0.981704 0.114291 -0.142306 -0.855226 0.498335 -0.102385 -0.53988 0.835492 -0.114107 -0.627104 0.770532 0.864216 -0.497567 0.0745571 0.867828 -0.491385 0.0735859 0.502912 -0.854298 0.131353 0.49705 -0.857641 0.131886 0.40565 0.841399 -0.357065 0.851154 0.468031 -0.237665 0.90328 0.376914 -0.204992 0.78157 0.562153 -0.27043 0.00334533 -0.988284 0.152591 -0.00334655 -0.988284 0.15259 -0.156438 -0.556494 0.815991 0.208549 0.788238 0.578954 0.203162 0.769061 0.606029 -0.163374 -0.582728 0.796076 -0.496861 -0.857786 0.131653 -0.503079 -0.85424 0.131093 0.143896 0.832759 0.534609 0.178868 0.962344 0.204696 0.186636 0.912679 -0.363571 0.15215 0.676865 -0.720211 0.128849 0.53784 -0.833142 0.126201 0.522524 -0.843233 0.143912 0.626802 -0.765773 0.178861 0.851979 -0.492077 0.186577 0.980373 0.0636941 0.184859 0.977358 0.102946 -0.907389 0.41075 -0.0890524 -0.420105 -0.899606 0.119254 -0.449805 -0.885529 0.116248 -0.893074 0.440205 -0.0929429 -0.446833 -0.870316 0.207098 -0.550558 -0.810516 0.199873 -0.888938 -0.439322 0.129557 -0.837523 -0.527082 0.144012 -0.754804 -0.639051 0.147935 -0.658521 -0.735429 0.159668 -0.148151 -0.912048 0.382387 -0.150094 -0.934047 0.324079 -0.140542 -0.960617 -0.239714 -0.113075 -0.829091 -0.54756 -0.100228 -0.759776 -0.642413 -0.103529 -0.777863 -0.619848 -0.123351 -0.881905 -0.455003 -0.150118 -0.988473 -0.0196244 -0.140582 -0.839535 0.524803 -0.113085 -0.619325 0.776949 0.194883 -0.980664 0.0178697 0.194907 -0.980659 0.0178835 0.451273 -0.892377 0.00390233 0.451271 -0.892379 0.00388454 -0.358522 0.926418 -0.114943 -0.358548 0.926412 -0.114914 -0.2992 0.946847 -0.118149 -0.299227 0.946836 -0.118175 0.267594 -0.959563 0.0873654 0.267593 -0.939595 0.213434 0.267599 -0.939593 0.21344 0.267598 -0.959561 0.087369 0.230812 -0.940119 0.250803 0.23081 -0.97161 0.0519753 0.230792 -0.971614 0.0519681 0.230793 -0.940119 0.250821 0.6679 0.720181 -0.187744 -0.737792 0.653203 -0.170264 -0.667935 0.720158 -0.187711 0.737797 0.653194 -0.170275 -0.00493079 -0.811057 -0.584947 -0.00489886 -0.584965 0.811044 -0.00493363 -0.59059 0.806957 -0.00489618 -0.806973 -0.590569 -0.705435 0.700557 -0.107613 0.70874 0.697292 -0.107106 0.705432 0.700561 -0.107607 -0.708739 0.697293 -0.107109 0.025994 -0.602351 0.797808 0.0250673 -0.798222 -0.601842 0.0259865 -0.819413 -0.572615 0.0250722 -0.573158 0.819062 0.709656 0.695055 -0.115267 0.704534 -0.701711 0.105987 0.709648 -0.696666 0.105152 0.704546 0.700108 -0.116028 0.675322 0.716699 -0.174022 0.737492 -0.674129 0.0406812 0.675327 -0.735393 0.0559554 0.737462 0.653743 -0.169617 -0.268428 0.95202 -0.146985 0.498362 0.856704 -0.133014 0.501599 0.854856 -0.132734 -0.249167 0.957117 -0.147794 -0.167543 0.965728 0.198239 -0.121427 0.77538 0.61971 -0.131811 0.822726 0.552944 -0.17855 0.96653 -0.184225 -0.265687 -0.952853 0.146568 -0.00334825 -0.988284 0.152588 0.00334694 -0.988284 0.15259 -0.25193 -0.956494 0.147139 0.865172 0.471474 -0.17085 0.92151 0.361429 -0.142089 -0.371465 0.897346 -0.238294 -0.485947 0.846142 -0.218857 0.156982 0.627891 -0.762305 0.138453 0.760724 0.634137 0.156982 0.832745 0.530935 0.138455 0.52752 -0.838184 0.497051 -0.85764 0.131887 0.864215 -0.497567 0.0745565 0.867831 -0.491381 0.0735789 0.502892 -0.854309 0.131359 -0.257901 -0.74635 -0.613555 0.208442 0.575417 -0.790852 0.196653 0.541302 -0.817508 -0.267017 -0.771477 -0.577516 -0.869306 0.486929 -0.0848941 -0.999955 -0.0072446 -0.00612553 -0.999955 0.00500074 -0.00807003 -0.86269 0.498253 -0.0866623 0.165092 0.53407 -0.829165 0.180478 0.814726 0.551043 0.165084 0.764158 0.623546 0.180483 0.604563 -0.775841 -0.86285 -0.500322 0.0718906 -0.869106 -0.489618 0.0702036 0.21746 -0.966421 0.136904 0.157159 -0.58853 0.793053 0.150611 -0.554791 0.818244 0.205389 -0.858916 0.469125 -0.494121 -0.859875 0.128297 -0.505819 -0.853208 0.127215 -0.789757 0.613293 -0.012473 -0.887764 0.460296 -0.0013158 -0.834248 0.551334 -0.00781825 -0.588895 0.807699 -0.0287203 -0.496478 -0.85808 0.131183 0.00401897 -0.9884 0.151819 -0.00401491 -0.988399 0.151824 -0.503467 -0.854092 0.130566 0.1449 -0.553101 0.820416 0.155233 -0.590316 0.792105 -0.211831 0.761849 0.612138 -0.219042 0.789299 0.573609 0.503481 -0.854087 0.130546 0.496471 -0.858085 0.131175 -0.173038 0.980209 0.0961677 -0.174921 0.983335 0.049546 -0.166356 0.84815 -0.502959 -0.133817 0.624424 -0.769537 -0.117771 0.52307 -0.844113 -0.120695 0.541241 -0.83216 -0.142938 0.683798 -0.715534 -0.174918 0.919906 -0.350964 -0.16637 0.962065 0.216223 -0.133856 0.831661 0.538908 -0.466925 0.865613 -0.180817 -0.848301 0.515594 -0.120618 -0.881431 0.458972 -0.111463 -0.532041 0.82827 -0.175788 -0.674589 0.724017 -0.143979 -0.739222 0.659713 -0.135386 0.165406 -0.631617 0.75743 0.205446 -0.859342 0.46832 0.210886 -0.97304 -0.0933836 0.17116 -0.855206 -0.48921 0.145867 -0.762628 -0.630175 0.144028 -0.75566 -0.638932 0.165414 -0.834753 -0.525192 0.20545 -0.962006 -0.17982 0.210862 -0.896584 0.389454 0.209539 -0.887093 0.411289 -0.550803 -0.743197 0.379836 -0.0618695 -0.911551 0.406506 -0.0618741 -0.911552 0.406504 -0.550841 -0.743167 0.379837 0.206023 0.978135 -0.0284021 0.206027 0.978134 -0.0284065 0.206026 0.939036 -0.275254 0.206022 0.939038 -0.27525 0.267534 0.605333 0.749665 0.266992 0.545101 0.79472 0.495874 -0.558772 -0.664742 0.461387 -0.586622 -0.66558 0.510203 -0.382779 -0.770177 0.0810221 0.332553 0.939598 0.237952 0.188991 0.952713 0.661706 -0.175575 0.728916 0.495623 0.0495328 0.867124 -0.90803 -0.354464 0.223243 0.744074 0.588708 -0.315873 0.297167 0.94813 -0.112878 0.901406 0.182702 -0.392539 -0.0279695 -0.526312 0.849831 -0.2014 -0.742582 0.638757 -0.150874 -0.685975 0.711812 -0.0815048 -0.599475 0.796233 -0.951975 0.0492168 0.302196 -0.84386 0.0445064 0.534715 -0.885046 0.044598 0.463363 -0.975441 0.0486297 0.214826 -0.081099 0.782613 -0.617203 -0.111828 -0.513013 -0.851066 -0.297368 -0.538084 -0.788694 -0.425653 -0.530202 0.733285 -0.159785 -0.542238 -0.824892 -0.601028 -0.530197 0.598045 -0.731543 0.529136 -0.429954 -0.60477 0.530873 -0.593655 -0.686854 -0.515074 0.512768 -0.794273 -0.542237 0.274063 -0.381994 0.691617 -0.612981 -0.966408 -0.00383782 -0.256983 -0.965923 -0.00383799 -0.2588 0.949154 0.314544 0.0129589 0.950099 0.311344 0.0194233 0.277143 -0.960607 0.0206271 0.240305 -0.970478 0.0206222 0.0186316 -0.999623 0.020152 -0.0186335 -0.999623 0.0201541 -0.239781 -0.970596 0.0211589 -0.277621 -0.960458 0.0211682 0.141708 0.940555 0.308665 0.115992 0.991116 0.0650809 0.0943366 0.692434 0.715287 0.0846393 0.594123 0.799909 0.115993 0.956132 0.268994 -0.0699203 0.748141 -0.659846 0.130863 0.77809 0.61437 0.167385 0.956953 -0.237115 0.705125 0.114806 0.699727 0.70904 0.114172 0.695864 -0.705145 0.114802 0.699708 -0.709039 0.114172 0.695865 0.724933 -0.144284 -0.673539 0.688811 -0.148129 -0.709645 0.724945 0.0708961 0.685148 0.68878 0.0784069 0.720718 -0.675319 -0.7167 0.174027 -0.737472 0.674151 -0.040688 -0.675309 0.735409 -0.05596 -0.737485 -0.653716 0.169623 -0.724953 0.144283 0.673518 -0.688792 0.148132 0.709663 -0.724934 -0.0709231 -0.685158 -0.688791 -0.0784259 -0.720706 0.932948 0.287541 -0.216628 0.799475 0.517621 -0.304808 -0.533066 0.792389 -0.296583 -0.278661 0.888897 -0.363607 0.0342975 0.741407 0.670179 -0.384879 -0.57145 0.724785 -0.363244 -0.384736 0.848547 0.119977 0.85869 0.498255 -0.206277 -0.939055 0.275001 -0.441801 -0.857954 0.262158 -0.441792 -0.857962 0.262148 -0.206288 -0.939056 0.27499 0.242661 0.940233 -0.23891 0.24266 0.940233 -0.238911 0.242659 0.968042 -0.0633314 0.242659 0.968043 -0.0633183 </float_array>
          <technique_common>
            <accessor count="6756" offset="0" source="#meshId0-bitangents-array" stride="3">
              <param name="X" type="float" />
              <param name="Y" type="float" />
              <param name="Z" type="float" />
            </accessor>
          </technique_common>
        </source>
        <source id="meshId0-tex0" name="meshId0-tex0">
          <float_array id="meshId0-tex0-array" count="13512"> 0.882797 0.345266 0.889203 0.346991 0.886918 0.352731 0.882018 0.351412 0.98043 0.981504 0.9724 0.981106 0.971309 0.975046 0.97934 0.975444 0.0228618 0.962361 0.0228986 0.966649 0.0115354 0.966653 0.0114986 0.962365 0.899635 0.355202 0.90295 0.361128 0.897434 0.363546 0.894898 0.359012 0.970938 0.968352 0.978968 0.968751 0.778162 0.954064 0.776835 0.95853 0.766499 0.958018 0.767826 0.953552 0.904667 0.374633 0.90295 0.38129 0.897434 0.378968 0.898747 0.373876 0.971309 0.961482 0.97934 0.961881 0.26804 0.945416 0.268341 0.940165 0.279422 0.940898 0.279122 0.946148 0.894946 0.392177 0.889203 0.395666 0.886918 0.389964 0.891311 0.387296 0.9724 0.954904 0.98043 0.955302 0.268921 0.95855 0.268341 0.954932 0.279422 0.955665 0.280003 0.959282 0.876166 0.397558 0.869761 0.395834 0.872046 0.390093 0.876946 0.391412 0.974134 0.949065 0.982164 0.949464 0.859329 0.387623 0.856013 0.381696 0.86153 0.379279 0.864066 0.383813 0.977078 0.122518 0.9857 0.122833 0.984803 0.128895 0.976181 0.128579 0.854297 0.368192 0.856013 0.361535 0.86153 0.363857 0.860217 0.368949 0.98424 0.13559 0.975617 0.135274 0.0228309 0.95219 0.0228387 0.957429 0.0114755 0.957434 0.0114676 0.952194 0.864018 0.350647 0.869761 0.347159 0.872046 0.35286 0.867653 0.355528 0.984047 0.142463 0.975425 0.142147 0.0228986 0.938155 0.0228618 0.942212 0.0114986 0.942217 0.0115354 0.938159 0.876166 0.345324 0.876946 0.351456 0.98424 0.149044 0.975617 0.148729 0.776001 0.973938 0.776835 0.978573 0.766499 0.978061 0.765665 0.973425 0.894946 0.35038 0.891311 0.355324 0.984803 0.154887 0.976181 0.154571 0.776001 0.963562 0.765665 0.96305 0.904667 0.367756 0.898747 0.368615 0.9857 0.159591 0.977078 0.159276 0.268921 0.935059 0.280003 0.935791 0.899635 0.387274 0.894898 0.383546 0.0801915 0.994855 0.0745869 0.994602 0.0745869 0.987726 0.0801915 0.987979 0.26804 0.950452 0.279122 0.951185 0.882797 0.397501 0.882018 0.391368 0.507611 0.963554 0.515358 0.96349 0.513714 0.969402 0.505967 0.969466 0.215068 0.935646 0.216326 0.931124 0.226298 0.931041 0.22504 0.935563 0.864018 0.392445 0.867653 0.387501 0.512863 0.976024 0.505116 0.976088 0.215068 0.951075 0.214417 0.945974 0.224389 0.945891 0.22504 0.950992 0.512863 0.982903 0.505116 0.982968 0.778162 0.982409 0.767826 0.981897 0.859329 0.35555 0.864066 0.359279 0.513714 0.989572 0.505967 0.989637 0.515358 0.995576 0.507611 0.99564 0.0228387 0.946999 0.0114755 0.947004 0.990168 0.405071 0.98134 0.405074 0.981292 0.399469 0.99012 0.399465 0.775717 0.968818 0.76538 0.968305 0.981262 0.393022 0.99009 0.393018 0.269742 0.930444 0.280824 0.931177 0.981251 0.386172 0.990079 0.386168 0.981262 0.379387 0.99009 0.379383 0.987212 0.729143 0.992447 0.728907 0.992447 0.736154 0.987212 0.73639 0.854297 0.375069 0.860217 0.374209 0.981292 0.373129 0.99012 0.373125 0.98134 0.367824 0.990168 0.367821 0.283516 0.951058 0.283802 0.955317 0.982164 0.986519 0.974134 0.986121 0.214417 0.940711 0.224389 0.940628 0.00720381 0.947298 0.00719632 0.952232 0.00421174 0.952324 0.00421822 0.948045 0.762167 0.972882 0.761896 0.968014 0.0115833 0.935107 0.00726072 0.938889 0.00730627 0.935987 0.228618 0.945743 0.229237 0.950593 0.76296 0.977289 0.00722578 0.942747 0.228618 0.94074 0.284354 0.936423 0.283802 0.941278 0.229237 0.935925 0.285134 0.932037 0.230433 0.931625 0.00720379 0.957213 0.28183 0.927369 0.286091 0.928416 0.228076 0.927369 0.232123 0.928134 0.00722578 0.961901 0.762167 0.963018 0.76296 0.958234 0.284354 0.958756 0.00726073 0.965978 0.865384 0.946049 0.863908 0.942122 0.869342 0.941217 0.870338 0.943866 0.863572 0.927905 0.866744 0.924076 0.868816 0.926531 0.866065 0.929852 0.234042 0.933178 0.233005 0.936907 0.00421822 0.956644 0.870791 0.921159 0.872326 0.924001 0.235508 0.930151 0.00423728 0.960711 0.875437 0.919351 0.876355 0.922434 0.287259 0.953915 0.287738 0.956898 0.232123 0.958544 0.230433 0.954959 0.234042 0.953415 0.235508 0.956524 0.880365 0.918778 0.88063 0.921936 0.287012 0.950221 0.233005 0.949629 0.885241 0.919477 0.884858 0.922542 0.88973 0.921401 0.893528 0.924419 0.892045 0.926829 0.888751 0.924211 0.232468 0.945423 0.896375 0.928326 0.894515 0.930217 0.232468 0.941084 0.00423728 0.944098 0.287738 0.937529 0.287259 0.941739 0.883474 0.928011 0.8861 0.929136 0.888321 0.930902 0.889987 0.933187 0.890983 0.935836 0.891242 0.938669 0.890746 0.941491 0.889528 0.944112 0.887672 0.946352 0.885305 0.948059 0.882587 0.949116 0.879704 0.949452 0.876852 0.949043 0.874226 0.947917 0.872004 0.946151 0.869084 0.938385 0.86958 0.935562 0.870797 0.932941 0.872653 0.930701 0.875021 0.928994 0.877739 0.927937 0.880622 0.927602 0.891083 0.949735 0.887573 0.952265 0.863524 0.937923 0.883543 0.953833 0.879269 0.95433 0.895991 0.934144 0.875041 0.953724 0.896375 0.938344 0.871148 0.952055 0.895639 0.942529 0.867854 0.949437 0.893834 0.946414 0.992148 0.879694 0.992148 0.887818 0.987203 0.887538 0.987203 0.879415 0.755762 0.375358 0.758614 0.380455 0.756179 0.381522 0.753672 0.377039 0.912131 0.290364 0.913414 0.290324 0.913414 0.327388 0.908867 0.327531 0.402962 0.95175 0.404552 0.951658 0.401554 0.981109 0.395921 0.981434 0.846251 0.918778 0.846766 0.920095 0.825564 0.944061 0.82374 0.939393 0.910653 0.290179 0.90363 0.326874 0.331257 0.929451 0.331271 0.928163 0.364934 0.936837 0.364886 0.941399 0.406215 0.951658 0.407446 0.981109 0.847663 0.921312 0.828743 0.948373 0.33128 0.926644 0.364968 0.931455 0.407837 0.95175 0.413195 0.981434 0.848881 0.922345 0.833059 0.952034 0.331285 0.924998 0.364986 0.925619 0.90394 0.286775 0.904861 0.287641 0.883105 0.31788 0.87984 0.314812 0.850336 0.923124 0.838218 0.954796 0.331285 0.923335 0.364986 0.919728 0.906083 0.288467 0.887436 0.320807 0.851931 0.923597 0.84387 0.956469 0.33128 0.921771 0.364968 0.914184 0.907522 0.289197 0.892536 0.323393 0.853556 0.923729 0.849628 0.95694 0.909081 0.28978 0.89806 0.325463 0.855101 0.923514 0.8551 0.956177 0.756179 0.39677 0.753671 0.401296 0.730252 0.388271 0.71677 0.38653 0.718246 0.380804 0.720681 0.381829 0.719382 0.386864 0.741281 0.411736 0.735578 0.411786 0.735922 0.409073 0.740937 0.40903 0.76009 0.386155 0.757477 0.386534 0.721098 0.375657 0.723188 0.377303 0.730069 0.410303 0.731078 0.407769 0.76009 0.392069 0.757477 0.391735 0.72513 0.371441 0.726735 0.373595 0.730069 0.368441 0.735578 0.366862 0.735922 0.369569 0.731078 0.370957 0.72513 0.407388 0.726734 0.405206 0.758614 0.397795 0.741282 0.366813 0.740938 0.369525 0.721097 0.403241 0.723188 0.401559 0.755762 0.402941 0.74679 0.368296 0.745782 0.370829 0.718246 0.398144 0.72068 0.397077 0.751729 0.407158 0.750125 0.405004 0.751729 0.37121 0.750125 0.373392 0.71677 0.392444 0.719382 0.392065 0.74679 0.410158 0.745782 0.407642 0.470931 0.932642 0.474695 0.93031 0.496693 0.959263 0.632276 0.956627 0.627418 0.956658 0.636662 0.924507 0.459624 0.959397 0.455514 0.959427 0.459624 0.921691 0.450887 0.958645 0.483795 0.925824 0.488512 0.923976 0.446058 0.957106 0.651264 0.956658 0.647267 0.956627 0.492911 0.922567 0.441356 0.954914 0.642551 0.956612 0.496693 0.921691 0.437102 0.952218 0.433585 0.949203 0.431045 0.946073 0.637438 0.956612 0.468047 0.934821 0.991342 0.835482 0.987203 0.832455 0.991342 0.825715 0.0313221 0.98803 0.0361664 0.980645 0.0361664 0.990608 0.987212 0.751538 0.99059 0.744844 0.99059 0.754666 0.991899 0.844148 0.991899 0.852922 0.987203 0.852711 0.987203 0.843936 0.990767 0.692691 0.990767 0.702594 0.987212 0.695616 0.0541513 0.989007 0.0595525 0.980719 0.0595525 0.989331 0.830635 0.850805 0.825831 0.833834 0.842198 0.83055 0.846304 0.845054 0.824439 0.798805 0.827902 0.782014 0.843969 0.786264 0.841009 0.800615 0.886295 0.907505 0.872201 0.90145 0.881826 0.888335 0.893871 0.893509 0.25786 0.203224 0.255058 0.220641 0.130914 0.209087 0.136653 0.173416 0.79615 0.944363 0.762263 0.945098 0.761989 0.927536 0.795876 0.926801 0.761896 0.910676 0.795784 0.909941 0.761989 0.895127 0.795876 0.894393 0.281585 0.15715 0.271368 0.170894 0.164317 0.107203 0.185242 0.079055 0.847599 0.880616 0.837979 0.866589 0.852581 0.858543 0.860801 0.87053 0.762263 0.881451 0.79615 0.880717 0.271368 0.28418 0.281585 0.295651 0.185242 0.362711 0.164317 0.339217 0.286278 0.751442 0.252418 0.750768 0.251765 0.73928 0.285625 0.739954 0.251317 0.725456 0.285176 0.726129 0.82374 0.81629 0.840412 0.815557 0.251088 0.709795 0.284948 0.710469 0.251088 0.692865 0.284948 0.693539 0.255058 0.238061 0.25786 0.254855 0.136653 0.279158 0.130914 0.244764 0.251317 0.675277 0.285176 0.675951 0.251765 0.657667 0.285625 0.658341 0.834004 0.766521 0.849183 0.773024 0.252418 0.640671 0.286278 0.641344 0.263363 0.186439 0.147923 0.139041 0.859145 0.892378 0.870669 0.880581 0.293646 0.145704 0.209943 0.0556128 0.263363 0.270415 0.147923 0.311027 0.900917 0.910324 0.906367 0.895918 0.713358 0.802965 0.685472 0.801725 0.670016 0.614497 0.701221 0.615884 0.293646 0.304414 0.209943 0.380658 0.0103303 0.18189 0.0167521 0.141973 0.304085 0.630871 0.302979 0.602565 0.488728 0.617435 0.489966 0.64911 0.302299 0.570497 0.487966 0.581549 0.302069 0.535824 0.48771 0.542749 0.302299 0.499801 0.487966 0.502438 0.302979 0.463728 0.488728 0.462072 0.304085 0.428911 0.489966 0.42311 0.815317 0.804873 0.779475 0.804568 0.775209 0.617678 0.815317 0.61802 0.745074 0.803924 0.736713 0.616958 0.0477091 0.327511 0.0711255 0.353801 0.0671005 0.359713 0.0428778 0.332518 0.0987664 0.373884 0.0956932 0.380489 0.0987664 0.0101478 0.0711256 0.0363804 0.0671006 0.0313629 0.0956932 0.00422691 0.0477092 0.0678794 0.0428779 0.0639466 0.0293637 0.103506 0.0239006 0.1008 0.0108548 0.140592 0.00421181 0.181883 0.0103302 0.221815 0.00421174 0.223182 0.0167521 0.260303 0.0108547 0.262996 0.0293637 0.295965 0.0239005 0.299886 0.917866 0.654791 0.919413 0.614497 0.927617 0.614661 0.92607 0.654954 0.943063 0.155295 0.942413 0.11366 0.950624 0.113482 0.951274 0.155117 0.942194 0.0736888 0.950405 0.0735108 0.942413 0.0368264 0.950624 0.0366484 0.943063 0.00440488 0.951274 0.00422691 0.919413 0.875511 0.917866 0.848274 0.92607 0.848438 0.927617 0.875674 0.916802 0.815501 0.925006 0.815664 0.916261 0.778375 0.924465 0.778538 0.916261 0.738238 0.924465 0.738401 0.916802 0.696541 0.925006 0.696704 0.113077 0.770647 0.079051 0.746349 0.0892582 0.734542 0.12087 0.757115 0.0502254 0.716036 0.0624774 0.706378 0.027642 0.680802 0.041496 0.673644 0.0121171 0.641921 0.0270725 0.637522 0.00421177 0.600799 0.0197279 0.599316 0.00421174 0.558921 0.0197279 0.560409 0.012117 0.517802 0.0270724 0.522207 0.027642 0.478926 0.041496 0.486089 0.0502253 0.443701 0.0624773 0.453362 0.079051 0.413397 0.0892581 0.425209 0.113077 0.389112 0.12087 0.402646 0.881258 0.145075 0.880654 0.106393 0.911198 0.105731 0.911802 0.144413 0.88045 0.069258 0.910995 0.0685959 0.880654 0.0350106 0.911198 0.0343485 0.881258 0.00488905 0.911802 0.00422691 0.254017 0.631609 0.25258 0.606305 0.283099 0.606912 0.284537 0.632217 0.251592 0.575857 0.282111 0.576464 0.251088 0.541364 0.281607 0.541971 0.251088 0.504075 0.281607 0.504682 0.251592 0.465336 0.282111 0.465943 0.25258 0.426547 0.283099 0.427155 0.254017 0.389112 0.284537 0.389719 0.112614 0.930955 0.111961 0.889103 0.120172 0.888925 0.120825 0.930777 0.661592 0.434634 0.635028 0.459845 0.62582 0.448367 0.654562 0.421089 0.612524 0.490117 0.601471 0.48112 0.594893 0.524357 0.582395 0.518166 0.582772 0.561325 0.569281 0.558165 0.5766 0.599688 0.562603 0.599672 0.5766 0.638057 0.562603 0.641186 0.582772 0.675047 0.569281 0.681208 0.594893 0.709319 0.582395 0.71829 0.612524 0.739637 0.601471 0.751092 0.635028 0.764903 0.62582 0.77843 0.661592 0.784205 0.654562 0.799313 0.204523 0.748212 0.175547 0.717741 0.181738 0.712861 0.209681 0.742246 0.111741 0.848924 0.119951 0.848746 0.111961 0.811869 0.120172 0.811691 0.112614 0.779279 0.120825 0.779101 0.53963 0.818864 0.538075 0.791486 0.546279 0.791649 0.547835 0.819027 0.537006 0.758541 0.54521 0.758704 0.536461 0.721221 0.544665 0.721385 0.536461 0.680875 0.544665 0.681039 0.537006 0.638961 0.54521 0.639124 0.538075 0.596993 0.546279 0.597157 0.53963 0.556489 0.547835 0.556653 0.641426 0.00422691 0.677031 0.00444014 0.657227 0.412155 0.630178 0.411993 0.152846 0.682323 0.159847 0.678706 0.13724 0.64324 0.144797 0.641016 0.129294 0.601903 0.137134 0.601154 0.129294 0.559807 0.137134 0.560559 0.13724 0.518473 0.144797 0.520699 0.152846 0.479395 0.159847 0.483014 0.175547 0.443985 0.181738 0.448867 0.204523 0.413524 0.209681 0.419492 0.238727 0.389112 0.242665 0.395951 0.238727 0.772637 0.242665 0.765799 0.736 0.0799242 0.726392 0.109228 0.721833 0.10816 0.731776 0.077832 0.708346 0.00507221 0.681018 0.412635 0.302069 0.00729418 0.328377 0.00578876 0.355941 0.413513 0.335955 0.414656 0.360032 0.00475386 0.37999 0.412727 0.395892 0.00422693 0.407232 0.412326 0.43466 0.00422691 0.436684 0.412326 0.474935 0.00475387 0.467281 0.412726 0.51526 0.00578872 0.497916 0.413513 0.55418 0.00729412 0.527483 0.414656 0.562603 0.00507228 0.602818 0.00444017 0.600848 0.412155 0.570297 0.412635 0.674545 0.506459 0.684954 0.476296 0.726584 0.493099 0.718937 0.515257 0.7215 0.139636 0.71677 0.139631 0.7215 0.17005 0.71677 0.171108 0.726393 0.19937 0.721833 0.201453 0.736 0.226537 0.731776 0.229569 0.749975 0.250568 0.74624 0.25444 0.767814 0.270596 0.764702 0.275167 0.78887 0.285895 0.786494 0.291002 0.78887 0.00880472 0.767814 0.0287885 0.764702 0.0249091 0.786494 0.00422691 0.749975 0.0527841 0.74624 0.0497433 0.792742 0.429881 0.815174 0.423295 0.838448 0.544463 0.700867 0.448661 0.738274 0.472799 0.721709 0.424552 0.753584 0.455088 0.499176 0.548036 0.498587 0.51745 0.547402 0.508686 0.547835 0.531154 0.498389 0.485668 0.547256 0.485339 0.498588 0.453838 0.547402 0.461957 0.499176 0.42311 0.547835 0.439384 0.845552 0.345427 0.845873 0.377162 0.797529 0.368579 0.797294 0.345266 0.845873 0.407627 0.797529 0.390959 0.67153 0.569952 0.670016 0.538058 0.71561 0.53847 0.716722 0.561899 0.771961 0.440608 0.722234 0.584698 0.731947 0.606043 0.838448 0.421089 0.906367 0.816986 0.161012 0.931933 0.161659 0.926329 0.177192 0.928219 0.176606 0.933289 0.235146 0.858744 0.244176 0.857057 0.24565 0.864158 0.238693 0.865459 0.342705 0.787134 0.341835 0.894001 0.332545 0.894366 0.327312 0.787739 0.768794 0.394898 0.768513 0.387715 0.78405 0.387948 0.784304 0.394446 0.262903 0.859976 0.271324 0.864384 0.266564 0.869803 0.260077 0.866407 0.32418 0.895437 0.313452 0.789514 0.259387 0.960898 0.259617 0.967262 0.244316 0.965675 0.244107 0.959917 0.28345 0.877616 0.286329 0.885537 0.278124 0.8861 0.275906 0.879997 0.31731 0.89714 0.302069 0.792336 0.259242 0.939164 0.259192 0.946353 0.243932 0.946758 0.243976 0.940254 0.284751 0.90133 0.280402 0.908125 0.273558 0.903501 0.276909 0.898266 0.648519 0.810342 0.631373 0.916053 0.624125 0.91521 0.63651 0.808945 0.201073 0.960808 0.201368 0.966431 0.186108 0.964358 0.18584 0.959271 0.266044 0.917228 0.257014 0.918915 0.255541 0.911814 0.262497 0.910513 0.615499 0.91468 0.622218 0.808067 0.768794 0.380306 0.784304 0.381245 0.606083 0.914499 0.606617 0.807767 0.200887 0.939447 0.200824 0.94684 0.185615 0.946634 0.185672 0.939946 0.214417 0.882346 0.216439 0.874642 0.224282 0.877706 0.222724 0.883641 0.596519 0.91468 0.590771 0.808067 0.769616 0.373177 0.770923 0.366813 0.78623 0.369037 0.785047 0.374795 0.227169 0.862425 0.232548 0.868294 0.587459 0.91521 0.575758 0.808945 0.770923 0.406677 0.769616 0.401365 0.785047 0.400297 0.78623 0.405103 0.253643 0.857477 0.252943 0.864482 0.579519 0.916053 0.562603 0.810342 0.160466 0.945882 0.160605 0.938602 0.176238 0.939323 0.176113 0.945909 0.278332 0.870401 0.271963 0.874438 0.87984 0.278321 0.894884 0.1751 0.903117 0.174855 0.893482 0.277916 0.161659 0.966421 0.161012 0.960282 0.176606 0.958937 0.177192 0.964491 0.286773 0.893626 0.278466 0.892331 0.912342 0.174728 0.908767 0.277706 0.259242 0.953766 0.243976 0.953464 0.274021 0.913547 0.268643 0.907678 0.92193 0.174728 0.924653 0.277706 0.259617 0.927369 0.259387 0.932689 0.244107 0.934396 0.244315 0.929583 0.247547 0.918495 0.238287 0.915996 0.241113 0.909565 0.248247 0.91149 0.931227 0.174855 0.940058 0.277916 0.200887 0.954126 0.185672 0.953225 0.222858 0.905571 0.21774 0.898356 0.225284 0.895975 0.229227 0.901534 0.939601 0.1751 0.953931 0.278321 0.201368 0.926329 0.201073 0.932452 0.18584 0.933617 0.186108 0.928078 0.214861 0.890435 0.223066 0.889873 0.286773 0.785231 0.271431 0.78109 0.220788 0.867847 0.227632 0.872471 0.431045 0.913237 0.449402 0.810255 0.456676 0.80987 0.443096 0.912599 0.465318 0.809628 0.457416 0.912199 0.160605 0.953277 0.176238 0.952599 0.474741 0.809545 0.473029 0.912062 0.484303 0.809628 0.488871 0.912199 0.493351 0.80987 0.503863 0.9126 0.501269 0.810255 0.516983 0.913237 0.730523 0.308523 0.7258 0.313266 0.722633 0.310824 0.728092 0.30534 0.229867 0.911588 0.234626 0.906169 0.387498 0.792336 0.368869 0.89714 0.360638 0.895437 0.373859 0.789514 0.351417 0.894366 0.358581 0.78774 0.385611 0.661687 0.399356 0.669656 0.395575 0.674608 0.383234 0.667453 0.362397 0.949853 0.362156 0.955418 0.357389 0.955446 0.357629 0.949881 0.769717 0.319075 0.76638 0.313266 0.769549 0.310824 0.773407 0.317539 0.736293 0.352645 0.742742 0.354381 0.74222 0.358359 0.734764 0.356352 0.722461 0.319075 0.718771 0.317539 0.76166 0.308523 0.764092 0.30534 0.720731 0.325554 0.716772 0.32503 0.755879 0.30517 0.757409 0.301463 0.749418 0.354381 0.755867 0.352645 0.757395 0.356352 0.749938 0.358359 0.72073 0.332261 0.71677 0.332785 0.749431 0.303434 0.749953 0.299456 0.76165 0.349291 0.764081 0.352475 0.766372 0.344549 0.769712 0.33874 0.773401 0.340275 0.76954 0.346991 0.722456 0.33874 0.718766 0.340275 0.742755 0.303434 0.742234 0.299456 0.771441 0.332261 0.775401 0.332785 0.725793 0.344549 0.722624 0.346991 0.736305 0.30517 0.734778 0.301463 0.771443 0.325554 0.775403 0.32503 0.730512 0.349291 0.72808 0.352475 0.771274 0.819306 0.776813 0.8154 0.778736 0.821018 0.774333 0.824123 0.747469 0.928773 0.748837 0.922116 0.753404 0.922285 0.752037 0.928942 0.808845 0.956683 0.8087 0.948948 0.813424 0.948907 0.813569 0.956642 0.362005 0.962191 0.357237 0.962219 0.120825 0.939426 0.120516 0.94583 0.115753 0.945813 0.116062 0.939409 0.361953 0.96971 0.357186 0.969739 0.120322 0.953148 0.115558 0.953131 0.808845 0.941333 0.809271 0.934357 0.813995 0.934316 0.813569 0.941292 0.362005 0.977464 0.357237 0.977493 0.120255 0.960881 0.115492 0.960863 0.809948 0.928496 0.814672 0.928455 0.362156 0.984924 0.357389 0.984952 0.120322 0.968502 0.115558 0.968484 0.362397 0.991581 0.357629 0.991609 0.120516 0.975491 0.115753 0.975474 0.746316 0.943979 0.746609 0.93623 0.751177 0.9364 0.750884 0.944149 0.809948 0.970431 0.809271 0.96401 0.813995 0.963969 0.814672 0.97039 0.120825 0.981373 0.116062 0.981356 0.746609 0.951492 0.751177 0.951662 0.56352 0.929798 0.564607 0.924507 0.586891 0.927331 0.585954 0.931892 0.771273 0.86644 0.76675 0.86098 0.770737 0.857251 0.774333 0.861591 0.810485 0.83879 0.810485 0.846545 0.805503 0.845776 0.805503 0.839612 0.782992 0.81336 0.783648 0.819396 0.763552 0.854281 0.768194 0.851926 0.808829 0.854044 0.804187 0.851737 0.805631 0.860777 0.801108 0.866284 0.798049 0.861467 0.801644 0.857089 0.789389 0.813327 0.788733 0.81937 0.761896 0.8468 0.766878 0.845978 0.795568 0.87019 0.793645 0.864572 0.795568 0.815302 0.793645 0.82094 0.761896 0.839045 0.766878 0.839814 0.789389 0.87223 0.788733 0.866194 0.801108 0.81915 0.798049 0.823999 0.763552 0.831546 0.768194 0.833853 0.782992 0.872263 0.783648 0.86622 0.805631 0.82461 0.801644 0.828339 0.76675 0.824813 0.770737 0.828501 0.776813 0.870288 0.778736 0.86465 0.808829 0.831309 0.804187 0.833664 0.861416 0.176965 0.871417 0.174728 0.871417 0.336813 0.59543 0.946914 0.595315 0.940765 0.61814 0.940763 0.618239 0.946062 0.151851 0.930753 0.151731 0.936137 0.129329 0.937475 0.129433 0.932835 0.527898 0.921691 0.527653 0.926782 0.505295 0.928172 0.505506 0.923784 0.59543 0.934712 0.618239 0.935546 0.15169 0.942115 0.129294 0.942626 0.527498 0.932599 0.505162 0.933185 0.595769 0.929166 0.61853 0.930767 0.151731 0.948278 0.129329 0.947939 0.527446 0.938746 0.505116 0.938483 0.596307 0.924507 0.618994 0.926751 0.151851 0.954208 0.129433 0.953049 0.527498 0.944804 0.505162 0.943704 0.564607 0.957654 0.56352 0.953237 0.585954 0.952092 0.586891 0.955898 0.152043 0.9595 0.129598 0.95761 0.527653 0.95036 0.505295 0.948492 0.562836 0.947859 0.585365 0.947457 0.562603 0.941887 0.562837 0.935726 0.585366 0.937 0.585165 0.942309 0.596307 0.957843 0.595769 0.952739 0.61853 0.951082 0.618994 0.955481 0.527898 0.955036 0.505506 0.952522 0.152043 0.926329 0.129598 0.929022 0.418514 0.694734 0.422622 0.710135 0.416463 0.710951 0.412775 0.697124 0.418514 0.741482 0.410579 0.755292 0.405651 0.751495 0.412775 0.739095 0.33908 0.774558 0.325335 0.766589 0.329117 0.761637 0.341457 0.768791 0.306177 0.74151 0.302069 0.72611 0.308228 0.725294 0.311916 0.739121 0.325335 0.669674 0.33908 0.661699 0.341457 0.667464 0.329117 0.674625 0.370281 0.657564 0.36947 0.663751 0.314113 0.680952 0.319041 0.68475 0.410579 0.680928 0.405651 0.684728 0.422622 0.726079 0.416463 0.725266 0.35441 0.778681 0.355221 0.772493 0.314113 0.755317 0.319041 0.751517 0.302069 0.710165 0.306177 0.694763 0.311916 0.697149 0.308228 0.710978 0.35441 0.657568 0.355221 0.663755 0.399356 0.76657 0.395575 0.76162 0.370281 0.778677 0.36947 0.772489 0.890248 0.570027 0.892893 0.565426 0.896677 0.567001 0.893497 0.572532 0.0577353 0.924611 0.0437286 0.924342 0.0391627 0.779101 0.193749 0.915342 0.180032 0.913749 0.177611 0.78109 0.872027 0.166275 0.861406 0.164129 0.872027 0.00422691 0.0295011 0.924611 0.165778 0.913206 0.848864 0.161269 0.151958 0.913749 0.835256 0.157889 0.0160227 0.925399 0.00421174 0.926654 0.797294 0.19473 0.809004 0.191108 0.081349 0.926654 0.0705669 0.9254 0.849313 0.179941 0.881936 0.538835 0.876828 0.53746 0.877364 0.53338 0.883505 0.535033 0.855462 0.565426 0.858105 0.570027 0.854854 0.572533 0.851677 0.567001 0.886507 0.573784 0.889 0.577049 0.886515 0.541492 0.88901 0.538227 0.854094 0.560294 0.850033 0.560832 0.881927 0.57644 0.883493 0.580242 0.890254 0.545249 0.893504 0.542743 0.854096 0.554982 0.850034 0.554444 0.876818 0.577815 0.877352 0.581896 0.892897 0.54985 0.896682 0.548275 0.855466 0.54985 0.851681 0.548275 0.861851 0.541492 0.858111 0.545249 0.854862 0.542743 0.859358 0.538227 0.87153 0.577815 0.870994 0.581896 0.866432 0.538835 0.864865 0.535033 0.866422 0.57644 0.864854 0.580243 0.894263 0.560294 0.894264 0.554981 0.898326 0.554444 0.898324 0.560831 0.87154 0.53746 0.871006 0.53338 0.861843 0.573784 0.859349 0.577049 0.848738 0.568282 0.846871 0.561277 0.891117 0.579691 0.884864 0.583317 0.891128 0.535611 0.896231 0.540739 0.846873 0.554025 0.852354 0.540739 0.85746 0.535611 0.877891 0.585194 0.899839 0.54702 0.848743 0.54702 0.870672 0.585194 0.901705 0.554025 0.863713 0.531985 0.8637 0.583317 0.901704 0.561277 0.870686 0.530108 0.899834 0.568282 0.877905 0.530108 0.896223 0.574563 0.884877 0.531985 0.852346 0.574563 0.989521 0.325498 0.989379 0.331833 0.9813 0.331881 0.981441 0.325547 0.804574 0.901164 0.804848 0.893917 0.812589 0.894204 0.812314 0.901451 0.975425 0.274429 0.975561 0.267308 0.983567 0.267238 0.983431 0.274359 0.989331 0.338865 0.981251 0.338913 0.98722 0.0102455 0.987038 0.017089 0.978966 0.0170594 0.979147 0.0102159 0.975959 0.260784 0.983964 0.260714 0.989379 0.346116 0.9813 0.346165 0.986976 0.0243206 0.978904 0.0242911 0.976592 0.255302 0.984598 0.255232 0.989521 0.353093 0.981441 0.353141 0.806931 0.919713 0.805652 0.914517 0.813393 0.914805 0.814672 0.920001 0.989746 0.359319 0.981666 0.359367 0.987509 0.00425647 0.979436 0.00422691 0.804848 0.90819 0.812589 0.908478 0.976592 0.29452 0.975959 0.288515 0.983965 0.288446 0.984598 0.29445 0.98722 0.0379843 0.987509 0.0434851 0.979437 0.0434556 0.979147 0.0379547 0.805652 0.886943 0.806931 0.880717 0.814672 0.881005 0.813393 0.88723 0.975561 0.281663 0.983567 0.281593 0.989746 0.320294 0.981666 0.320342 0.375101 0.95395 0.373409 0.942119 0.383129 0.940133 0.384465 0.949473 0.45597 0.675992 0.473595 0.665347 0.494119 0.659061 0.516144 0.657564 0.516144 0.801091 0.494119 0.797698 0.473595 0.789645 0.45597 0.777482 0.442446 0.762037 0.433945 0.744363 0.431045 0.725664 0.433945 0.707215 0.442446 0.690273 0.951517 0.567949 0.969747 0.567947 0.969749 0.581103 0.951519 0.581105 0.37837 0.964234 0.387045 0.957591 0.678353 0.832567 0.686122 0.823263 0.687192 0.824942 0.679747 0.833858 0.969753 0.593522 0.951523 0.593524 0.670016 0.869924 0.670016 0.85672 0.671757 0.857003 0.671757 0.869655 0.969758 0.604358 0.951528 0.60436 0.918789 0.412585 0.915697 0.404053 0.924053 0.397919 0.926494 0.404654 0.686122 0.903514 0.678353 0.894146 0.679747 0.892867 0.687192 0.901844 0.520975 0.627926 0.504237 0.628294 0.501064 0.617457 0.517802 0.617089 0.913753 0.393407 0.91309 0.381371 0.921995 0.380013 0.922519 0.389514 0.717238 0.913662 0.706251 0.913616 0.70648 0.911525 0.717009 0.911568 0.375101 0.917088 0.37837 0.905594 0.387046 0.911299 0.384465 0.920372 0.915889 0.947073 0.924409 0.946407 0.927617 0.968206 0.919098 0.968872 0.721039 0.898921 0.71301 0.901473 0.709341 0.884047 0.71368 0.882668 0.914795 0.924794 0.923314 0.924128 0.737366 0.903726 0.727851 0.910288 0.727179 0.908335 0.736297 0.902047 0.915889 0.903551 0.924409 0.902885 0.706251 0.813327 0.717238 0.813372 0.717009 0.815464 0.70648 0.815421 0.919098 0.884794 0.927617 0.884128 0.517802 0.566576 0.501064 0.566944 0.504237 0.556858 0.520975 0.556489 0.753473 0.870268 0.750629 0.88301 0.749006 0.882196 0.751731 0.869986 0.547314 0.845658 0.539452 0.846193 0.545229 0.828016 0.553092 0.827481 0.322834 0.966788 0.307246 0.967849 0.303835 0.955855 0.319423 0.954794 0.544323 0.866571 0.536461 0.867106 0.302069 0.942854 0.317657 0.941793 0.727851 0.816833 0.727179 0.818781 0.544323 0.888795 0.536461 0.88933 0.302069 0.929733 0.317657 0.928672 0.67286 0.843979 0.674482 0.844793 0.547314 0.910814 0.539452 0.91135 0.303835 0.917386 0.319423 0.916326 0.67286 0.882689 0.674482 0.881888 0.553092 0.93113 0.545229 0.931665 0.307246 0.906655 0.322834 0.905594 0.695638 0.910155 0.69631 0.908208 0.967993 0.0219674 0.959697 0.0235508 0.962184 0.00581029 0.97048 0.00422691 0.915587 0.530108 0.932525 0.530447 0.929564 0.541283 0.912625 0.540944 0.967993 0.0424849 0.959697 0.0440683 0.927702 0.553701 0.910764 0.553362 0.745135 0.894422 0.743742 0.893131 0.97048 0.0643811 0.962184 0.0659645 0.927067 0.566856 0.910129 0.566517 0.927702 0.57985 0.910764 0.579511 0.750629 0.8443 0.753473 0.857065 0.751731 0.857333 0.749006 0.845101 0.929564 0.591798 0.912626 0.591459 0.737366 0.823474 0.736297 0.825144 0.745135 0.832843 0.743742 0.834122 0.932525 0.601885 0.915587 0.601546 0.865789 0.752457 0.848372 0.742709 0.835007 0.729116 0.826606 0.712603 0.82374 0.694297 0.826606 0.675445 0.835007 0.657331 0.848372 0.64119 0.865789 0.628122 0.886071 0.619018 0.907837 0.614497 0.907837 0.758067 0.886071 0.757696 0.695638 0.8167 0.69631 0.818653 0.951528 0.525362 0.969758 0.52536 0.969753 0.532905 0.951523 0.532907 0.969749 0.542998 0.951519 0.543 0.893669 0.521654 0.882781 0.521126 0.872263 0.517208 0.862833 0.510166 0.855134 0.50048 0.84969 0.488811 0.846871 0.475953 0.846871 0.462783 0.84969 0.450198 0.855134 0.439056 0.862833 0.430117 0.872263 0.423988 0.882781 0.421089 0.893669 0.421617 0.904187 0.425535 0.913617 0.432577 0.921316 0.442263 0.92676 0.453932 0.929579 0.46679 0.929579 0.47996 0.92676 0.492545 0.921316 0.503687 0.913617 0.512626 0.904187 0.518755 0.704699 0.901439 0.969747 0.55495 0.951517 0.554952 0.728237 0.833247 0.721039 0.828223 0.945236 0.779021 0.945236 0.950174 0.936041 0.950174 0.936041 0.779021 0.915697 0.356452 0.918789 0.345266 0.926494 0.35151 0.924053 0.360341 0.913753 0.368767 0.922519 0.370062 0.69667 0.898821 0.728237 0.893957 0.734115 0.886918 0.738271 0.878285 0.71301 0.825605 0.740422 0.868646 0.740422 0.858658 0.738271 0.849001 0.734115 0.840334 0.70485 0.843031 0.709341 0.843049 0.71368 0.844464 0.717569 0.847179 0.720745 0.851008 0.722991 0.855692 0.724154 0.86091 0.724154 0.866308 0.722991 0.871516 0.720745 0.876181 0.71757 0.879985 0.70485 0.884028 0.700511 0.882613 0.696621 0.879898 0.693446 0.876069 0.6912 0.871385 0.690037 0.866167 0.690037 0.86077 0.6912 0.855561 0.693446 0.850896 0.696621 0.847092 0.700511 0.84441 0.689472 0.893797 0.677287 0.868386 0.677287 0.858397 0.683594 0.840125 0.689472 0.833087 0.679438 0.878042 0.679438 0.848758 0.683594 0.88671 0.704699 0.82557 0.978181 0.603134 0.979768 0.569326 0.984324 0.569326 0.988388 0.603134 0.975425 0.246778 0.975426 0.211639 0.980328 0.211639 0.986408 0.246778 0.978181 0.560872 0.978957 0.52536 0.98346 0.52536 0.988268 0.560872 0.990287 0.413528 0.990287 0.448926 0.986254 0.450107 0.981251 0.416176 0.523782 0.977142 0.523782 0.964066 0.527943 0.96349 0.527943 0.976566 0.721607 0.963684 0.721607 0.989833 0.708298 0.989015 0.708298 0.962866 0.661571 0.965111 0.661571 0.978504 0.65707 0.978603 0.65707 0.965211 0.936041 0.992607 0.940715 0.958628 0.944916 0.958628 0.945453 0.992607 0.975425 0.203185 0.981506 0.168045 0.986408 0.168045 0.986408 0.203185 0.786585 0.986346 0.786585 0.953552 0.799913 0.95393 0.799913 0.986724 0.417742 0.942637 0.417742 0.929797 0.422265 0.930345 0.422265 0.943185 0.71777 0.92265 0.71777 0.940478 0.708298 0.939115 0.708298 0.924576 0.73018 0.922116 0.73018 0.939943 0.987204 0.807045 0.987204 0.792179 0.995788 0.792179 0.995788 0.807044 0.505677 0.636748 0.505677 0.646867 0.498389 0.647877 0.498389 0.637758 0.168321 0.988825 0.160466 0.989504 0.160466 0.975553 0.168321 0.974874 0.381373 0.987228 0.373409 0.986762 0.373409 0.972687 0.381373 0.973154 0.728302 0.954039 0.719648 0.954412 0.205926 0.975664 0.205926 0.989614 0.199489 0.988835 0.199489 0.974885 0.815107 0.978885 0.815107 0.993437 0.8087 0.993578 0.8087 0.979026 0.521447 0.647142 0.5141 0.647535 0.515476 0.637067 0.521447 0.636748 0.854202 0.603209 0.846871 0.603836 0.848244 0.594158 0.854202 0.593648 0.99418 0.817261 0.987203 0.817261 0.987203 0.781811 0.99418 0.78181 0.281671 0.976083 0.282199 0.971362 0.286256 0.971942 0.285803 0.975996 0.887878 0.975447 0.903634 0.975446 0.903634 0.982497 0.887879 0.982498 0.18601 0.979015 0.187136 0.974885 0.191065 0.976184 0.190098 0.97973 0.681976 0.957934 0.676488 0.955055 0.678857 0.950869 0.682807 0.952942 0.903637 0.988603 0.887881 0.988604 0.421457 0.902755 0.421456 0.906887 0.417743 0.907677 0.417744 0.904128 0.697602 0.950604 0.693402 0.955526 0.691034 0.951208 0.694058 0.947665 0.981557 0.513421 0.96709 0.513739 0.965526 0.507633 0.979993 0.507314 0.421456 0.916947 0.421457 0.921344 0.417744 0.920092 0.417743 0.916316 0.697602 0.930315 0.699875 0.936961 0.695694 0.937842 0.694058 0.933057 0.964977 0.500583 0.979444 0.500264 0.185615 0.983997 0.189759 0.984009 0.676488 0.92469 0.681976 0.922116 0.682807 0.927154 0.678857 0.929007 0.965526 0.493663 0.979993 0.493344 0.282199 0.981182 0.286256 0.980375 0.96709 0.487926 0.981557 0.487607 0.421455 0.911871 0.417742 0.911957 0.672289 0.9499 0.675833 0.947158 0.962241 0.307051 0.948746 0.307508 0.947343 0.300799 0.960838 0.300342 0.679159 0.946031 0.681755 0.949218 0.687915 0.9581 0.687083 0.953061 0.947343 0.293679 0.960838 0.293222 0.674197 0.937244 0.675833 0.93255 0.679159 0.933486 0.677753 0.937517 0.687915 0.922281 0.687083 0.927273 0.948746 0.287232 0.962241 0.286775 0.699875 0.944085 0.695694 0.942971 0.334135 0.949853 0.348762 0.950503 0.346895 0.956033 0.332268 0.955383 0.18601 0.989073 0.190098 0.988368 0.693402 0.92516 0.691034 0.929346 0.345885 0.962861 0.331257 0.962211 0.283701 0.985882 0.287546 0.984411 0.672289 0.929611 0.345885 0.969948 0.331257 0.969298 0.283701 0.967736 0.287546 0.968828 0.670016 0.943255 0.674197 0.942373 0.346895 0.976216 0.332268 0.975565 0.348762 0.980709 0.334135 0.980059 0.187136 0.99347 0.191065 0.992143 0.887881 0.962784 0.903637 0.962784 0.903634 0.968524 0.887879 0.968524 0.677753 0.941922 0.685148 0.928852 0.68882 0.928954 0.692213 0.930734 0.694809 0.933922 0.696215 0.93803 0.696215 0.942436 0.694809 0.946466 0.692213 0.949509 0.68882 0.9511 0.685148 0.950998 0.681755 0.930443 0.409319 0.788552 0.409319 0.943204 0.395921 0.941786 0.395921 0.787134 0.964977 0.479088 0.964977 0.320294 0.972828 0.32036 0.972828 0.479154 0.0897724 0.937897 0.0897725 0.779101 0.103317 0.77917 0.103317 0.937966 0.962514 0.82466 0.962514 0.983122 0.954672 0.982783 0.954672 0.824321 0.957862 0.815828 0.957862 0.614497 0.962514 0.614536 0.962514 0.815867 0.920226 0.00422691 0.93377 0.00429604 0.93377 0.163092 0.920226 0.163023 0.978789 0.773357 0.970938 0.773291 0.970938 0.614497 0.978789 0.614563 0.949438 0.770567 0.936041 0.769149 0.936041 0.614497 0.949438 0.615915 0.970938 0.78181 0.978779 0.782149 0.978779 0.940612 0.970938 0.940273 0.956553 0.320827 0.956553 0.516906 0.951517 0.516374 0.951517 0.320294 0.927334 0.336033 0.921837 0.336615 0.921837 0.320784 0.927334 0.320203 0.627418 0.965159 0.633093 0.965111 0.633093 0.985956 0.627418 0.986003 0.921837 0.311624 0.921837 0.286775 0.938919 0.2869 0.938919 0.311749 0.943094 0.32032 0.943094 0.521654 0.938002 0.521628 0.938002 0.320294 0.967001 0.077411 0.967001 0.278321 0.962355 0.27812 0.962355 0.0772101 0.897052 0.411578 0.897052 0.406012 0.902536 0.406052 0.902536 0.411618 0.65707 0.987366 0.659989 0.987057 0.659989 0.995464 0.65707 0.995773 0.990226 0.645115 0.987212 0.64514 0.987212 0.634071 0.990226 0.634046 0.992994 0.49606 0.98998 0.496075 0.98998 0.487623 0.992994 0.487607 0.744333 0.985633 0.744332 0.972437 0.753404 0.972504 0.753404 0.9857 0.252392 0.975716 0.252392 0.988597 0.243932 0.989392 0.243932 0.976511 0.989852 0.303283 0.992772 0.302974 0.992772 0.311381 0.989852 0.31169 0.990226 0.664663 0.987212 0.664689 0.987212 0.653619 0.990226 0.653594 0.992994 0.512982 0.98998 0.512997 0.98998 0.504545 0.992994 0.504529 0.990208 0.907338 0.987203 0.907467 0.987203 0.896401 0.990208 0.896271 0.440117 0.967947 0.440117 0.981143 0.431045 0.981077 0.431045 0.96788 0.0126717 0.975107 0.0126717 0.987988 0.00421174 0.988784 0.00421174 0.975903 0.526701 0.994003 0.523782 0.994312 0.523782 0.985905 0.526701 0.985596 0.990226 0.684212 0.987212 0.684237 0.987212 0.673167 0.990226 0.673142 0.990588 0.949081 0.993602 0.949065 0.993602 0.957518 0.990588 0.957533 0.321958 0.987369 0.318953 0.987499 0.318953 0.976433 0.321958 0.976303 0.138365 0.968021 0.138365 0.981217 0.129294 0.98115 0.129294 0.967954 0.987364 0.0519389 0.987364 0.0648202 0.978904 0.0656157 0.978904 0.0527343 0.553813 0.993832 0.550894 0.994141 0.550894 0.985734 0.553813 0.985425 0.987212 0.614522 0.990226 0.614497 0.990226 0.625567 0.987212 0.625592 0.993602 0.97444 0.990588 0.974455 0.990588 0.966003 0.993602 0.965987 0.524567 0.774759 0.527572 0.774629 0.527572 0.785695 0.524567 0.785825 0.448541 0.981077 0.448541 0.96788 0.457612 0.967947 0.457612 0.981143 0.310529 0.976303 0.310529 0.989184 0.302069 0.989979 0.302069 0.977098 0.481683 0.968247 0.486897 0.967716 0.486897 0.987297 0.481683 0.987828 0.0632519 0.955041 0.0594055 0.955356 0.0594055 0.935423 0.0632518 0.935107 0.582263 0.966923 0.582263 0.985982 0.576649 0.985167 0.576649 0.966108 0.900187 0.602501 0.894947 0.602474 0.894477 0.598074 0.899717 0.5981 0.839372 0.985597 0.839372 0.965588 0.84501 0.965394 0.84501 0.985402 0.894947 0.593648 0.900187 0.593675 0.229451 0.967396 0.234696 0.966998 0.234696 0.986925 0.229451 0.987324 0.257239 0.772416 0.251952 0.772376 0.251088 0.768459 0.256375 0.768498 0.868699 0.406376 0.874486 0.406012 0.874486 0.412144 0.868699 0.412507 0.251088 0.763891 0.256375 0.76393 0.670016 0.966553 0.67534 0.967178 0.67534 0.986873 0.670016 0.986248 0.251952 0.759896 0.257239 0.759936 0.541767 0.956808 0.545651 0.957296 0.545651 0.976971 0.541767 0.976482 0.881383 0.15355 0.886596 0.153529 0.885663 0.157466 0.88045 0.157488 0.151867 0.987103 0.146789 0.985924 0.146789 0.967954 0.151867 0.969133 0.885663 0.162035 0.88045 0.162056 0.335705 0.989315 0.335705 0.99498 0.331257 0.994828 0.331257 0.989163 0.886596 0.16601 0.881383 0.166032 0.0665829 0.957033 0.0685061 0.960799 0.0685061 0.96533 0.066583 0.969411 0.063252 0.97195 0.0594056 0.972265 0.0560745 0.970272 0.0541514 0.966506 0.0541513 0.961976 0.0560745 0.957894 0.888629 0.406216 0.888629 0.412452 0.88291 0.412248 0.88291 0.406012 0.536461 0.985425 0.542099 0.985706 0.542471 0.988804 0.536833 0.988523 0.542471 0.993162 0.536833 0.992881 0.538403 0.954149 0.536461 0.950032 0.536461 0.94556 0.538403 0.941932 0.541767 0.940119 0.545651 0.940607 0.549015 0.943266 0.550957 0.947383 0.550957 0.951855 0.549015 0.955483 0.656942 0.912281 0.656942 0.864652 0.660307 0.865141 0.660307 0.91277 0.524567 0.707683 0.524567 0.657681 0.527946 0.657564 0.527946 0.707566 0.527711 0.765936 0.524567 0.766175 0.524567 0.716375 0.527711 0.716136 0.417742 0.787134 0.420933 0.787509 0.420933 0.836727 0.417742 0.836352 0.648646 0.965866 0.648646 0.983071 0.641516 0.982317 0.641516 0.965111 0.214417 0.984664 0.214417 0.966998 0.221028 0.967053 0.221028 0.984719 0.830948 0.96543 0.830948 0.983097 0.82374 0.98306 0.82374 0.965394 0.595315 0.983926 0.595315 0.966297 0.601918 0.966582 0.601918 0.984211 0.862625 0.601557 0.862625 0.593648 0.870389 0.593705 0.870389 0.601614 0.886053 0.593648 0.886053 0.601369 0.878813 0.602049 0.878813 0.594329 0.468047 0.987838 0.468047 0.967738 0.47326 0.967716 0.47326 0.987817 0.036595 0.95497 0.0365951 0.935107 0.0404551 0.935479 0.040455 0.955342 0.28117 0.772399 0.280237 0.768424 0.285449 0.768402 0.286382 0.772378 0.568226 0.985307 0.562603 0.98606 0.562603 0.96686 0.568226 0.966108 0.615709 0.967068 0.615709 0.986538 0.610341 0.985767 0.610341 0.966297 0.280237 0.763855 0.28117 0.759917 0.286382 0.759896 0.285449 0.763834 0.860276 0.40629 0.860276 0.412421 0.854297 0.412144 0.854297 0.406012 0.271814 0.759936 0.27095 0.76393 0.265663 0.763891 0.266527 0.759896 0.683764 0.986889 0.683764 0.967106 0.689065 0.966553 0.689065 0.986336 0.27095 0.768498 0.265663 0.768459 0.0987947 0.963419 0.0987946 0.98346 0.0949814 0.983654 0.0949815 0.963613 0.271814 0.772416 0.266527 0.772376 0.26804 0.987206 0.26804 0.967736 0.273248 0.968323 0.273248 0.987793 0.90073 0.153555 0.90026 0.157981 0.895019 0.157954 0.895489 0.153529 0.344128 0.989379 0.348466 0.989163 0.348466 0.994828 0.344128 0.995044 0.90073 0.162381 0.895489 0.162354 0.0437979 0.957922 0.0457279 0.962017 0.0457279 0.966532 0.0437978 0.970256 0.040455 0.972191 0.0365949 0.971819 0.0332521 0.96924 0.0313221 0.965144 0.0313221 0.960629 0.0332521 0.956905 0.975425 0.311026 0.975788 0.307633 0.981429 0.30744 0.981066 0.310833 0.975787 0.303167 0.981429 0.302974 0.091679 0.961504 0.0897724 0.957656 0.0897725 0.953101 0.0916791 0.949059 0.0949815 0.946614 0.0987948 0.94642 0.102097 0.948529 0.104004 0.952377 0.104004 0.956932 0.102097 0.960974 0.0801915 0.979272 0.0769296 0.978379 0.0769296 0.935107 0.0801915 0.936001 0.42096 0.845643 0.42096 0.894301 0.417742 0.893838 0.417742 0.845181 0.216326 0.955668 0.226298 0.955585 0.283516 0.94627 0.287012 0.946068 0.86426 0.933738 0.331271 0.92041 0.331257 0.919347 0.364886 0.905594 0.364934 0.909363 0.479082 0.927985 0.987203 0.86456 0.991317 0.861376 0.991317 0.870961 0.991001 0.719531 0.987212 0.720453 0.987212 0.71197 0.991001 0.711048 0.748837 0.963814 0.747469 0.958258 0.752036 0.958427 0.753404 0.963983 0.385611 0.774546 0.383234 0.768781 0.139514 0.915342 0.821509 0.154221 0.129294 0.917875 0.808561 0.150513 0.822182 0.187262 0.835931 0.183453 0.797294 0.147018 0.205994 0.917875 0.857449 0.579691 0.987038 0.0314476 0.978966 0.0314181 0.373409 0.929546 0.383129 0.930207 0.499069 0.605039 0.515808 0.60467 0.498389 0.591885 0.515128 0.591516 0.499069 0.578891 0.515808 0.578523 0.69667 0.828122 0.986512 0.0772101 0.986512 0.112523 0.975425 0.114064 0.975425 0.0787509 0.737893 0.923302 0.737893 0.93784 0.670016 0.93613 0.92047 0.993242 0.914795 0.993271 0.914795 0.977355 0.92047 0.977326 0.73003 0.96311 0.735688 0.962866 0.735688 0.983704 0.73003 0.983948 0.863524 0.988538 0.863524 0.964282 0.879454 0.962784 0.879454 0.98704 0.990208 0.926987 0.987203 0.927117 0.987203 0.916051 0.990208 0.915921 0.981251 0.458561 0.986694 0.460051 0.986694 0.477367 0.981251 0.475877 0.992438 0.764417 0.992438 0.77016 0.987212 0.768863 0.987212 0.76312 0.656942 0.808218 0.660312 0.807767 0.660312 0.855747 0.656942 0.856198 0.783826 0.349225 0.783826 0.299787 0.787003 0.299456 0.787003 0.348894 0.882797 0.345266 0.889203 0.346991 0.886918 0.352731 0.882018 0.351412 0.98043 0.981504 0.9724 0.981106 0.971309 0.975046 0.97934 0.975444 0.0228618 0.962361 0.0228986 0.966649 0.0115354 0.966653 0.0114986 0.962365 0.899635 0.355202 0.90295 0.361128 0.897434 0.363546 0.894898 0.359012 0.970938 0.968352 0.978968 0.968751 0.778162 0.954064 0.776835 0.95853 0.766499 0.958018 0.767826 0.953552 0.904667 0.374633 0.90295 0.38129 0.897434 0.378968 0.898747 0.373876 0.971309 0.961482 0.97934 0.961881 0.26804 0.945416 0.268341 0.940165 0.279422 0.940898 0.279122 0.946148 0.894946 0.392177 0.889203 0.395666 0.886918 0.389964 0.891311 0.387296 0.9724 0.954904 0.98043 0.955302 0.268921 0.95855 0.268341 0.954932 0.279422 0.955665 0.280003 0.959282 0.876166 0.397558 0.869761 0.395834 0.872046 0.390093 0.876946 0.391412 0.974134 0.949065 0.982164 0.949464 0.859329 0.387623 0.856013 0.381696 0.86153 0.379279 0.864066 0.383813 0.977078 0.122518 0.9857 0.122833 0.984803 0.128895 0.976181 0.128579 0.854297 0.368192 0.856013 0.361535 0.86153 0.363857 0.860217 0.368949 0.98424 0.13559 0.975617 0.135274 0.0228309 0.95219 0.0228387 0.957429 0.0114755 0.957434 0.0114676 0.952194 0.864018 0.350647 0.869761 0.347159 0.872046 0.35286 0.867653 0.355528 0.984047 0.142463 0.975425 0.142147 0.0228986 0.938155 0.0228618 0.942212 0.0114986 0.942217 0.0115354 0.938159 0.876166 0.345324 0.876946 0.351456 0.98424 0.149044 0.975617 0.148729 0.776001 0.973938 0.776835 0.978573 0.766499 0.978061 0.765665 0.973425 0.894946 0.35038 0.891311 0.355324 0.984803 0.154887 0.976181 0.154571 0.776001 0.963562 0.765665 0.96305 0.904667 0.367756 0.898747 0.368615 0.9857 0.159591 0.977078 0.159276 0.268921 0.935059 0.280003 0.935791 0.899635 0.387274 0.894898 0.383546 0.0801915 0.994855 0.0745869 0.994602 0.0745869 0.987726 0.0801915 0.987979 0.26804 0.950452 0.279122 0.951185 0.882797 0.397501 0.882018 0.391368 0.507611 0.963554 0.515358 0.96349 0.513714 0.969402 0.505967 0.969466 0.215068 0.935646 0.216326 0.931124 0.226298 0.931041 0.22504 0.935563 0.864018 0.392445 0.867653 0.387501 0.512863 0.976024 0.505116 0.976088 0.215068 0.951075 0.214417 0.945974 0.224389 0.945891 0.22504 0.950992 0.512863 0.982903 0.505116 0.982968 0.778162 0.982409 0.767826 0.981897 0.859329 0.35555 0.864066 0.359279 0.513714 0.989572 0.505967 0.989637 0.515358 0.995576 0.507611 0.99564 0.0228387 0.946999 0.0114755 0.947004 0.990168 0.405071 0.98134 0.405074 0.981292 0.399469 0.99012 0.399465 0.775717 0.968818 0.76538 0.968305 0.981262 0.393022 0.99009 0.393018 0.269742 0.930444 0.280824 0.931177 0.981251 0.386172 0.990079 0.386168 0.981262 0.379387 0.99009 0.379383 0.987212 0.729143 0.992447 0.728907 0.992447 0.736154 0.987212 0.73639 0.854297 0.375069 0.860217 0.374209 0.981292 0.373129 0.99012 0.373125 0.98134 0.367824 0.990168 0.367821 0.283516 0.951058 0.283802 0.955317 0.982164 0.986519 0.974134 0.986121 0.214417 0.940711 0.224389 0.940628 0.00720381 0.947298 0.00719632 0.952232 0.00421174 0.952324 0.00421822 0.948045 0.762167 0.972882 0.761896 0.968014 0.0115833 0.935107 0.00726072 0.938889 0.00730627 0.935987 0.228618 0.945743 0.229237 0.950593 0.76296 0.977289 0.00722578 0.942747 0.228618 0.94074 0.284354 0.936423 0.283802 0.941278 0.229237 0.935925 0.285134 0.932037 0.230433 0.931625 0.00720379 0.957213 0.28183 0.927369 0.286091 0.928416 0.228076 0.927369 0.232123 0.928134 0.00722578 0.961901 0.762167 0.963018 0.76296 0.958234 0.284354 0.958756 0.00726073 0.965978 0.865384 0.946049 0.863908 0.942122 0.869342 0.941217 0.870338 0.943866 0.863572 0.927905 0.866744 0.924076 0.868816 0.926531 0.866065 0.929852 0.234042 0.933178 0.233005 0.936907 0.00421822 0.956644 0.870791 0.921159 0.872326 0.924001 0.235508 0.930151 0.00423728 0.960711 0.875437 0.919351 0.876355 0.922434 0.287259 0.953915 0.287738 0.956898 0.232123 0.958544 0.230433 0.954959 0.234042 0.953415 0.235508 0.956524 0.880365 0.918778 0.88063 0.921936 0.287012 0.950221 0.233005 0.949629 0.885241 0.919477 0.884858 0.922542 0.88973 0.921401 0.893528 0.924419 0.892045 0.926829 0.888751 0.924211 0.232468 0.945423 0.896375 0.928326 0.894515 0.930217 0.232468 0.941084 0.00423728 0.944098 0.287738 0.937529 0.287259 0.941739 0.883474 0.928011 0.8861 0.929136 0.888321 0.930902 0.889987 0.933187 0.890983 0.935836 0.891242 0.938669 0.890746 0.941491 0.889528 0.944112 0.887672 0.946352 0.885305 0.948059 0.882587 0.949116 0.879704 0.949452 0.876852 0.949043 0.874226 0.947917 0.872004 0.946151 0.869084 0.938385 0.86958 0.935562 0.870797 0.932941 0.872653 0.930701 0.875021 0.928994 0.877739 0.927937 0.880622 0.927602 0.891083 0.949735 0.887573 0.952265 0.863524 0.937923 0.883543 0.953833 0.879269 0.95433 0.895991 0.934144 0.875041 0.953724 0.896375 0.938344 0.871148 0.952055 0.895639 0.942529 0.867854 0.949437 0.893834 0.946414 0.992148 0.879694 0.992148 0.887818 0.987203 0.887538 0.987203 0.879415 0.755762 0.375358 0.758614 0.380455 0.756179 0.381522 0.753672 0.377039 0.912131 0.290364 0.913414 0.290324 0.913414 0.327388 0.908867 0.327531 0.402962 0.95175 0.404552 0.951658 0.401554 0.981109 0.395921 0.981434 0.846251 0.918778 0.846766 0.920095 0.825564 0.944061 0.82374 0.939393 0.910653 0.290179 0.90363 0.326874 0.331257 0.929451 0.331271 0.928163 0.364934 0.936837 0.364886 0.941399 0.406215 0.951658 0.407446 0.981109 0.847663 0.921312 0.828743 0.948373 0.33128 0.926644 0.364968 0.931455 0.407837 0.95175 0.413195 0.981434 0.848881 0.922345 0.833059 0.952034 0.331285 0.924998 0.364986 0.925619 0.90394 0.286775 0.904861 0.287641 0.883105 0.31788 0.87984 0.314812 0.850336 0.923124 0.838218 0.954796 0.331285 0.923335 0.364986 0.919728 0.906083 0.288467 0.887436 0.320807 0.851931 0.923597 0.84387 0.956469 0.33128 0.921771 0.364968 0.914184 0.907522 0.289197 0.892536 0.323393 0.853556 0.923729 0.849628 0.95694 0.909081 0.28978 0.89806 0.325463 0.855101 0.923514 0.8551 0.956177 0.756179 0.39677 0.753671 0.401296 0.730252 0.388271 0.71677 0.38653 0.718246 0.380804 0.720681 0.381829 0.719382 0.386864 0.741281 0.411736 0.735578 0.411786 0.735922 0.409073 0.740937 0.40903 0.76009 0.386155 0.757477 0.386534 0.721098 0.375657 0.723188 0.377303 0.730069 0.410303 0.731078 0.407769 0.76009 0.392069 0.757477 0.391735 0.72513 0.371441 0.726735 0.373595 0.730069 0.368441 0.735578 0.366862 0.735922 0.369569 0.731078 0.370957 0.72513 0.407388 0.726734 0.405206 0.758614 0.397795 0.741282 0.366813 0.740938 0.369525 0.721097 0.403241 0.723188 0.401559 0.755762 0.402941 0.74679 0.368296 0.745782 0.370829 0.718246 0.398144 0.72068 0.397077 0.751729 0.407158 0.750125 0.405004 0.751729 0.37121 0.750125 0.373392 0.71677 0.392444 0.719382 0.392065 0.74679 0.410158 0.745782 0.407642 0.470931 0.932642 0.474695 0.93031 0.496693 0.959263 0.632276 0.956627 0.627418 0.956658 0.636662 0.924507 0.459624 0.959397 0.455514 0.959427 0.459624 0.921691 0.450887 0.958645 0.483795 0.925824 0.488512 0.923976 0.446058 0.957106 0.651264 0.956658 0.647267 0.956627 0.492911 0.922567 0.441356 0.954914 0.642551 0.956612 0.496693 0.921691 0.437102 0.952218 0.433585 0.949203 0.431045 0.946073 0.637438 0.956612 0.468047 0.934821 0.991342 0.835482 0.987203 0.832455 0.991342 0.825715 0.0313221 0.98803 0.0361664 0.980645 0.0361664 0.990608 0.987212 0.751538 0.99059 0.744844 0.99059 0.754666 0.991899 0.844148 0.991899 0.852922 0.987203 0.852711 0.987203 0.843936 0.990767 0.692691 0.990767 0.702594 0.987212 0.695616 0.0541513 0.989007 0.0595525 0.980719 0.0595525 0.989331 0.830635 0.850805 0.825831 0.833834 0.842198 0.83055 0.846304 0.845054 0.824439 0.798805 0.827902 0.782014 0.843969 0.786264 0.841009 0.800615 0.886295 0.907505 0.872201 0.90145 0.881826 0.888335 0.893871 0.893509 0.25786 0.203224 0.255058 0.220641 0.130914 0.209087 0.136653 0.173416 0.79615 0.944363 0.762263 0.945098 0.761989 0.927536 0.795876 0.926801 0.761896 0.910676 0.795784 0.909941 0.761989 0.895127 0.795876 0.894393 0.281585 0.15715 0.271368 0.170894 0.164317 0.107203 0.185242 0.079055 0.847599 0.880616 0.837979 0.866589 0.852581 0.858543 0.860801 0.87053 0.762263 0.881451 0.79615 0.880717 0.271368 0.28418 0.281585 0.295651 0.185242 0.362711 0.164317 0.339217 0.286278 0.751442 0.252418 0.750768 0.251765 0.73928 0.285625 0.739954 0.251317 0.725456 0.285176 0.726129 0.82374 0.81629 0.840412 0.815557 0.251088 0.709795 0.284948 0.710469 0.251088 0.692865 0.284948 0.693539 0.255058 0.238061 0.25786 0.254855 0.136653 0.279158 0.130914 0.244764 0.251317 0.675277 0.285176 0.675951 0.251765 0.657667 0.285625 0.658341 0.834004 0.766521 0.849183 0.773024 0.252418 0.640671 0.286278 0.641344 0.263363 0.186439 0.147923 0.139041 0.859145 0.892378 0.870669 0.880581 0.293646 0.145704 0.209943 0.0556128 0.263363 0.270415 0.147923 0.311027 0.900917 0.910324 0.906367 0.895918 0.713358 0.802965 0.685472 0.801725 0.670016 0.614497 0.701221 0.615884 0.293646 0.304414 0.209943 0.380658 0.0103303 0.18189 0.0167521 0.141973 0.304085 0.630871 0.302979 0.602565 0.488728 0.617435 0.489966 0.64911 0.302299 0.570497 0.487966 0.581549 0.302069 0.535824 0.48771 0.542749 0.302299 0.499801 0.487966 0.502438 0.302979 0.463728 0.488728 0.462072 0.304085 0.428911 0.489966 0.42311 0.815317 0.804873 0.779475 0.804568 0.775209 0.617678 0.815317 0.61802 0.745074 0.803924 0.736713 0.616958 0.0477091 0.327511 0.0711255 0.353801 0.0671005 0.359713 0.0428778 0.332518 0.0987664 0.373884 0.0956932 0.380489 0.0987664 0.0101478 0.0711256 0.0363804 0.0671006 0.0313629 0.0956932 0.00422691 0.0477092 0.0678794 0.0428779 0.0639466 0.0293637 0.103506 0.0239006 0.1008 0.0108548 0.140592 0.00421181 0.181883 0.0103302 0.221815 0.00421174 0.223182 0.0167521 0.260303 0.0108547 0.262996 0.0293637 0.295965 0.0239005 0.299886 0.917866 0.654791 0.919413 0.614497 0.927617 0.614661 0.92607 0.654954 0.943063 0.155295 0.942413 0.11366 0.950624 0.113482 0.951274 0.155117 0.942194 0.0736888 0.950405 0.0735108 0.942413 0.0368264 0.950624 0.0366484 0.943063 0.00440488 0.951274 0.00422691 0.919413 0.875511 0.917866 0.848274 0.92607 0.848438 0.927617 0.875674 0.916802 0.815501 0.925006 0.815664 0.916261 0.778375 0.924465 0.778538 0.916261 0.738238 0.924465 0.738401 0.916802 0.696541 0.925006 0.696704 0.113077 0.770647 0.079051 0.746349 0.0892582 0.734542 0.12087 0.757115 0.0502254 0.716036 0.0624774 0.706378 0.027642 0.680802 0.041496 0.673644 0.0121171 0.641921 0.0270725 0.637522 0.00421177 0.600799 0.0197279 0.599316 0.00421174 0.558921 0.0197279 0.560409 0.012117 0.517802 0.0270724 0.522207 0.027642 0.478926 0.041496 0.486089 0.0502253 0.443701 0.0624773 0.453362 0.079051 0.413397 0.0892581 0.425209 0.113077 0.389112 0.12087 0.402646 0.881258 0.145075 0.880654 0.106393 0.911198 0.105731 0.911802 0.144413 0.88045 0.069258 0.910995 0.0685959 0.880654 0.0350106 0.911198 0.0343485 0.881258 0.00488905 0.911802 0.00422691 0.254017 0.631609 0.25258 0.606305 0.283099 0.606912 0.284537 0.632217 0.251592 0.575857 0.282111 0.576464 0.251088 0.541364 0.281607 0.541971 0.251088 0.504075 0.281607 0.504682 0.251592 0.465336 0.282111 0.465943 0.25258 0.426547 0.283099 0.427155 0.254017 0.389112 0.284537 0.389719 0.112614 0.930955 0.111961 0.889103 0.120172 0.888925 0.120825 0.930777 0.661592 0.434634 0.635028 0.459845 0.62582 0.448367 0.654562 0.421089 0.612524 0.490117 0.601471 0.48112 0.594893 0.524357 0.582395 0.518166 0.582772 0.561325 0.569281 0.558165 0.5766 0.599688 0.562603 0.599672 0.5766 0.638057 0.562603 0.641186 0.582772 0.675047 0.569281 0.681208 0.594893 0.709319 0.582395 0.71829 0.612524 0.739637 0.601471 0.751092 0.635028 0.764903 0.62582 0.77843 0.661592 0.784205 0.654562 0.799313 0.204523 0.748212 0.175547 0.717741 0.181738 0.712861 0.209681 0.742246 0.111741 0.848924 0.119951 0.848746 0.111961 0.811869 0.120172 0.811691 0.112614 0.779279 0.120825 0.779101 0.53963 0.818864 0.538075 0.791486 0.546279 0.791649 0.547835 0.819027 0.537006 0.758541 0.54521 0.758704 0.536461 0.721221 0.544665 0.721385 0.536461 0.680875 0.544665 0.681039 0.537006 0.638961 0.54521 0.639124 0.538075 0.596993 0.546279 0.597157 0.53963 0.556489 0.547835 0.556653 0.641426 0.00422691 0.677031 0.00444014 0.657227 0.412155 0.630178 0.411993 0.152846 0.682323 0.159847 0.678706 0.13724 0.64324 0.144797 0.641016 0.129294 0.601903 0.137134 0.601154 0.129294 0.559807 0.137134 0.560559 0.13724 0.518473 0.144797 0.520699 0.152846 0.479395 0.159847 0.483014 0.175547 0.443985 0.181738 0.448867 0.204523 0.413524 0.209681 0.419492 0.238727 0.389112 0.242665 0.395951 0.238727 0.772637 0.242665 0.765799 0.736 0.0799242 0.726392 0.109228 0.721833 0.10816 0.731776 0.077832 0.708346 0.00507221 0.681018 0.412635 0.302069 0.00729418 0.328377 0.00578876 0.355941 0.413513 0.335955 0.414656 0.360032 0.00475386 0.37999 0.412727 0.395892 0.00422693 0.407232 0.412326 0.43466 0.00422691 0.436684 0.412326 0.474935 0.00475387 0.467281 0.412726 0.51526 0.00578872 0.497916 0.413513 0.55418 0.00729412 0.527483 0.414656 0.562603 0.00507228 0.602818 0.00444017 0.600848 0.412155 0.570297 0.412635 0.674545 0.506459 0.684954 0.476296 0.726584 0.493099 0.718937 0.515257 0.7215 0.139636 0.71677 0.139631 0.7215 0.17005 0.71677 0.171108 0.726393 0.19937 0.721833 0.201453 0.736 0.226537 0.731776 0.229569 0.749975 0.250568 0.74624 0.25444 0.767814 0.270596 0.764702 0.275167 0.78887 0.285895 0.786494 0.291002 0.78887 0.00880472 0.767814 0.0287885 0.764702 0.0249091 0.786494 0.00422691 0.749975 0.0527841 0.74624 0.0497433 0.792742 0.429881 0.815174 0.423295 0.838448 0.544463 0.700867 0.448661 0.738274 0.472799 0.721709 0.424552 0.753584 0.455088 0.499176 0.548036 0.498587 0.51745 0.547402 0.508686 0.547835 0.531154 0.498389 0.485668 0.547256 0.485339 0.498588 0.453838 0.547402 0.461957 0.499176 0.42311 0.547835 0.439384 0.845552 0.345427 0.845873 0.377162 0.797529 0.368579 0.797294 0.345266 0.845873 0.407627 0.797529 0.390959 0.67153 0.569952 0.670016 0.538058 0.71561 0.53847 0.716722 0.561899 0.771961 0.440608 0.722234 0.584698 0.731947 0.606043 0.838448 0.421089 0.906367 0.816986 0.161012 0.931933 0.161659 0.926329 0.177192 0.928219 0.176606 0.933289 0.235146 0.858744 0.244176 0.857057 0.24565 0.864158 0.238693 0.865459 0.342705 0.787134 0.341835 0.894001 0.332545 0.894366 0.327312 0.787739 0.768794 0.394898 0.768513 0.387715 0.78405 0.387948 0.784304 0.394446 0.262903 0.859976 0.271324 0.864384 0.266564 0.869803 0.260077 0.866407 0.32418 0.895437 0.313452 0.789514 0.259387 0.960898 0.259617 0.967262 0.244316 0.965675 0.244107 0.959917 0.28345 0.877616 0.286329 0.885537 0.278124 0.8861 0.275906 0.879997 0.31731 0.89714 0.302069 0.792336 0.259242 0.939164 0.259192 0.946353 0.243932 0.946758 0.243976 0.940254 0.284751 0.90133 0.280402 0.908125 0.273558 0.903501 0.276909 0.898266 0.648519 0.810342 0.631373 0.916053 0.624125 0.91521 0.63651 0.808945 0.201073 0.960808 0.201368 0.966431 0.186108 0.964358 0.18584 0.959271 0.266044 0.917228 0.257014 0.918915 0.255541 0.911814 0.262497 0.910513 0.615499 0.91468 0.622218 0.808067 0.768794 0.380306 0.784304 0.381245 0.606083 0.914499 0.606617 0.807767 0.200887 0.939447 0.200824 0.94684 0.185615 0.946634 0.185672 0.939946 0.214417 0.882346 0.216439 0.874642 0.224282 0.877706 0.222724 0.883641 0.596519 0.91468 0.590771 0.808067 0.769616 0.373177 0.770923 0.366813 0.78623 0.369037 0.785047 0.374795 0.227169 0.862425 0.232548 0.868294 0.587459 0.91521 0.575758 0.808945 0.770923 0.406677 0.769616 0.401365 0.785047 0.400297 0.78623 0.405103 0.253643 0.857477 0.252943 0.864482 0.579519 0.916053 0.562603 0.810342 0.160466 0.945882 0.160605 0.938602 0.176238 0.939323 0.176113 0.945909 0.278332 0.870401 0.271963 0.874438 0.87984 0.278321 0.894884 0.1751 0.903117 0.174855 0.893482 0.277916 0.161659 0.966421 0.161012 0.960282 0.176606 0.958937 0.177192 0.964491 0.286773 0.893626 0.278466 0.892331 0.912342 0.174728 0.908767 0.277706 0.259242 0.953766 0.243976 0.953464 0.274021 0.913547 0.268643 0.907678 0.92193 0.174728 0.924653 0.277706 0.259617 0.927369 0.259387 0.932689 0.244107 0.934396 0.244315 0.929583 0.247547 0.918495 0.238287 0.915996 0.241113 0.909565 0.248247 0.91149 0.931227 0.174855 0.940058 0.277916 0.200887 0.954126 0.185672 0.953225 0.222858 0.905571 0.21774 0.898356 0.225284 0.895975 0.229227 0.901534 0.939601 0.1751 0.953931 0.278321 0.201368 0.926329 0.201073 0.932452 0.18584 0.933617 0.186108 0.928078 0.214861 0.890435 0.223066 0.889873 0.286773 0.785231 0.271431 0.78109 0.220788 0.867847 0.227632 0.872471 0.431045 0.913237 0.449402 0.810255 0.456676 0.80987 0.443096 0.912599 0.465318 0.809628 0.457416 0.912199 0.160605 0.953277 0.176238 0.952599 0.474741 0.809545 0.473029 0.912062 0.484303 0.809628 0.488871 0.912199 0.493351 0.80987 0.503863 0.9126 0.501269 0.810255 0.516983 0.913237 0.730523 0.308523 0.7258 0.313266 0.722633 0.310824 0.728092 0.30534 0.229867 0.911588 0.234626 0.906169 0.387498 0.792336 0.368869 0.89714 0.360638 0.895437 0.373859 0.789514 0.351417 0.894366 0.358581 0.78774 0.385611 0.661687 0.399356 0.669656 0.395575 0.674608 0.383234 0.667453 0.362397 0.949853 0.362156 0.955418 0.357389 0.955446 0.357629 0.949881 0.769717 0.319075 0.76638 0.313266 0.769549 0.310824 0.773407 0.317539 0.736293 0.352645 0.742742 0.354381 0.74222 0.358359 0.734764 0.356352 0.722461 0.319075 0.718771 0.317539 0.76166 0.308523 0.764092 0.30534 0.720731 0.325554 0.716772 0.32503 0.755879 0.30517 0.757409 0.301463 0.749418 0.354381 0.755867 0.352645 0.757395 0.356352 0.749938 0.358359 0.72073 0.332261 0.71677 0.332785 0.749431 0.303434 0.749953 0.299456 0.76165 0.349291 0.764081 0.352475 0.766372 0.344549 0.769712 0.33874 0.773401 0.340275 0.76954 0.346991 0.722456 0.33874 0.718766 0.340275 0.742755 0.303434 0.742234 0.299456 0.771441 0.332261 0.775401 0.332785 0.725793 0.344549 0.722624 0.346991 0.736305 0.30517 0.734778 0.301463 0.771443 0.325554 0.775403 0.32503 0.730512 0.349291 0.72808 0.352475 0.771274 0.819306 0.776813 0.8154 0.778736 0.821018 0.774333 0.824123 0.747469 0.928773 0.748837 0.922116 0.753404 0.922285 0.752037 0.928942 0.808845 0.956683 0.8087 0.948948 0.813424 0.948907 0.813569 0.956642 0.362005 0.962191 0.357237 0.962219 0.120825 0.939426 0.120516 0.94583 0.115753 0.945813 0.116062 0.939409 0.361953 0.96971 0.357186 0.969739 0.120322 0.953148 0.115558 0.953131 0.808845 0.941333 0.809271 0.934357 0.813995 0.934316 0.813569 0.941292 0.362005 0.977464 0.357237 0.977493 0.120255 0.960881 0.115492 0.960863 0.809948 0.928496 0.814672 0.928455 0.362156 0.984924 0.357389 0.984952 0.120322 0.968502 0.115558 0.968484 0.362397 0.991581 0.357629 0.991609 0.120516 0.975491 0.115753 0.975474 0.746316 0.943979 0.746609 0.93623 0.751177 0.9364 0.750884 0.944149 0.809948 0.970431 0.809271 0.96401 0.813995 0.963969 0.814672 0.97039 0.120825 0.981373 0.116062 0.981356 0.746609 0.951492 0.751177 0.951662 0.56352 0.929798 0.564607 0.924507 0.586891 0.927331 0.585954 0.931892 0.771273 0.86644 0.76675 0.86098 0.770737 0.857251 0.774333 0.861591 0.810485 0.83879 0.810485 0.846545 0.805503 0.845776 0.805503 0.839612 0.782992 0.81336 0.783648 0.819396 0.763552 0.854281 0.768194 0.851926 0.808829 0.854044 0.804187 0.851737 0.805631 0.860777 0.801108 0.866284 0.798049 0.861467 0.801644 0.857089 0.789389 0.813327 0.788733 0.81937 0.761896 0.8468 0.766878 0.845978 0.795568 0.87019 0.793645 0.864572 0.795568 0.815302 0.793645 0.82094 0.761896 0.839045 0.766878 0.839814 0.789389 0.87223 0.788733 0.866194 0.801108 0.81915 0.798049 0.823999 0.763552 0.831546 0.768194 0.833853 0.782992 0.872263 0.783648 0.86622 0.805631 0.82461 0.801644 0.828339 0.76675 0.824813 0.770737 0.828501 0.776813 0.870288 0.778736 0.86465 0.808829 0.831309 0.804187 0.833664 0.861416 0.176965 0.871417 0.174728 0.871417 0.336813 0.59543 0.946914 0.595315 0.940765 0.61814 0.940763 0.618239 0.946062 0.151851 0.930753 0.151731 0.936137 0.129329 0.937475 0.129433 0.932835 0.527898 0.921691 0.527653 0.926782 0.505295 0.928172 0.505506 0.923784 0.59543 0.934712 0.618239 0.935546 0.15169 0.942115 0.129294 0.942626 0.527498 0.932599 0.505162 0.933185 0.595769 0.929166 0.61853 0.930767 0.151731 0.948278 0.129329 0.947939 0.527446 0.938746 0.505116 0.938483 0.596307 0.924507 0.618994 0.926751 0.151851 0.954208 0.129433 0.953049 0.527498 0.944804 0.505162 0.943704 0.564607 0.957654 0.56352 0.953237 0.585954 0.952092 0.586891 0.955898 0.152043 0.9595 0.129598 0.95761 0.527653 0.95036 0.505295 0.948492 0.562836 0.947859 0.585365 0.947457 0.562603 0.941887 0.562837 0.935726 0.585366 0.937 0.585165 0.942309 0.596307 0.957843 0.595769 0.952739 0.61853 0.951082 0.618994 0.955481 0.527898 0.955036 0.505506 0.952522 0.152043 0.926329 0.129598 0.929022 0.418514 0.694734 0.422622 0.710135 0.416463 0.710951 0.412775 0.697124 0.418514 0.741482 0.410579 0.755292 0.405651 0.751495 0.412775 0.739095 0.33908 0.774558 0.325335 0.766589 0.329117 0.761637 0.341457 0.768791 0.306177 0.74151 0.302069 0.72611 0.308228 0.725294 0.311916 0.739121 0.325335 0.669674 0.33908 0.661699 0.341457 0.667464 0.329117 0.674625 0.370281 0.657564 0.36947 0.663751 0.314113 0.680952 0.319041 0.68475 0.410579 0.680928 0.405651 0.684728 0.422622 0.726079 0.416463 0.725266 0.35441 0.778681 0.355221 0.772493 0.314113 0.755317 0.319041 0.751517 0.302069 0.710165 0.306177 0.694763 0.311916 0.697149 0.308228 0.710978 0.35441 0.657568 0.355221 0.663755 0.399356 0.76657 0.395575 0.76162 0.370281 0.778677 0.36947 0.772489 0.890248 0.570027 0.892893 0.565426 0.896677 0.567001 0.893497 0.572532 0.0577353 0.924611 0.0437286 0.924342 0.0391627 0.779101 0.193749 0.915342 0.180032 0.913749 0.177611 0.78109 0.872027 0.166275 0.861406 0.164129 0.872027 0.00422691 0.0295011 0.924611 0.165778 0.913206 0.848864 0.161269 0.151958 0.913749 0.835256 0.157889 0.0160227 0.925399 0.00421174 0.926654 0.797294 0.19473 0.809004 0.191108 0.081349 0.926654 0.0705669 0.9254 0.849313 0.179941 0.881936 0.538835 0.876828 0.53746 0.877364 0.53338 0.883505 0.535033 0.855462 0.565426 0.858105 0.570027 0.854854 0.572533 0.851677 0.567001 0.886507 0.573784 0.889 0.577049 0.886515 0.541492 0.88901 0.538227 0.854094 0.560294 0.850033 0.560832 0.881927 0.57644 0.883493 0.580242 0.890254 0.545249 0.893504 0.542743 0.854096 0.554982 0.850034 0.554444 0.876818 0.577815 0.877352 0.581896 0.892897 0.54985 0.896682 0.548275 0.855466 0.54985 0.851681 0.548275 0.861851 0.541492 0.858111 0.545249 0.854862 0.542743 0.859358 0.538227 0.87153 0.577815 0.870994 0.581896 0.866432 0.538835 0.864865 0.535033 0.866422 0.57644 0.864854 0.580243 0.894263 0.560294 0.894264 0.554981 0.898326 0.554444 0.898324 0.560831 0.87154 0.53746 0.871006 0.53338 0.861843 0.573784 0.859349 0.577049 0.848738 0.568282 0.846871 0.561277 0.891117 0.579691 0.884864 0.583317 0.891128 0.535611 0.896231 0.540739 0.846873 0.554025 0.852354 0.540739 0.85746 0.535611 0.877891 0.585194 0.899839 0.54702 0.848743 0.54702 0.870672 0.585194 0.901705 0.554025 0.863713 0.531985 0.8637 0.583317 0.901704 0.561277 0.870686 0.530108 0.899834 0.568282 0.877905 0.530108 0.896223 0.574563 0.884877 0.531985 0.852346 0.574563 0.989521 0.325498 0.989379 0.331833 0.9813 0.331881 0.981441 0.325547 0.804574 0.901164 0.804848 0.893917 0.812589 0.894204 0.812314 0.901451 0.975425 0.274429 0.975561 0.267308 0.983567 0.267238 0.983431 0.274359 0.989331 0.338865 0.981251 0.338913 0.98722 0.0102455 0.987038 0.017089 0.978966 0.0170594 0.979147 0.0102159 0.975959 0.260784 0.983964 0.260714 0.989379 0.346116 0.9813 0.346165 0.986976 0.0243206 0.978904 0.0242911 0.976592 0.255302 0.984598 0.255232 0.989521 0.353093 0.981441 0.353141 0.806931 0.919713 0.805652 0.914517 0.813393 0.914805 0.814672 0.920001 0.989746 0.359319 0.981666 0.359367 0.987509 0.00425647 0.979436 0.00422691 0.804848 0.90819 0.812589 0.908478 0.976592 0.29452 0.975959 0.288515 0.983965 0.288446 0.984598 0.29445 0.98722 0.0379843 0.987509 0.0434851 0.979437 0.0434556 0.979147 0.0379547 0.805652 0.886943 0.806931 0.880717 0.814672 0.881005 0.813393 0.88723 0.975561 0.281663 0.983567 0.281593 0.989746 0.320294 0.981666 0.320342 0.375101 0.95395 0.373409 0.942119 0.383129 0.940133 0.384465 0.949473 0.45597 0.675992 0.473595 0.665347 0.494119 0.659061 0.516144 0.657564 0.516144 0.801091 0.494119 0.797698 0.473595 0.789645 0.45597 0.777482 0.442446 0.762037 0.433945 0.744363 0.431045 0.725664 0.433945 0.707215 0.442446 0.690273 0.951517 0.567949 0.969747 0.567947 0.969749 0.581103 0.951519 0.581105 0.37837 0.964234 0.387045 0.957591 0.678353 0.832567 0.686122 0.823263 0.687192 0.824942 0.679747 0.833858 0.969753 0.593522 0.951523 0.593524 0.670016 0.869924 0.670016 0.85672 0.671757 0.857003 0.671757 0.869655 0.969758 0.604358 0.951528 0.60436 0.918789 0.412585 0.915697 0.404053 0.924053 0.397919 0.926494 0.404654 0.686122 0.903514 0.678353 0.894146 0.679747 0.892867 0.687192 0.901844 0.520975 0.627926 0.504237 0.628294 0.501064 0.617457 0.517802 0.617089 0.913753 0.393407 0.91309 0.381371 0.921995 0.380013 0.922519 0.389514 0.717238 0.913662 0.706251 0.913616 0.70648 0.911525 0.717009 0.911568 0.375101 0.917088 0.37837 0.905594 0.387046 0.911299 0.384465 0.920372 0.915889 0.947073 0.924409 0.946407 0.927617 0.968206 0.919098 0.968872 0.721039 0.898921 0.71301 0.901473 0.709341 0.884047 0.71368 0.882668 0.914795 0.924794 0.923314 0.924128 0.737366 0.903726 0.727851 0.910288 0.727179 0.908335 0.736297 0.902047 0.915889 0.903551 0.924409 0.902885 0.706251 0.813327 0.717238 0.813372 0.717009 0.815464 0.70648 0.815421 0.919098 0.884794 0.927617 0.884128 0.517802 0.566576 0.501064 0.566944 0.504237 0.556858 0.520975 0.556489 0.753473 0.870268 0.750629 0.88301 0.749006 0.882196 0.751731 0.869986 0.547314 0.845658 0.539452 0.846193 0.545229 0.828016 0.553092 0.827481 0.322834 0.966788 0.307246 0.967849 0.303835 0.955855 0.319423 0.954794 0.544323 0.866571 0.536461 0.867106 0.302069 0.942854 0.317657 0.941793 0.727851 0.816833 0.727179 0.818781 0.544323 0.888795 0.536461 0.88933 0.302069 0.929733 0.317657 0.928672 0.67286 0.843979 0.674482 0.844793 0.547314 0.910814 0.539452 0.91135 0.303835 0.917386 0.319423 0.916326 0.67286 0.882689 0.674482 0.881888 0.553092 0.93113 0.545229 0.931665 0.307246 0.906655 0.322834 0.905594 0.695638 0.910155 0.69631 0.908208 0.967993 0.0219674 0.959697 0.0235508 0.962184 0.00581029 0.97048 0.00422691 0.915587 0.530108 0.932525 0.530447 0.929564 0.541283 0.912625 0.540944 0.967993 0.0424849 0.959697 0.0440683 0.927702 0.553701 0.910764 0.553362 0.745135 0.894422 0.743742 0.893131 0.97048 0.0643811 0.962184 0.0659645 0.927067 0.566856 0.910129 0.566517 0.927702 0.57985 0.910764 0.579511 0.750629 0.8443 0.753473 0.857065 0.751731 0.857333 0.749006 0.845101 0.929564 0.591798 0.912626 0.591459 0.737366 0.823474 0.736297 0.825144 0.745135 0.832843 0.743742 0.834122 0.932525 0.601885 0.915587 0.601546 0.865789 0.752457 0.848372 0.742709 0.835007 0.729116 0.826606 0.712603 0.82374 0.694297 0.826606 0.675445 0.835007 0.657331 0.848372 0.64119 0.865789 0.628122 0.886071 0.619018 0.907837 0.614497 0.907837 0.758067 0.886071 0.757696 0.695638 0.8167 0.69631 0.818653 0.951528 0.525362 0.969758 0.52536 0.969753 0.532905 0.951523 0.532907 0.969749 0.542998 0.951519 0.543 0.893669 0.521654 0.882781 0.521126 0.872263 0.517208 0.862833 0.510166 0.855134 0.50048 0.84969 0.488811 0.846871 0.475953 0.846871 0.462783 0.84969 0.450198 0.855134 0.439056 0.862833 0.430117 0.872263 0.423988 0.882781 0.421089 0.893669 0.421617 0.904187 0.425535 0.913617 0.432577 0.921316 0.442263 0.92676 0.453932 0.929579 0.46679 0.929579 0.47996 0.92676 0.492545 0.921316 0.503687 0.913617 0.512626 0.904187 0.518755 0.704699 0.901439 0.969747 0.55495 0.951517 0.554952 0.728237 0.833247 0.721039 0.828223 0.945236 0.779021 0.945236 0.950174 0.936041 0.950174 0.936041 0.779021 0.915697 0.356452 0.918789 0.345266 0.926494 0.35151 0.924053 0.360341 0.913753 0.368767 0.922519 0.370062 0.69667 0.898821 0.728237 0.893957 0.734115 0.886918 0.738271 0.878285 0.71301 0.825605 0.740422 0.868646 0.740422 0.858658 0.738271 0.849001 0.734115 0.840334 0.70485 0.843031 0.709341 0.843049 0.71368 0.844464 0.717569 0.847179 0.720745 0.851008 0.722991 0.855692 0.724154 0.86091 0.724154 0.866308 0.722991 0.871516 0.720745 0.876181 0.71757 0.879985 0.70485 0.884028 0.700511 0.882613 0.696621 0.879898 0.693446 0.876069 0.6912 0.871385 0.690037 0.866167 0.690037 0.86077 0.6912 0.855561 0.693446 0.850896 0.696621 0.847092 0.700511 0.84441 0.689472 0.893797 0.677287 0.868386 0.677287 0.858397 0.683594 0.840125 0.689472 0.833087 0.679438 0.878042 0.679438 0.848758 0.683594 0.88671 0.704699 0.82557 0.978181 0.603134 0.979768 0.569326 0.984324 0.569326 0.988388 0.603134 0.975425 0.246778 0.975426 0.211639 0.980328 0.211639 0.986408 0.246778 0.978181 0.560872 0.978957 0.52536 0.98346 0.52536 0.988268 0.560872 0.990287 0.413528 0.990287 0.448926 0.986254 0.450107 0.981251 0.416176 0.523782 0.977142 0.523782 0.964066 0.527943 0.96349 0.527943 0.976566 0.721607 0.963684 0.721607 0.989833 0.708298 0.989015 0.708298 0.962866 0.661571 0.965111 0.661571 0.978504 0.65707 0.978603 0.65707 0.965211 0.936041 0.992607 0.940715 0.958628 0.944916 0.958628 0.945453 0.992607 0.975425 0.203185 0.981506 0.168045 0.986408 0.168045 0.986408 0.203185 0.786585 0.986346 0.786585 0.953552 0.799913 0.95393 0.799913 0.986724 0.417742 0.942637 0.417742 0.929797 0.422265 0.930345 0.422265 0.943185 0.71777 0.92265 0.71777 0.940478 0.708298 0.939115 0.708298 0.924576 0.73018 0.922116 0.73018 0.939943 0.987204 0.807045 0.987204 0.792179 0.995788 0.792179 0.995788 0.807044 0.505677 0.636748 0.505677 0.646867 0.498389 0.647877 0.498389 0.637758 0.168321 0.988825 0.160466 0.989504 0.160466 0.975553 0.168321 0.974874 0.381373 0.987228 0.373409 0.986762 0.373409 0.972687 0.381373 0.973154 0.728302 0.954039 0.719648 0.954412 0.205926 0.975664 0.205926 0.989614 0.199489 0.988835 0.199489 0.974885 0.815107 0.978885 0.815107 0.993437 0.8087 0.993578 0.8087 0.979026 0.521447 0.647142 0.5141 0.647535 0.515476 0.637067 0.521447 0.636748 0.854202 0.603209 0.846871 0.603836 0.848244 0.594158 0.854202 0.593648 0.99418 0.817261 0.987203 0.817261 0.987203 0.781811 0.99418 0.78181 0.281671 0.976083 0.282199 0.971362 0.286256 0.971942 0.285803 0.975996 0.887878 0.975447 0.903634 0.975446 0.903634 0.982497 0.887879 0.982498 0.18601 0.979015 0.187136 0.974885 0.191065 0.976184 0.190098 0.97973 0.681976 0.957934 0.676488 0.955055 0.678857 0.950869 0.682807 0.952942 0.903637 0.988603 0.887881 0.988604 0.421457 0.902755 0.421456 0.906887 0.417743 0.907677 0.417744 0.904128 0.697602 0.950604 0.693402 0.955526 0.691034 0.951208 0.694058 0.947665 0.981557 0.513421 0.96709 0.513739 0.965526 0.507633 0.979993 0.507314 0.421456 0.916947 0.421457 0.921344 0.417744 0.920092 0.417743 0.916316 0.697602 0.930315 0.699875 0.936961 0.695694 0.937842 0.694058 0.933057 0.964977 0.500583 0.979444 0.500264 0.185615 0.983997 0.189759 0.984009 0.676488 0.92469 0.681976 0.922116 0.682807 0.927154 0.678857 0.929007 0.965526 0.493663 0.979993 0.493344 0.282199 0.981182 0.286256 0.980375 0.96709 0.487926 0.981557 0.487607 0.421455 0.911871 0.417742 0.911957 0.672289 0.9499 0.675833 0.947158 0.962241 0.307051 0.948746 0.307508 0.947343 0.300799 0.960838 0.300342 0.679159 0.946031 0.681755 0.949218 0.687915 0.9581 0.687083 0.953061 0.947343 0.293679 0.960838 0.293222 0.674197 0.937244 0.675833 0.93255 0.679159 0.933486 0.677753 0.937517 0.687915 0.922281 0.687083 0.927273 0.948746 0.287232 0.962241 0.286775 0.699875 0.944085 0.695694 0.942971 0.334135 0.949853 0.348762 0.950503 0.346895 0.956033 0.332268 0.955383 0.18601 0.989073 0.190098 0.988368 0.693402 0.92516 0.691034 0.929346 0.345885 0.962861 0.331257 0.962211 0.283701 0.985882 0.287546 0.984411 0.672289 0.929611 0.345885 0.969948 0.331257 0.969298 0.283701 0.967736 0.287546 0.968828 0.670016 0.943255 0.674197 0.942373 0.346895 0.976216 0.332268 0.975565 0.348762 0.980709 0.334135 0.980059 0.187136 0.99347 0.191065 0.992143 0.887881 0.962784 0.903637 0.962784 0.903634 0.968524 0.887879 0.968524 0.677753 0.941922 0.685148 0.928852 0.68882 0.928954 0.692213 0.930734 0.694809 0.933922 0.696215 0.93803 0.696215 0.942436 0.694809 0.946466 0.692213 0.949509 0.68882 0.9511 0.685148 0.950998 0.681755 0.930443 0.409319 0.788552 0.409319 0.943204 0.395921 0.941786 0.395921 0.787134 0.964977 0.479088 0.964977 0.320294 0.972828 0.32036 0.972828 0.479154 0.0897724 0.937897 0.0897725 0.779101 0.103317 0.77917 0.103317 0.937966 0.962514 0.82466 0.962514 0.983122 0.954672 0.982783 0.954672 0.824321 0.957862 0.815828 0.957862 0.614497 0.962514 0.614536 0.962514 0.815867 0.920226 0.00422691 0.93377 0.00429604 0.93377 0.163092 0.920226 0.163023 0.978789 0.773357 0.970938 0.773291 0.970938 0.614497 0.978789 0.614563 0.949438 0.770567 0.936041 0.769149 0.936041 0.614497 0.949438 0.615915 0.970938 0.78181 0.978779 0.782149 0.978779 0.940612 0.970938 0.940273 0.956553 0.320827 0.956553 0.516906 0.951517 0.516374 0.951517 0.320294 0.927334 0.336033 0.921837 0.336615 0.921837 0.320784 0.927334 0.320203 0.627418 0.965159 0.633093 0.965111 0.633093 0.985956 0.627418 0.986003 0.921837 0.311624 0.921837 0.286775 0.938919 0.2869 0.938919 0.311749 0.943094 0.32032 0.943094 0.521654 0.938002 0.521628 0.938002 0.320294 0.967001 0.077411 0.967001 0.278321 0.962355 0.27812 0.962355 0.0772101 0.897052 0.411578 0.897052 0.406012 0.902536 0.406052 0.902536 0.411618 0.65707 0.987366 0.659989 0.987057 0.659989 0.995464 0.65707 0.995773 0.990226 0.645115 0.987212 0.64514 0.987212 0.634071 0.990226 0.634046 0.992994 0.49606 0.98998 0.496075 0.98998 0.487623 0.992994 0.487607 0.744333 0.985633 0.744332 0.972437 0.753404 0.972504 0.753404 0.9857 0.252392 0.975716 0.252392 0.988597 0.243932 0.989392 0.243932 0.976511 0.989852 0.303283 0.992772 0.302974 0.992772 0.311381 0.989852 0.31169 0.990226 0.664663 0.987212 0.664689 0.987212 0.653619 0.990226 0.653594 0.992994 0.512982 0.98998 0.512997 0.98998 0.504545 0.992994 0.504529 0.990208 0.907338 0.987203 0.907467 0.987203 0.896401 0.990208 0.896271 0.440117 0.967947 0.440117 0.981143 0.431045 0.981077 0.431045 0.96788 0.0126717 0.975107 0.0126717 0.987988 0.00421174 0.988784 0.00421174 0.975903 0.526701 0.994003 0.523782 0.994312 0.523782 0.985905 0.526701 0.985596 0.990226 0.684212 0.987212 0.684237 0.987212 0.673167 0.990226 0.673142 0.990588 0.949081 0.993602 0.949065 0.993602 0.957518 0.990588 0.957533 0.321958 0.987369 0.318953 0.987499 0.318953 0.976433 0.321958 0.976303 0.138365 0.968021 0.138365 0.981217 0.129294 0.98115 0.129294 0.967954 0.987364 0.0519389 0.987364 0.0648202 0.978904 0.0656157 0.978904 0.0527343 0.553813 0.993832 0.550894 0.994141 0.550894 0.985734 0.553813 0.985425 0.987212 0.614522 0.990226 0.614497 0.990226 0.625567 0.987212 0.625592 0.993602 0.97444 0.990588 0.974455 0.990588 0.966003 0.993602 0.965987 0.524567 0.774759 0.527572 0.774629 0.527572 0.785695 0.524567 0.785825 0.448541 0.981077 0.448541 0.96788 0.457612 0.967947 0.457612 0.981143 0.310529 0.976303 0.310529 0.989184 0.302069 0.989979 0.302069 0.977098 0.481683 0.968247 0.486897 0.967716 0.486897 0.987297 0.481683 0.987828 0.0632519 0.955041 0.0594055 0.955356 0.0594055 0.935423 0.0632518 0.935107 0.582263 0.966923 0.582263 0.985982 0.576649 0.985167 0.576649 0.966108 0.900187 0.602501 0.894947 0.602474 0.894477 0.598074 0.899717 0.5981 0.839372 0.985597 0.839372 0.965588 0.84501 0.965394 0.84501 0.985402 0.894947 0.593648 0.900187 0.593675 0.229451 0.967396 0.234696 0.966998 0.234696 0.986925 0.229451 0.987324 0.257239 0.772416 0.251952 0.772376 0.251088 0.768459 0.256375 0.768498 0.868699 0.406376 0.874486 0.406012 0.874486 0.412144 0.868699 0.412507 0.251088 0.763891 0.256375 0.76393 0.670016 0.966553 0.67534 0.967178 0.67534 0.986873 0.670016 0.986248 0.251952 0.759896 0.257239 0.759936 0.541767 0.956808 0.545651 0.957296 0.545651 0.976971 0.541767 0.976482 0.881383 0.15355 0.886596 0.153529 0.885663 0.157466 0.88045 0.157488 0.151867 0.987103 0.146789 0.985924 0.146789 0.967954 0.151867 0.969133 0.885663 0.162035 0.88045 0.162056 0.335705 0.989315 0.335705 0.99498 0.331257 0.994828 0.331257 0.989163 0.886596 0.16601 0.881383 0.166032 0.0665829 0.957033 0.0685061 0.960799 0.0685061 0.96533 0.066583 0.969411 0.063252 0.97195 0.0594056 0.972265 0.0560745 0.970272 0.0541514 0.966506 0.0541513 0.961976 0.0560745 0.957894 0.888629 0.406216 0.888629 0.412452 0.88291 0.412248 0.88291 0.406012 0.536461 0.985425 0.542099 0.985706 0.542471 0.988804 0.536833 0.988523 0.542471 0.993162 0.536833 0.992881 0.538403 0.954149 0.536461 0.950032 0.536461 0.94556 0.538403 0.941932 0.541767 0.940119 0.545651 0.940607 0.549015 0.943266 0.550957 0.947383 0.550957 0.951855 0.549015 0.955483 0.656942 0.912281 0.656942 0.864652 0.660307 0.865141 0.660307 0.91277 0.524567 0.707683 0.524567 0.657681 0.527946 0.657564 0.527946 0.707566 0.527711 0.765936 0.524567 0.766175 0.524567 0.716375 0.527711 0.716136 0.417742 0.787134 0.420933 0.787509 0.420933 0.836727 0.417742 0.836352 0.648646 0.965866 0.648646 0.983071 0.641516 0.982317 0.641516 0.965111 0.214417 0.984664 0.214417 0.966998 0.221028 0.967053 0.221028 0.984719 0.830948 0.96543 0.830948 0.983097 0.82374 0.98306 0.82374 0.965394 0.595315 0.983926 0.595315 0.966297 0.601918 0.966582 0.601918 0.984211 0.862625 0.601557 0.862625 0.593648 0.870389 0.593705 0.870389 0.601614 0.886053 0.593648 0.886053 0.601369 0.878813 0.602049 0.878813 0.594329 0.468047 0.987838 0.468047 0.967738 0.47326 0.967716 0.47326 0.987817 0.036595 0.95497 0.0365951 0.935107 0.0404551 0.935479 0.040455 0.955342 0.28117 0.772399 0.280237 0.768424 0.285449 0.768402 0.286382 0.772378 0.568226 0.985307 0.562603 0.98606 0.562603 0.96686 0.568226 0.966108 0.615709 0.967068 0.615709 0.986538 0.610341 0.985767 0.610341 0.966297 0.280237 0.763855 0.28117 0.759917 0.286382 0.759896 0.285449 0.763834 0.860276 0.40629 0.860276 0.412421 0.854297 0.412144 0.854297 0.406012 0.271814 0.759936 0.27095 0.76393 0.265663 0.763891 0.266527 0.759896 0.683764 0.986889 0.683764 0.967106 0.689065 0.966553 0.689065 0.986336 0.27095 0.768498 0.265663 0.768459 0.0987947 0.963419 0.0987946 0.98346 0.0949814 0.983654 0.0949815 0.963613 0.271814 0.772416 0.266527 0.772376 0.26804 0.987206 0.26804 0.967736 0.273248 0.968323 0.273248 0.987793 0.90073 0.153555 0.90026 0.157981 0.895019 0.157954 0.895489 0.153529 0.344128 0.989379 0.348466 0.989163 0.348466 0.994828 0.344128 0.995044 0.90073 0.162381 0.895489 0.162354 0.0437979 0.957922 0.0457279 0.962017 0.0457279 0.966532 0.0437978 0.970256 0.040455 0.972191 0.0365949 0.971819 0.0332521 0.96924 0.0313221 0.965144 0.0313221 0.960629 0.0332521 0.956905 0.975425 0.311026 0.975788 0.307633 0.981429 0.30744 0.981066 0.310833 0.975787 0.303167 0.981429 0.302974 0.091679 0.961504 0.0897724 0.957656 0.0897725 0.953101 0.0916791 0.949059 0.0949815 0.946614 0.0987948 0.94642 0.102097 0.948529 0.104004 0.952377 0.104004 0.956932 0.102097 0.960974 0.0801915 0.979272 0.0769296 0.978379 0.0769296 0.935107 0.0801915 0.936001 0.42096 0.845643 0.42096 0.894301 0.417742 0.893838 0.417742 0.845181 0.216326 0.955668 0.226298 0.955585 0.283516 0.94627 0.287012 0.946068 0.86426 0.933738 0.331271 0.92041 0.331257 0.919347 0.364886 0.905594 0.364934 0.909363 0.479082 0.927985 0.987203 0.86456 0.991317 0.861376 0.991317 0.870961 0.991001 0.719531 0.987212 0.720453 0.987212 0.71197 0.991001 0.711048 0.748837 0.963814 0.747469 0.958258 0.752036 0.958427 0.753404 0.963983 0.385611 0.774546 0.383234 0.768781 0.139514 0.915342 0.821509 0.154221 0.129294 0.917875 0.808561 0.150513 0.822182 0.187262 0.835931 0.183453 0.797294 0.147018 0.205994 0.917875 0.857449 0.579691 0.987038 0.0314476 0.978966 0.0314181 0.373409 0.929546 0.383129 0.930207 0.499069 0.605039 0.515808 0.60467 0.498389 0.591885 0.515128 0.591516 0.499069 0.578891 0.515808 0.578523 0.69667 0.828122 0.986512 0.0772101 0.986512 0.112523 0.975425 0.114064 0.975425 0.0787509 0.737893 0.923302 0.737893 0.93784 0.670016 0.93613 0.92047 0.993242 0.914795 0.993271 0.914795 0.977355 0.92047 0.977326 0.73003 0.96311 0.735688 0.962866 0.735688 0.983704 0.73003 0.983948 0.863524 0.988538 0.863524 0.964282 0.879454 0.962784 0.879454 0.98704 0.990208 0.926987 0.987203 0.927117 0.987203 0.916051 0.990208 0.915921 0.981251 0.458561 0.986694 0.460051 0.986694 0.477367 0.981251 0.475877 0.992438 0.764417 0.992438 0.77016 0.987212 0.768863 0.987212 0.76312 0.656942 0.808218 0.660312 0.807767 0.660312 0.855747 0.656942 0.856198 0.783826 0.349225 0.783826 0.299787 0.787003 0.299456 0.787003 0.348894 0.882797 0.345266 0.889203 0.346991 0.886918 0.352731 0.882018 0.351412 0.98043 0.981504 0.9724 0.981106 0.971309 0.975046 0.97934 0.975444 0.0228618 0.962361 0.0228986 0.966649 0.0115354 0.966653 0.0114986 0.962365 0.899635 0.355202 0.90295 0.361128 0.897434 0.363546 0.894898 0.359012 0.970938 0.968352 0.978968 0.968751 0.778162 0.954064 0.776835 0.95853 0.766499 0.958018 0.767826 0.953552 0.904667 0.374633 0.90295 0.38129 0.897434 0.378968 0.898747 0.373876 0.971309 0.961482 0.97934 0.961881 0.26804 0.945416 0.268341 0.940165 0.279422 0.940898 0.279122 0.946148 0.894946 0.392177 0.889203 0.395666 0.886918 0.389964 0.891311 0.387296 0.9724 0.954904 0.98043 0.955302 0.268921 0.95855 0.268341 0.954932 0.279422 0.955665 0.280003 0.959282 0.876166 0.397558 0.869761 0.395834 0.872046 0.390093 0.876946 0.391412 0.974134 0.949065 0.982164 0.949464 0.859329 0.387623 0.856013 0.381696 0.86153 0.379279 0.864066 0.383813 0.977078 0.122518 0.9857 0.122833 0.984803 0.128895 0.976181 0.128579 0.854297 0.368192 0.856013 0.361535 0.86153 0.363857 0.860217 0.368949 0.98424 0.13559 0.975617 0.135274 0.0228309 0.95219 0.0228387 0.957429 0.0114755 0.957434 0.0114676 0.952194 0.864018 0.350647 0.869761 0.347159 0.872046 0.35286 0.867653 0.355528 0.984047 0.142463 0.975425 0.142147 0.0228986 0.938155 0.0228618 0.942212 0.0114986 0.942217 0.0115354 0.938159 0.876166 0.345324 0.876946 0.351456 0.98424 0.149044 0.975617 0.148729 0.776001 0.973938 0.776835 0.978573 0.766499 0.978061 0.765665 0.973425 0.894946 0.35038 0.891311 0.355324 0.984803 0.154887 0.976181 0.154571 0.776001 0.963562 0.765665 0.96305 0.904667 0.367756 0.898747 0.368615 0.9857 0.159591 0.977078 0.159276 0.268921 0.935059 0.280003 0.935791 0.899635 0.387274 0.894898 0.383546 0.0801915 0.994855 0.0745869 0.994602 0.0745869 0.987726 0.0801915 0.987979 0.26804 0.950452 0.279122 0.951185 0.882797 0.397501 0.882018 0.391368 0.507611 0.963554 0.515358 0.96349 0.513714 0.969402 0.505967 0.969466 0.215068 0.935646 0.216326 0.931124 0.226298 0.931041 0.22504 0.935563 0.864018 0.392445 0.867653 0.387501 0.512863 0.976024 0.505116 0.976088 0.215068 0.951075 0.214417 0.945974 0.224389 0.945891 0.22504 0.950992 0.512863 0.982903 0.505116 0.982968 0.778162 0.982409 0.767826 0.981897 0.859329 0.35555 0.864066 0.359279 0.513714 0.989572 0.505967 0.989637 0.515358 0.995576 0.507611 0.99564 0.0228387 0.946999 0.0114755 0.947004 0.990168 0.405071 0.98134 0.405074 0.981292 0.399469 0.99012 0.399465 0.775717 0.968818 0.76538 0.968305 0.981262 0.393022 0.99009 0.393018 0.269742 0.930444 0.280824 0.931177 0.981251 0.386172 0.990079 0.386168 0.981262 0.379387 0.99009 0.379383 0.987212 0.729143 0.992447 0.728907 0.992447 0.736154 0.987212 0.73639 0.854297 0.375069 0.860217 0.374209 0.981292 0.373129 0.99012 0.373125 0.98134 0.367824 0.990168 0.367821 0.283516 0.951058 0.283802 0.955317 0.982164 0.986519 0.974134 0.986121 0.214417 0.940711 0.224389 0.940628 0.00720381 0.947298 0.00719632 0.952232 0.00421174 0.952324 0.00421822 0.948045 0.762167 0.972882 0.761896 0.968014 0.0115833 0.935107 0.00726072 0.938889 0.00730627 0.935987 0.228618 0.945743 0.229237 0.950593 0.76296 0.977289 0.00722578 0.942747 0.228618 0.94074 0.284354 0.936423 0.283802 0.941278 0.229237 0.935925 0.285134 0.932037 0.230433 0.931625 0.00720379 0.957213 0.28183 0.927369 0.286091 0.928416 0.228076 0.927369 0.232123 0.928134 0.00722578 0.961901 0.762167 0.963018 0.76296 0.958234 0.284354 0.958756 0.00726073 0.965978 0.865384 0.946049 0.863908 0.942122 0.869342 0.941217 0.870338 0.943866 0.863572 0.927905 0.866744 0.924076 0.868816 0.926531 0.866065 0.929852 0.234042 0.933178 0.233005 0.936907 0.00421822 0.956644 0.870791 0.921159 0.872326 0.924001 0.235508 0.930151 0.00423728 0.960711 0.875437 0.919351 0.876355 0.922434 0.287259 0.953915 0.287738 0.956898 0.232123 0.958544 0.230433 0.954959 0.234042 0.953415 0.235508 0.956524 0.880365 0.918778 0.88063 0.921936 0.287012 0.950221 0.233005 0.949629 0.885241 0.919477 0.884858 0.922542 0.88973 0.921401 0.893528 0.924419 0.892045 0.926829 0.888751 0.924211 0.232468 0.945423 0.896375 0.928326 0.894515 0.930217 0.232468 0.941084 0.00423728 0.944098 0.287738 0.937529 0.287259 0.941739 0.883474 0.928011 0.8861 0.929136 0.888321 0.930902 0.889987 0.933187 0.890983 0.935836 0.891242 0.938669 0.890746 0.941491 0.889528 0.944112 0.887672 0.946352 0.885305 0.948059 0.882587 0.949116 0.879704 0.949452 0.876852 0.949043 0.874226 0.947917 0.872004 0.946151 0.869084 0.938385 0.86958 0.935562 0.870797 0.932941 0.872653 0.930701 0.875021 0.928994 0.877739 0.927937 0.880622 0.927602 0.891083 0.949735 0.887573 0.952265 0.863524 0.937923 0.883543 0.953833 0.879269 0.95433 0.895991 0.934144 0.875041 0.953724 0.896375 0.938344 0.871148 0.952055 0.895639 0.942529 0.867854 0.949437 0.893834 0.946414 0.992148 0.879694 0.992148 0.887818 0.987203 0.887538 0.987203 0.879415 0.755762 0.375358 0.758614 0.380455 0.756179 0.381522 0.753672 0.377039 0.912131 0.290364 0.913414 0.290324 0.913414 0.327388 0.908867 0.327531 0.402962 0.95175 0.404552 0.951658 0.401554 0.981109 0.395921 0.981434 0.846251 0.918778 0.846766 0.920095 0.825564 0.944061 0.82374 0.939393 0.910653 0.290179 0.90363 0.326874 0.331257 0.929451 0.331271 0.928163 0.364934 0.936837 0.364886 0.941399 0.406215 0.951658 0.407446 0.981109 0.847663 0.921312 0.828743 0.948373 0.33128 0.926644 0.364968 0.931455 0.407837 0.95175 0.413195 0.981434 0.848881 0.922345 0.833059 0.952034 0.331285 0.924998 0.364986 0.925619 0.90394 0.286775 0.904861 0.287641 0.883105 0.31788 0.87984 0.314812 0.850336 0.923124 0.838218 0.954796 0.331285 0.923335 0.364986 0.919728 0.906083 0.288467 0.887436 0.320807 0.851931 0.923597 0.84387 0.956469 0.33128 0.921771 0.364968 0.914184 0.907522 0.289197 0.892536 0.323393 0.853556 0.923729 0.849628 0.95694 0.909081 0.28978 0.89806 0.325463 0.855101 0.923514 0.8551 0.956177 0.756179 0.39677 0.753671 0.401296 0.730252 0.388271 0.71677 0.38653 0.718246 0.380804 0.720681 0.381829 0.719382 0.386864 0.741281 0.411736 0.735578 0.411786 0.735922 0.409073 0.740937 0.40903 0.76009 0.386155 0.757477 0.386534 0.721098 0.375657 0.723188 0.377303 0.730069 0.410303 0.731078 0.407769 0.76009 0.392069 0.757477 0.391735 0.72513 0.371441 0.726735 0.373595 0.730069 0.368441 0.735578 0.366862 0.735922 0.369569 0.731078 0.370957 0.72513 0.407388 0.726734 0.405206 0.758614 0.397795 0.741282 0.366813 0.740938 0.369525 0.721097 0.403241 0.723188 0.401559 0.755762 0.402941 0.74679 0.368296 0.745782 0.370829 0.718246 0.398144 0.72068 0.397077 0.751729 0.407158 0.750125 0.405004 0.751729 0.37121 0.750125 0.373392 0.71677 0.392444 0.719382 0.392065 0.74679 0.410158 0.745782 0.407642 0.470931 0.932642 0.474695 0.93031 0.496693 0.959263 0.632276 0.956627 0.627418 0.956658 0.636662 0.924507 0.459624 0.959397 0.455514 0.959427 0.459624 0.921691 0.450887 0.958645 0.483795 0.925824 0.488512 0.923976 0.446058 0.957106 0.651264 0.956658 0.647267 0.956627 0.492911 0.922567 0.441356 0.954914 0.642551 0.956612 0.496693 0.921691 0.437102 0.952218 0.433585 0.949203 0.431045 0.946073 0.637438 0.956612 0.468047 0.934821 0.991342 0.835482 0.987203 0.832455 0.991342 0.825715 0.0313221 0.98803 0.0361664 0.980645 0.0361664 0.990608 0.987212 0.751538 0.99059 0.744844 0.99059 0.754666 0.991899 0.844148 0.991899 0.852922 0.987203 0.852711 0.987203 0.843936 0.990767 0.692691 0.990767 0.702594 0.987212 0.695616 0.0541513 0.989007 0.0595525 0.980719 0.0595525 0.989331 0.830635 0.850805 0.825831 0.833834 0.842198 0.83055 0.846304 0.845054 0.824439 0.798805 0.827902 0.782014 0.843969 0.786264 0.841009 0.800615 0.886295 0.907505 0.872201 0.90145 0.881826 0.888335 0.893871 0.893509 0.25786 0.203224 0.255058 0.220641 0.130914 0.209087 0.136653 0.173416 0.79615 0.944363 0.762263 0.945098 0.761989 0.927536 0.795876 0.926801 0.761896 0.910676 0.795784 0.909941 0.761989 0.895127 0.795876 0.894393 0.281585 0.15715 0.271368 0.170894 0.164317 0.107203 0.185242 0.079055 0.847599 0.880616 0.837979 0.866589 0.852581 0.858543 0.860801 0.87053 0.762263 0.881451 0.79615 0.880717 0.271368 0.28418 0.281585 0.295651 0.185242 0.362711 0.164317 0.339217 0.286278 0.751442 0.252418 0.750768 0.251765 0.73928 0.285625 0.739954 0.251317 0.725456 0.285176 0.726129 0.82374 0.81629 0.840412 0.815557 0.251088 0.709795 0.284948 0.710469 0.251088 0.692865 0.284948 0.693539 0.255058 0.238061 0.25786 0.254855 0.136653 0.279158 0.130914 0.244764 0.251317 0.675277 0.285176 0.675951 0.251765 0.657667 0.285625 0.658341 0.834004 0.766521 0.849183 0.773024 0.252418 0.640671 0.286278 0.641344 0.263363 0.186439 0.147923 0.139041 0.859145 0.892378 0.870669 0.880581 0.293646 0.145704 0.209943 0.0556128 0.263363 0.270415 0.147923 0.311027 0.900917 0.910324 0.906367 0.895918 0.713358 0.802965 0.685472 0.801725 0.670016 0.614497 0.701221 0.615884 0.293646 0.304414 0.209943 0.380658 0.0103303 0.18189 0.0167521 0.141973 0.304085 0.630871 0.302979 0.602565 0.488728 0.617435 0.489966 0.64911 0.302299 0.570497 0.487966 0.581549 0.302069 0.535824 0.48771 0.542749 0.302299 0.499801 0.487966 0.502438 0.302979 0.463728 0.488728 0.462072 0.304085 0.428911 0.489966 0.42311 0.815317 0.804873 0.779475 0.804568 0.775209 0.617678 0.815317 0.61802 0.745074 0.803924 0.736713 0.616958 0.0477091 0.327511 0.0711255 0.353801 0.0671005 0.359713 0.0428778 0.332518 0.0987664 0.373884 0.0956932 0.380489 0.0987664 0.0101478 0.0711256 0.0363804 0.0671006 0.0313629 0.0956932 0.00422691 0.0477092 0.0678794 0.0428779 0.0639466 0.0293637 0.103506 0.0239006 0.1008 0.0108548 0.140592 0.00421181 0.181883 0.0103302 0.221815 0.00421174 0.223182 0.0167521 0.260303 0.0108547 0.262996 0.0293637 0.295965 0.0239005 0.299886 0.917866 0.654791 0.919413 0.614497 0.927617 0.614661 0.92607 0.654954 0.943063 0.155295 0.942413 0.11366 0.950624 0.113482 0.951274 0.155117 0.942194 0.0736888 0.950405 0.0735108 0.942413 0.0368264 0.950624 0.0366484 0.943063 0.00440488 0.951274 0.00422691 0.919413 0.875511 0.917866 0.848274 0.92607 0.848438 0.927617 0.875674 0.916802 0.815501 0.925006 0.815664 0.916261 0.778375 0.924465 0.778538 0.916261 0.738238 0.924465 0.738401 0.916802 0.696541 0.925006 0.696704 0.113077 0.770647 0.079051 0.746349 0.0892582 0.734542 0.12087 0.757115 0.0502254 0.716036 0.0624774 0.706378 0.027642 0.680802 0.041496 0.673644 0.0121171 0.641921 0.0270725 0.637522 0.00421177 0.600799 0.0197279 0.599316 0.00421174 0.558921 0.0197279 0.560409 0.012117 0.517802 0.0270724 0.522207 0.027642 0.478926 0.041496 0.486089 0.0502253 0.443701 0.0624773 0.453362 0.079051 0.413397 0.0892581 0.425209 0.113077 0.389112 0.12087 0.402646 0.881258 0.145075 0.880654 0.106393 0.911198 0.105731 0.911802 0.144413 0.88045 0.069258 0.910995 0.0685959 0.880654 0.0350106 0.911198 0.0343485 0.881258 0.00488905 0.911802 0.00422691 0.254017 0.631609 0.25258 0.606305 0.283099 0.606912 0.284537 0.632217 0.251592 0.575857 0.282111 0.576464 0.251088 0.541364 0.281607 0.541971 0.251088 0.504075 0.281607 0.504682 0.251592 0.465336 0.282111 0.465943 0.25258 0.426547 0.283099 0.427155 0.254017 0.389112 0.284537 0.389719 0.112614 0.930955 0.111961 0.889103 0.120172 0.888925 0.120825 0.930777 0.661592 0.434634 0.635028 0.459845 0.62582 0.448367 0.654562 0.421089 0.612524 0.490117 0.601471 0.48112 0.594893 0.524357 0.582395 0.518166 0.582772 0.561325 0.569281 0.558165 0.5766 0.599688 0.562603 0.599672 0.5766 0.638057 0.562603 0.641186 0.582772 0.675047 0.569281 0.681208 0.594893 0.709319 0.582395 0.71829 0.612524 0.739637 0.601471 0.751092 0.635028 0.764903 0.62582 0.77843 0.661592 0.784205 0.654562 0.799313 0.204523 0.748212 0.175547 0.717741 0.181738 0.712861 0.209681 0.742246 0.111741 0.848924 0.119951 0.848746 0.111961 0.811869 0.120172 0.811691 0.112614 0.779279 0.120825 0.779101 0.53963 0.818864 0.538075 0.791486 0.546279 0.791649 0.547835 0.819027 0.537006 0.758541 0.54521 0.758704 0.536461 0.721221 0.544665 0.721385 0.536461 0.680875 0.544665 0.681039 0.537006 0.638961 0.54521 0.639124 0.538075 0.596993 0.546279 0.597157 0.53963 0.556489 0.547835 0.556653 0.641426 0.00422691 0.677031 0.00444014 0.657227 0.412155 0.630178 0.411993 0.152846 0.682323 0.159847 0.678706 0.13724 0.64324 0.144797 0.641016 0.129294 0.601903 0.137134 0.601154 0.129294 0.559807 0.137134 0.560559 0.13724 0.518473 0.144797 0.520699 0.152846 0.479395 0.159847 0.483014 0.175547 0.443985 0.181738 0.448867 0.204523 0.413524 0.209681 0.419492 0.238727 0.389112 0.242665 0.395951 0.238727 0.772637 0.242665 0.765799 0.736 0.0799242 0.726392 0.109228 0.721833 0.10816 0.731776 0.077832 0.708346 0.00507221 0.681018 0.412635 0.302069 0.00729418 0.328377 0.00578876 0.355941 0.413513 0.335955 0.414656 0.360032 0.00475386 0.37999 0.412727 0.395892 0.00422693 0.407232 0.412326 0.43466 0.00422691 0.436684 0.412326 0.474935 0.00475387 0.467281 0.412726 0.51526 0.00578872 0.497916 0.413513 0.55418 0.00729412 0.527483 0.414656 0.562603 0.00507228 0.602818 0.00444017 0.600848 0.412155 0.570297 0.412635 0.674545 0.506459 0.684954 0.476296 0.726584 0.493099 0.718937 0.515257 0.7215 0.139636 0.71677 0.139631 0.7215 0.17005 0.71677 0.171108 0.726393 0.19937 0.721833 0.201453 0.736 0.226537 0.731776 0.229569 0.749975 0.250568 0.74624 0.25444 0.767814 0.270596 0.764702 0.275167 0.78887 0.285895 0.786494 0.291002 0.78887 0.00880472 0.767814 0.0287885 0.764702 0.0249091 0.786494 0.00422691 0.749975 0.0527841 0.74624 0.0497433 0.792742 0.429881 0.815174 0.423295 0.838448 0.544463 0.700867 0.448661 0.738274 0.472799 0.721709 0.424552 0.753584 0.455088 0.499176 0.548036 0.498587 0.51745 0.547402 0.508686 0.547835 0.531154 0.498389 0.485668 0.547256 0.485339 0.498588 0.453838 0.547402 0.461957 0.499176 0.42311 0.547835 0.439384 0.845552 0.345427 0.845873 0.377162 0.797529 0.368579 0.797294 0.345266 0.845873 0.407627 0.797529 0.390959 0.67153 0.569952 0.670016 0.538058 0.71561 0.53847 0.716722 0.561899 0.771961 0.440608 0.722234 0.584698 0.731947 0.606043 0.838448 0.421089 0.906367 0.816986 0.161012 0.931933 0.161659 0.926329 0.177192 0.928219 0.176606 0.933289 0.235146 0.858744 0.244176 0.857057 0.24565 0.864158 0.238693 0.865459 0.342705 0.787134 0.341835 0.894001 0.332545 0.894366 0.327312 0.787739 0.768794 0.394898 0.768513 0.387715 0.78405 0.387948 0.784304 0.394446 0.262903 0.859976 0.271324 0.864384 0.266564 0.869803 0.260077 0.866407 0.32418 0.895437 0.313452 0.789514 0.259387 0.960898 0.259617 0.967262 0.244316 0.965675 0.244107 0.959917 0.28345 0.877616 0.286329 0.885537 0.278124 0.8861 0.275906 0.879997 0.31731 0.89714 0.302069 0.792336 0.259242 0.939164 0.259192 0.946353 0.243932 0.946758 0.243976 0.940254 0.284751 0.90133 0.280402 0.908125 0.273558 0.903501 0.276909 0.898266 0.648519 0.810342 0.631373 0.916053 0.624125 0.91521 0.63651 0.808945 0.201073 0.960808 0.201368 0.966431 0.186108 0.964358 0.18584 0.959271 0.266044 0.917228 0.257014 0.918915 0.255541 0.911814 0.262497 0.910513 0.615499 0.91468 0.622218 0.808067 0.768794 0.380306 0.784304 0.381245 0.606083 0.914499 0.606617 0.807767 0.200887 0.939447 0.200824 0.94684 0.185615 0.946634 0.185672 0.939946 0.214417 0.882346 0.216439 0.874642 0.224282 0.877706 0.222724 0.883641 0.596519 0.91468 0.590771 0.808067 0.769616 0.373177 0.770923 0.366813 0.78623 0.369037 0.785047 0.374795 0.227169 0.862425 0.232548 0.868294 0.587459 0.91521 0.575758 0.808945 0.770923 0.406677 0.769616 0.401365 0.785047 0.400297 0.78623 0.405103 0.253643 0.857477 0.252943 0.864482 0.579519 0.916053 0.562603 0.810342 0.160466 0.945882 0.160605 0.938602 0.176238 0.939323 0.176113 0.945909 0.278332 0.870401 0.271963 0.874438 0.87984 0.278321 0.894884 0.1751 0.903117 0.174855 0.893482 0.277916 0.161659 0.966421 0.161012 0.960282 0.176606 0.958937 0.177192 0.964491 0.286773 0.893626 0.278466 0.892331 0.912342 0.174728 0.908767 0.277706 0.259242 0.953766 0.243976 0.953464 0.274021 0.913547 0.268643 0.907678 0.92193 0.174728 0.924653 0.277706 0.259617 0.927369 0.259387 0.932689 0.244107 0.934396 0.244315 0.929583 0.247547 0.918495 0.238287 0.915996 0.241113 0.909565 0.248247 0.91149 0.931227 0.174855 0.940058 0.277916 0.200887 0.954126 0.185672 0.953225 0.222858 0.905571 0.21774 0.898356 0.225284 0.895975 0.229227 0.901534 0.939601 0.1751 0.953931 0.278321 0.201368 0.926329 0.201073 0.932452 0.18584 0.933617 0.186108 0.928078 0.214861 0.890435 0.223066 0.889873 0.286773 0.785231 0.271431 0.78109 0.220788 0.867847 0.227632 0.872471 0.431045 0.913237 0.449402 0.810255 0.456676 0.80987 0.443096 0.912599 0.465318 0.809628 0.457416 0.912199 0.160605 0.953277 0.176238 0.952599 0.474741 0.809545 0.473029 0.912062 0.484303 0.809628 0.488871 0.912199 0.493351 0.80987 0.503863 0.9126 0.501269 0.810255 0.516983 0.913237 0.730523 0.308523 0.7258 0.313266 0.722633 0.310824 0.728092 0.30534 0.229867 0.911588 0.234626 0.906169 0.387498 0.792336 0.368869 0.89714 0.360638 0.895437 0.373859 0.789514 0.351417 0.894366 0.358581 0.78774 0.385611 0.661687 0.399356 0.669656 0.395575 0.674608 0.383234 0.667453 0.362397 0.949853 0.362156 0.955418 0.357389 0.955446 0.357629 0.949881 0.769717 0.319075 0.76638 0.313266 0.769549 0.310824 0.773407 0.317539 0.736293 0.352645 0.742742 0.354381 0.74222 0.358359 0.734764 0.356352 0.722461 0.319075 0.718771 0.317539 0.76166 0.308523 0.764092 0.30534 0.720731 0.325554 0.716772 0.32503 0.755879 0.30517 0.757409 0.301463 0.749418 0.354381 0.755867 0.352645 0.757395 0.356352 0.749938 0.358359 0.72073 0.332261 0.71677 0.332785 0.749431 0.303434 0.749953 0.299456 0.76165 0.349291 0.764081 0.352475 0.766372 0.344549 0.769712 0.33874 0.773401 0.340275 0.76954 0.346991 0.722456 0.33874 0.718766 0.340275 0.742755 0.303434 0.742234 0.299456 0.771441 0.332261 0.775401 0.332785 0.725793 0.344549 0.722624 0.346991 0.736305 0.30517 0.734778 0.301463 0.771443 0.325554 0.775403 0.32503 0.730512 0.349291 0.72808 0.352475 0.771274 0.819306 0.776813 0.8154 0.778736 0.821018 0.774333 0.824123 0.747469 0.928773 0.748837 0.922116 0.753404 0.922285 0.752037 0.928942 0.808845 0.956683 0.8087 0.948948 0.813424 0.948907 0.813569 0.956642 0.362005 0.962191 0.357237 0.962219 0.120825 0.939426 0.120516 0.94583 0.115753 0.945813 0.116062 0.939409 0.361953 0.96971 0.357186 0.969739 0.120322 0.953148 0.115558 0.953131 0.808845 0.941333 0.809271 0.934357 0.813995 0.934316 0.813569 0.941292 0.362005 0.977464 0.357237 0.977493 0.120255 0.960881 0.115492 0.960863 0.809948 0.928496 0.814672 0.928455 0.362156 0.984924 0.357389 0.984952 0.120322 0.968502 0.115558 0.968484 0.362397 0.991581 0.357629 0.991609 0.120516 0.975491 0.115753 0.975474 0.746316 0.943979 0.746609 0.93623 0.751177 0.9364 0.750884 0.944149 0.809948 0.970431 0.809271 0.96401 0.813995 0.963969 0.814672 0.97039 0.120825 0.981373 0.116062 0.981356 0.746609 0.951492 0.751177 0.951662 0.56352 0.929798 0.564607 0.924507 0.586891 0.927331 0.585954 0.931892 0.771273 0.86644 0.76675 0.86098 0.770737 0.857251 0.774333 0.861591 0.810485 0.83879 0.810485 0.846545 0.805503 0.845776 0.805503 0.839612 0.782992 0.81336 0.783648 0.819396 0.763552 0.854281 0.768194 0.851926 0.808829 0.854044 0.804187 0.851737 0.805631 0.860777 0.801108 0.866284 0.798049 0.861467 0.801644 0.857089 0.789389 0.813327 0.788733 0.81937 0.761896 0.8468 0.766878 0.845978 0.795568 0.87019 0.793645 0.864572 0.795568 0.815302 0.793645 0.82094 0.761896 0.839045 0.766878 0.839814 0.789389 0.87223 0.788733 0.866194 0.801108 0.81915 0.798049 0.823999 0.763552 0.831546 0.768194 0.833853 0.782992 0.872263 0.783648 0.86622 0.805631 0.82461 0.801644 0.828339 0.76675 0.824813 0.770737 0.828501 0.776813 0.870288 0.778736 0.86465 0.808829 0.831309 0.804187 0.833664 0.861416 0.176965 0.871417 0.174728 0.871417 0.336813 0.59543 0.946914 0.595315 0.940765 0.61814 0.940763 0.618239 0.946062 0.151851 0.930753 0.151731 0.936137 0.129329 0.937475 0.129433 0.932835 0.527898 0.921691 0.527653 0.926782 0.505295 0.928172 0.505506 0.923784 0.59543 0.934712 0.618239 0.935546 0.15169 0.942115 0.129294 0.942626 0.527498 0.932599 0.505162 0.933185 0.595769 0.929166 0.61853 0.930767 0.151731 0.948278 0.129329 0.947939 0.527446 0.938746 0.505116 0.938483 0.596307 0.924507 0.618994 0.926751 0.151851 0.954208 0.129433 0.953049 0.527498 0.944804 0.505162 0.943704 0.564607 0.957654 0.56352 0.953237 0.585954 0.952092 0.586891 0.955898 0.152043 0.9595 0.129598 0.95761 0.527653 0.95036 0.505295 0.948492 0.562836 0.947859 0.585365 0.947457 0.562603 0.941887 0.562837 0.935726 0.585366 0.937 0.585165 0.942309 0.596307 0.957843 0.595769 0.952739 0.61853 0.951082 0.618994 0.955481 0.527898 0.955036 0.505506 0.952522 0.152043 0.926329 0.129598 0.929022 0.418514 0.694734 0.422622 0.710135 0.416463 0.710951 0.412775 0.697124 0.418514 0.741482 0.410579 0.755292 0.405651 0.751495 0.412775 0.739095 0.33908 0.774558 0.325335 0.766589 0.329117 0.761637 0.341457 0.768791 0.306177 0.74151 0.302069 0.72611 0.308228 0.725294 0.311916 0.739121 0.325335 0.669674 0.33908 0.661699 0.341457 0.667464 0.329117 0.674625 0.370281 0.657564 0.36947 0.663751 0.314113 0.680952 0.319041 0.68475 0.410579 0.680928 0.405651 0.684728 0.422622 0.726079 0.416463 0.725266 0.35441 0.778681 0.355221 0.772493 0.314113 0.755317 0.319041 0.751517 0.302069 0.710165 0.306177 0.694763 0.311916 0.697149 0.308228 0.710978 0.35441 0.657568 0.355221 0.663755 0.399356 0.76657 0.395575 0.76162 0.370281 0.778677 0.36947 0.772489 0.890248 0.570027 0.892893 0.565426 0.896677 0.567001 0.893497 0.572532 0.0577353 0.924611 0.0437286 0.924342 0.0391627 0.779101 0.193749 0.915342 0.180032 0.913749 0.177611 0.78109 0.872027 0.166275 0.861406 0.164129 0.872027 0.00422691 0.0295011 0.924611 0.165778 0.913206 0.848864 0.161269 0.151958 0.913749 0.835256 0.157889 0.0160227 0.925399 0.00421174 0.926654 0.797294 0.19473 0.809004 0.191108 0.081349 0.926654 0.0705669 0.9254 0.849313 0.179941 0.881936 0.538835 0.876828 0.53746 0.877364 0.53338 0.883505 0.535033 0.855462 0.565426 0.858105 0.570027 0.854854 0.572533 0.851677 0.567001 0.886507 0.573784 0.889 0.577049 0.886515 0.541492 0.88901 0.538227 0.854094 0.560294 0.850033 0.560832 0.881927 0.57644 0.883493 0.580242 0.890254 0.545249 0.893504 0.542743 0.854096 0.554982 0.850034 0.554444 0.876818 0.577815 0.877352 0.581896 0.892897 0.54985 0.896682 0.548275 0.855466 0.54985 0.851681 0.548275 0.861851 0.541492 0.858111 0.545249 0.854862 0.542743 0.859358 0.538227 0.87153 0.577815 0.870994 0.581896 0.866432 0.538835 0.864865 0.535033 0.866422 0.57644 0.864854 0.580243 0.894263 0.560294 0.894264 0.554981 0.898326 0.554444 0.898324 0.560831 0.87154 0.53746 0.871006 0.53338 0.861843 0.573784 0.859349 0.577049 0.848738 0.568282 0.846871 0.561277 0.891117 0.579691 0.884864 0.583317 0.891128 0.535611 0.896231 0.540739 0.846873 0.554025 0.852354 0.540739 0.85746 0.535611 0.877891 0.585194 0.899839 0.54702 0.848743 0.54702 0.870672 0.585194 0.901705 0.554025 0.863713 0.531985 0.8637 0.583317 0.901704 0.561277 0.870686 0.530108 0.899834 0.568282 0.877905 0.530108 0.896223 0.574563 0.884877 0.531985 0.852346 0.574563 0.989521 0.325498 0.989379 0.331833 0.9813 0.331881 0.981441 0.325547 0.804574 0.901164 0.804848 0.893917 0.812589 0.894204 0.812314 0.901451 0.975425 0.274429 0.975561 0.267308 0.983567 0.267238 0.983431 0.274359 0.989331 0.338865 0.981251 0.338913 0.98722 0.0102455 0.987038 0.017089 0.978966 0.0170594 0.979147 0.0102159 0.975959 0.260784 0.983964 0.260714 0.989379 0.346116 0.9813 0.346165 0.986976 0.0243206 0.978904 0.0242911 0.976592 0.255302 0.984598 0.255232 0.989521 0.353093 0.981441 0.353141 0.806931 0.919713 0.805652 0.914517 0.813393 0.914805 0.814672 0.920001 0.989746 0.359319 0.981666 0.359367 0.987509 0.00425647 0.979436 0.00422691 0.804848 0.90819 0.812589 0.908478 0.976592 0.29452 0.975959 0.288515 0.983965 0.288446 0.984598 0.29445 0.98722 0.0379843 0.987509 0.0434851 0.979437 0.0434556 0.979147 0.0379547 0.805652 0.886943 0.806931 0.880717 0.814672 0.881005 0.813393 0.88723 0.975561 0.281663 0.983567 0.281593 0.989746 0.320294 0.981666 0.320342 0.375101 0.95395 0.373409 0.942119 0.383129 0.940133 0.384465 0.949473 0.45597 0.675992 0.473595 0.665347 0.494119 0.659061 0.516144 0.657564 0.516144 0.801091 0.494119 0.797698 0.473595 0.789645 0.45597 0.777482 0.442446 0.762037 0.433945 0.744363 0.431045 0.725664 0.433945 0.707215 0.442446 0.690273 0.951517 0.567949 0.969747 0.567947 0.969749 0.581103 0.951519 0.581105 0.37837 0.964234 0.387045 0.957591 0.678353 0.832567 0.686122 0.823263 0.687192 0.824942 0.679747 0.833858 0.969753 0.593522 0.951523 0.593524 0.670016 0.869924 0.670016 0.85672 0.671757 0.857003 0.671757 0.869655 0.969758 0.604358 0.951528 0.60436 0.918789 0.412585 0.915697 0.404053 0.924053 0.397919 0.926494 0.404654 0.686122 0.903514 0.678353 0.894146 0.679747 0.892867 0.687192 0.901844 0.520975 0.627926 0.504237 0.628294 0.501064 0.617457 0.517802 0.617089 0.913753 0.393407 0.91309 0.381371 0.921995 0.380013 0.922519 0.389514 0.717238 0.913662 0.706251 0.913616 0.70648 0.911525 0.717009 0.911568 0.375101 0.917088 0.37837 0.905594 0.387046 0.911299 0.384465 0.920372 0.915889 0.947073 0.924409 0.946407 0.927617 0.968206 0.919098 0.968872 0.721039 0.898921 0.71301 0.901473 0.709341 0.884047 0.71368 0.882668 0.914795 0.924794 0.923314 0.924128 0.737366 0.903726 0.727851 0.910288 0.727179 0.908335 0.736297 0.902047 0.915889 0.903551 0.924409 0.902885 0.706251 0.813327 0.717238 0.813372 0.717009 0.815464 0.70648 0.815421 0.919098 0.884794 0.927617 0.884128 0.517802 0.566576 0.501064 0.566944 0.504237 0.556858 0.520975 0.556489 0.753473 0.870268 0.750629 0.88301 0.749006 0.882196 0.751731 0.869986 0.547314 0.845658 0.539452 0.846193 0.545229 0.828016 0.553092 0.827481 0.322834 0.966788 0.307246 0.967849 0.303835 0.955855 0.319423 0.954794 0.544323 0.866571 0.536461 0.867106 0.302069 0.942854 0.317657 0.941793 0.727851 0.816833 0.727179 0.818781 0.544323 0.888795 0.536461 0.88933 0.302069 0.929733 0.317657 0.928672 0.67286 0.843979 0.674482 0.844793 0.547314 0.910814 0.539452 0.91135 0.303835 0.917386 0.319423 0.916326 0.67286 0.882689 0.674482 0.881888 0.553092 0.93113 0.545229 0.931665 0.307246 0.906655 0.322834 0.905594 0.695638 0.910155 0.69631 0.908208 0.967993 0.0219674 0.959697 0.0235508 0.962184 0.00581029 0.97048 0.00422691 0.915587 0.530108 0.932525 0.530447 0.929564 0.541283 0.912625 0.540944 0.967993 0.0424849 0.959697 0.0440683 0.927702 0.553701 0.910764 0.553362 0.745135 0.894422 0.743742 0.893131 0.97048 0.0643811 0.962184 0.0659645 0.927067 0.566856 0.910129 0.566517 0.927702 0.57985 0.910764 0.579511 0.750629 0.8443 0.753473 0.857065 0.751731 0.857333 0.749006 0.845101 0.929564 0.591798 0.912626 0.591459 0.737366 0.823474 0.736297 0.825144 0.745135 0.832843 0.743742 0.834122 0.932525 0.601885 0.915587 0.601546 0.865789 0.752457 0.848372 0.742709 0.835007 0.729116 0.826606 0.712603 0.82374 0.694297 0.826606 0.675445 0.835007 0.657331 0.848372 0.64119 0.865789 0.628122 0.886071 0.619018 0.907837 0.614497 0.907837 0.758067 0.886071 0.757696 0.695638 0.8167 0.69631 0.818653 0.951528 0.525362 0.969758 0.52536 0.969753 0.532905 0.951523 0.532907 0.969749 0.542998 0.951519 0.543 0.893669 0.521654 0.882781 0.521126 0.872263 0.517208 0.862833 0.510166 0.855134 0.50048 0.84969 0.488811 0.846871 0.475953 0.846871 0.462783 0.84969 0.450198 0.855134 0.439056 0.862833 0.430117 0.872263 0.423988 0.882781 0.421089 0.893669 0.421617 0.904187 0.425535 0.913617 0.432577 0.921316 0.442263 0.92676 0.453932 0.929579 0.46679 0.929579 0.47996 0.92676 0.492545 0.921316 0.503687 0.913617 0.512626 0.904187 0.518755 0.704699 0.901439 0.969747 0.55495 0.951517 0.554952 0.728237 0.833247 0.721039 0.828223 0.945236 0.779021 0.945236 0.950174 0.936041 0.950174 0.936041 0.779021 0.915697 0.356452 0.918789 0.345266 0.926494 0.35151 0.924053 0.360341 0.913753 0.368767 0.922519 0.370062 0.69667 0.898821 0.728237 0.893957 0.734115 0.886918 0.738271 0.878285 0.71301 0.825605 0.740422 0.868646 0.740422 0.858658 0.738271 0.849001 0.734115 0.840334 0.70485 0.843031 0.709341 0.843049 0.71368 0.844464 0.717569 0.847179 0.720745 0.851008 0.722991 0.855692 0.724154 0.86091 0.724154 0.866308 0.722991 0.871516 0.720745 0.876181 0.71757 0.879985 0.70485 0.884028 0.700511 0.882613 0.696621 0.879898 0.693446 0.876069 0.6912 0.871385 0.690037 0.866167 0.690037 0.86077 0.6912 0.855561 0.693446 0.850896 0.696621 0.847092 0.700511 0.84441 0.689472 0.893797 0.677287 0.868386 0.677287 0.858397 0.683594 0.840125 0.689472 0.833087 0.679438 0.878042 0.679438 0.848758 0.683594 0.88671 0.704699 0.82557 0.978181 0.603134 0.979768 0.569326 0.984324 0.569326 0.988388 0.603134 0.975425 0.246778 0.975426 0.211639 0.980328 0.211639 0.986408 0.246778 0.978181 0.560872 0.978957 0.52536 0.98346 0.52536 0.988268 0.560872 0.990287 0.413528 0.990287 0.448926 0.986254 0.450107 0.981251 0.416176 0.523782 0.977142 0.523782 0.964066 0.527943 0.96349 0.527943 0.976566 0.721607 0.963684 0.721607 0.989833 0.708298 0.989015 0.708298 0.962866 0.661571 0.965111 0.661571 0.978504 0.65707 0.978603 0.65707 0.965211 0.936041 0.992607 0.940715 0.958628 0.944916 0.958628 0.945453 0.992607 0.975425 0.203185 0.981506 0.168045 0.986408 0.168045 0.986408 0.203185 0.786585 0.986346 0.786585 0.953552 0.799913 0.95393 0.799913 0.986724 0.417742 0.942637 0.417742 0.929797 0.422265 0.930345 0.422265 0.943185 0.71777 0.92265 0.71777 0.940478 0.708298 0.939115 0.708298 0.924576 0.73018 0.922116 0.73018 0.939943 0.987204 0.807045 0.987204 0.792179 0.995788 0.792179 0.995788 0.807044 0.505677 0.636748 0.505677 0.646867 0.498389 0.647877 0.498389 0.637758 0.168321 0.988825 0.160466 0.989504 0.160466 0.975553 0.168321 0.974874 0.381373 0.987228 0.373409 0.986762 0.373409 0.972687 0.381373 0.973154 0.728302 0.954039 0.719648 0.954412 0.205926 0.975664 0.205926 0.989614 0.199489 0.988835 0.199489 0.974885 0.815107 0.978885 0.815107 0.993437 0.8087 0.993578 0.8087 0.979026 0.521447 0.647142 0.5141 0.647535 0.515476 0.637067 0.521447 0.636748 0.854202 0.603209 0.846871 0.603836 0.848244 0.594158 0.854202 0.593648 0.99418 0.817261 0.987203 0.817261 0.987203 0.781811 0.99418 0.78181 0.281671 0.976083 0.282199 0.971362 0.286256 0.971942 0.285803 0.975996 0.887878 0.975447 0.903634 0.975446 0.903634 0.982497 0.887879 0.982498 0.18601 0.979015 0.187136 0.974885 0.191065 0.976184 0.190098 0.97973 0.681976 0.957934 0.676488 0.955055 0.678857 0.950869 0.682807 0.952942 0.903637 0.988603 0.887881 0.988604 0.421457 0.902755 0.421456 0.906887 0.417743 0.907677 0.417744 0.904128 0.697602 0.950604 0.693402 0.955526 0.691034 0.951208 0.694058 0.947665 0.981557 0.513421 0.96709 0.513739 0.965526 0.507633 0.979993 0.507314 0.421456 0.916947 0.421457 0.921344 0.417744 0.920092 0.417743 0.916316 0.697602 0.930315 0.699875 0.936961 0.695694 0.937842 0.694058 0.933057 0.964977 0.500583 0.979444 0.500264 0.185615 0.983997 0.189759 0.984009 0.676488 0.92469 0.681976 0.922116 0.682807 0.927154 0.678857 0.929007 0.965526 0.493663 0.979993 0.493344 0.282199 0.981182 0.286256 0.980375 0.96709 0.487926 0.981557 0.487607 0.421455 0.911871 0.417742 0.911957 0.672289 0.9499 0.675833 0.947158 0.962241 0.307051 0.948746 0.307508 0.947343 0.300799 0.960838 0.300342 0.679159 0.946031 0.681755 0.949218 0.687915 0.9581 0.687083 0.953061 0.947343 0.293679 0.960838 0.293222 0.674197 0.937244 0.675833 0.93255 0.679159 0.933486 0.677753 0.937517 0.687915 0.922281 0.687083 0.927273 0.948746 0.287232 0.962241 0.286775 0.699875 0.944085 0.695694 0.942971 0.334135 0.949853 0.348762 0.950503 0.346895 0.956033 0.332268 0.955383 0.18601 0.989073 0.190098 0.988368 0.693402 0.92516 0.691034 0.929346 0.345885 0.962861 0.331257 0.962211 0.283701 0.985882 0.287546 0.984411 0.672289 0.929611 0.345885 0.969948 0.331257 0.969298 0.283701 0.967736 0.287546 0.968828 0.670016 0.943255 0.674197 0.942373 0.346895 0.976216 0.332268 0.975565 0.348762 0.980709 0.334135 0.980059 0.187136 0.99347 0.191065 0.992143 0.887881 0.962784 0.903637 0.962784 0.903634 0.968524 0.887879 0.968524 0.677753 0.941922 0.685148 0.928852 0.68882 0.928954 0.692213 0.930734 0.694809 0.933922 0.696215 0.93803 0.696215 0.942436 0.694809 0.946466 0.692213 0.949509 0.68882 0.9511 0.685148 0.950998 0.681755 0.930443 0.409319 0.788552 0.409319 0.943204 0.395921 0.941786 0.395921 0.787134 0.964977 0.479088 0.964977 0.320294 0.972828 0.32036 0.972828 0.479154 0.0897724 0.937897 0.0897725 0.779101 0.103317 0.77917 0.103317 0.937966 0.962514 0.82466 0.962514 0.983122 0.954672 0.982783 0.954672 0.824321 0.957862 0.815828 0.957862 0.614497 0.962514 0.614536 0.962514 0.815867 0.920226 0.00422691 0.93377 0.00429604 0.93377 0.163092 0.920226 0.163023 0.978789 0.773357 0.970938 0.773291 0.970938 0.614497 0.978789 0.614563 0.949438 0.770567 0.936041 0.769149 0.936041 0.614497 0.949438 0.615915 0.970938 0.78181 0.978779 0.782149 0.978779 0.940612 0.970938 0.940273 0.956553 0.320827 0.956553 0.516906 0.951517 0.516374 0.951517 0.320294 0.927334 0.336033 0.921837 0.336615 0.921837 0.320784 0.927334 0.320203 0.627418 0.965159 0.633093 0.965111 0.633093 0.985956 0.627418 0.986003 0.921837 0.311624 0.921837 0.286775 0.938919 0.2869 0.938919 0.311749 0.943094 0.32032 0.943094 0.521654 0.938002 0.521628 0.938002 0.320294 0.967001 0.077411 0.967001 0.278321 0.962355 0.27812 0.962355 0.0772101 0.897052 0.411578 0.897052 0.406012 0.902536 0.406052 0.902536 0.411618 0.65707 0.987366 0.659989 0.987057 0.659989 0.995464 0.65707 0.995773 0.990226 0.645115 0.987212 0.64514 0.987212 0.634071 0.990226 0.634046 0.992994 0.49606 0.98998 0.496075 0.98998 0.487623 0.992994 0.487607 0.744333 0.985633 0.744332 0.972437 0.753404 0.972504 0.753404 0.9857 0.252392 0.975716 0.252392 0.988597 0.243932 0.989392 0.243932 0.976511 0.989852 0.303283 0.992772 0.302974 0.992772 0.311381 0.989852 0.31169 0.990226 0.664663 0.987212 0.664689 0.987212 0.653619 0.990226 0.653594 0.992994 0.512982 0.98998 0.512997 0.98998 0.504545 0.992994 0.504529 0.990208 0.907338 0.987203 0.907467 0.987203 0.896401 0.990208 0.896271 0.440117 0.967947 0.440117 0.981143 0.431045 0.981077 0.431045 0.96788 0.0126717 0.975107 0.0126717 0.987988 0.00421174 0.988784 0.00421174 0.975903 0.526701 0.994003 0.523782 0.994312 0.523782 0.985905 0.526701 0.985596 0.990226 0.684212 0.987212 0.684237 0.987212 0.673167 0.990226 0.673142 0.990588 0.949081 0.993602 0.949065 0.993602 0.957518 0.990588 0.957533 0.321958 0.987369 0.318953 0.987499 0.318953 0.976433 0.321958 0.976303 0.138365 0.968021 0.138365 0.981217 0.129294 0.98115 0.129294 0.967954 0.987364 0.0519389 0.987364 0.0648202 0.978904 0.0656157 0.978904 0.0527343 0.553813 0.993832 0.550894 0.994141 0.550894 0.985734 0.553813 0.985425 0.987212 0.614522 0.990226 0.614497 0.990226 0.625567 0.987212 0.625592 0.993602 0.97444 0.990588 0.974455 0.990588 0.966003 0.993602 0.965987 0.524567 0.774759 0.527572 0.774629 0.527572 0.785695 0.524567 0.785825 0.448541 0.981077 0.448541 0.96788 0.457612 0.967947 0.457612 0.981143 0.310529 0.976303 0.310529 0.989184 0.302069 0.989979 0.302069 0.977098 0.481683 0.968247 0.486897 0.967716 0.486897 0.987297 0.481683 0.987828 0.0632519 0.955041 0.0594055 0.955356 0.0594055 0.935423 0.0632518 0.935107 0.582263 0.966923 0.582263 0.985982 0.576649 0.985167 0.576649 0.966108 0.900187 0.602501 0.894947 0.602474 0.894477 0.598074 0.899717 0.5981 0.839372 0.985597 0.839372 0.965588 0.84501 0.965394 0.84501 0.985402 0.894947 0.593648 0.900187 0.593675 0.229451 0.967396 0.234696 0.966998 0.234696 0.986925 0.229451 0.987324 0.257239 0.772416 0.251952 0.772376 0.251088 0.768459 0.256375 0.768498 0.868699 0.406376 0.874486 0.406012 0.874486 0.412144 0.868699 0.412507 0.251088 0.763891 0.256375 0.76393 0.670016 0.966553 0.67534 0.967178 0.67534 0.986873 0.670016 0.986248 0.251952 0.759896 0.257239 0.759936 0.541767 0.956808 0.545651 0.957296 0.545651 0.976971 0.541767 0.976482 0.881383 0.15355 0.886596 0.153529 0.885663 0.157466 0.88045 0.157488 0.151867 0.987103 0.146789 0.985924 0.146789 0.967954 0.151867 0.969133 0.885663 0.162035 0.88045 0.162056 0.335705 0.989315 0.335705 0.99498 0.331257 0.994828 0.331257 0.989163 0.886596 0.16601 0.881383 0.166032 0.0665829 0.957033 0.0685061 0.960799 0.0685061 0.96533 0.066583 0.969411 0.063252 0.97195 0.0594056 0.972265 0.0560745 0.970272 0.0541514 0.966506 0.0541513 0.961976 0.0560745 0.957894 0.888629 0.406216 0.888629 0.412452 0.88291 0.412248 0.88291 0.406012 0.536461 0.985425 0.542099 0.985706 0.542471 0.988804 0.536833 0.988523 0.542471 0.993162 0.536833 0.992881 0.538403 0.954149 0.536461 0.950032 0.536461 0.94556 0.538403 0.941932 0.541767 0.940119 0.545651 0.940607 0.549015 0.943266 0.550957 0.947383 0.550957 0.951855 0.549015 0.955483 0.656942 0.912281 0.656942 0.864652 0.660307 0.865141 0.660307 0.91277 0.524567 0.707683 0.524567 0.657681 0.527946 0.657564 0.527946 0.707566 0.527711 0.765936 0.524567 0.766175 0.524567 0.716375 0.527711 0.716136 0.417742 0.787134 0.420933 0.787509 0.420933 0.836727 0.417742 0.836352 0.648646 0.965866 0.648646 0.983071 0.641516 0.982317 0.641516 0.965111 0.214417 0.984664 0.214417 0.966998 0.221028 0.967053 0.221028 0.984719 0.830948 0.96543 0.830948 0.983097 0.82374 0.98306 0.82374 0.965394 0.595315 0.983926 0.595315 0.966297 0.601918 0.966582 0.601918 0.984211 0.862625 0.601557 0.862625 0.593648 0.870389 0.593705 0.870389 0.601614 0.886053 0.593648 0.886053 0.601369 0.878813 0.602049 0.878813 0.594329 0.468047 0.987838 0.468047 0.967738 0.47326 0.967716 0.47326 0.987817 0.036595 0.95497 0.0365951 0.935107 0.0404551 0.935479 0.040455 0.955342 0.28117 0.772399 0.280237 0.768424 0.285449 0.768402 0.286382 0.772378 0.568226 0.985307 0.562603 0.98606 0.562603 0.96686 0.568226 0.966108 0.615709 0.967068 0.615709 0.986538 0.610341 0.985767 0.610341 0.966297 0.280237 0.763855 0.28117 0.759917 0.286382 0.759896 0.285449 0.763834 0.860276 0.40629 0.860276 0.412421 0.854297 0.412144 0.854297 0.406012 0.271814 0.759936 0.27095 0.76393 0.265663 0.763891 0.266527 0.759896 0.683764 0.986889 0.683764 0.967106 0.689065 0.966553 0.689065 0.986336 0.27095 0.768498 0.265663 0.768459 0.0987947 0.963419 0.0987946 0.98346 0.0949814 0.983654 0.0949815 0.963613 0.271814 0.772416 0.266527 0.772376 0.26804 0.987206 0.26804 0.967736 0.273248 0.968323 0.273248 0.987793 0.90073 0.153555 0.90026 0.157981 0.895019 0.157954 0.895489 0.153529 0.344128 0.989379 0.348466 0.989163 0.348466 0.994828 0.344128 0.995044 0.90073 0.162381 0.895489 0.162354 0.0437979 0.957922 0.0457279 0.962017 0.0457279 0.966532 0.0437978 0.970256 0.040455 0.972191 0.0365949 0.971819 0.0332521 0.96924 0.0313221 0.965144 0.0313221 0.960629 0.0332521 0.956905 0.975425 0.311026 0.975788 0.307633 0.981429 0.30744 0.981066 0.310833 0.975787 0.303167 0.981429 0.302974 0.091679 0.961504 0.0897724 0.957656 0.0897725 0.953101 0.0916791 0.949059 0.0949815 0.946614 0.0987948 0.94642 0.102097 0.948529 0.104004 0.952377 0.104004 0.956932 0.102097 0.960974 0.0801915 0.979272 0.0769296 0.978379 0.0769296 0.935107 0.0801915 0.936001 0.42096 0.845643 0.42096 0.894301 0.417742 0.893838 0.417742 0.845181 0.216326 0.955668 0.226298 0.955585 0.283516 0.94627 0.287012 0.946068 0.86426 0.933738 0.331271 0.92041 0.331257 0.919347 0.364886 0.905594 0.364934 0.909363 0.479082 0.927985 0.987203 0.86456 0.991317 0.861376 0.991317 0.870961 0.991001 0.719531 0.987212 0.720453 0.987212 0.71197 0.991001 0.711048 0.748837 0.963814 0.747469 0.958258 0.752036 0.958427 0.753404 0.963983 0.385611 0.774546 0.383234 0.768781 0.139514 0.915342 0.821509 0.154221 0.129294 0.917875 0.808561 0.150513 0.822182 0.187262 0.835931 0.183453 0.797294 0.147018 0.205994 0.917875 0.857449 0.579691 0.987038 0.0314476 0.978966 0.0314181 0.373409 0.929546 0.383129 0.930207 0.499069 0.605039 0.515808 0.60467 0.498389 0.591885 0.515128 0.591516 0.499069 0.578891 0.515808 0.578523 0.69667 0.828122 0.986512 0.0772101 0.986512 0.112523 0.975425 0.114064 0.975425 0.0787509 0.737893 0.923302 0.737893 0.93784 0.670016 0.93613 0.92047 0.993242 0.914795 0.993271 0.914795 0.977355 0.92047 0.977326 0.73003 0.96311 0.735688 0.962866 0.735688 0.983704 0.73003 0.983948 0.863524 0.988538 0.863524 0.964282 0.879454 0.962784 0.879454 0.98704 0.990208 0.926987 0.987203 0.927117 0.987203 0.916051 0.990208 0.915921 0.981251 0.458561 0.986694 0.460051 0.986694 0.477367 0.981251 0.475877 0.992438 0.764417 0.992438 0.77016 0.987212 0.768863 0.987212 0.76312 0.656942 0.808218 0.660312 0.807767 0.660312 0.855747 0.656942 0.856198 0.783826 0.349225 0.783826 0.299787 0.787003 0.299456 0.787003 0.348894 </float_array>
          <technique_common>
            <accessor count="6756" offset="0" source="#meshId0-tex0-array" stride="2">
              <param name="S" type="float" />
              <param name="T" type="float" />
            </accessor>
          </technique_common>
        </source>
        <vertices id="meshId0-vertices">
          <input semantic="POSITION" source="#meshId0-positions" />
        </vertices>
        <polylist count="6024" material="defaultMaterial">
          <input offset="0" semantic="VERTEX" source="#meshId0-vertices" />
          <input offset="0" semantic="NORMAL" source="#meshId0-normals" />
          <input offset="0" semantic="TANGENT" source="#meshId0-tangents" />
          <input offset="0" semantic="BINORMAL" source="#meshId0-bitangents" />
          <input offset="0" semantic="TEXCOORD" source="#meshId0-tex0" set="0" />
          <vcount>3 3 3 3 3 3 3 3 3 3 3 3 3 3 3 3 3 3 3 3 3 3 3 3 3 3 3 3 3 3 3 3 3 3 3 3 3 3 3 3 3 3 3 3 3 3 3 3 3 3 3 3 3 3 3 3 3 3 3 3 3 3 3 3 3 3 3 3 3 3 3 3 3 3 3 3 3 3 3 3 3 3 3 3 3 3 3 3 3 3 3 3 3 3 3 3 3 3 3 3 3 3 3 3 3 3 3 3 3 3 3 3 3 3 3 3 3 3 3 3 3 3 3 3 3 3 3 3 3 3 3 3 3 3 3 3 3 3 3 3 3 3 3 3 3 3 3 3 3 3 3 3 3 3 3 3 3 3 3 3 3 3 3 3 3 3 3 3 3 3 3 3 3 3 3 3 3 3 3 3 3 3 3 3 3 3 3 3 3 3 3 3 3 3 3 3 3 3 3 3 3 3 3 3 3 3 3 3 3 3 3 3 3 3 3 3 3 3 3 3 3 3 3 3 3 3 3 3 3 3 3 3 3 3 3 3 3 3 3 3 3 3 3 3 3 3 3 3 3 3 3 3 3 3 3 3 3 3 3 3 3 3 3 3 3 3 3 3 3 3 3 3 3 3 3 3 3 3 3 3 3 3 3 3 3 3 3 3 3 3 3 3 3 3 3 3 3 3 3 3 3 3 3 3 3 3 3 3 3 3 3 3 3 3 3 3 3 3 3 3 3 3 3 3 3 3 3 3 3 3 3 3 3 3 3 3 3 3 3 3 3 3 3 3 3 3 3 3 3 3 3 3 3 3 3 3 3 3 3 3 3 3 3 3 3 3 3 3 3 3 3 3 3 3 3 3 3 3 3 3 3 3 3 3 3 3 3 3 3 3 3 3 3 3 3 3 3 3 3 3 3 3 3 3 3 3 3 3 3 3 3 3 3 3 3 3 3 3 3 3 3 3 3 3 3 3 3 3 3 3 3 3 3 3 3 3 3 3 3 3 3 3 3 3 3 3 3 3 3 3 3 3 3 3 3 3 3 3 3 3 3 3 3 3 3 3 3 3 3 3 3 3 3 3 3 3 3 3 3 3 3 3 3 3 3 3 3 3 3 3 3 3 3 3 3 3 3 3 3 3 3 3 3 3 3 3 3 3 3 3 3 3 3 3 3 3 3 3 3 3 3 3 3 3 3 3 3 3 3 3 3 3 3 3 3 3 3 3 3 3 3 3 3 3 3 3 3 3 3 3 3 3 3 3 3 3 3 3 3 3 3 3 3 3 3 3 3 3 3 3 3 3 3 3 3 3 3 3 3 3 3 3 3 3 3 3 3 3 3 3 3 3 3 3 3 3 3 3 3 3 3 3 3 3 3 3 3 3 3 3 3 3 3 3 3 3 3 3 3 3 3 3 3 3 3 3 3 3 3 3 3 3 3 3 3 3 3 3 3 3 3 3 3 3 3 3 3 3 3 3 3 3 3 3 3 3 3 3 3 3 3 3 3 3 3 3 3 3 3 3 3 3 3 3 3 3 3 3 3 3 3 3 3 3 3 3 3 3 3 3 3 3 3 3 3 3 3 3 3 3 3 3 3 3 3 3 3 3 3 3 3 3 3 3 3 3 3 3 3 3 3 3 3 3 3 3 3 3 3 3 3 3 3 3 3 3 3 3 3 3 3 3 3 3 3 3 3 3 3 3 3 3 3 3 3 3 3 3 3 3 3 3 3 3 3 3 3 3 3 3 3 3 3 3 3 3 3 3 3 3 3 3 3 3 3 3 3 3 3 3 3 3 3 3 3 3 3 3 3 3 3 3 3 3 3 3 3 3 3 3 3 3 3 3 3 3 3 3 3 3 3 3 3 3 3 3 3 3 3 3 3 3 3 3 3 3 3 3 3 3 3 3 3 3 3 3 3 3 3 3 3 3 3 3 3 3 3 3 3 3 3 3 3 3 3 3 3 3 3 3 3 3 3 3 3 3 3 3 3 3 3 3 3 3 3 3 3 3 3 3 3 3 3 3 3 3 3 3 3 3 3 3 3 3 3 3 3 3 3 3 3 3 3 3 3 3 3 3 3 3 3 3 3 3 3 3 3 3 3 3 3 3 3 3 3 3 3 3 3 3 3 3 3 3 3 3 3 3 3 3 3 3 3 3 3 3 3 3 3 3 3 3 3 3 3 3 3 3 3 3 3 3 3 3 3 3 3 3 3 3 3 3 3 3 3 3 3 3 3 3 3 3 3 3 3 3 3 3 3 3 3 3 3 3 3 3 3 3 3 3 3 3 3 3 3 3 3 3 3 3 3 3 3 3 3 3 3 3 3 3 3 3 3 3 3 3 3 3 3 3 3 3 3 3 3 3 3 3 3 3 3 3 3 3 3 3 3 3 3 3 3 3 3 3 3 3 3 3 3 3 3 3 3 3 3 3 3 3 3 3 3 3 3 3 3 3 3 3 3 3 3 3 3 3 3 3 3 3 3 3 3 3 3 3 3 3 3 3 3 3 3 3 3 3 3 3 3 3 3 3 3 3 3 3 3 3 3 3 3 3 3 3 3 3 3 3 3 3 3 3 3 3 3 3 3 3 3 3 3 3 3 3 3 3 3 3 3 3 3 3 3 3 3 3 3 3 3 3 3 3 3 3 3 3 3 3 3 3 3 3 3 3 3 3 3 3 3 3 3 3 3 3 3 3 3 3 3 3 3 3 3 3 3 3 3 3 3 3 3 3 3 3 3 3 3 3 3 3 3 3 3 3 3 3 3 3 3 3 3 3 3 3 3 3 3 3 3 3 3 3 3 3 3 3 3 3 3 3 3 3 3 3 3 3 3 3 3 3 3 3 3 3 3 3 3 3 3 3 3 3 3 3 3 3 3 3 3 3 3 3 3 3 3 3 3 3 3 3 3 3 3 3 3 3 3 3 3 3 3 3 3 3 3 3 3 3 3 3 3 3 3 3 3 3 3 3 3 3 3 3 3 3 3 3 3 3 3 3 3 3 3 3 3 3 3 3 3 3 3 3 3 3 3 3 3 3 3 3 3 3 3 3 3 3 3 3 3 3 3 3 3 3 3 3 3 3 3 3 3 3 3 3 3 3 3 3 3 3 3 3 3 3 3 3 3 3 3 3 3 3 3 3 3 3 3 3 3 3 3 3 3 3 3 3 3 3 3 3 3 3 3 3 3 3 3 3 3 3 3 3 3 3 3 3 3 3 3 3 3 3 3 3 3 3 3 3 3 3 3 3 3 3 3 3 3 3 3 3 3 3 3 3 3 3 3 3 3 3 3 3 3 3 3 3 3 3 3 3 3 3 3 3 3 3 3 3 3 3 3 3 3 3 3 3 3 3 3 3 3 3 3 3 3 3 3 3 3 3 3 3 3 3 3 3 3 3 3 3 3 3 3 3 3 3 3 3 3 3 3 3 3 3 3 3 3 3 3 3 3 3 3 3 3 3 3 3 3 3 3 3 3 3 3 3 3 3 3 3 3 3 3 3 3 3 3 3 3 3 3 3 3 3 3 3 3 3 3 3 3 3 3 3 3 3 3 3 3 3 3 3 3 3 3 3 3 3 3 3 3 3 3 3 3 3 3 3 3 3 3 3 3 3 3 3 3 3 3 3 3 3 3 3 3 3 3 3 3 3 3 3 3 3 3 3 3 3 3 3 3 3 3 3 3 3 3 3 3 3 3 3 3 3 3 3 3 3 3 3 3 3 3 3 3 3 3 3 3 3 3 3 3 3 3 3 3 3 3 3 3 3 3 3 3 3 3 3 3 3 3 3 3 3 3 3 3 3 3 3 3 3 3 3 3 3 3 3 3 3 3 3 3 3 3 3 3 3 3 3 3 3 3 3 3 3 3 3 3 3 3 3 3 3 3 3 3 3 3 3 3 3 3 3 3 3 3 3 3 3 3 3 3 3 3 3 3 3 3 3 3 3 3 3 3 3 3 3 3 3 3 3 3 3 3 3 3 3 3 3 3 3 3 3 3 3 3 3 3 3 3 3 3 3 3 3 3 3 3 3 3 3 3 3 3 3 3 3 3 3 3 3 3 3 3 3 3 3 3 3 3 3 3 3 3 3 3 3 3 3 3 3 3 3 3 3 3 3 3 3 3 3 3 3 3 3 3 3 3 3 3 3 3 3 3 3 3 3 3 3 3 3 3 3 3 3 3 3 3 3 3 3 3 3 3 3 3 3 3 3 3 3 3 3 3 3 3 3 3 3 3 3 3 3 3 3 3 3 3 3 3 3 3 3 3 3 3 3 3 3 3 3 3 3 3 3 3 3 3 3 3 3 3 3 3 3 3 3 3 3 3 3 3 3 3 3 3 3 3 3 3 3 3 3 3 3 3 3 3 3 3 3 3 3 3 3 3 3 3 3 3 3 3 3 3 3 3 3 3 3 3 3 3 3 3 3 3 3 3 3 3 3 3 3 3 3 3 3 3 3 3 3 3 3 3 3 3 3 3 3 3 3 3 3 3 3 3 3 3 3 3 3 3 3 3 3 3 3 3 3 3 3 3 3 3 3 3 3 3 3 3 3 3 3 3 3 3 3 3 3 3 3 3 3 3 3 3 3 3 3 3 3 3 3 3 3 3 3 3 3 3 3 3 3 3 3 3 3 3 3 3 3 3 3 3 3 3 3 3 3 3 3 3 3 3 3 3 3 3 3 3 3 3 3 3 3 3 3 3 3 3 3 3 3 3 3 3 3 3 3 3 3 3 3 3 3 3 3 3 3 3 3 3 3 3 3 3 3 3 3 3 3 3 3 3 3 3 3 3 3 3 3 3 3 3 3 3 3 3 3 3 3 3 3 3 3 3 3 3 3 3 3 3 3 3 3 3 3 3 3 3 3 3 3 3 3 3 3 3 3 3 3 3 3 3 3 3 3 3 3 3 3 3 3 3 3 3 3 3 3 3 3 3 3 3 3 3 3 3 3 3 3 3 3 3 3 3 3 3 3 3 3 3 3 3 3 3 3 3 3 3 3 3 3 3 3 3 3 3 3 3 3 3 3 3 3 3 3 3 3 3 3 3 3 3 3 3 3 3 3 3 3 3 3 3 3 3 3 3 3 3 3 3 3 3 3 3 3 3 3 3 3 3 3 3 3 3 3 3 3 3 3 3 3 3 3 3 3 3 3 3 3 3 3 3 3 3 3 3 3 3 3 3 3 3 3 3 3 3 3 3 3 3 3 3 3 3 3 3 3 3 3 3 3 3 3 3 3 3 3 3 3 3 3 3 3 3 3 3 3 3 3 3 3 3 3 3 3 3 3 3 3 3 3 3 3 3 3 3 3 3 3 3 3 3 3 3 3 3 3 3 3 3 3 3 3 3 3 3 3 3 3 3 3 3 3 3 3 3 3 3 3 3 3 3 3 3 3 3 3 3 3 3 3 3 3 3 3 3 3 3 3 3 3 3 3 3 3 3 3 3 3 3 3 3 3 3 3 3 3 3 3 3 3 3 3 3 3 3 3 3 3 3 3 3 3 3 3 3 3 3 3 3 3 3 3 3 3 3 3 3 3 3 3 3 3 3 3 3 3 3 3 3 3 3 3 3 3 3 3 3 3 3 3 3 3 3 3 3 3 3 3 3 3 3 3 3 3 3 3 3 3 3 3 3 3 3 3 3 3 3 3 3 3 3 3 3 3 3 3 3 3 3 3 3 3 3 3 3 3 3 3 3 3 3 3 3 3 3 3 3 3 3 3 3 3 3 3 3 3 3 3 3 3 3 3 3 3 3 3 3 3 3 3 3 3 3 3 3 3 3 3 3 3 3 3 3 3 3 3 3 3 3 3 3 3 3 3 3 3 3 3 3 3 3 3 3 3 3 3 3 3 3 3 3 3 3 3 3 3 3 3 3 3 3 3 3 3 3 3 3 3 3 3 3 3 3 3 3 3 3 3 3 3 3 3 3 3 3 3 3 3 3 3 3 3 3 3 3 3 3 3 3 3 3 3 3 3 3 3 3 3 3 3 3 3 3 3 3 3 3 3 3 3 3 3 3 3 3 3 3 3 3 3 3 3 3 3 3 3 3 3 3 3 3 3 3 3 3 3 3 3 3 3 3 3 3 3 3 3 3 3 3 3 3 3 3 3 3 3 3 3 3 3 3 3 3 3 3 3 3 3 3 3 3 3 3 3 3 3 3 3 3 3 3 3 3 3 3 3 3 3 3 3 3 3 3 3 3 3 3 3 3 3 3 3 3 3 3 3 3 3 3 3 3 3 3 3 3 3 3 3 3 3 3 3 3 3 3 3 3 3 3 3 3 3 3 3 3 3 3 3 3 3 3 3 3 3 3 3 3 3 3 3 3 3 3 3 3 3 3 3 3 3 3 3 3 3 3 3 3 3 3 3 3 3 3 3 3 3 3 3 3 3 3 3 3 3 3 3 3 3 3 3 3 3 3 3 3 3 3 3 3 3 3 3 3 3 3 3 3 3 3 3 3 3 3 3 3 3 3 3 3 3 3 3 3 3 3 3 3 3 3 3 3 3 3 3 3 3 3 3 3 3 3 3 3 3 3 3 3 3 3 3 3 3 3 3 3 3 3 3 3 3 3 3 3 3 3 3 3 3 3 3 3 3 3 3 3 3 3 3 3 3 3 3 3 3 3 3 3 3 3 3 3 3 3 3 3 3 3 3 3 3 3 3 3 3 3 3 3 3 3 3 3 3 3 3 3 3 3 3 3 3 3 3 3 3 3 3 3 3 3 3 3 3 3 3 3 3 3 3 3 3 3 3 3 3 3 3 3 3 3 3 3 3 3 3 3 3 3 3 3 3 3 3 3 3 3 3 3 3 3 3 3 3 3 3 3 3 3 3 3 3 3 3 3 3 3 3 3 3 3 3 3 3 3 3 3 3 3 3 3 3 3 3 3 3 3 3 3 3 3 3 3 3 3 3 3 3 3 3 3 3 3 3 3 3 3 3 3 3 3 3 3 3 3 3 3 3 3 3 3 3 3 3 3 3 3 3 3 3 3 3 3 3 3 3 3 3 3 3 3 3 3 3 3 3 3 3 3 3 3 3 3 3 3 3 3 3 3 3 3 3 3 3 3 3 3 3 3 3 3 3 3 3 3 3 3 3 3 3 3 3 3 3 3 3 3 3 3 3 3 3 3 3 3 3 3 3 3 3 3 3 3 3 3 3 3 3 3 3 3 3 3 3 3 3 3 3 3 3 3 3 3 3 3 3 3 3 3 3 3 3 3 3 3 3 3 3 3 3 3 3 3 3 3 3 3 3 3 3 3 3 3 3 3 3 3 3 3 3 3 3 3 3 3 3 3 3 3 3 3 3 3 3 3 3 3 3 3 3 3 3 3 3 3 3 3 3 3 3 3 3 3 3 3 3 3 3 3 3 3 3 3 3 3 3 3 3 3 3 3 3 3 3 3 3 3 3 3 3 3 3 3 3 3 3 3 3 3 3 3 3 3 3 3 3 3 3 3 3 3 3 3 3 3 3 3 3 3 3 3 3 3 3 3 3 3 3 3 3 3 3 3 3 3 3 3 3 3 3 3 3 3 3 3 3 3 3 3 3 3 3 3 3 3 3 3 3 3 3 3 3 3 3 3 3 3 3 3 3 3 3 3 3 3 3 3 3 3 3 3 3 3 3 3 3 3 3 3 3 3 3 3 3 3 3 3 3 3 3 3 3 3 3 3 3 3 3 3 3 3 3 3 3 3 3 3 3 3 3 3 3 3 3 3 3 3 3 3 3 3 3 3 3 3 3 3 3 3 3 3 3 3 3 3 3 3 3 3 3 3 3 3 3 3 3 3 3 3 3 3 3 3 3 3 3 3 3 3 3 3 3 3 3 3 3 3 3 3 3 3 3 3 3 3 3 3 3 3 3 3 3 3 3 3 3 3 3 3 3 3 3 3 3 3 3 3 3 3 3 3 3 3 3 3 3 3 3 3 3 3 3 3 3 3 3 3 3 3 3 3 3 3 3 3 3 3 3 3 3 3 3 3 3 3 3 3 3 3 3 3 3 3 3 3 3 3 3 3 3 3 3 3 3 3 3 3 3 3 3 3 3 3 3 3 3 3 3 3 3 3 3 3 3 3 3 3 3 3 3 3 3 3 3 3 3 3 3 3 3 3 3 3 3 3 3 3 3 3 3 3 3 3 3 3 3 3 3 3 3 3 3 3 3 3 3 3 3 3 3 3 3 3 3 3 3 3 3 3 3 3 3 3 3 3 3 3 3 3 3 3 3 3 3 3 3 3 3 3 3 3 3 3 3 3 3 3 3 3 3 3 3 3 3 3 3 3 3 3 3 3 3 3 3 3 3 3 3 3 3 3 3 3 3 3 3 3 3 3 3 3 3 3 3 3 3 3 3 3 3 3 3 3 3 3 3 3 3 3 3 3 3 3 3 3 3 3 3 3 3 3 3 3 3 3 3 3 3 3 3 3 3 3 3 3 3 3 3 3 3 3 3 3 3 3 3 3 3 3 3 3 3 3 3 3 3 3 3 3 3 3 3 3 3 3 3 3 3 3 3 3 3 3 3 3 3 3 3 3 3 3 3 3 3 3 3 3 3 3 3 3 3 3 3 3 3 3 3 3 3 3 3 3 3 3 3 3 3 3 3 3 3 3 3 3 3 3 3 3 3 3 3 3 3 3 3 3 3 3 3 3 3 3 3 3 3 3 3 3 3 3 3 3 3 3 3 3 3 3 3 3 3 3 3 3 3 3 3 3 3 3 3 3 3 3 3 3 3 3 3 3 3 3 3 3 3 3 3 3 3 3 3 3 3 3 3 3 3 3 3 3 3 3 3 3 3 3 3 3 3 3 3 3 3 3 3 3 3 3 3 3 3 3 3 3 3 3 3 3 3 3 3 3 3 3 3 3 3 3 3 3 3 3 3 3 3 3 3 3 3 3 3 3 3 3 3 3 3 3 3 3 3 3 3 3 3 3 3 3 3 3 3 3 3 3 3 3 3 3 3 3 3 3 3 3 3 3 3 3 3 3 3 3 3 3 3 3 3 3 3 3 3 3 3 3 3 3 3 3 3 3 3 3 3 3 3 3 3 3 3 3 3 3 3 3 3 3 3 3 3 3 3 3 3 3 3 3 3 3 3 3 3 3 3 3 3 3 3 3 3 3 3 3 3 3 3 3 3 3 3 3 3 3 3 3 3 3 3 3 3 3 3 3 3 3 3 3 3 3 3 3 3 3 3 3 3 3 3 3 3 3 3 3 3 3 3 3 3 3 3 3 3 3 3 3 3 3 3 3 3 3 3 3 3 3 3 3 3 3 3 3 3 3 3 3 3 3 3 3 3 3 3 3 3 3 3 3 3 3 3 3 3 3 3 3 3 3 3 3 3 3 3 3 3 3 3 3 3 3 3 3 3 3 3 3 3 3 3 3 3 3 3 3 3 3 3 3 3 3 3 3 3 3 3 3 3 3 3 3 3 3 3 3 3 3 3 3 3 3 3 3 3 3 3 3 3 3 3 3 3 3 3 3 3 3 3 3 3 3 3 3 3 3 3 3 3 3 3 3 3 3 3 3 3 3 3 3 3 3 3 3 3 3 3 3 3 3 3 3 3 3 3 3 3 3 3 3 3 3 3 3 3 3 3 3 3 3 3 3 3 3 3 3 3 3 3 3 3 3 3 3 3 3 3 3 3 3 3 3 3 3 3 3 3 3 3 3 3 3 3 3 3 3 3 3 3 3 3 3 3 3 3 3 3 3 3 3 3 3 3 3 3 3 3 3 3 3 3 3 3 3 3 3 3 3 3 3 3 3 3 3 3 3 3 3 3 3 3 3 3 3 3 3 3 3 3 3 3 3 3 3 3 3 3 3 3 3 3 3 3 3 3 3 3 3 3 3 3 3 3 3 3 3 3 3 3 3 3 3 3 3 3 3 3 3 3 3 3 3 3 3 3 3 3 3 3 3 3 3 3 3 3 3 3 3 3 3 3 3 3 3 3 3 3 3 3 3 3 3 3 3 3 3 3 3 3 3 3 3 3 3 3 3 3 3 3 3 3 3 3 3 3 3 3 3 3 3 3 3 3 3 3 3 3 3 3 3 3 3 3 3 3 3 3 3 3 3 3 3 3 3 3 3 3 3 3 3 3 3 3 3 3 3 3 3 3 3 3 3 3 3 3 3 3 3 3 3 3 3 3 3 3 3 3 3 3 3 3 3 3 3 3 3 3 3 3 3 3 3 3 3 3 3 3 3 3 3 3 3 3 3 3 3 3 3 3 3 3 3 3 3 3 3 3 3 3 3 3 3 3 3 3 3 3 3 3 3 3 3 3 3 3 3 3 3 3 3 3 3 3 3 3 3 3 3 3 3 3 3 3 3 3 3 3 3 3 3 3 3 3 3 3 3 3 3 3 3 3 3 3 3 3 3 3 3 3 3 3 3 3 3 3 3 3 3 3 3 3 3 3 3 3 3 3 3 3 3 3 3 3 3 3 3 3 3 3 3 3 3 3 3 3 3 3 3 3 3 3 3 3 3 3 3 3 3 3 3 3 3 3 3 3 3 3 3 3 3 3 3 3 3 3 3 3 3 3 3 3 3 3 3 3 3 3 3 3 3 3 3 3 3 3 3 3 3 3 3 3 3 3 3 3 3 3 3 3 3 3 3 3 3 3 3 3 3 3 3 3 3 3 3 3 3 3 3 3 3 3 3 3 3 3 3 3 3 3 3 3 3 3 3 3 3 3 3 3 3 3 3 3 3 3 3 3 3 3 3 3 3 3 3 3 3 3 3 3 3 3 3 3 3 3 3 3 3 3 3 3 3 3 3 3 3 3 3 3 3 3 3 3 3 3 3 3 3 3 3 3 3 3 3 3 3 3 3 3 3 3 3 3 3 3 3 3 3 3 3 3 3 3 3 3 3 3 3 3 3 3 3 3 3 3 3 3 3 3 3 3 3 3 3 3 3 3 3 3 3 3 3 3 3 3 3 3 3 3 3 3 3 3 3 3 3 3 3 3 3 3 3 3 3 3 3 3 3 3 3 3 3 3 3 3 3 3 3 3 3 3 3 3 3 3 3 3 3 3 3 3 3 3 3 3 3 3 3 3 3 3 3 3 3 3 3 3 3 3 3 3 3 3 3 3 3 3 3 3 3 3 3 3 3 3 3 3 3 3 3 3 3 3 3 3 3 3 3 3 3 3 3 3 3 3 3 3 3 3 3 3 3 3 3 3 3 3 3 3 3 3 3 3 3 3 3 3 3 3 3 3 3 3 3 3 3 3 3 3 3 3 3 3 3 3 3 3 3 3 3 3 3 3 3 3 3 3 3 3 3 3 3 3 3 3 3 3 3 3 3 3 3 3 3 3 3 3 3 3 3 3 3 3 3 3 3 3 3 3 3 3 3 3 3 3 3 3 3 3 3 3 3 3 3 3 3 3 3 3 3 3 3 3 3 3 3 3 3 3 3 3 3 3 3 3 3 3 3 3 3 3 3 3 3 3 3 3 3 3 3 3 3 3 3 3 3 3 3 3 3 3 3 3 3 3 3 3 3 3 3 3 3 3 3 3 3 3 3 3 3 3 3 3 3 3 3 3 3 3 3 3 3 3 3 3 3 3 3 3 3 3 3 3 3 3 3 3 3 3 3 3 3 3 3 3 3 3 3 3 3 3 3 3 3 3 3 3 3 3 3 3 3 3 3 3 3 3 3 3 3 3 3 3 3 3 3 3 3 3 3 3 3 3 3 3 3 3 3 3 3 3 3 3 3 3 3 3 3 3 3 3 3 3 3 3 3 3 3 3 3 3 3 3 3 3 3 3 3 3 3 3 3 3 3 3 3 3 3 3 3 3 3 3 3 3 3 3 3 3 3 3 3 3 3 3 3 3 3 3 3 3 3 3 3 3 3 3 3 3 3 3 3 3 3 3 3 3 3 3 3 3 3 3 3 3 3 3 3 3 3 3 3 3 3 3 3 3 3 3 3 3 3 3 3 3 3 3 3 3 3 3 3 3 3 3 3 3 3 3 3 3 3 3 3 3 3 3 3 3 3 3 3 3 3 3 3 3 3 3 3 3 3 3 3 3 3 3 3 3 3 3 3 3 3 3 3 3 3 3 3 3 3 3 3 3 3 3 3 3 3 3 3 3 3 3 3 3 3 3 3 3 3 3 3 3 3 3 3 3 3 3 3 3 3 3 3 3 3 3 3 3 3 3 3 3 3 3 3 3 3 3 3 3 3 3 3 3 3 3 3 3 3 3 3 3 3 3 3 3 3 3 3 3 3 3 3 3 3 3 3 3 3 3 3 3 3 3 3 3 3 3 3 3 3 3 3 3 3 3 3 3 3 3 3 3 3 3 3 3 3 3 3 3 3 3 3 3 3 3 3 3 3 3 3 3 3 3 3 3 3 3 3 3 3 3 3 3 3 3 3 3 3 3 3 3 3 3 3 3 3 3 3 3 3 3 3 3 3 3 3 3 3 3 3 3 3 3 3 3 3 3 3 3 3 3 3 3 3 3 3 3 3 3 3 3 3 3 3 3 3 3 3 3 3 3 3 3 3 3 3 3 3 3 3 3 3 3 3 3 3 3 3 3 3 3 3 3 3 3 3 3 3 3 3 3 3 3 3 3 3 3 3 3 3 3 3 3 3 3 3 3 3 3 3 3 3 3 3 3 3 3 3 3 3 3 3 3 3 3 3 3 3 3 3 3 3 3 3 3 3 3 3 3 3 3 3 3 3 3 3 3 3 3 3 3 3 3 3 3 3 3 3 3 3 3 3 3 3 3 3 3 3 3 3 3 3 3 3 3 3 3 3 3 3 3 3 3 3 3 3 3 3 3 3 3 3 3 3 3 3 3 3 3 3 3 3 3 3 3 3 3 3 3 3 3 3 3 3 3 3 3 3 3 3 3 3 3 3 3 3 3 3 3 3 3 3 3 3 3 3 3 3 3 3 3 3 3 3 3 3 3 3 3 3 3 3 3 3 3 3 3 3 3 3 3 3 3 3 3 3 3 3 3 3 3 3 3 3 3 3 3 3 3 3 3 3 3 3 3 3 3 3 3 3 3 3 3 3 3 3 3 3 3 3 3 3 3 3 3 3 3 3 3 3 3 3 3 3 3 3 3 3 3 3 3 3 3 3 3 3 3 3 3 3 3 3 3 3 3 3 3 3 3 3 3 3 3 3 3 3 3 3 3 3 3 3 3 3 3 3 3 3 3 3 3 3 3 3 3 3 3 3 3 3 3 3 3 3 3 3 3 3 3 3 3 3 3 3 3 3 3 3 3 3 3 3 3 3 3 3 3 3 3 3 3 3 3 3 3 3 3 3 3 3 3 3 3 3 3 3 3 3 3 3 3 3 3 3 3 3 3 3 3 3 3 3 3 3 3 3 3 3 3 3 3 3 3 3 3 3 3 3 3 3 3 3 3 3 3 3 3 3 3 3 3 3 3 3 3 3 3 3 3 3 3 3 3 3 3 3 3 3 3 3 3 3 3 3 3 3 3 3 3 3 3 3 3 3 3 3 3 3 3 3 3 3 3 3 3 3 3 3 3 3 3 3 3 </vcount>
          <p>3 0 1 1 2 3 7 4 5 5 6 7 11 8 9 9 10 11 15 12 13 13 14 15 17 7 6 6 16 17 21 18 19 19 20 21 25 22 23 23 24 25 27 17 16 16 26 27 31 28 29 29 30 31 35 32 33 33 34 35 37 27 26 26 36 37 41 38 39 39 40 41 45 42 43 43 44 45 47 37 36 36 46 47 51 48 49 49 50 51 55 52 53 53 54 55 59 56 57 57 58 59 61 55 54 54 60 61 65 62 63 63 64 65 69 66 67 67 68 69 71 61 60 60 70 71 75 72 73 73 74 75 77 76 0 0 3 77 79 71 70 70 78 79 83 80 81 81 82 83 85 84 12 12 15 85 87 79 78 78 86 87 20 19 88 88 89 20 91 90 22 22 25 91 93 87 86 86 92 93 30 29 94 94 95 30 97 96 32 32 35 97 101 98 99 99 100 101 40 39 102 102 103 40 105 104 42 42 45 105 109 106 107 107 108 109 113 110 111 111 112 113 115 114 48 48 51 115 117 109 108 108 116 117 121 118 119 119 120 121 123 117 116 116 122 123 82 81 124 124 125 82 127 126 66 66 69 127 129 123 122 122 128 129 64 63 8 8 11 64 2 1 84 84 85 2 131 129 128 128 130 131 74 73 132 132 133 74 14 13 90 90 91 14 137 134 135 135 136 137 89 88 138 138 139 89 24 23 96 96 97 24 141 137 136 136 140 141 95 94 142 142 143 95 34 33 104 104 105 34 145 141 140 140 144 145 44 43 114 114 115 44 147 145 144 144 146 147 151 148 149 149 150 151 50 49 152 152 153 50 155 147 146 146 154 155 68 67 76 76 77 68 58 57 126 126 127 58 157 155 154 154 156 157 139 138 80 80 83 139 159 40 103 103 158 159 4 160 161 161 5 4 120 119 162 162 163 120 167 164 165 165 166 167 169 139 83 83 168 169 172 170 75 75 171 172 174 121 120 120 173 174 168 83 82 82 175 168 171 75 74 74 176 171 173 120 163 163 177 173 176 74 133 133 164 176 179 30 95 95 178 179 177 163 113 113 180 177 164 133 65 65 165 164 178 95 143 143 181 178 180 113 112 112 182 180 165 65 64 64 183 165 181 143 184 184 185 181 182 112 186 186 187 182 183 64 11 11 188 183 190 20 89 89 189 190 191 41 40 40 159 191 188 11 10 10 192 188 189 89 139 139 169 189 196 193 194 194 195 196 200 197 198 198 199 200 202 180 182 182 201 202 166 165 183 183 203 166 199 198 204 204 205 199 201 182 187 187 206 201 203 183 188 188 207 203 205 204 208 208 209 205 211 191 159 159 210 211 215 212 213 213 214 215 209 208 216 216 217 209 210 159 158 158 218 210 214 213 174 174 219 214 217 216 220 220 221 217 225 222 223 223 224 225 219 174 173 173 226 219 221 220 222 222 225 221 224 223 227 227 228 224 226 173 177 177 229 226 230 176 164 164 167 230 232 179 178 178 231 232 229 177 180 180 202 229 254 233 234 254 234 235 254 235 236 254 236 237 254 237 238 254 238 239 254 239 240 254 240 241 254 241 242 254 242 243 254 243 244 254 244 245 254 245 246 254 246 247 254 247 196 254 196 195 254 195 248 254 248 249 254 249 250 254 250 251 254 251 252 252 253 254 241 255 256 256 242 241 254 217 221 221 233 254 234 225 224 224 235 234 195 194 257 257 248 195 242 256 258 258 243 242 233 221 225 225 234 233 243 258 259 259 244 243 236 228 260 260 237 236 244 259 261 261 245 244 237 260 262 262 238 237 250 200 199 199 251 250 245 261 263 263 246 245 238 262 264 264 239 238 251 199 205 205 252 251 246 263 265 265 247 246 239 264 266 266 240 239 252 205 209 209 253 252 247 265 193 193 196 247 240 266 255 255 241 240 253 209 217 217 254 253 270 267 268 268 269 270 274 271 272 272 273 274 278 275 276 276 277 278 282 279 280 280 281 282 286 283 284 284 285 286 288 287 275 275 278 288 292 289 290 290 291 292 281 280 293 293 294 281 285 284 295 295 296 285 291 290 297 297 298 291 294 293 299 299 300 294 296 295 301 301 302 296 298 297 303 303 304 298 308 305 306 306 307 308 302 301 309 309 310 302 304 303 311 311 312 304 307 306 313 313 314 307 310 309 315 315 316 310 312 311 317 317 318 312 314 313 319 319 320 314 316 315 321 321 322 316 320 319 323 323 324 320 322 321 325 325 326 322 327 328 329 333 330 331 331 332 333 337 334 335 335 336 337 273 272 338 338 339 273 332 331 340 340 341 332 336 335 342 342 343 336 339 338 344 344 345 339 341 340 346 346 347 341 351 348 349 349 350 351 343 342 352 352 353 343 345 344 354 354 327 345 350 349 355 355 356 350 353 352 357 357 358 353 327 354 359 359 328 327 356 355 360 360 361 356 358 357 362 362 363 358 328 359 364 364 365 328 361 360 366 366 367 361 363 362 368 368 369 363 365 364 370 370 371 365 367 366 271 271 274 367 369 368 330 330 333 369 371 370 334 334 337 371 372 373 374 375 376 377 328 365 329 378 379 380 365 371 329 379 381 380 371 337 329 382 383 374 381 384 380 385 386 377 383 387 374 384 388 380 386 389 377 387 390 374 388 391 380 392 393 380 389 394 377 345 327 329 395 372 374 394 375 377 396 397 398 399 400 401 402 403 404 408 405 406 406 407 408 409 410 411 412 413 414 418 415 416 416 417 418 422 419 420 420 421 422 426 423 424 424 425 426 430 427 428 428 429 430 434 431 432 432 433 434 436 434 433 433 435 436 438 436 435 435 437 438 442 439 440 440 441 442 446 443 444 444 445 446 448 438 437 437 447 448 452 449 450 450 451 452 456 453 454 454 455 456 458 456 455 455 457 458 417 416 459 459 460 417 462 458 457 457 461 462 464 462 461 461 463 464 468 465 466 466 467 468 470 464 463 463 469 470 472 470 469 469 471 472 421 420 473 473 474 421 476 472 471 471 475 476 478 477 427 427 430 478 425 424 479 479 480 425 482 481 439 439 442 482 445 444 415 415 418 445 484 483 449 449 452 484 460 459 419 419 422 460 486 485 423 423 426 486 429 428 465 465 468 429 441 440 477 477 478 441 480 479 443 443 446 480 490 487 488 488 489 490 467 466 483 483 484 467 451 450 491 491 492 451 494 430 429 429 493 494 498 495 496 496 497 498 497 496 499 499 500 497 500 499 501 501 502 500 502 501 503 503 504 502 504 503 505 505 506 504 506 505 507 507 508 506 512 509 510 510 511 512 511 510 513 513 514 511 514 513 487 487 490 514 518 515 516 516 517 518 517 516 519 519 520 517 524 521 522 522 523 524 523 522 525 525 526 523 526 525 527 527 528 526 528 527 494 494 529 528 529 494 493 493 530 529 530 493 531 531 532 530 532 531 533 533 534 532 534 533 535 535 536 534 536 535 515 515 518 536 540 537 538 538 539 540 544 541 542 542 543 544 543 542 545 545 546 543 546 545 547 547 548 546 548 547 549 549 550 548 554 551 552 552 553 554 553 552 555 555 556 553 556 555 557 557 558 556 558 557 559 559 560 558 560 559 561 561 562 560 562 561 537 537 540 562 566 563 564 564 565 566 565 564 567 567 568 565 568 567 569 569 570 568 570 569 571 571 572 570 572 571 573 573 574 572 574 573 575 575 576 574 576 575 577 577 578 576 578 577 579 579 580 578 580 579 581 581 582 580 582 581 583 583 584 582 584 583 585 585 586 584 590 587 588 588 589 590 589 588 591 591 592 589 592 591 593 593 594 592 594 593 595 595 596 594 600 597 598 598 599 600 599 598 601 601 602 599 602 601 603 603 604 602 604 603 605 605 606 604 606 605 607 607 608 606 608 607 609 609 610 608 610 609 611 611 612 610 616 613 614 614 615 616 620 617 618 618 619 620 619 618 621 621 622 619 622 621 623 623 624 622 624 623 625 625 626 624 626 625 627 627 628 626 628 627 629 629 630 628 630 629 631 631 632 630 632 631 633 633 634 632 634 633 635 635 636 634 636 635 637 637 638 636 638 637 639 639 640 638 644 641 642 642 643 644 615 614 645 645 646 615 646 645 647 647 648 646 648 647 649 649 650 648 654 651 652 652 653 654 653 652 655 655 656 653 656 655 657 657 658 656 658 657 659 659 660 658 660 659 661 661 662 660 662 661 663 663 664 662 664 663 665 665 666 664 670 667 668 668 669 670 643 642 671 671 672 643 672 671 673 673 674 672 674 673 675 675 676 674 676 675 677 677 678 676 678 677 679 679 680 678 680 679 681 681 682 680 682 681 683 683 684 682 684 683 685 685 686 684 686 685 687 687 688 686 690 689 641 641 644 690 694 691 692 692 693 694 669 668 695 695 696 669 700 697 698 698 699 700 699 698 701 701 702 699 702 701 703 703 704 702 704 703 705 705 706 704 706 705 707 707 708 706 708 707 709 709 710 708 710 709 711 711 712 710 716 713 714 714 715 716 715 714 667 667 670 715 720 717 718 718 719 720 693 692 721 721 722 693 722 721 723 723 724 722 724 723 725 725 726 724 726 725 727 727 728 726 728 727 729 729 730 728 730 729 731 731 732 730 732 731 733 733 734 732 738 735 736 736 737 738 737 736 739 739 740 737 740 739 691 691 694 740 741 742 743 719 718 744 744 745 719 745 744 746 746 747 745 751 748 749 749 750 751 750 749 752 752 753 750 753 752 754 754 755 753 755 754 756 756 757 755 761 758 759 759 760 761 760 759 762 762 763 760 767 764 765 765 766 767 766 765 717 717 720 766 747 768 743 745 747 743 719 745 743 720 719 743 766 720 743 767 766 743 769 767 743 770 769 743 742 771 743 426 425 772 422 421 772 418 417 772 480 446 772 486 426 772 460 422 772 445 418 772 425 480 772 421 474 772 417 460 772 446 445 772 776 773 774 774 775 776 780 777 778 778 779 780 784 781 782 782 783 784 788 785 786 786 787 788 792 789 790 790 791 792 794 784 783 783 793 794 798 795 796 796 797 798 802 799 800 800 801 802 804 794 793 793 803 804 808 805 806 806 807 808 812 809 810 810 811 812 816 813 814 814 815 816 820 817 818 818 819 820 824 821 822 822 823 824 826 816 815 815 825 826 787 786 827 827 828 787 830 826 825 825 829 830 834 831 832 832 833 834 838 835 836 836 837 838 840 830 829 829 839 840 844 841 842 842 843 844 846 845 777 777 780 846 848 840 839 839 847 848 852 849 850 850 851 852 854 853 789 789 792 854 856 848 847 847 855 856 860 857 858 858 859 860 862 861 799 799 802 862 866 863 864 864 865 866 870 867 868 868 869 870 872 871 809 809 812 872 874 866 865 865 873 874 807 806 875 875 876 807 878 877 821 821 824 878 880 874 873 873 879 880 884 881 882 882 883 884 888 885 886 886 887 888 890 880 879 879 889 890 833 832 891 891 892 833 896 893 894 894 895 896 898 890 889 889 897 898 902 899 900 900 901 902 904 903 835 835 838 904 906 905 789 789 853 906 851 850 785 785 788 851 908 907 845 845 846 908 912 909 910 910 911 912 859 858 773 773 776 859 779 778 853 853 854 779 914 912 911 911 913 914 869 868 915 915 916 869 791 790 861 861 862 791 918 914 913 913 917 918 876 875 795 795 798 876 801 800 871 871 872 801 920 918 917 917 919 920 811 810 877 877 878 811 922 920 919 919 921 922 892 891 817 817 820 892 823 822 885 885 888 823 924 922 921 921 923 924 928 925 926 926 927 928 930 929 893 893 896 930 934 931 932 932 933 934 895 894 903 903 904 895 901 900 831 831 834 901 936 934 933 933 935 936 916 915 857 857 860 916 837 836 907 907 908 837 781 936 935 935 782 781 940 937 938 938 939 940 828 827 841 841 844 828 944 941 942 942 943 944 948 945 946 946 947 948 952 949 950 950 951 952 927 926 953 953 954 927 947 946 955 955 956 947 954 953 957 957 958 954 956 955 959 959 960 956 964 961 962 962 963 964 958 957 965 965 966 958 960 959 967 967 968 960 963 962 969 969 970 963 974 971 972 972 973 974 966 965 975 975 976 966 968 967 977 977 978 968 970 969 971 971 974 970 973 972 979 979 980 973 976 975 981 981 982 976 978 977 983 983 984 978 980 979 985 985 986 980 982 981 987 987 988 982 984 983 925 925 928 984 986 985 945 945 948 986 988 987 949 949 952 988 992 989 990 990 991 992 996 993 994 994 995 996 1000 997 998 998 999 1000 943 942 1001 1001 1002 943 1006 1003 1004 1004 1005 1006 1002 1001 1007 1007 1008 1002 1005 1004 1009 1009 1010 1005 1014 1011 1012 1012 1013 1014 1008 1007 1015 1015 1016 1008 1010 1009 1017 1017 1018 1010 1013 1012 1019 1019 1020 1013 1016 1015 1021 1021 1022 1016 1018 1017 1023 1023 1024 1018 1022 1021 1025 1025 1026 1022 1024 1023 1027 1027 1028 1024 1032 1029 1030 1030 1031 1032 1036 1033 1034 1034 1035 1036 1028 1027 1037 1037 1038 1028 1040 1039 1029 1029 1032 1040 1031 1030 993 993 996 1031 1035 1034 997 997 1000 1035 1044 1041 1042 1042 1043 1044 1048 1045 1046 1046 1047 1048 1052 1049 1050 1050 1051 1052 991 990 1053 1053 1054 991 1047 1046 1055 1055 1056 1047 1051 1050 1057 1057 1058 1051 1062 1059 1060 1060 1061 1062 1054 1053 1063 1063 1064 1054 1056 1055 1065 1065 1066 1056 1058 1057 1059 1059 1062 1058 1061 1060 1067 1067 1068 1061 1064 1063 1069 1069 1070 1064 1066 1065 1071 1071 1072 1066 1068 1067 1073 1073 1074 1068 1070 1069 1075 1075 1076 1070 1072 1071 1077 1077 1078 1072 1074 1073 1079 1079 1080 1074 1076 1075 1081 1081 1082 1076 1078 1077 1083 1083 1084 1078 1080 1079 1085 1085 1086 1080 1082 1081 1087 1087 1088 1082 1084 1083 989 989 992 1084 1086 1085 1045 1045 1048 1086 1088 1087 1049 1049 1052 1088 1089 1090 1091 1095 1092 1093 1093 1094 1095 1099 1096 1097 1097 1098 1099 1103 1100 1101 1101 1102 1103 1094 1093 1104 1104 1105 1094 1098 1097 1106 1106 1107 1098 1102 1101 1108 1108 1109 1102 1105 1104 1110 1110 1111 1105 1107 1106 1112 1112 1113 1107 1109 1108 1114 1114 1115 1109 1111 1110 1116 1116 1117 1111 1113 1112 1118 1118 1119 1113 1115 1114 1120 1120 1121 1115 1125 1122 1123 1123 1124 1125 1119 1118 1126 1126 1127 1119 1121 1120 1128 1128 1129 1121 1124 1123 1130 1130 1131 1124 1135 1132 1133 1133 1134 1135 1139 1136 1137 1137 1138 1139 1129 1128 1140 1140 1141 1129 1131 1130 1132 1132 1135 1131 1134 1133 1041 1041 1044 1134 1138 1137 1092 1092 1095 1138 1143 1142 1096 1096 1099 1143 1147 1144 1145 1145 1146 1147 1151 1148 1149 1149 1150 1151 1155 1152 1153 1153 1154 1155 1159 1156 1157 1157 1158 1159 1163 1160 1161 1161 1162 1163 1165 1164 937 937 940 1165 1167 1166 1160 1160 1163 1167 1169 1168 1144 1144 1147 1169 1171 1170 1148 1148 1151 1171 1173 1172 1152 1152 1155 1173 1175 1174 1156 1156 1159 1175 1179 1176 1177 1177 1178 1179 1181 1180 1164 1164 1165 1181 1150 1149 1182 1182 1183 1150 1185 1184 1172 1172 1173 1185 1154 1153 1174 1174 1175 1154 1158 1157 1176 1176 1179 1158 1162 1161 1180 1180 1181 1162 1189 1186 1187 1187 1188 1189 1190 1191 1192 1193 1194 1195 1196 1197 1198 1191 1199 1192 1194 1200 1195 1197 1201 1198 1200 1202 1195 1201 1203 1198 1204 1205 1192 1206 1207 1091 1208 1209 1192 1210 1089 1091 1209 1190 1192 1214 1211 1212 1212 1213 1214 1218 1215 1216 1216 1217 1218 1220 1219 1186 1186 1189 1220 1222 1221 1211 1211 1214 1222 1224 1223 1215 1215 1218 1224 1226 1225 1219 1219 1220 1226 1228 1227 1221 1221 1222 1228 1230 1229 1223 1223 1224 1230 1232 1231 1225 1225 1226 1232 1234 1233 1227 1227 1228 1234 1236 1235 1229 1229 1230 1236 1240 1237 1238 1238 1239 1240 1242 1241 1231 1231 1232 1242 1239 1238 1235 1235 1236 1239 1244 1243 1237 1237 1240 1244 1246 1245 1241 1241 1242 1246 1250 1247 1248 1248 1249 1250 1252 1251 1243 1243 1244 1252 1254 1253 1245 1245 1246 1254 1188 1187 1247 1247 1250 1188 1217 1216 1253 1253 1254 1217 1213 1212 1251 1251 1252 1213 1256 1224 1218 1218 1255 1256 1258 1226 1220 1220 1257 1258 1260 1228 1222 1222 1259 1260 1261 1230 1224 1224 1256 1261 1263 1240 1239 1239 1262 1263 1264 1232 1226 1226 1258 1264 1265 1234 1228 1228 1260 1265 1266 1236 1230 1230 1261 1266 1267 1242 1232 1232 1264 1267 1268 1249 1234 1234 1265 1268 1262 1239 1236 1236 1266 1262 1269 1244 1240 1240 1263 1269 1270 1246 1242 1242 1267 1270 1271 1250 1249 1249 1268 1271 1272 1252 1244 1244 1269 1272 1273 1188 1250 1250 1271 1273 1274 1213 1252 1252 1272 1274 1275 1189 1188 1188 1273 1275 1276 1214 1213 1213 1274 1276 1255 1218 1217 1217 1277 1255 1257 1220 1189 1189 1275 1257 1259 1222 1214 1214 1276 1259 1281 1278 1279 1279 1280 1281 1285 1282 1283 1283 1284 1285 1289 1286 1287 1287 1288 1289 1280 1279 1290 1290 1291 1280 1295 1292 1293 1293 1294 1295 1288 1287 1296 1296 1297 1288 1291 1290 1298 1298 1299 1291 1294 1293 1300 1300 1301 1294 1297 1296 1302 1302 1303 1297 1299 1298 1304 1304 1305 1299 1309 1306 1307 1307 1308 1309 1305 1304 1310 1310 1311 1305 1313 1312 1292 1292 1295 1313 1308 1307 1314 1314 1315 1308 1319 1316 1317 1317 1318 1319 1323 1320 1321 1321 1322 1323 1327 1324 1325 1325 1326 1327 1315 1314 1282 1282 1285 1315 1318 1317 1328 1328 1329 1318 1331 1330 1278 1278 1281 1331 1284 1283 1324 1324 1327 1284 1329 1328 1286 1286 1289 1329 1335 1332 1333 1333 1334 1335 1348 1336 1337 1348 1337 1338 1348 1338 1339 1348 1339 1340 1348 1340 1341 1348 1341 1342 1348 1342 1343 1348 1343 1344 1348 1344 1345 1348 1345 1346 1346 1347 1348 1352 1349 1350 1350 1351 1352 1354 1353 1332 1332 1335 1354 1358 1355 1356 1356 1357 1358 1360 1352 1351 1351 1359 1360 1364 1361 1362 1362 1363 1364 1366 1360 1359 1359 1365 1366 1370 1367 1368 1368 1369 1370 1374 1371 1372 1372 1373 1374 1378 1375 1376 1376 1377 1378 1382 1379 1380 1380 1381 1382 1386 1383 1384 1384 1385 1386 1390 1387 1388 1388 1389 1390 1394 1391 1392 1392 1393 1394 1398 1395 1396 1396 1397 1398 1391 1399 1400 1400 1392 1391 1404 1401 1402 1402 1403 1404 1399 1405 1406 1406 1400 1399 1410 1407 1408 1408 1409 1410 1405 1411 1412 1412 1406 1405 1416 1413 1414 1414 1415 1416 1420 1417 1418 1418 1419 1420 1424 1421 1422 1422 1423 1424 1428 1425 1426 1426 1427 1428 1421 1429 1430 1430 1422 1421 1432 1428 1427 1427 1431 1432 1409 1408 1433 1433 1434 1409 1429 1435 1436 1436 1430 1429 1438 1432 1431 1431 1437 1438 1440 1439 1355 1355 1358 1440 1435 1441 1442 1442 1436 1435 1444 1438 1437 1437 1443 1444 1446 1445 1361 1361 1364 1446 1441 1447 1448 1448 1442 1441 1450 1444 1443 1443 1449 1450 1452 1451 1371 1371 1374 1452 1456 1453 1454 1454 1455 1456 1460 1457 1458 1458 1459 1460 1403 1402 1383 1383 1386 1403 1453 1461 1462 1462 1454 1453 1464 1460 1459 1459 1463 1464 1419 1418 1465 1465 1466 1419 1461 1467 1468 1468 1462 1461 1470 1464 1463 1463 1469 1470 1466 1465 1401 1401 1404 1466 1472 1470 1469 1469 1471 1472 1476 1473 1474 1474 1475 1476 1475 1474 1417 1417 1420 1475 1478 1472 1471 1471 1477 1478 1434 1433 1479 1479 1480 1434 1480 1479 1481 1481 1482 1480 1484 1478 1477 1477 1483 1484 1497 1485 1486 1497 1486 1487 1497 1487 1488 1497 1488 1489 1497 1489 1490 1497 1490 1491 1497 1491 1492 1497 1492 1493 1497 1493 1494 1497 1494 1495 1495 1496 1497 1357 1356 1498 1498 1499 1357 1503 1500 1501 1501 1502 1503 1363 1362 1439 1439 1440 1363 1373 1372 1445 1445 1446 1373 1505 1503 1502 1502 1504 1505 1529 1506 1507 1529 1507 1508 1529 1508 1509 1529 1509 1510 1529 1510 1511 1529 1511 1512 1529 1512 1513 1529 1513 1514 1529 1514 1515 1529 1515 1516 1529 1516 1517 1529 1517 1518 1529 1518 1519 1529 1519 1520 1529 1520 1521 1529 1521 1522 1529 1522 1523 1529 1523 1524 1529 1524 1525 1529 1525 1526 1529 1526 1527 1527 1528 1529 1396 1386 1385 1385 1530 1396 1532 1505 1504 1504 1531 1532 1534 1434 1480 1480 1533 1534 1538 1535 1536 1536 1537 1538 1385 1384 1451 1451 1452 1385 1395 1403 1386 1386 1396 1395 1542 1539 1540 1540 1541 1542 1544 1543 1539 1539 1542 1544 1381 1380 1543 1543 1544 1381 1530 1385 1452 1452 1545 1530 1547 1466 1404 1404 1546 1547 1548 1419 1466 1466 1547 1548 1549 1409 1434 1434 1534 1549 1550 1420 1419 1419 1548 1550 1551 1475 1420 1420 1550 1551 1552 1476 1475 1475 1551 1552 1369 1368 1379 1379 1382 1369 1546 1404 1403 1403 1395 1546 1533 1480 1482 1482 1553 1533 1575 1554 1555 1575 1555 1556 1575 1556 1557 1575 1557 1558 1575 1558 1559 1575 1559 1560 1575 1560 1561 1575 1561 1562 1575 1562 1563 1575 1563 1564 1575 1564 1398 1575 1398 1397 1575 1397 1565 1575 1565 1566 1575 1566 1567 1575 1567 1568 1575 1568 1569 1575 1569 1570 1575 1570 1571 1575 1571 1572 1575 1572 1573 1573 1574 1575 1566 1545 1576 1576 1567 1566 1570 1577 1578 1578 1571 1570 1563 1547 1546 1546 1564 1563 1556 1534 1533 1533 1557 1556 1559 1552 1551 1551 1560 1559 1564 1546 1395 1395 1398 1564 1573 1579 1580 1580 1574 1573 1565 1530 1545 1545 1566 1565 1569 1581 1577 1577 1570 1569 1562 1548 1547 1547 1563 1562 1555 1549 1534 1534 1556 1555 1558 1553 1552 1552 1559 1558 1572 1582 1579 1579 1573 1572 1397 1396 1530 1530 1565 1397 1568 1583 1581 1581 1569 1568 1561 1550 1548 1548 1562 1561 1554 1584 1549 1549 1555 1554 1567 1576 1583 1583 1568 1567 1571 1578 1582 1582 1572 1571 1557 1533 1553 1553 1558 1557 1560 1551 1550 1550 1561 1560 1588 1585 1586 1586 1587 1588 1592 1589 1590 1590 1591 1592 1596 1593 1594 1594 1595 1596 1600 1597 1598 1598 1599 1600 1604 1601 1602 1602 1603 1604 1608 1605 1606 1606 1607 1608 1612 1609 1610 1610 1611 1612 1616 1613 1614 1614 1615 1616 1620 1617 1618 1618 1619 1620 1624 1621 1622 1622 1623 1624 1628 1625 1626 1626 1627 1628 1632 1629 1630 1630 1631 1632 1629 1633 1634 1634 1630 1629 1638 1635 1636 1636 1637 1638 1642 1639 1640 1640 1641 1642 1646 1643 1644 1644 1645 1646 1650 1647 1648 1648 1649 1650 1652 1630 1634 1634 1651 1652 1656 1653 1654 1654 1655 1656 1660 1657 1658 1658 1659 1660 1664 1661 1662 1662 1663 1664 1668 1665 1666 1666 1667 1668 1670 1635 1638 1638 1669 1670 1672 1637 1636 1636 1671 1672 1676 1673 1674 1674 1675 1676 1680 1677 1678 1678 1679 1680 1684 1681 1682 1682 1683 1684 1688 1685 1686 1686 1687 1688 1690 1680 1679 1679 1689 1690 1694 1691 1692 1692 1693 1694 1698 1695 1696 1696 1697 1698 1702 1699 1700 1700 1701 1702 1706 1703 1704 1704 1705 1706 1710 1707 1708 1708 1709 1710 1712 1702 1701 1701 1711 1712 1714 1713 1681 1681 1684 1714 1718 1715 1716 1716 1717 1718 1720 1712 1711 1711 1719 1720 1722 1721 1673 1673 1676 1722 1724 1720 1719 1719 1723 1724 1693 1692 1725 1725 1726 1693 1687 1686 1727 1727 1728 1687 1732 1729 1730 1730 1731 1732 1734 1687 1728 1728 1733 1734 1697 1696 1735 1735 1736 1697 1738 1732 1731 1731 1737 1738 1742 1739 1740 1740 1741 1742 1717 1716 1743 1743 1744 1717 1746 1738 1737 1737 1745 1746 1726 1725 1703 1703 1706 1726 1709 1708 1747 1747 1748 1709 1752 1749 1750 1750 1751 1752 1754 1753 1713 1713 1714 1754 1744 1743 1755 1755 1756 1744 1758 1752 1751 1751 1757 1758 1760 1759 1721 1721 1722 1760 1740 1761 1715 1715 1718 1740 1763 1758 1757 1757 1762 1763 1675 1674 1764 1764 1765 1675 1728 1727 1766 1766 1767 1728 1769 1763 1762 1762 1768 1769 1736 1735 1685 1685 1688 1736 1771 1769 1768 1768 1770 1771 1773 1772 1753 1753 1754 1773 1748 1747 1695 1695 1698 1748 1777 1774 1775 1775 1776 1777 1733 1728 1767 1767 1778 1733 1789 1779 1780 1789 1780 1781 1789 1781 1782 1789 1782 1783 1789 1783 1784 1789 1784 1785 1789 1785 1786 1789 1786 1787 1789 1787 1788 1789 1788 1734 1789 1734 1733 1789 1733 1778 1789 1778 1742 1742 1741 1789 1677 1777 1776 1776 1678 1677 1756 1755 1707 1707 1710 1756 1793 1790 1791 1791 1792 1793 1797 1794 1795 1795 1796 1797 1801 1798 1799 1799 1800 1801 1805 1802 1803 1803 1804 1805 1809 1806 1807 1807 1808 1809 1813 1810 1811 1811 1812 1813 1817 1814 1815 1815 1816 1817 1821 1818 1819 1819 1820 1821 1825 1822 1823 1823 1824 1825 1829 1826 1827 1827 1828 1829 1833 1830 1831 1831 1832 1833 1837 1834 1835 1835 1836 1837 1841 1838 1839 1839 1840 1841 1845 1842 1843 1843 1844 1845 1849 1846 1847 1847 1848 1849 1853 1850 1851 1851 1852 1853 1857 1854 1855 1855 1856 1857 1861 1858 1859 1859 1860 1861 1865 1862 1863 1863 1864 1865 1869 1866 1867 1867 1868 1869 1873 1870 1871 1871 1872 1873 1877 1874 1875 1875 1876 1877 1881 1878 1879 1879 1880 1881 1885 1882 1883 1883 1884 1885 1889 1886 1887 1887 1888 1889 1893 1890 1891 1891 1892 1893 1897 1894 1895 1895 1896 1897 1901 1898 1899 1899 1900 1901 1905 1902 1903 1903 1904 1905 1909 1906 1907 1907 1908 1909 1913 1910 1911 1911 1912 1913 1917 1914 1915 1915 1916 1917 1921 1918 1919 1919 1920 1921 1925 1922 1923 1923 1924 1925 1929 1926 1927 1927 1928 1929 1933 1930 1931 1931 1932 1933 1937 1934 1935 1935 1936 1937 1941 1938 1939 1939 1940 1941 1945 1942 1943 1943 1944 1945 1949 1946 1947 1947 1948 1949 1953 1950 1951 1951 1952 1953 1957 1954 1955 1955 1956 1957 1961 1958 1959 1959 1960 1961 1965 1962 1963 1963 1964 1965 1967 1961 1960 1960 1966 1967 1971 1968 1969 1969 1970 1971 1975 1972 1973 1973 1974 1975 1979 1976 1977 1977 1978 1979 1981 1975 1974 1974 1980 1981 1985 1982 1983 1983 1984 1985 1987 1981 1980 1980 1986 1987 1991 1988 1989 1989 1990 1991 1995 1992 1993 1993 1994 1995 1999 1996 1997 1997 1998 1999 2001 1995 1994 1994 2000 2001 2005 2002 2003 2003 2004 2005 2007 2001 2000 2000 2006 2007 2017 1951 1950 2017 1950 2008 2017 2008 2009 2017 2009 2010 2017 2010 2011 2017 2011 2012 2017 2012 2013 2017 2013 2014 2017 2014 2015 2015 2016 2017 2021 2018 2019 2019 2020 2021 2025 2022 2023 2023 2024 2025 2027 2025 2024 2024 2026 2027 2037 1989 1988 2037 1988 2028 2037 2028 2029 2037 2029 2030 2037 2030 2031 2037 2031 2032 2037 2032 2033 2037 2033 2034 2037 2034 2035 2035 2036 2037 2041 2038 2039 2039 2040 2041 2045 2042 2043 2043 2044 2045 2049 2046 2047 2047 2048 2049 2053 2050 2051 2051 2052 2053 2057 2054 2055 2055 2056 2057 2061 2058 2059 2059 2060 2061 2065 2062 2063 2063 2064 2065 2069 2066 2067 2067 2068 2069 2073 2070 2071 2071 2072 2073 2077 2074 2075 2075 2076 2077 2081 2078 2079 2079 2080 2081 2085 2082 2083 2083 2084 2085 2089 2086 2087 2087 2088 2089 2093 2090 2091 2091 2092 2093 2097 2094 2095 2095 2096 2097 2101 2098 2099 2099 2100 2101 2105 2102 2103 2103 2104 2105 2109 2106 2107 2107 2108 2109 2113 2110 2111 2111 2112 2113 2108 2107 2114 2114 2115 2108 2119 2116 2117 2117 2118 2119 2115 2114 2120 2120 2121 2115 2125 2122 2123 2123 2124 2125 2129 2126 2127 2127 2128 2129 2133 2130 2131 2131 2132 2133 2128 2127 2134 2134 2135 2128 2082 2085 2136 2082 2136 2137 2082 2137 2138 2082 2138 2139 2082 2139 2140 2082 2140 2141 2082 2141 2142 2082 2142 2143 2082 2143 2144 2144 2145 2082 2149 2146 2147 2147 2148 2149 2148 2147 2150 2150 2151 2148 2116 2119 2152 2116 2152 2153 2116 2153 2154 2116 2154 2155 2116 2155 2156 2116 2156 2157 2116 2157 2158 2116 2158 2159 2116 2159 2160 2160 2161 2116 2165 2162 2163 2163 2164 2165 2169 2166 2167 2167 2168 2169 768 741 743 133 132 62 62 65 133 163 162 110 110 113 163 2171 2170 118 118 121 2171 153 152 56 56 59 153 103 102 28 28 31 103 213 2171 121 121 174 213 158 103 31 31 2172 158 2172 31 30 30 179 2172 218 158 2172 2172 2173 218 2173 2172 179 179 232 2173 235 224 228 228 236 235 248 257 2174 2174 249 248 249 2174 200 200 250 249 2178 2175 2176 2176 2177 2178 324 323 287 287 288 324 318 317 2175 2175 2178 318 347 346 348 348 351 347 373 2179 374 2179 382 374 391 392 380 2180 2181 2182 2186 2183 2184 2184 2185 2186 887 886 929 929 930 887 883 882 805 805 808 883 951 950 961 961 964 951 999 998 1011 1011 1014 999 2190 2187 2188 2188 2189 2190 2189 2188 1039 1039 1040 2189 1178 1177 1166 1166 1167 1178 2192 2191 1184 1184 1185 2192 1183 1182 2191 2191 2192 1183 939 938 1168 1168 1169 939 1146 1145 1170 1170 1171 1146 1199 1204 1192 1202 2193 1195 1203 2194 1198 2193 2195 1195 2194 2196 1198 1207 2197 1091 2198 1210 1091 2196 2199 1198 2197 2198 1091 2200 1193 1195 1249 1248 1233 1233 1234 1249 2201 1254 1246 1246 1270 2201 1277 1217 1254 1254 2201 1277 1301 1300 2202 2202 2203 1301 2203 2202 1320 1320 1323 2203 2205 2204 1387 1387 1390 2205 2207 1378 1377 1377 2206 2207 2209 2207 2206 2206 2208 2209 2211 2209 2208 2208 2210 2211 1413 2211 2210 2210 1414 1413 1482 1481 1473 1473 1476 1482 1499 1498 1407 1407 1410 1499 1349 1532 1531 1531 1350 1349 1553 1482 1476 1476 1552 1553 1334 1333 2204 2204 2205 1334 1574 1580 2212 2212 1575 1574 1575 2212 1584 1584 1554 1575 2216 2213 2214 2214 2215 2216 2218 1634 1633 1633 2217 2218 1767 1766 2219 2219 1739 1767 1739 2219 1761 1761 1740 1739 1778 1767 1739 1739 1742 1778 2223 2220 2221 2221 2222 2223 2227 2224 2225 2225 2226 2227 2231 2228 2229 2229 2230 2231 2235 2232 2233 2233 2234 2235 2239 2236 2237 2237 2238 2239 2088 2087 2098 2098 2101 2088 2243 2240 2241 2241 2242 2243 2247 2244 2245 2245 2246 2247 2251 2248 2249 2249 2250 2251 2255 2252 2253 2253 2254 2255 2259 2256 2257 2257 2258 2259 2263 2260 2261 2261 2262 2263 2267 2264 2265 2265 2266 2267 2269 2259 2258 2258 2268 2269 2273 2270 2271 2271 2272 2273 2277 2274 2275 2275 2276 2277 2279 2269 2268 2268 2278 2279 2283 2280 2281 2281 2282 2283 2287 2284 2285 2285 2286 2287 2289 2279 2278 2278 2288 2289 2293 2290 2291 2291 2292 2293 2297 2294 2295 2295 2296 2297 2299 2289 2288 2288 2298 2299 2303 2300 2301 2301 2302 2303 2307 2304 2305 2305 2306 2307 2311 2308 2309 2309 2310 2311 2313 2307 2306 2306 2312 2313 2317 2314 2315 2315 2316 2317 2321 2318 2319 2319 2320 2321 2323 2313 2312 2312 2322 2323 2327 2324 2325 2325 2326 2327 2329 2328 2252 2252 2255 2329 2331 2323 2322 2322 2330 2331 2335 2332 2333 2333 2334 2335 2337 2336 2264 2264 2267 2337 2339 2331 2330 2330 2338 2339 2272 2271 2340 2340 2341 2272 2343 2342 2274 2274 2277 2343 2345 2339 2338 2338 2344 2345 2282 2281 2346 2346 2347 2282 2349 2348 2284 2284 2287 2349 2353 2350 2351 2351 2352 2353 2292 2291 2354 2354 2355 2292 2357 2356 2294 2294 2297 2357 2361 2358 2359 2359 2360 2361 2365 2362 2363 2363 2364 2365 2367 2366 2300 2300 2303 2367 2369 2361 2360 2360 2368 2369 2373 2370 2371 2371 2372 2373 2375 2369 2368 2368 2374 2375 2334 2333 2376 2376 2377 2334 2379 2378 2318 2318 2321 2379 2381 2375 2374 2374 2380 2381 2316 2315 2260 2260 2263 2316 2254 2253 2336 2336 2337 2254 2383 2381 2380 2380 2382 2383 2326 2325 2384 2384 2385 2326 2266 2265 2342 2342 2343 2266 2389 2386 2387 2387 2388 2389 2341 2340 2390 2390 2391 2341 2276 2275 2348 2348 2349 2276 2393 2389 2388 2388 2392 2393 2347 2346 2394 2394 2395 2347 2286 2285 2356 2356 2357 2286 2397 2393 2392 2392 2396 2397 2296 2295 2366 2366 2367 2296 2399 2397 2396 2396 2398 2399 2403 2400 2401 2401 2402 2403 2302 2301 2404 2404 2405 2302 2407 2399 2398 2398 2406 2407 2320 2319 2328 2328 2329 2320 2310 2309 2378 2378 2379 2310 2409 2407 2406 2406 2408 2409 2391 2390 2332 2332 2335 2391 2411 2292 2355 2355 2410 2411 2256 2412 2413 2413 2257 2256 2372 2371 2414 2414 2415 2372 2419 2416 2417 2417 2418 2419 2421 2391 2335 2335 2420 2421 2424 2422 2327 2327 2423 2424 2426 2373 2372 2372 2425 2426 2420 2335 2334 2334 2427 2420 2423 2327 2326 2326 2428 2423 2425 2372 2415 2415 2429 2425 2428 2326 2385 2385 2416 2428 2431 2282 2347 2347 2430 2431 2429 2415 2365 2365 2432 2429 2416 2385 2317 2317 2417 2416 2430 2347 2395 2395 2433 2430 2432 2365 2364 2364 2434 2432 2417 2317 2316 2316 2435 2417 2433 2395 2436 2436 2437 2433 2434 2364 2438 2438 2439 2434 2435 2316 2263 2263 2440 2435 2442 2272 2341 2341 2441 2442 2443 2293 2292 2292 2411 2443 2440 2263 2262 2262 2444 2440 2441 2341 2391 2391 2421 2441 2448 2445 2446 2446 2447 2448 2452 2449 2450 2450 2451 2452 2454 2432 2434 2434 2453 2454 2418 2417 2435 2435 2455 2418 2451 2450 2456 2456 2457 2451 2453 2434 2439 2439 2458 2453 2455 2435 2440 2440 2459 2455 2457 2456 2460 2460 2461 2457 2463 2443 2411 2411 2462 2463 2467 2464 2465 2465 2466 2467 2461 2460 2468 2468 2469 2461 2462 2411 2410 2410 2470 2462 2466 2465 2426 2426 2471 2466 2469 2468 2472 2472 2473 2469 2477 2474 2475 2475 2476 2477 2471 2426 2425 2425 2478 2471 2473 2472 2474 2474 2477 2473 2476 2475 2479 2479 2480 2476 2478 2425 2429 2429 2481 2478 2482 2428 2416 2416 2419 2482 2484 2431 2430 2430 2483 2484 2481 2429 2432 2432 2454 2481 2506 2485 2486 2506 2486 2487 2506 2487 2488 2506 2488 2489 2506 2489 2490 2506 2490 2491 2506 2491 2492 2506 2492 2493 2506 2493 2494 2506 2494 2495 2506 2495 2496 2506 2496 2497 2506 2497 2498 2506 2498 2499 2506 2499 2448 2506 2448 2447 2506 2447 2500 2506 2500 2501 2506 2501 2502 2506 2502 2503 2506 2503 2504 2504 2505 2506 2493 2507 2508 2508 2494 2493 2506 2469 2473 2473 2485 2506 2486 2477 2476 2476 2487 2486 2447 2446 2509 2509 2500 2447 2494 2508 2510 2510 2495 2494 2485 2473 2477 2477 2486 2485 2495 2510 2511 2511 2496 2495 2488 2480 2512 2512 2489 2488 2496 2511 2513 2513 2497 2496 2489 2512 2514 2514 2490 2489 2502 2452 2451 2451 2503 2502 2497 2513 2515 2515 2498 2497 2490 2514 2516 2516 2491 2490 2503 2451 2457 2457 2504 2503 2498 2515 2517 2517 2499 2498 2491 2516 2518 2518 2492 2491 2504 2457 2461 2461 2505 2504 2499 2517 2445 2445 2448 2499 2492 2518 2507 2507 2493 2492 2505 2461 2469 2469 2506 2505 2522 2519 2520 2520 2521 2522 2526 2523 2524 2524 2525 2526 2530 2527 2528 2528 2529 2530 2534 2531 2532 2532 2533 2534 2538 2535 2536 2536 2537 2538 2540 2539 2527 2527 2530 2540 2544 2541 2542 2542 2543 2544 2533 2532 2545 2545 2546 2533 2537 2536 2547 2547 2548 2537 2543 2542 2549 2549 2550 2543 2546 2545 2551 2551 2552 2546 2548 2547 2553 2553 2554 2548 2550 2549 2555 2555 2556 2550 2560 2557 2558 2558 2559 2560 2554 2553 2561 2561 2562 2554 2556 2555 2563 2563 2564 2556 2559 2558 2565 2565 2566 2559 2562 2561 2567 2567 2568 2562 2564 2563 2569 2569 2570 2564 2566 2565 2571 2571 2572 2566 2568 2567 2573 2573 2574 2568 2572 2571 2575 2575 2576 2572 2574 2573 2577 2577 2578 2574 2579 2580 2581 2585 2582 2583 2583 2584 2585 2589 2586 2587 2587 2588 2589 2525 2524 2590 2590 2591 2525 2584 2583 2592 2592 2593 2584 2588 2587 2594 2594 2595 2588 2591 2590 2596 2596 2597 2591 2593 2592 2598 2598 2599 2593 2603 2600 2601 2601 2602 2603 2595 2594 2604 2604 2605 2595 2597 2596 2606 2606 2579 2597 2602 2601 2607 2607 2608 2602 2605 2604 2609 2609 2610 2605 2579 2606 2611 2611 2580 2579 2608 2607 2612 2612 2613 2608 2610 2609 2614 2614 2615 2610 2580 2611 2616 2616 2617 2580 2613 2612 2618 2618 2619 2613 2615 2614 2620 2620 2621 2615 2617 2616 2622 2622 2623 2617 2619 2618 2523 2523 2526 2619 2621 2620 2582 2582 2585 2621 2623 2622 2586 2586 2589 2623 2624 2625 2626 2627 2628 2629 2580 2617 2581 2630 2631 2632 2617 2623 2581 2631 2633 2632 2623 2589 2581 2634 2635 2626 2633 2636 2632 2637 2638 2629 2635 2639 2626 2636 2640 2632 2638 2641 2629 2639 2642 2626 2640 2643 2632 2644 2645 2632 2641 2646 2629 2597 2579 2581 2647 2624 2626 2646 2627 2629 2648 2649 2650 2651 2652 2653 2654 2655 2656 2660 2657 2658 2658 2659 2660 2661 2662 2663 2664 2665 2666 2670 2667 2668 2668 2669 2670 2674 2671 2672 2672 2673 2674 2678 2675 2676 2676 2677 2678 2682 2679 2680 2680 2681 2682 2686 2683 2684 2684 2685 2686 2688 2686 2685 2685 2687 2688 2690 2688 2687 2687 2689 2690 2694 2691 2692 2692 2693 2694 2698 2695 2696 2696 2697 2698 2700 2690 2689 2689 2699 2700 2704 2701 2702 2702 2703 2704 2708 2705 2706 2706 2707 2708 2710 2708 2707 2707 2709 2710 2669 2668 2711 2711 2712 2669 2714 2710 2709 2709 2713 2714 2716 2714 2713 2713 2715 2716 2720 2717 2718 2718 2719 2720 2722 2716 2715 2715 2721 2722 2724 2722 2721 2721 2723 2724 2673 2672 2725 2725 2726 2673 2728 2724 2723 2723 2727 2728 2730 2729 2679 2679 2682 2730 2677 2676 2731 2731 2732 2677 2734 2733 2691 2691 2694 2734 2697 2696 2667 2667 2670 2697 2736 2735 2701 2701 2704 2736 2712 2711 2671 2671 2674 2712 2738 2737 2675 2675 2678 2738 2681 2680 2717 2717 2720 2681 2693 2692 2729 2729 2730 2693 2732 2731 2695 2695 2698 2732 2742 2739 2740 2740 2741 2742 2719 2718 2735 2735 2736 2719 2703 2702 2743 2743 2744 2703 2746 2682 2681 2681 2745 2746 2750 2747 2748 2748 2749 2750 2749 2748 2751 2751 2752 2749 2752 2751 2753 2753 2754 2752 2754 2753 2755 2755 2756 2754 2756 2755 2757 2757 2758 2756 2758 2757 2759 2759 2760 2758 2764 2761 2762 2762 2763 2764 2763 2762 2765 2765 2766 2763 2766 2765 2739 2739 2742 2766 2770 2767 2768 2768 2769 2770 2769 2768 2771 2771 2772 2769 2776 2773 2774 2774 2775 2776 2775 2774 2777 2777 2778 2775 2778 2777 2779 2779 2780 2778 2780 2779 2746 2746 2781 2780 2781 2746 2745 2745 2782 2781 2782 2745 2783 2783 2784 2782 2784 2783 2785 2785 2786 2784 2786 2785 2787 2787 2788 2786 2788 2787 2767 2767 2770 2788 2792 2789 2790 2790 2791 2792 2796 2793 2794 2794 2795 2796 2795 2794 2797 2797 2798 2795 2798 2797 2799 2799 2800 2798 2800 2799 2801 2801 2802 2800 2806 2803 2804 2804 2805 2806 2805 2804 2807 2807 2808 2805 2808 2807 2809 2809 2810 2808 2810 2809 2811 2811 2812 2810 2812 2811 2813 2813 2814 2812 2814 2813 2789 2789 2792 2814 2818 2815 2816 2816 2817 2818 2817 2816 2819 2819 2820 2817 2820 2819 2821 2821 2822 2820 2822 2821 2823 2823 2824 2822 2824 2823 2825 2825 2826 2824 2826 2825 2827 2827 2828 2826 2828 2827 2829 2829 2830 2828 2830 2829 2831 2831 2832 2830 2832 2831 2833 2833 2834 2832 2834 2833 2835 2835 2836 2834 2836 2835 2837 2837 2838 2836 2842 2839 2840 2840 2841 2842 2841 2840 2843 2843 2844 2841 2844 2843 2845 2845 2846 2844 2846 2845 2847 2847 2848 2846 2852 2849 2850 2850 2851 2852 2851 2850 2853 2853 2854 2851 2854 2853 2855 2855 2856 2854 2856 2855 2857 2857 2858 2856 2858 2857 2859 2859 2860 2858 2860 2859 2861 2861 2862 2860 2862 2861 2863 2863 2864 2862 2868 2865 2866 2866 2867 2868 2872 2869 2870 2870 2871 2872 2871 2870 2873 2873 2874 2871 2874 2873 2875 2875 2876 2874 2876 2875 2877 2877 2878 2876 2878 2877 2879 2879 2880 2878 2880 2879 2881 2881 2882 2880 2882 2881 2883 2883 2884 2882 2884 2883 2885 2885 2886 2884 2886 2885 2887 2887 2888 2886 2888 2887 2889 2889 2890 2888 2890 2889 2891 2891 2892 2890 2896 2893 2894 2894 2895 2896 2867 2866 2897 2897 2898 2867 2898 2897 2899 2899 2900 2898 2900 2899 2901 2901 2902 2900 2906 2903 2904 2904 2905 2906 2905 2904 2907 2907 2908 2905 2908 2907 2909 2909 2910 2908 2910 2909 2911 2911 2912 2910 2912 2911 2913 2913 2914 2912 2914 2913 2915 2915 2916 2914 2916 2915 2917 2917 2918 2916 2922 2919 2920 2920 2921 2922 2895 2894 2923 2923 2924 2895 2924 2923 2925 2925 2926 2924 2926 2925 2927 2927 2928 2926 2928 2927 2929 2929 2930 2928 2930 2929 2931 2931 2932 2930 2932 2931 2933 2933 2934 2932 2934 2933 2935 2935 2936 2934 2936 2935 2937 2937 2938 2936 2938 2937 2939 2939 2940 2938 2942 2941 2893 2893 2896 2942 2946 2943 2944 2944 2945 2946 2921 2920 2947 2947 2948 2921 2952 2949 2950 2950 2951 2952 2951 2950 2953 2953 2954 2951 2954 2953 2955 2955 2956 2954 2956 2955 2957 2957 2958 2956 2958 2957 2959 2959 2960 2958 2960 2959 2961 2961 2962 2960 2962 2961 2963 2963 2964 2962 2968 2965 2966 2966 2967 2968 2967 2966 2919 2919 2922 2967 2972 2969 2970 2970 2971 2972 2945 2944 2973 2973 2974 2945 2974 2973 2975 2975 2976 2974 2976 2975 2977 2977 2978 2976 2978 2977 2979 2979 2980 2978 2980 2979 2981 2981 2982 2980 2982 2981 2983 2983 2984 2982 2984 2983 2985 2985 2986 2984 2990 2987 2988 2988 2989 2990 2989 2988 2991 2991 2992 2989 2992 2991 2943 2943 2946 2992 2993 2994 2995 2971 2970 2996 2996 2997 2971 2997 2996 2998 2998 2999 2997 3003 3000 3001 3001 3002 3003 3002 3001 3004 3004 3005 3002 3005 3004 3006 3006 3007 3005 3007 3006 3008 3008 3009 3007 3013 3010 3011 3011 3012 3013 3012 3011 3014 3014 3015 3012 3019 3016 3017 3017 3018 3019 3018 3017 2969 2969 2972 3018 2999 3020 2995 2997 2999 2995 2971 2997 2995 2972 2971 2995 3018 2972 2995 3019 3018 2995 3021 3019 2995 3022 3021 2995 2994 3023 2995 2678 2677 3024 2674 2673 3024 2670 2669 3024 2732 2698 3024 2738 2678 3024 2712 2674 3024 2697 2670 3024 2677 2732 3024 2673 2726 3024 2669 2712 3024 2698 2697 3024 3028 3025 3026 3026 3027 3028 3032 3029 3030 3030 3031 3032 3036 3033 3034 3034 3035 3036 3040 3037 3038 3038 3039 3040 3044 3041 3042 3042 3043 3044 3046 3036 3035 3035 3045 3046 3050 3047 3048 3048 3049 3050 3054 3051 3052 3052 3053 3054 3056 3046 3045 3045 3055 3056 3060 3057 3058 3058 3059 3060 3064 3061 3062 3062 3063 3064 3068 3065 3066 3066 3067 3068 3072 3069 3070 3070 3071 3072 3076 3073 3074 3074 3075 3076 3078 3068 3067 3067 3077 3078 3039 3038 3079 3079 3080 3039 3082 3078 3077 3077 3081 3082 3086 3083 3084 3084 3085 3086 3090 3087 3088 3088 3089 3090 3092 3082 3081 3081 3091 3092 3096 3093 3094 3094 3095 3096 3098 3097 3029 3029 3032 3098 3100 3092 3091 3091 3099 3100 3104 3101 3102 3102 3103 3104 3106 3105 3041 3041 3044 3106 3108 3100 3099 3099 3107 3108 3112 3109 3110 3110 3111 3112 3114 3113 3051 3051 3054 3114 3118 3115 3116 3116 3117 3118 3122 3119 3120 3120 3121 3122 3124 3123 3061 3061 3064 3124 3126 3118 3117 3117 3125 3126 3059 3058 3127 3127 3128 3059 3130 3129 3073 3073 3076 3130 3132 3126 3125 3125 3131 3132 3136 3133 3134 3134 3135 3136 3140 3137 3138 3138 3139 3140 3142 3132 3131 3131 3141 3142 3085 3084 3143 3143 3144 3085 3148 3145 3146 3146 3147 3148 3150 3142 3141 3141 3149 3150 3154 3151 3152 3152 3153 3154 3156 3155 3087 3087 3090 3156 3158 3157 3041 3041 3105 3158 3103 3102 3037 3037 3040 3103 3160 3159 3097 3097 3098 3160 3164 3161 3162 3162 3163 3164 3111 3110 3025 3025 3028 3111 3031 3030 3105 3105 3106 3031 3166 3164 3163 3163 3165 3166 3121 3120 3167 3167 3168 3121 3043 3042 3113 3113 3114 3043 3170 3166 3165 3165 3169 3170 3128 3127 3047 3047 3050 3128 3053 3052 3123 3123 3124 3053 3172 3170 3169 3169 3171 3172 3063 3062 3129 3129 3130 3063 3174 3172 3171 3171 3173 3174 3144 3143 3069 3069 3072 3144 3075 3074 3137 3137 3140 3075 3176 3174 3173 3173 3175 3176 3180 3177 3178 3178 3179 3180 3182 3181 3145 3145 3148 3182 3186 3183 3184 3184 3185 3186 3147 3146 3155 3155 3156 3147 3153 3152 3083 3083 3086 3153 3188 3186 3185 3185 3187 3188 3168 3167 3109 3109 3112 3168 3089 3088 3159 3159 3160 3089 3033 3188 3187 3187 3034 3033 3192 3189 3190 3190 3191 3192 3080 3079 3093 3093 3096 3080 3196 3193 3194 3194 3195 3196 3200 3197 3198 3198 3199 3200 3204 3201 3202 3202 3203 3204 3179 3178 3205 3205 3206 3179 3199 3198 3207 3207 3208 3199 3206 3205 3209 3209 3210 3206 3208 3207 3211 3211 3212 3208 3216 3213 3214 3214 3215 3216 3210 3209 3217 3217 3218 3210 3212 3211 3219 3219 3220 3212 3215 3214 3221 3221 3222 3215 3226 3223 3224 3224 3225 3226 3218 3217 3227 3227 3228 3218 3220 3219 3229 3229 3230 3220 3222 3221 3223 3223 3226 3222 3225 3224 3231 3231 3232 3225 3228 3227 3233 3233 3234 3228 3230 3229 3235 3235 3236 3230 3232 3231 3237 3237 3238 3232 3234 3233 3239 3239 3240 3234 3236 3235 3177 3177 3180 3236 3238 3237 3197 3197 3200 3238 3240 3239 3201 3201 3204 3240 3244 3241 3242 3242 3243 3244 3248 3245 3246 3246 3247 3248 3252 3249 3250 3250 3251 3252 3195 3194 3253 3253 3254 3195 3258 3255 3256 3256 3257 3258 3254 3253 3259 3259 3260 3254 3257 3256 3261 3261 3262 3257 3266 3263 3264 3264 3265 3266 3260 3259 3267 3267 3268 3260 3262 3261 3269 3269 3270 3262 3265 3264 3271 3271 3272 3265 3268 3267 3273 3273 3274 3268 3270 3269 3275 3275 3276 3270 3274 3273 3277 3277 3278 3274 3276 3275 3279 3279 3280 3276 3284 3281 3282 3282 3283 3284 3288 3285 3286 3286 3287 3288 3280 3279 3289 3289 3290 3280 3292 3291 3281 3281 3284 3292 3283 3282 3245 3245 3248 3283 3287 3286 3249 3249 3252 3287 3296 3293 3294 3294 3295 3296 3300 3297 3298 3298 3299 3300 3304 3301 3302 3302 3303 3304 3243 3242 3305 3305 3306 3243 3299 3298 3307 3307 3308 3299 3303 3302 3309 3309 3310 3303 3314 3311 3312 3312 3313 3314 3306 3305 3315 3315 3316 3306 3308 3307 3317 3317 3318 3308 3310 3309 3311 3311 3314 3310 3313 3312 3319 3319 3320 3313 3316 3315 3321 3321 3322 3316 3318 3317 3323 3323 3324 3318 3320 3319 3325 3325 3326 3320 3322 3321 3327 3327 3328 3322 3324 3323 3329 3329 3330 3324 3326 3325 3331 3331 3332 3326 3328 3327 3333 3333 3334 3328 3330 3329 3335 3335 3336 3330 3332 3331 3337 3337 3338 3332 3334 3333 3339 3339 3340 3334 3336 3335 3241 3241 3244 3336 3338 3337 3297 3297 3300 3338 3340 3339 3301 3301 3304 3340 3341 3342 3343 3347 3344 3345 3345 3346 3347 3351 3348 3349 3349 3350 3351 3355 3352 3353 3353 3354 3355 3346 3345 3356 3356 3357 3346 3350 3349 3358 3358 3359 3350 3354 3353 3360 3360 3361 3354 3357 3356 3362 3362 3363 3357 3359 3358 3364 3364 3365 3359 3361 3360 3366 3366 3367 3361 3363 3362 3368 3368 3369 3363 3365 3364 3370 3370 3371 3365 3367 3366 3372 3372 3373 3367 3377 3374 3375 3375 3376 3377 3371 3370 3378 3378 3379 3371 3373 3372 3380 3380 3381 3373 3376 3375 3382 3382 3383 3376 3387 3384 3385 3385 3386 3387 3391 3388 3389 3389 3390 3391 3381 3380 3392 3392 3393 3381 3383 3382 3384 3384 3387 3383 3386 3385 3293 3293 3296 3386 3390 3389 3344 3344 3347 3390 3395 3394 3348 3348 3351 3395 3399 3396 3397 3397 3398 3399 3403 3400 3401 3401 3402 3403 3407 3404 3405 3405 3406 3407 3411 3408 3409 3409 3410 3411 3415 3412 3413 3413 3414 3415 3417 3416 3189 3189 3192 3417 3419 3418 3412 3412 3415 3419 3421 3420 3396 3396 3399 3421 3423 3422 3400 3400 3403 3423 3425 3424 3404 3404 3407 3425 3427 3426 3408 3408 3411 3427 3431 3428 3429 3429 3430 3431 3433 3432 3416 3416 3417 3433 3402 3401 3434 3434 3435 3402 3437 3436 3424 3424 3425 3437 3406 3405 3426 3426 3427 3406 3410 3409 3428 3428 3431 3410 3414 3413 3432 3432 3433 3414 3441 3438 3439 3439 3440 3441 3442 3443 3444 3445 3446 3447 3448 3449 3450 3443 3451 3444 3446 3452 3447 3449 3453 3450 3452 3454 3447 3453 3455 3450 3456 3457 3444 3458 3459 3343 3460 3461 3444 3462 3341 3343 3461 3442 3444 3466 3463 3464 3464 3465 3466 3470 3467 3468 3468 3469 3470 3472 3471 3438 3438 3441 3472 3474 3473 3463 3463 3466 3474 3476 3475 3467 3467 3470 3476 3478 3477 3471 3471 3472 3478 3480 3479 3473 3473 3474 3480 3482 3481 3475 3475 3476 3482 3484 3483 3477 3477 3478 3484 3486 3485 3479 3479 3480 3486 3488 3487 3481 3481 3482 3488 3492 3489 3490 3490 3491 3492 3494 3493 3483 3483 3484 3494 3491 3490 3487 3487 3488 3491 3496 3495 3489 3489 3492 3496 3498 3497 3493 3493 3494 3498 3502 3499 3500 3500 3501 3502 3504 3503 3495 3495 3496 3504 3506 3505 3497 3497 3498 3506 3440 3439 3499 3499 3502 3440 3469 3468 3505 3505 3506 3469 3465 3464 3503 3503 3504 3465 3508 3476 3470 3470 3507 3508 3510 3478 3472 3472 3509 3510 3512 3480 3474 3474 3511 3512 3513 3482 3476 3476 3508 3513 3515 3492 3491 3491 3514 3515 3516 3484 3478 3478 3510 3516 3517 3486 3480 3480 3512 3517 3518 3488 3482 3482 3513 3518 3519 3494 3484 3484 3516 3519 3520 3501 3486 3486 3517 3520 3514 3491 3488 3488 3518 3514 3521 3496 3492 3492 3515 3521 3522 3498 3494 3494 3519 3522 3523 3502 3501 3501 3520 3523 3524 3504 3496 3496 3521 3524 3525 3440 3502 3502 3523 3525 3526 3465 3504 3504 3524 3526 3527 3441 3440 3440 3525 3527 3528 3466 3465 3465 3526 3528 3507 3470 3469 3469 3529 3507 3509 3472 3441 3441 3527 3509 3511 3474 3466 3466 3528 3511 3533 3530 3531 3531 3532 3533 3537 3534 3535 3535 3536 3537 3541 3538 3539 3539 3540 3541 3532 3531 3542 3542 3543 3532 3547 3544 3545 3545 3546 3547 3540 3539 3548 3548 3549 3540 3543 3542 3550 3550 3551 3543 3546 3545 3552 3552 3553 3546 3549 3548 3554 3554 3555 3549 3551 3550 3556 3556 3557 3551 3561 3558 3559 3559 3560 3561 3557 3556 3562 3562 3563 3557 3565 3564 3544 3544 3547 3565 3560 3559 3566 3566 3567 3560 3571 3568 3569 3569 3570 3571 3575 3572 3573 3573 3574 3575 3579 3576 3577 3577 3578 3579 3567 3566 3534 3534 3537 3567 3570 3569 3580 3580 3581 3570 3583 3582 3530 3530 3533 3583 3536 3535 3576 3576 3579 3536 3581 3580 3538 3538 3541 3581 3587 3584 3585 3585 3586 3587 3600 3588 3589 3600 3589 3590 3600 3590 3591 3600 3591 3592 3600 3592 3593 3600 3593 3594 3600 3594 3595 3600 3595 3596 3600 3596 3597 3600 3597 3598 3598 3599 3600 3604 3601 3602 3602 3603 3604 3606 3605 3584 3584 3587 3606 3610 3607 3608 3608 3609 3610 3612 3604 3603 3603 3611 3612 3616 3613 3614 3614 3615 3616 3618 3612 3611 3611 3617 3618 3622 3619 3620 3620 3621 3622 3626 3623 3624 3624 3625 3626 3630 3627 3628 3628 3629 3630 3634 3631 3632 3632 3633 3634 3638 3635 3636 3636 3637 3638 3642 3639 3640 3640 3641 3642 3646 3643 3644 3644 3645 3646 3650 3647 3648 3648 3649 3650 3643 3651 3652 3652 3644 3643 3656 3653 3654 3654 3655 3656 3651 3657 3658 3658 3652 3651 3662 3659 3660 3660 3661 3662 3657 3663 3664 3664 3658 3657 3668 3665 3666 3666 3667 3668 3672 3669 3670 3670 3671 3672 3676 3673 3674 3674 3675 3676 3680 3677 3678 3678 3679 3680 3673 3681 3682 3682 3674 3673 3684 3680 3679 3679 3683 3684 3661 3660 3685 3685 3686 3661 3681 3687 3688 3688 3682 3681 3690 3684 3683 3683 3689 3690 3692 3691 3607 3607 3610 3692 3687 3693 3694 3694 3688 3687 3696 3690 3689 3689 3695 3696 3698 3697 3613 3613 3616 3698 3693 3699 3700 3700 3694 3693 3702 3696 3695 3695 3701 3702 3704 3703 3623 3623 3626 3704 3708 3705 3706 3706 3707 3708 3712 3709 3710 3710 3711 3712 3655 3654 3635 3635 3638 3655 3705 3713 3714 3714 3706 3705 3716 3712 3711 3711 3715 3716 3671 3670 3717 3717 3718 3671 3713 3719 3720 3720 3714 3713 3722 3716 3715 3715 3721 3722 3718 3717 3653 3653 3656 3718 3724 3722 3721 3721 3723 3724 3728 3725 3726 3726 3727 3728 3727 3726 3669 3669 3672 3727 3730 3724 3723 3723 3729 3730 3686 3685 3731 3731 3732 3686 3732 3731 3733 3733 3734 3732 3736 3730 3729 3729 3735 3736 3749 3737 3738 3749 3738 3739 3749 3739 3740 3749 3740 3741 3749 3741 3742 3749 3742 3743 3749 3743 3744 3749 3744 3745 3749 3745 3746 3749 3746 3747 3747 3748 3749 3609 3608 3750 3750 3751 3609 3755 3752 3753 3753 3754 3755 3615 3614 3691 3691 3692 3615 3625 3624 3697 3697 3698 3625 3757 3755 3754 3754 3756 3757 3781 3758 3759 3781 3759 3760 3781 3760 3761 3781 3761 3762 3781 3762 3763 3781 3763 3764 3781 3764 3765 3781 3765 3766 3781 3766 3767 3781 3767 3768 3781 3768 3769 3781 3769 3770 3781 3770 3771 3781 3771 3772 3781 3772 3773 3781 3773 3774 3781 3774 3775 3781 3775 3776 3781 3776 3777 3781 3777 3778 3781 3778 3779 3779 3780 3781 3648 3638 3637 3637 3782 3648 3784 3757 3756 3756 3783 3784 3786 3686 3732 3732 3785 3786 3790 3787 3788 3788 3789 3790 3637 3636 3703 3703 3704 3637 3647 3655 3638 3638 3648 3647 3794 3791 3792 3792 3793 3794 3796 3795 3791 3791 3794 3796 3633 3632 3795 3795 3796 3633 3782 3637 3704 3704 3797 3782 3799 3718 3656 3656 3798 3799 3800 3671 3718 3718 3799 3800 3801 3661 3686 3686 3786 3801 3802 3672 3671 3671 3800 3802 3803 3727 3672 3672 3802 3803 3804 3728 3727 3727 3803 3804 3621 3620 3631 3631 3634 3621 3798 3656 3655 3655 3647 3798 3785 3732 3734 3734 3805 3785 3827 3806 3807 3827 3807 3808 3827 3808 3809 3827 3809 3810 3827 3810 3811 3827 3811 3812 3827 3812 3813 3827 3813 3814 3827 3814 3815 3827 3815 3816 3827 3816 3650 3827 3650 3649 3827 3649 3817 3827 3817 3818 3827 3818 3819 3827 3819 3820 3827 3820 3821 3827 3821 3822 3827 3822 3823 3827 3823 3824 3827 3824 3825 3825 3826 3827 3818 3797 3828 3828 3819 3818 3822 3829 3830 3830 3823 3822 3815 3799 3798 3798 3816 3815 3808 3786 3785 3785 3809 3808 3811 3804 3803 3803 3812 3811 3816 3798 3647 3647 3650 3816 3825 3831 3832 3832 3826 3825 3817 3782 3797 3797 3818 3817 3821 3833 3829 3829 3822 3821 3814 3800 3799 3799 3815 3814 3807 3801 3786 3786 3808 3807 3810 3805 3804 3804 3811 3810 3824 3834 3831 3831 3825 3824 3649 3648 3782 3782 3817 3649 3820 3835 3833 3833 3821 3820 3813 3802 3800 3800 3814 3813 3806 3836 3801 3801 3807 3806 3819 3828 3835 3835 3820 3819 3823 3830 3834 3834 3824 3823 3809 3785 3805 3805 3810 3809 3812 3803 3802 3802 3813 3812 3840 3837 3838 3838 3839 3840 3844 3841 3842 3842 3843 3844 3848 3845 3846 3846 3847 3848 3852 3849 3850 3850 3851 3852 3856 3853 3854 3854 3855 3856 3860 3857 3858 3858 3859 3860 3864 3861 3862 3862 3863 3864 3868 3865 3866 3866 3867 3868 3872 3869 3870 3870 3871 3872 3876 3873 3874 3874 3875 3876 3880 3877 3878 3878 3879 3880 3884 3881 3882 3882 3883 3884 3881 3885 3886 3886 3882 3881 3890 3887 3888 3888 3889 3890 3894 3891 3892 3892 3893 3894 3898 3895 3896 3896 3897 3898 3902 3899 3900 3900 3901 3902 3904 3882 3886 3886 3903 3904 3908 3905 3906 3906 3907 3908 3912 3909 3910 3910 3911 3912 3916 3913 3914 3914 3915 3916 3920 3917 3918 3918 3919 3920 3922 3887 3890 3890 3921 3922 3924 3889 3888 3888 3923 3924 3928 3925 3926 3926 3927 3928 3932 3929 3930 3930 3931 3932 3936 3933 3934 3934 3935 3936 3940 3937 3938 3938 3939 3940 3942 3932 3931 3931 3941 3942 3946 3943 3944 3944 3945 3946 3950 3947 3948 3948 3949 3950 3954 3951 3952 3952 3953 3954 3958 3955 3956 3956 3957 3958 3962 3959 3960 3960 3961 3962 3964 3954 3953 3953 3963 3964 3966 3965 3933 3933 3936 3966 3970 3967 3968 3968 3969 3970 3972 3964 3963 3963 3971 3972 3974 3973 3925 3925 3928 3974 3976 3972 3971 3971 3975 3976 3945 3944 3977 3977 3978 3945 3939 3938 3979 3979 3980 3939 3984 3981 3982 3982 3983 3984 3986 3939 3980 3980 3985 3986 3949 3948 3987 3987 3988 3949 3990 3984 3983 3983 3989 3990 3994 3991 3992 3992 3993 3994 3969 3968 3995 3995 3996 3969 3998 3990 3989 3989 3997 3998 3978 3977 3955 3955 3958 3978 3961 3960 3999 3999 4000 3961 4004 4001 4002 4002 4003 4004 4006 4005 3965 3965 3966 4006 3996 3995 4007 4007 4008 3996 4010 4004 4003 4003 4009 4010 4012 4011 3973 3973 3974 4012 3992 4013 3967 3967 3970 3992 4015 4010 4009 4009 4014 4015 3927 3926 4016 4016 4017 3927 3980 3979 4018 4018 4019 3980 4021 4015 4014 4014 4020 4021 3988 3987 3937 3937 3940 3988 4023 4021 4020 4020 4022 4023 4025 4024 4005 4005 4006 4025 4000 3999 3947 3947 3950 4000 4029 4026 4027 4027 4028 4029 3985 3980 4019 4019 4030 3985 4041 4031 4032 4041 4032 4033 4041 4033 4034 4041 4034 4035 4041 4035 4036 4041 4036 4037 4041 4037 4038 4041 4038 4039 4041 4039 4040 4041 4040 3986 4041 3986 3985 4041 3985 4030 4041 4030 3994 3994 3993 4041 3929 4029 4028 4028 3930 3929 4008 4007 3959 3959 3962 4008 4045 4042 4043 4043 4044 4045 4049 4046 4047 4047 4048 4049 4053 4050 4051 4051 4052 4053 4057 4054 4055 4055 4056 4057 4061 4058 4059 4059 4060 4061 4065 4062 4063 4063 4064 4065 4069 4066 4067 4067 4068 4069 4073 4070 4071 4071 4072 4073 4077 4074 4075 4075 4076 4077 4081 4078 4079 4079 4080 4081 4085 4082 4083 4083 4084 4085 4089 4086 4087 4087 4088 4089 4093 4090 4091 4091 4092 4093 4097 4094 4095 4095 4096 4097 4101 4098 4099 4099 4100 4101 4105 4102 4103 4103 4104 4105 4109 4106 4107 4107 4108 4109 4113 4110 4111 4111 4112 4113 4117 4114 4115 4115 4116 4117 4121 4118 4119 4119 4120 4121 4125 4122 4123 4123 4124 4125 4129 4126 4127 4127 4128 4129 4133 4130 4131 4131 4132 4133 4137 4134 4135 4135 4136 4137 4141 4138 4139 4139 4140 4141 4145 4142 4143 4143 4144 4145 4149 4146 4147 4147 4148 4149 4153 4150 4151 4151 4152 4153 4157 4154 4155 4155 4156 4157 4161 4158 4159 4159 4160 4161 4165 4162 4163 4163 4164 4165 4169 4166 4167 4167 4168 4169 4173 4170 4171 4171 4172 4173 4177 4174 4175 4175 4176 4177 4181 4178 4179 4179 4180 4181 4185 4182 4183 4183 4184 4185 4189 4186 4187 4187 4188 4189 4193 4190 4191 4191 4192 4193 4197 4194 4195 4195 4196 4197 4201 4198 4199 4199 4200 4201 4205 4202 4203 4203 4204 4205 4209 4206 4207 4207 4208 4209 4213 4210 4211 4211 4212 4213 4217 4214 4215 4215 4216 4217 4219 4213 4212 4212 4218 4219 4223 4220 4221 4221 4222 4223 4227 4224 4225 4225 4226 4227 4231 4228 4229 4229 4230 4231 4233 4227 4226 4226 4232 4233 4237 4234 4235 4235 4236 4237 4239 4233 4232 4232 4238 4239 4243 4240 4241 4241 4242 4243 4247 4244 4245 4245 4246 4247 4251 4248 4249 4249 4250 4251 4253 4247 4246 4246 4252 4253 4257 4254 4255 4255 4256 4257 4259 4253 4252 4252 4258 4259 4269 4203 4202 4269 4202 4260 4269 4260 4261 4269 4261 4262 4269 4262 4263 4269 4263 4264 4269 4264 4265 4269 4265 4266 4269 4266 4267 4267 4268 4269 4273 4270 4271 4271 4272 4273 4277 4274 4275 4275 4276 4277 4279 4277 4276 4276 4278 4279 4289 4241 4240 4289 4240 4280 4289 4280 4281 4289 4281 4282 4289 4282 4283 4289 4283 4284 4289 4284 4285 4289 4285 4286 4289 4286 4287 4287 4288 4289 4293 4290 4291 4291 4292 4293 4297 4294 4295 4295 4296 4297 4301 4298 4299 4299 4300 4301 4305 4302 4303 4303 4304 4305 4309 4306 4307 4307 4308 4309 4313 4310 4311 4311 4312 4313 4317 4314 4315 4315 4316 4317 4321 4318 4319 4319 4320 4321 4325 4322 4323 4323 4324 4325 4329 4326 4327 4327 4328 4329 4333 4330 4331 4331 4332 4333 4337 4334 4335 4335 4336 4337 4341 4338 4339 4339 4340 4341 4345 4342 4343 4343 4344 4345 4349 4346 4347 4347 4348 4349 4353 4350 4351 4351 4352 4353 4357 4354 4355 4355 4356 4357 4361 4358 4359 4359 4360 4361 4365 4362 4363 4363 4364 4365 4360 4359 4366 4366 4367 4360 4371 4368 4369 4369 4370 4371 4367 4366 4372 4372 4373 4367 4377 4374 4375 4375 4376 4377 4381 4378 4379 4379 4380 4381 4385 4382 4383 4383 4384 4385 4380 4379 4386 4386 4387 4380 4334 4337 4388 4334 4388 4389 4334 4389 4390 4334 4390 4391 4334 4391 4392 4334 4392 4393 4334 4393 4394 4334 4394 4395 4334 4395 4396 4396 4397 4334 4401 4398 4399 4399 4400 4401 4400 4399 4402 4402 4403 4400 4368 4371 4404 4368 4404 4405 4368 4405 4406 4368 4406 4407 4368 4407 4408 4368 4408 4409 4368 4409 4410 4368 4410 4411 4368 4411 4412 4412 4413 4368 4417 4414 4415 4415 4416 4417 4421 4418 4419 4419 4420 4421 3020 2993 2995 2385 2384 2314 2314 2317 2385 2415 2414 2362 2362 2365 2415 4423 4422 2370 2370 2373 4423 2405 2404 2308 2308 2311 2405 2355 2354 2280 2280 2283 2355 2465 4423 2373 2373 2426 2465 2410 2355 2283 2283 4424 2410 4424 2283 2282 2282 2431 4424 2470 2410 4424 4424 4425 2470 4425 4424 2431 2431 2484 4425 2487 2476 2480 2480 2488 2487 2500 2509 4426 4426 2501 2500 2501 4426 2452 2452 2502 2501 4430 4427 4428 4428 4429 4430 2576 2575 2539 2539 2540 2576 2570 2569 4427 4427 4430 2570 2599 2598 2600 2600 2603 2599 2625 4431 2626 4431 2634 2626 2643 2644 2632 4432 4433 4434 4438 4435 4436 4436 4437 4438 3139 3138 3181 3181 3182 3139 3135 3134 3057 3057 3060 3135 3203 3202 3213 3213 3216 3203 3251 3250 3263 3263 3266 3251 4442 4439 4440 4440 4441 4442 4441 4440 3291 3291 3292 4441 3430 3429 3418 3418 3419 3430 4444 4443 3436 3436 3437 4444 3435 3434 4443 4443 4444 3435 3191 3190 3420 3420 3421 3191 3398 3397 3422 3422 3423 3398 3451 3456 3444 3454 4445 3447 3455 4446 3450 4445 4447 3447 4446 4448 3450 3459 4449 3343 4450 3462 3343 4448 4451 3450 4449 4450 3343 4452 3445 3447 3501 3500 3485 3485 3486 3501 4453 3506 3498 3498 3522 4453 3529 3469 3506 3506 4453 3529 3553 3552 4454 4454 4455 3553 4455 4454 3572 3572 3575 4455 4457 4456 3639 3639 3642 4457 4459 3630 3629 3629 4458 4459 4461 4459 4458 4458 4460 4461 4463 4461 4460 4460 4462 4463 3665 4463 4462 4462 3666 3665 3734 3733 3725 3725 3728 3734 3751 3750 3659 3659 3662 3751 3601 3784 3783 3783 3602 3601 3805 3734 3728 3728 3804 3805 3586 3585 4456 4456 4457 3586 3826 3832 4464 4464 3827 3826 3827 4464 3836 3836 3806 3827 4468 4465 4466 4466 4467 4468 4470 3886 3885 3885 4469 4470 4019 4018 4471 4471 3991 4019 3991 4471 4013 4013 3992 3991 4030 4019 3991 3991 3994 4030 4475 4472 4473 4473 4474 4475 4479 4476 4477 4477 4478 4479 4483 4480 4481 4481 4482 4483 4487 4484 4485 4485 4486 4487 4491 4488 4489 4489 4490 4491 4340 4339 4350 4350 4353 4340 4495 4492 4493 4493 4494 4495 4499 4496 4497 4497 4498 4499 4503 4500 4501 4501 4502 4503 4507 4504 4505 4505 4506 4507 4511 4508 4509 4509 4510 4511 4515 4512 4513 4513 4514 4515 4519 4516 4517 4517 4518 4519 4521 4511 4510 4510 4520 4521 4525 4522 4523 4523 4524 4525 4529 4526 4527 4527 4528 4529 4531 4521 4520 4520 4530 4531 4535 4532 4533 4533 4534 4535 4539 4536 4537 4537 4538 4539 4541 4531 4530 4530 4540 4541 4545 4542 4543 4543 4544 4545 4549 4546 4547 4547 4548 4549 4551 4541 4540 4540 4550 4551 4555 4552 4553 4553 4554 4555 4559 4556 4557 4557 4558 4559 4563 4560 4561 4561 4562 4563 4565 4559 4558 4558 4564 4565 4569 4566 4567 4567 4568 4569 4573 4570 4571 4571 4572 4573 4575 4565 4564 4564 4574 4575 4579 4576 4577 4577 4578 4579 4581 4580 4504 4504 4507 4581 4583 4575 4574 4574 4582 4583 4587 4584 4585 4585 4586 4587 4589 4588 4516 4516 4519 4589 4591 4583 4582 4582 4590 4591 4524 4523 4592 4592 4593 4524 4595 4594 4526 4526 4529 4595 4597 4591 4590 4590 4596 4597 4534 4533 4598 4598 4599 4534 4601 4600 4536 4536 4539 4601 4605 4602 4603 4603 4604 4605 4544 4543 4606 4606 4607 4544 4609 4608 4546 4546 4549 4609 4613 4610 4611 4611 4612 4613 4617 4614 4615 4615 4616 4617 4619 4618 4552 4552 4555 4619 4621 4613 4612 4612 4620 4621 4625 4622 4623 4623 4624 4625 4627 4621 4620 4620 4626 4627 4586 4585 4628 4628 4629 4586 4631 4630 4570 4570 4573 4631 4633 4627 4626 4626 4632 4633 4568 4567 4512 4512 4515 4568 4506 4505 4588 4588 4589 4506 4635 4633 4632 4632 4634 4635 4578 4577 4636 4636 4637 4578 4518 4517 4594 4594 4595 4518 4641 4638 4639 4639 4640 4641 4593 4592 4642 4642 4643 4593 4528 4527 4600 4600 4601 4528 4645 4641 4640 4640 4644 4645 4599 4598 4646 4646 4647 4599 4538 4537 4608 4608 4609 4538 4649 4645 4644 4644 4648 4649 4548 4547 4618 4618 4619 4548 4651 4649 4648 4648 4650 4651 4655 4652 4653 4653 4654 4655 4554 4553 4656 4656 4657 4554 4659 4651 4650 4650 4658 4659 4572 4571 4580 4580 4581 4572 4562 4561 4630 4630 4631 4562 4661 4659 4658 4658 4660 4661 4643 4642 4584 4584 4587 4643 4663 4544 4607 4607 4662 4663 4508 4664 4665 4665 4509 4508 4624 4623 4666 4666 4667 4624 4671 4668 4669 4669 4670 4671 4673 4643 4587 4587 4672 4673 4676 4674 4579 4579 4675 4676 4678 4625 4624 4624 4677 4678 4672 4587 4586 4586 4679 4672 4675 4579 4578 4578 4680 4675 4677 4624 4667 4667 4681 4677 4680 4578 4637 4637 4668 4680 4683 4534 4599 4599 4682 4683 4681 4667 4617 4617 4684 4681 4668 4637 4569 4569 4669 4668 4682 4599 4647 4647 4685 4682 4684 4617 4616 4616 4686 4684 4669 4569 4568 4568 4687 4669 4685 4647 4688 4688 4689 4685 4686 4616 4690 4690 4691 4686 4687 4568 4515 4515 4692 4687 4694 4524 4593 4593 4693 4694 4695 4545 4544 4544 4663 4695 4692 4515 4514 4514 4696 4692 4693 4593 4643 4643 4673 4693 4700 4697 4698 4698 4699 4700 4704 4701 4702 4702 4703 4704 4706 4684 4686 4686 4705 4706 4670 4669 4687 4687 4707 4670 4703 4702 4708 4708 4709 4703 4705 4686 4691 4691 4710 4705 4707 4687 4692 4692 4711 4707 4709 4708 4712 4712 4713 4709 4715 4695 4663 4663 4714 4715 4719 4716 4717 4717 4718 4719 4713 4712 4720 4720 4721 4713 4714 4663 4662 4662 4722 4714 4718 4717 4678 4678 4723 4718 4721 4720 4724 4724 4725 4721 4729 4726 4727 4727 4728 4729 4723 4678 4677 4677 4730 4723 4725 4724 4726 4726 4729 4725 4728 4727 4731 4731 4732 4728 4730 4677 4681 4681 4733 4730 4734 4680 4668 4668 4671 4734 4736 4683 4682 4682 4735 4736 4733 4681 4684 4684 4706 4733 4758 4737 4738 4758 4738 4739 4758 4739 4740 4758 4740 4741 4758 4741 4742 4758 4742 4743 4758 4743 4744 4758 4744 4745 4758 4745 4746 4758 4746 4747 4758 4747 4748 4758 4748 4749 4758 4749 4750 4758 4750 4751 4758 4751 4700 4758 4700 4699 4758 4699 4752 4758 4752 4753 4758 4753 4754 4758 4754 4755 4758 4755 4756 4756 4757 4758 4745 4759 4760 4760 4746 4745 4758 4721 4725 4725 4737 4758 4738 4729 4728 4728 4739 4738 4699 4698 4761 4761 4752 4699 4746 4760 4762 4762 4747 4746 4737 4725 4729 4729 4738 4737 4747 4762 4763 4763 4748 4747 4740 4732 4764 4764 4741 4740 4748 4763 4765 4765 4749 4748 4741 4764 4766 4766 4742 4741 4754 4704 4703 4703 4755 4754 4749 4765 4767 4767 4750 4749 4742 4766 4768 4768 4743 4742 4755 4703 4709 4709 4756 4755 4750 4767 4769 4769 4751 4750 4743 4768 4770 4770 4744 4743 4756 4709 4713 4713 4757 4756 4751 4769 4697 4697 4700 4751 4744 4770 4759 4759 4745 4744 4757 4713 4721 4721 4758 4757 4774 4771 4772 4772 4773 4774 4778 4775 4776 4776 4777 4778 4782 4779 4780 4780 4781 4782 4786 4783 4784 4784 4785 4786 4790 4787 4788 4788 4789 4790 4792 4791 4779 4779 4782 4792 4796 4793 4794 4794 4795 4796 4785 4784 4797 4797 4798 4785 4789 4788 4799 4799 4800 4789 4795 4794 4801 4801 4802 4795 4798 4797 4803 4803 4804 4798 4800 4799 4805 4805 4806 4800 4802 4801 4807 4807 4808 4802 4812 4809 4810 4810 4811 4812 4806 4805 4813 4813 4814 4806 4808 4807 4815 4815 4816 4808 4811 4810 4817 4817 4818 4811 4814 4813 4819 4819 4820 4814 4816 4815 4821 4821 4822 4816 4818 4817 4823 4823 4824 4818 4820 4819 4825 4825 4826 4820 4824 4823 4827 4827 4828 4824 4826 4825 4829 4829 4830 4826 4831 4832 4833 4837 4834 4835 4835 4836 4837 4841 4838 4839 4839 4840 4841 4777 4776 4842 4842 4843 4777 4836 4835 4844 4844 4845 4836 4840 4839 4846 4846 4847 4840 4843 4842 4848 4848 4849 4843 4845 4844 4850 4850 4851 4845 4855 4852 4853 4853 4854 4855 4847 4846 4856 4856 4857 4847 4849 4848 4858 4858 4831 4849 4854 4853 4859 4859 4860 4854 4857 4856 4861 4861 4862 4857 4831 4858 4863 4863 4832 4831 4860 4859 4864 4864 4865 4860 4862 4861 4866 4866 4867 4862 4832 4863 4868 4868 4869 4832 4865 4864 4870 4870 4871 4865 4867 4866 4872 4872 4873 4867 4869 4868 4874 4874 4875 4869 4871 4870 4775 4775 4778 4871 4873 4872 4834 4834 4837 4873 4875 4874 4838 4838 4841 4875 4876 4877 4878 4879 4880 4881 4832 4869 4833 4882 4883 4884 4869 4875 4833 4883 4885 4884 4875 4841 4833 4886 4887 4878 4885 4888 4884 4889 4890 4881 4887 4891 4878 4888 4892 4884 4890 4893 4881 4891 4894 4878 4892 4895 4884 4896 4897 4884 4893 4898 4881 4849 4831 4833 4899 4876 4878 4898 4879 4881 4900 4901 4902 4903 4904 4905 4906 4907 4908 4912 4909 4910 4910 4911 4912 4913 4914 4915 4916 4917 4918 4922 4919 4920 4920 4921 4922 4926 4923 4924 4924 4925 4926 4930 4927 4928 4928 4929 4930 4934 4931 4932 4932 4933 4934 4938 4935 4936 4936 4937 4938 4940 4938 4937 4937 4939 4940 4942 4940 4939 4939 4941 4942 4946 4943 4944 4944 4945 4946 4950 4947 4948 4948 4949 4950 4952 4942 4941 4941 4951 4952 4956 4953 4954 4954 4955 4956 4960 4957 4958 4958 4959 4960 4962 4960 4959 4959 4961 4962 4921 4920 4963 4963 4964 4921 4966 4962 4961 4961 4965 4966 4968 4966 4965 4965 4967 4968 4972 4969 4970 4970 4971 4972 4974 4968 4967 4967 4973 4974 4976 4974 4973 4973 4975 4976 4925 4924 4977 4977 4978 4925 4980 4976 4975 4975 4979 4980 4982 4981 4931 4931 4934 4982 4929 4928 4983 4983 4984 4929 4986 4985 4943 4943 4946 4986 4949 4948 4919 4919 4922 4949 4988 4987 4953 4953 4956 4988 4964 4963 4923 4923 4926 4964 4990 4989 4927 4927 4930 4990 4933 4932 4969 4969 4972 4933 4945 4944 4981 4981 4982 4945 4984 4983 4947 4947 4950 4984 4994 4991 4992 4992 4993 4994 4971 4970 4987 4987 4988 4971 4955 4954 4995 4995 4996 4955 4998 4934 4933 4933 4997 4998 5002 4999 5000 5000 5001 5002 5001 5000 5003 5003 5004 5001 5004 5003 5005 5005 5006 5004 5006 5005 5007 5007 5008 5006 5008 5007 5009 5009 5010 5008 5010 5009 5011 5011 5012 5010 5016 5013 5014 5014 5015 5016 5015 5014 5017 5017 5018 5015 5018 5017 4991 4991 4994 5018 5022 5019 5020 5020 5021 5022 5021 5020 5023 5023 5024 5021 5028 5025 5026 5026 5027 5028 5027 5026 5029 5029 5030 5027 5030 5029 5031 5031 5032 5030 5032 5031 4998 4998 5033 5032 5033 4998 4997 4997 5034 5033 5034 4997 5035 5035 5036 5034 5036 5035 5037 5037 5038 5036 5038 5037 5039 5039 5040 5038 5040 5039 5019 5019 5022 5040 5044 5041 5042 5042 5043 5044 5048 5045 5046 5046 5047 5048 5047 5046 5049 5049 5050 5047 5050 5049 5051 5051 5052 5050 5052 5051 5053 5053 5054 5052 5058 5055 5056 5056 5057 5058 5057 5056 5059 5059 5060 5057 5060 5059 5061 5061 5062 5060 5062 5061 5063 5063 5064 5062 5064 5063 5065 5065 5066 5064 5066 5065 5041 5041 5044 5066 5070 5067 5068 5068 5069 5070 5069 5068 5071 5071 5072 5069 5072 5071 5073 5073 5074 5072 5074 5073 5075 5075 5076 5074 5076 5075 5077 5077 5078 5076 5078 5077 5079 5079 5080 5078 5080 5079 5081 5081 5082 5080 5082 5081 5083 5083 5084 5082 5084 5083 5085 5085 5086 5084 5086 5085 5087 5087 5088 5086 5088 5087 5089 5089 5090 5088 5094 5091 5092 5092 5093 5094 5093 5092 5095 5095 5096 5093 5096 5095 5097 5097 5098 5096 5098 5097 5099 5099 5100 5098 5104 5101 5102 5102 5103 5104 5103 5102 5105 5105 5106 5103 5106 5105 5107 5107 5108 5106 5108 5107 5109 5109 5110 5108 5110 5109 5111 5111 5112 5110 5112 5111 5113 5113 5114 5112 5114 5113 5115 5115 5116 5114 5120 5117 5118 5118 5119 5120 5124 5121 5122 5122 5123 5124 5123 5122 5125 5125 5126 5123 5126 5125 5127 5127 5128 5126 5128 5127 5129 5129 5130 5128 5130 5129 5131 5131 5132 5130 5132 5131 5133 5133 5134 5132 5134 5133 5135 5135 5136 5134 5136 5135 5137 5137 5138 5136 5138 5137 5139 5139 5140 5138 5140 5139 5141 5141 5142 5140 5142 5141 5143 5143 5144 5142 5148 5145 5146 5146 5147 5148 5119 5118 5149 5149 5150 5119 5150 5149 5151 5151 5152 5150 5152 5151 5153 5153 5154 5152 5158 5155 5156 5156 5157 5158 5157 5156 5159 5159 5160 5157 5160 5159 5161 5161 5162 5160 5162 5161 5163 5163 5164 5162 5164 5163 5165 5165 5166 5164 5166 5165 5167 5167 5168 5166 5168 5167 5169 5169 5170 5168 5174 5171 5172 5172 5173 5174 5147 5146 5175 5175 5176 5147 5176 5175 5177 5177 5178 5176 5178 5177 5179 5179 5180 5178 5180 5179 5181 5181 5182 5180 5182 5181 5183 5183 5184 5182 5184 5183 5185 5185 5186 5184 5186 5185 5187 5187 5188 5186 5188 5187 5189 5189 5190 5188 5190 5189 5191 5191 5192 5190 5194 5193 5145 5145 5148 5194 5198 5195 5196 5196 5197 5198 5173 5172 5199 5199 5200 5173 5204 5201 5202 5202 5203 5204 5203 5202 5205 5205 5206 5203 5206 5205 5207 5207 5208 5206 5208 5207 5209 5209 5210 5208 5210 5209 5211 5211 5212 5210 5212 5211 5213 5213 5214 5212 5214 5213 5215 5215 5216 5214 5220 5217 5218 5218 5219 5220 5219 5218 5171 5171 5174 5219 5224 5221 5222 5222 5223 5224 5197 5196 5225 5225 5226 5197 5226 5225 5227 5227 5228 5226 5228 5227 5229 5229 5230 5228 5230 5229 5231 5231 5232 5230 5232 5231 5233 5233 5234 5232 5234 5233 5235 5235 5236 5234 5236 5235 5237 5237 5238 5236 5242 5239 5240 5240 5241 5242 5241 5240 5243 5243 5244 5241 5244 5243 5195 5195 5198 5244 5245 5246 5247 5223 5222 5248 5248 5249 5223 5249 5248 5250 5250 5251 5249 5255 5252 5253 5253 5254 5255 5254 5253 5256 5256 5257 5254 5257 5256 5258 5258 5259 5257 5259 5258 5260 5260 5261 5259 5265 5262 5263 5263 5264 5265 5264 5263 5266 5266 5267 5264 5271 5268 5269 5269 5270 5271 5270 5269 5221 5221 5224 5270 5251 5272 5247 5249 5251 5247 5223 5249 5247 5224 5223 5247 5270 5224 5247 5271 5270 5247 5273 5271 5247 5274 5273 5247 5246 5275 5247 4930 4929 5276 4926 4925 5276 4922 4921 5276 4984 4950 5276 4990 4930 5276 4964 4926 5276 4949 4922 5276 4929 4984 5276 4925 4978 5276 4921 4964 5276 4950 4949 5276 5280 5277 5278 5278 5279 5280 5284 5281 5282 5282 5283 5284 5288 5285 5286 5286 5287 5288 5292 5289 5290 5290 5291 5292 5296 5293 5294 5294 5295 5296 5298 5288 5287 5287 5297 5298 5302 5299 5300 5300 5301 5302 5306 5303 5304 5304 5305 5306 5308 5298 5297 5297 5307 5308 5312 5309 5310 5310 5311 5312 5316 5313 5314 5314 5315 5316 5320 5317 5318 5318 5319 5320 5324 5321 5322 5322 5323 5324 5328 5325 5326 5326 5327 5328 5330 5320 5319 5319 5329 5330 5291 5290 5331 5331 5332 5291 5334 5330 5329 5329 5333 5334 5338 5335 5336 5336 5337 5338 5342 5339 5340 5340 5341 5342 5344 5334 5333 5333 5343 5344 5348 5345 5346 5346 5347 5348 5350 5349 5281 5281 5284 5350 5352 5344 5343 5343 5351 5352 5356 5353 5354 5354 5355 5356 5358 5357 5293 5293 5296 5358 5360 5352 5351 5351 5359 5360 5364 5361 5362 5362 5363 5364 5366 5365 5303 5303 5306 5366 5370 5367 5368 5368 5369 5370 5374 5371 5372 5372 5373 5374 5376 5375 5313 5313 5316 5376 5378 5370 5369 5369 5377 5378 5311 5310 5379 5379 5380 5311 5382 5381 5325 5325 5328 5382 5384 5378 5377 5377 5383 5384 5388 5385 5386 5386 5387 5388 5392 5389 5390 5390 5391 5392 5394 5384 5383 5383 5393 5394 5337 5336 5395 5395 5396 5337 5400 5397 5398 5398 5399 5400 5402 5394 5393 5393 5401 5402 5406 5403 5404 5404 5405 5406 5408 5407 5339 5339 5342 5408 5410 5409 5293 5293 5357 5410 5355 5354 5289 5289 5292 5355 5412 5411 5349 5349 5350 5412 5416 5413 5414 5414 5415 5416 5363 5362 5277 5277 5280 5363 5283 5282 5357 5357 5358 5283 5418 5416 5415 5415 5417 5418 5373 5372 5419 5419 5420 5373 5295 5294 5365 5365 5366 5295 5422 5418 5417 5417 5421 5422 5380 5379 5299 5299 5302 5380 5305 5304 5375 5375 5376 5305 5424 5422 5421 5421 5423 5424 5315 5314 5381 5381 5382 5315 5426 5424 5423 5423 5425 5426 5396 5395 5321 5321 5324 5396 5327 5326 5389 5389 5392 5327 5428 5426 5425 5425 5427 5428 5432 5429 5430 5430 5431 5432 5434 5433 5397 5397 5400 5434 5438 5435 5436 5436 5437 5438 5399 5398 5407 5407 5408 5399 5405 5404 5335 5335 5338 5405 5440 5438 5437 5437 5439 5440 5420 5419 5361 5361 5364 5420 5341 5340 5411 5411 5412 5341 5285 5440 5439 5439 5286 5285 5444 5441 5442 5442 5443 5444 5332 5331 5345 5345 5348 5332 5448 5445 5446 5446 5447 5448 5452 5449 5450 5450 5451 5452 5456 5453 5454 5454 5455 5456 5431 5430 5457 5457 5458 5431 5451 5450 5459 5459 5460 5451 5458 5457 5461 5461 5462 5458 5460 5459 5463 5463 5464 5460 5468 5465 5466 5466 5467 5468 5462 5461 5469 5469 5470 5462 5464 5463 5471 5471 5472 5464 5467 5466 5473 5473 5474 5467 5478 5475 5476 5476 5477 5478 5470 5469 5479 5479 5480 5470 5472 5471 5481 5481 5482 5472 5474 5473 5475 5475 5478 5474 5477 5476 5483 5483 5484 5477 5480 5479 5485 5485 5486 5480 5482 5481 5487 5487 5488 5482 5484 5483 5489 5489 5490 5484 5486 5485 5491 5491 5492 5486 5488 5487 5429 5429 5432 5488 5490 5489 5449 5449 5452 5490 5492 5491 5453 5453 5456 5492 5496 5493 5494 5494 5495 5496 5500 5497 5498 5498 5499 5500 5504 5501 5502 5502 5503 5504 5447 5446 5505 5505 5506 5447 5510 5507 5508 5508 5509 5510 5506 5505 5511 5511 5512 5506 5509 5508 5513 5513 5514 5509 5518 5515 5516 5516 5517 5518 5512 5511 5519 5519 5520 5512 5514 5513 5521 5521 5522 5514 5517 5516 5523 5523 5524 5517 5520 5519 5525 5525 5526 5520 5522 5521 5527 5527 5528 5522 5526 5525 5529 5529 5530 5526 5528 5527 5531 5531 5532 5528 5536 5533 5534 5534 5535 5536 5540 5537 5538 5538 5539 5540 5532 5531 5541 5541 5542 5532 5544 5543 5533 5533 5536 5544 5535 5534 5497 5497 5500 5535 5539 5538 5501 5501 5504 5539 5548 5545 5546 5546 5547 5548 5552 5549 5550 5550 5551 5552 5556 5553 5554 5554 5555 5556 5495 5494 5557 5557 5558 5495 5551 5550 5559 5559 5560 5551 5555 5554 5561 5561 5562 5555 5566 5563 5564 5564 5565 5566 5558 5557 5567 5567 5568 5558 5560 5559 5569 5569 5570 5560 5562 5561 5563 5563 5566 5562 5565 5564 5571 5571 5572 5565 5568 5567 5573 5573 5574 5568 5570 5569 5575 5575 5576 5570 5572 5571 5577 5577 5578 5572 5574 5573 5579 5579 5580 5574 5576 5575 5581 5581 5582 5576 5578 5577 5583 5583 5584 5578 5580 5579 5585 5585 5586 5580 5582 5581 5587 5587 5588 5582 5584 5583 5589 5589 5590 5584 5586 5585 5591 5591 5592 5586 5588 5587 5493 5493 5496 5588 5590 5589 5549 5549 5552 5590 5592 5591 5553 5553 5556 5592 5593 5594 5595 5599 5596 5597 5597 5598 5599 5603 5600 5601 5601 5602 5603 5607 5604 5605 5605 5606 5607 5598 5597 5608 5608 5609 5598 5602 5601 5610 5610 5611 5602 5606 5605 5612 5612 5613 5606 5609 5608 5614 5614 5615 5609 5611 5610 5616 5616 5617 5611 5613 5612 5618 5618 5619 5613 5615 5614 5620 5620 5621 5615 5617 5616 5622 5622 5623 5617 5619 5618 5624 5624 5625 5619 5629 5626 5627 5627 5628 5629 5623 5622 5630 5630 5631 5623 5625 5624 5632 5632 5633 5625 5628 5627 5634 5634 5635 5628 5639 5636 5637 5637 5638 5639 5643 5640 5641 5641 5642 5643 5633 5632 5644 5644 5645 5633 5635 5634 5636 5636 5639 5635 5638 5637 5545 5545 5548 5638 5642 5641 5596 5596 5599 5642 5647 5646 5600 5600 5603 5647 5651 5648 5649 5649 5650 5651 5655 5652 5653 5653 5654 5655 5659 5656 5657 5657 5658 5659 5663 5660 5661 5661 5662 5663 5667 5664 5665 5665 5666 5667 5669 5668 5441 5441 5444 5669 5671 5670 5664 5664 5667 5671 5673 5672 5648 5648 5651 5673 5675 5674 5652 5652 5655 5675 5677 5676 5656 5656 5659 5677 5679 5678 5660 5660 5663 5679 5683 5680 5681 5681 5682 5683 5685 5684 5668 5668 5669 5685 5654 5653 5686 5686 5687 5654 5689 5688 5676 5676 5677 5689 5658 5657 5678 5678 5679 5658 5662 5661 5680 5680 5683 5662 5666 5665 5684 5684 5685 5666 5693 5690 5691 5691 5692 5693 5694 5695 5696 5697 5698 5699 5700 5701 5702 5695 5703 5696 5698 5704 5699 5701 5705 5702 5704 5706 5699 5705 5707 5702 5708 5709 5696 5710 5711 5595 5712 5713 5696 5714 5593 5595 5713 5694 5696 5718 5715 5716 5716 5717 5718 5722 5719 5720 5720 5721 5722 5724 5723 5690 5690 5693 5724 5726 5725 5715 5715 5718 5726 5728 5727 5719 5719 5722 5728 5730 5729 5723 5723 5724 5730 5732 5731 5725 5725 5726 5732 5734 5733 5727 5727 5728 5734 5736 5735 5729 5729 5730 5736 5738 5737 5731 5731 5732 5738 5740 5739 5733 5733 5734 5740 5744 5741 5742 5742 5743 5744 5746 5745 5735 5735 5736 5746 5743 5742 5739 5739 5740 5743 5748 5747 5741 5741 5744 5748 5750 5749 5745 5745 5746 5750 5754 5751 5752 5752 5753 5754 5756 5755 5747 5747 5748 5756 5758 5757 5749 5749 5750 5758 5692 5691 5751 5751 5754 5692 5721 5720 5757 5757 5758 5721 5717 5716 5755 5755 5756 5717 5760 5728 5722 5722 5759 5760 5762 5730 5724 5724 5761 5762 5764 5732 5726 5726 5763 5764 5765 5734 5728 5728 5760 5765 5767 5744 5743 5743 5766 5767 5768 5736 5730 5730 5762 5768 5769 5738 5732 5732 5764 5769 5770 5740 5734 5734 5765 5770 5771 5746 5736 5736 5768 5771 5772 5753 5738 5738 5769 5772 5766 5743 5740 5740 5770 5766 5773 5748 5744 5744 5767 5773 5774 5750 5746 5746 5771 5774 5775 5754 5753 5753 5772 5775 5776 5756 5748 5748 5773 5776 5777 5692 5754 5754 5775 5777 5778 5717 5756 5756 5776 5778 5779 5693 5692 5692 5777 5779 5780 5718 5717 5717 5778 5780 5759 5722 5721 5721 5781 5759 5761 5724 5693 5693 5779 5761 5763 5726 5718 5718 5780 5763 5785 5782 5783 5783 5784 5785 5789 5786 5787 5787 5788 5789 5793 5790 5791 5791 5792 5793 5784 5783 5794 5794 5795 5784 5799 5796 5797 5797 5798 5799 5792 5791 5800 5800 5801 5792 5795 5794 5802 5802 5803 5795 5798 5797 5804 5804 5805 5798 5801 5800 5806 5806 5807 5801 5803 5802 5808 5808 5809 5803 5813 5810 5811 5811 5812 5813 5809 5808 5814 5814 5815 5809 5817 5816 5796 5796 5799 5817 5812 5811 5818 5818 5819 5812 5823 5820 5821 5821 5822 5823 5827 5824 5825 5825 5826 5827 5831 5828 5829 5829 5830 5831 5819 5818 5786 5786 5789 5819 5822 5821 5832 5832 5833 5822 5835 5834 5782 5782 5785 5835 5788 5787 5828 5828 5831 5788 5833 5832 5790 5790 5793 5833 5839 5836 5837 5837 5838 5839 5852 5840 5841 5852 5841 5842 5852 5842 5843 5852 5843 5844 5852 5844 5845 5852 5845 5846 5852 5846 5847 5852 5847 5848 5852 5848 5849 5852 5849 5850 5850 5851 5852 5856 5853 5854 5854 5855 5856 5858 5857 5836 5836 5839 5858 5862 5859 5860 5860 5861 5862 5864 5856 5855 5855 5863 5864 5868 5865 5866 5866 5867 5868 5870 5864 5863 5863 5869 5870 5874 5871 5872 5872 5873 5874 5878 5875 5876 5876 5877 5878 5882 5879 5880 5880 5881 5882 5886 5883 5884 5884 5885 5886 5890 5887 5888 5888 5889 5890 5894 5891 5892 5892 5893 5894 5898 5895 5896 5896 5897 5898 5902 5899 5900 5900 5901 5902 5895 5903 5904 5904 5896 5895 5908 5905 5906 5906 5907 5908 5903 5909 5910 5910 5904 5903 5914 5911 5912 5912 5913 5914 5909 5915 5916 5916 5910 5909 5920 5917 5918 5918 5919 5920 5924 5921 5922 5922 5923 5924 5928 5925 5926 5926 5927 5928 5932 5929 5930 5930 5931 5932 5925 5933 5934 5934 5926 5925 5936 5932 5931 5931 5935 5936 5913 5912 5937 5937 5938 5913 5933 5939 5940 5940 5934 5933 5942 5936 5935 5935 5941 5942 5944 5943 5859 5859 5862 5944 5939 5945 5946 5946 5940 5939 5948 5942 5941 5941 5947 5948 5950 5949 5865 5865 5868 5950 5945 5951 5952 5952 5946 5945 5954 5948 5947 5947 5953 5954 5956 5955 5875 5875 5878 5956 5960 5957 5958 5958 5959 5960 5964 5961 5962 5962 5963 5964 5907 5906 5887 5887 5890 5907 5957 5965 5966 5966 5958 5957 5968 5964 5963 5963 5967 5968 5923 5922 5969 5969 5970 5923 5965 5971 5972 5972 5966 5965 5974 5968 5967 5967 5973 5974 5970 5969 5905 5905 5908 5970 5976 5974 5973 5973 5975 5976 5980 5977 5978 5978 5979 5980 5979 5978 5921 5921 5924 5979 5982 5976 5975 5975 5981 5982 5938 5937 5983 5983 5984 5938 5984 5983 5985 5985 5986 5984 5988 5982 5981 5981 5987 5988 6001 5989 5990 6001 5990 5991 6001 5991 5992 6001 5992 5993 6001 5993 5994 6001 5994 5995 6001 5995 5996 6001 5996 5997 6001 5997 5998 6001 5998 5999 5999 6000 6001 5861 5860 6002 6002 6003 5861 6007 6004 6005 6005 6006 6007 5867 5866 5943 5943 5944 5867 5877 5876 5949 5949 5950 5877 6009 6007 6006 6006 6008 6009 6033 6010 6011 6033 6011 6012 6033 6012 6013 6033 6013 6014 6033 6014 6015 6033 6015 6016 6033 6016 6017 6033 6017 6018 6033 6018 6019 6033 6019 6020 6033 6020 6021 6033 6021 6022 6033 6022 6023 6033 6023 6024 6033 6024 6025 6033 6025 6026 6033 6026 6027 6033 6027 6028 6033 6028 6029 6033 6029 6030 6033 6030 6031 6031 6032 6033 5900 5890 5889 5889 6034 5900 6036 6009 6008 6008 6035 6036 6038 5938 5984 5984 6037 6038 6042 6039 6040 6040 6041 6042 5889 5888 5955 5955 5956 5889 5899 5907 5890 5890 5900 5899 6046 6043 6044 6044 6045 6046 6048 6047 6043 6043 6046 6048 5885 5884 6047 6047 6048 5885 6034 5889 5956 5956 6049 6034 6051 5970 5908 5908 6050 6051 6052 5923 5970 5970 6051 6052 6053 5913 5938 5938 6038 6053 6054 5924 5923 5923 6052 6054 6055 5979 5924 5924 6054 6055 6056 5980 5979 5979 6055 6056 5873 5872 5883 5883 5886 5873 6050 5908 5907 5907 5899 6050 6037 5984 5986 5986 6057 6037 6079 6058 6059 6079 6059 6060 6079 6060 6061 6079 6061 6062 6079 6062 6063 6079 6063 6064 6079 6064 6065 6079 6065 6066 6079 6066 6067 6079 6067 6068 6079 6068 5902 6079 5902 5901 6079 5901 6069 6079 6069 6070 6079 6070 6071 6079 6071 6072 6079 6072 6073 6079 6073 6074 6079 6074 6075 6079 6075 6076 6079 6076 6077 6077 6078 6079 6070 6049 6080 6080 6071 6070 6074 6081 6082 6082 6075 6074 6067 6051 6050 6050 6068 6067 6060 6038 6037 6037 6061 6060 6063 6056 6055 6055 6064 6063 6068 6050 5899 5899 5902 6068 6077 6083 6084 6084 6078 6077 6069 6034 6049 6049 6070 6069 6073 6085 6081 6081 6074 6073 6066 6052 6051 6051 6067 6066 6059 6053 6038 6038 6060 6059 6062 6057 6056 6056 6063 6062 6076 6086 6083 6083 6077 6076 5901 5900 6034 6034 6069 5901 6072 6087 6085 6085 6073 6072 6065 6054 6052 6052 6066 6065 6058 6088 6053 6053 6059 6058 6071 6080 6087 6087 6072 6071 6075 6082 6086 6086 6076 6075 6061 6037 6057 6057 6062 6061 6064 6055 6054 6054 6065 6064 6092 6089 6090 6090 6091 6092 6096 6093 6094 6094 6095 6096 6100 6097 6098 6098 6099 6100 6104 6101 6102 6102 6103 6104 6108 6105 6106 6106 6107 6108 6112 6109 6110 6110 6111 6112 6116 6113 6114 6114 6115 6116 6120 6117 6118 6118 6119 6120 6124 6121 6122 6122 6123 6124 6128 6125 6126 6126 6127 6128 6132 6129 6130 6130 6131 6132 6136 6133 6134 6134 6135 6136 6133 6137 6138 6138 6134 6133 6142 6139 6140 6140 6141 6142 6146 6143 6144 6144 6145 6146 6150 6147 6148 6148 6149 6150 6154 6151 6152 6152 6153 6154 6156 6134 6138 6138 6155 6156 6160 6157 6158 6158 6159 6160 6164 6161 6162 6162 6163 6164 6168 6165 6166 6166 6167 6168 6172 6169 6170 6170 6171 6172 6174 6139 6142 6142 6173 6174 6176 6141 6140 6140 6175 6176 6180 6177 6178 6178 6179 6180 6184 6181 6182 6182 6183 6184 6188 6185 6186 6186 6187 6188 6192 6189 6190 6190 6191 6192 6194 6184 6183 6183 6193 6194 6198 6195 6196 6196 6197 6198 6202 6199 6200 6200 6201 6202 6206 6203 6204 6204 6205 6206 6210 6207 6208 6208 6209 6210 6214 6211 6212 6212 6213 6214 6216 6206 6205 6205 6215 6216 6218 6217 6185 6185 6188 6218 6222 6219 6220 6220 6221 6222 6224 6216 6215 6215 6223 6224 6226 6225 6177 6177 6180 6226 6228 6224 6223 6223 6227 6228 6197 6196 6229 6229 6230 6197 6191 6190 6231 6231 6232 6191 6236 6233 6234 6234 6235 6236 6238 6191 6232 6232 6237 6238 6201 6200 6239 6239 6240 6201 6242 6236 6235 6235 6241 6242 6246 6243 6244 6244 6245 6246 6221 6220 6247 6247 6248 6221 6250 6242 6241 6241 6249 6250 6230 6229 6207 6207 6210 6230 6213 6212 6251 6251 6252 6213 6256 6253 6254 6254 6255 6256 6258 6257 6217 6217 6218 6258 6248 6247 6259 6259 6260 6248 6262 6256 6255 6255 6261 6262 6264 6263 6225 6225 6226 6264 6244 6265 6219 6219 6222 6244 6267 6262 6261 6261 6266 6267 6179 6178 6268 6268 6269 6179 6232 6231 6270 6270 6271 6232 6273 6267 6266 6266 6272 6273 6240 6239 6189 6189 6192 6240 6275 6273 6272 6272 6274 6275 6277 6276 6257 6257 6258 6277 6252 6251 6199 6199 6202 6252 6281 6278 6279 6279 6280 6281 6237 6232 6271 6271 6282 6237 6293 6283 6284 6293 6284 6285 6293 6285 6286 6293 6286 6287 6293 6287 6288 6293 6288 6289 6293 6289 6290 6293 6290 6291 6293 6291 6292 6293 6292 6238 6293 6238 6237 6293 6237 6282 6293 6282 6246 6246 6245 6293 6181 6281 6280 6280 6182 6181 6260 6259 6211 6211 6214 6260 6297 6294 6295 6295 6296 6297 6301 6298 6299 6299 6300 6301 6305 6302 6303 6303 6304 6305 6309 6306 6307 6307 6308 6309 6313 6310 6311 6311 6312 6313 6317 6314 6315 6315 6316 6317 6321 6318 6319 6319 6320 6321 6325 6322 6323 6323 6324 6325 6329 6326 6327 6327 6328 6329 6333 6330 6331 6331 6332 6333 6337 6334 6335 6335 6336 6337 6341 6338 6339 6339 6340 6341 6345 6342 6343 6343 6344 6345 6349 6346 6347 6347 6348 6349 6353 6350 6351 6351 6352 6353 6357 6354 6355 6355 6356 6357 6361 6358 6359 6359 6360 6361 6365 6362 6363 6363 6364 6365 6369 6366 6367 6367 6368 6369 6373 6370 6371 6371 6372 6373 6377 6374 6375 6375 6376 6377 6381 6378 6379 6379 6380 6381 6385 6382 6383 6383 6384 6385 6389 6386 6387 6387 6388 6389 6393 6390 6391 6391 6392 6393 6397 6394 6395 6395 6396 6397 6401 6398 6399 6399 6400 6401 6405 6402 6403 6403 6404 6405 6409 6406 6407 6407 6408 6409 6413 6410 6411 6411 6412 6413 6417 6414 6415 6415 6416 6417 6421 6418 6419 6419 6420 6421 6425 6422 6423 6423 6424 6425 6429 6426 6427 6427 6428 6429 6433 6430 6431 6431 6432 6433 6437 6434 6435 6435 6436 6437 6441 6438 6439 6439 6440 6441 6445 6442 6443 6443 6444 6445 6449 6446 6447 6447 6448 6449 6453 6450 6451 6451 6452 6453 6457 6454 6455 6455 6456 6457 6461 6458 6459 6459 6460 6461 6465 6462 6463 6463 6464 6465 6469 6466 6467 6467 6468 6469 6471 6465 6464 6464 6470 6471 6475 6472 6473 6473 6474 6475 6479 6476 6477 6477 6478 6479 6483 6480 6481 6481 6482 6483 6485 6479 6478 6478 6484 6485 6489 6486 6487 6487 6488 6489 6491 6485 6484 6484 6490 6491 6495 6492 6493 6493 6494 6495 6499 6496 6497 6497 6498 6499 6503 6500 6501 6501 6502 6503 6505 6499 6498 6498 6504 6505 6509 6506 6507 6507 6508 6509 6511 6505 6504 6504 6510 6511 6521 6455 6454 6521 6454 6512 6521 6512 6513 6521 6513 6514 6521 6514 6515 6521 6515 6516 6521 6516 6517 6521 6517 6518 6521 6518 6519 6519 6520 6521 6525 6522 6523 6523 6524 6525 6529 6526 6527 6527 6528 6529 6531 6529 6528 6528 6530 6531 6541 6493 6492 6541 6492 6532 6541 6532 6533 6541 6533 6534 6541 6534 6535 6541 6535 6536 6541 6536 6537 6541 6537 6538 6541 6538 6539 6539 6540 6541 6545 6542 6543 6543 6544 6545 6549 6546 6547 6547 6548 6549 6553 6550 6551 6551 6552 6553 6557 6554 6555 6555 6556 6557 6561 6558 6559 6559 6560 6561 6565 6562 6563 6563 6564 6565 6569 6566 6567 6567 6568 6569 6573 6570 6571 6571 6572 6573 6577 6574 6575 6575 6576 6577 6581 6578 6579 6579 6580 6581 6585 6582 6583 6583 6584 6585 6589 6586 6587 6587 6588 6589 6593 6590 6591 6591 6592 6593 6597 6594 6595 6595 6596 6597 6601 6598 6599 6599 6600 6601 6605 6602 6603 6603 6604 6605 6609 6606 6607 6607 6608 6609 6613 6610 6611 6611 6612 6613 6617 6614 6615 6615 6616 6617 6612 6611 6618 6618 6619 6612 6623 6620 6621 6621 6622 6623 6619 6618 6624 6624 6625 6619 6629 6626 6627 6627 6628 6629 6633 6630 6631 6631 6632 6633 6637 6634 6635 6635 6636 6637 6632 6631 6638 6638 6639 6632 6586 6589 6640 6586 6640 6641 6586 6641 6642 6586 6642 6643 6586 6643 6644 6586 6644 6645 6586 6645 6646 6586 6646 6647 6586 6647 6648 6648 6649 6586 6653 6650 6651 6651 6652 6653 6652 6651 6654 6654 6655 6652 6620 6623 6656 6620 6656 6657 6620 6657 6658 6620 6658 6659 6620 6659 6660 6620 6660 6661 6620 6661 6662 6620 6662 6663 6620 6663 6664 6664 6665 6620 6669 6666 6667 6667 6668 6669 6673 6670 6671 6671 6672 6673 5272 5245 5247 4637 4636 4566 4566 4569 4637 4667 4666 4614 4614 4617 4667 6675 6674 4622 4622 4625 6675 4657 4656 4560 4560 4563 4657 4607 4606 4532 4532 4535 4607 4717 6675 4625 4625 4678 4717 4662 4607 4535 4535 6676 4662 6676 4535 4534 4534 4683 6676 4722 4662 6676 6676 6677 4722 6677 6676 4683 4683 4736 6677 4739 4728 4732 4732 4740 4739 4752 4761 6678 6678 4753 4752 4753 6678 4704 4704 4754 4753 6682 6679 6680 6680 6681 6682 4828 4827 4791 4791 4792 4828 4822 4821 6679 6679 6682 4822 4851 4850 4852 4852 4855 4851 4877 6683 4878 6683 4886 4878 4895 4896 4884 6684 6685 6686 6690 6687 6688 6688 6689 6690 5391 5390 5433 5433 5434 5391 5387 5386 5309 5309 5312 5387 5455 5454 5465 5465 5468 5455 5503 5502 5515 5515 5518 5503 6694 6691 6692 6692 6693 6694 6693 6692 5543 5543 5544 6693 5682 5681 5670 5670 5671 5682 6696 6695 5688 5688 5689 6696 5687 5686 6695 6695 6696 5687 5443 5442 5672 5672 5673 5443 5650 5649 5674 5674 5675 5650 5703 5708 5696 5706 6697 5699 5707 6698 5702 6697 6699 5699 6698 6700 5702 5711 6701 5595 6702 5714 5595 6700 6703 5702 6701 6702 5595 6704 5697 5699 5753 5752 5737 5737 5738 5753 6705 5758 5750 5750 5774 6705 5781 5721 5758 5758 6705 5781 5805 5804 6706 6706 6707 5805 6707 6706 5824 5824 5827 6707 6709 6708 5891 5891 5894 6709 6711 5882 5881 5881 6710 6711 6713 6711 6710 6710 6712 6713 6715 6713 6712 6712 6714 6715 5917 6715 6714 6714 5918 5917 5986 5985 5977 5977 5980 5986 6003 6002 5911 5911 5914 6003 5853 6036 6035 6035 5854 5853 6057 5986 5980 5980 6056 6057 5838 5837 6708 6708 6709 5838 6078 6084 6716 6716 6079 6078 6079 6716 6088 6088 6058 6079 6720 6717 6718 6718 6719 6720 6722 6138 6137 6137 6721 6722 6271 6270 6723 6723 6243 6271 6243 6723 6265 6265 6244 6243 6282 6271 6243 6243 6246 6282 6727 6724 6725 6725 6726 6727 6731 6728 6729 6729 6730 6731 6735 6732 6733 6733 6734 6735 6739 6736 6737 6737 6738 6739 6743 6740 6741 6741 6742 6743 6592 6591 6602 6602 6605 6592 6747 6744 6745 6745 6746 6747 6751 6748 6749 6749 6750 6751 6755 6752 6753 6753 6754 6755 </p>
        </polylist>
      </mesh>
    </geometry>
  </library_geometries>
  <library_visual_scenes>
    <visual_scene id="root" name="root">
      <node id="EscapePod_low" name="EscapePod_low">
        <matrix>1 0 0 0 0 1 0 0 0 0 1 0 0 0 0 1</matrix>
        <instance_geometry url="#meshId0">
          <bind_material>
            <technique_common>
              <instance_material symbol="defaultMaterial" target="#DefaultMaterial" />
            </technique_common>
          </bind_material>
        </instance_geometry>
      </node>
    </visual_scene>
  </library_visual_scenes>
  <scene>
    <instance_visual_scene url="#root" />
  </scene>
</COLLADA>
